INFO - 2024-06-17 00:04:39 --> Session: Class initialized using 'CodeIgniter\Session\Handlers\FileHandler' driver.
WARNING - 2024-06-17 00:04:39 --> [DEPRECATED] Creation of dynamic property App\Controllers\Home::$session is deprecated in APPPATH\Controllers\Home.php on line 13.
 1 APPPATH\Controllers\Harga.php(14): App\Controllers\Home->__construct()
 2 SYSTEMPATH\CodeIgniter.php(903): App\Controllers\Harga->__construct()
 3 SYSTEMPATH\CodeIgniter.php(500): CodeIgniter\CodeIgniter->createController()
 4 SYSTEMPATH\CodeIgniter.php(355): CodeIgniter\CodeIgniter->handleRequest(null, Object(Config\Cache), false)
 5 SYSTEMPATH\Boot.php(312): CodeIgniter\CodeIgniter->run()
 6 SYSTEMPATH\Boot.php(67): CodeIgniter\Boot::runCodeIgniter(Object(CodeIgniter\CodeIgniter))
 7 FCPATH\index.php(56): CodeIgniter\Boot::bootWeb(Object(Config\Paths))
 8 SYSTEMPATH\Commands\Server\rewrite.php(49): require_once('C:\\APK\\xampp-8.2\\htdocs\\SafeToTrip\\public\\index.php')
WARNING - 2024-06-17 00:04:39 --> [DEPRECATED] Creation of dynamic property App\Controllers\Home::$wisata is deprecated in APPPATH\Controllers\Home.php on line 14.
 1 APPPATH\Controllers\Harga.php(14): App\Controllers\Home->__construct()
 2 SYSTEMPATH\CodeIgniter.php(903): App\Controllers\Harga->__construct()
 3 SYSTEMPATH\CodeIgniter.php(500): CodeIgniter\CodeIgniter->createController()
 4 SYSTEMPATH\CodeIgniter.php(355): CodeIgniter\CodeIgniter->handleRequest(null, Object(Config\Cache), false)
 5 SYSTEMPATH\Boot.php(312): CodeIgniter\CodeIgniter->run()
 6 SYSTEMPATH\Boot.php(67): CodeIgniter\Boot::runCodeIgniter(Object(CodeIgniter\CodeIgniter))
 7 FCPATH\index.php(56): CodeIgniter\Boot::bootWeb(Object(Config\Paths))
 8 SYSTEMPATH\Commands\Server\rewrite.php(49): require_once('C:\\APK\\xampp-8.2\\htdocs\\SafeToTrip\\public\\index.php')
WARNING - 2024-06-17 00:04:39 --> [DEPRECATED] Creation of dynamic property App\Controllers\Home::$fasilitas is deprecated in APPPATH\Controllers\Home.php on line 15.
 1 APPPATH\Controllers\Harga.php(14): App\Controllers\Home->__construct()
 2 SYSTEMPATH\CodeIgniter.php(903): App\Controllers\Harga->__construct()
 3 SYSTEMPATH\CodeIgniter.php(500): CodeIgniter\CodeIgniter->createController()
 4 SYSTEMPATH\CodeIgniter.php(355): CodeIgniter\CodeIgniter->handleRequest(null, Object(Config\Cache), false)
 5 SYSTEMPATH\Boot.php(312): CodeIgniter\CodeIgniter->run()
 6 SYSTEMPATH\Boot.php(67): CodeIgniter\Boot::runCodeIgniter(Object(CodeIgniter\CodeIgniter))
 7 FCPATH\index.php(56): CodeIgniter\Boot::bootWeb(Object(Config\Paths))
 8 SYSTEMPATH\Commands\Server\rewrite.php(49): require_once('C:\\APK\\xampp-8.2\\htdocs\\SafeToTrip\\public\\index.php')
WARNING - 2024-06-17 00:04:39 --> [DEPRECATED] Creation of dynamic property App\Controllers\Home::$harga is deprecated in APPPATH\Controllers\Home.php on line 16.
 1 APPPATH\Controllers\Harga.php(14): App\Controllers\Home->__construct()
 2 SYSTEMPATH\CodeIgniter.php(903): App\Controllers\Harga->__construct()
 3 SYSTEMPATH\CodeIgniter.php(500): CodeIgniter\CodeIgniter->createController()
 4 SYSTEMPATH\CodeIgniter.php(355): CodeIgniter\CodeIgniter->handleRequest(null, Object(Config\Cache), false)
 5 SYSTEMPATH\Boot.php(312): CodeIgniter\CodeIgniter->run()
 6 SYSTEMPATH\Boot.php(67): CodeIgniter\Boot::runCodeIgniter(Object(CodeIgniter\CodeIgniter))
 7 FCPATH\index.php(56): CodeIgniter\Boot::bootWeb(Object(Config\Paths))
 8 SYSTEMPATH\Commands\Server\rewrite.php(49): require_once('C:\\APK\\xampp-8.2\\htdocs\\SafeToTrip\\public\\index.php')
WARNING - 2024-06-17 00:04:39 --> [DEPRECATED] Creation of dynamic property App\Controllers\Harga::$home is deprecated in APPPATH\Controllers\Harga.php on line 14.
 1 SYSTEMPATH\CodeIgniter.php(903): App\Controllers\Harga->__construct()
 2 SYSTEMPATH\CodeIgniter.php(500): CodeIgniter\CodeIgniter->createController()
 3 SYSTEMPATH\CodeIgniter.php(355): CodeIgniter\CodeIgniter->handleRequest(null, Object(Config\Cache), false)
 4 SYSTEMPATH\Boot.php(312): CodeIgniter\CodeIgniter->run()
 5 SYSTEMPATH\Boot.php(67): CodeIgniter\Boot::runCodeIgniter(Object(CodeIgniter\CodeIgniter))
 6 FCPATH\index.php(56): CodeIgniter\Boot::bootWeb(Object(Config\Paths))
 7 SYSTEMPATH\Commands\Server\rewrite.php(49): require_once('C:\\APK\\xampp-8.2\\htdocs\\SafeToTrip\\public\\index.php')
WARNING - 2024-06-17 00:04:39 --> [DEPRECATED] Creation of dynamic property App\Controllers\Harga::$wisata is deprecated in APPPATH\Controllers\Harga.php on line 15.
 1 SYSTEMPATH\CodeIgniter.php(903): App\Controllers\Harga->__construct()
 2 SYSTEMPATH\CodeIgniter.php(500): CodeIgniter\CodeIgniter->createController()
 3 SYSTEMPATH\CodeIgniter.php(355): CodeIgniter\CodeIgniter->handleRequest(null, Object(Config\Cache), false)
 4 SYSTEMPATH\Boot.php(312): CodeIgniter\CodeIgniter->run()
 5 SYSTEMPATH\Boot.php(67): CodeIgniter\Boot::runCodeIgniter(Object(CodeIgniter\CodeIgniter))
 6 FCPATH\index.php(56): CodeIgniter\Boot::bootWeb(Object(Config\Paths))
 7 SYSTEMPATH\Commands\Server\rewrite.php(49): require_once('C:\\APK\\xampp-8.2\\htdocs\\SafeToTrip\\public\\index.php')
WARNING - 2024-06-17 00:04:39 --> [DEPRECATED] Creation of dynamic property App\Controllers\Harga::$harga is deprecated in APPPATH\Controllers\Harga.php on line 16.
 1 SYSTEMPATH\CodeIgniter.php(903): App\Controllers\Harga->__construct()
 2 SYSTEMPATH\CodeIgniter.php(500): CodeIgniter\CodeIgniter->createController()
 3 SYSTEMPATH\CodeIgniter.php(355): CodeIgniter\CodeIgniter->handleRequest(null, Object(Config\Cache), false)
 4 SYSTEMPATH\Boot.php(312): CodeIgniter\CodeIgniter->run()
 5 SYSTEMPATH\Boot.php(67): CodeIgniter\Boot::runCodeIgniter(Object(CodeIgniter\CodeIgniter))
 6 FCPATH\index.php(56): CodeIgniter\Boot::bootWeb(Object(Config\Paths))
 7 SYSTEMPATH\Commands\Server\rewrite.php(49): require_once('C:\\APK\\xampp-8.2\\htdocs\\SafeToTrip\\public\\index.php')
INFO - 2024-06-17 00:04:43 --> Session: Class initialized using 'CodeIgniter\Session\Handlers\FileHandler' driver.
WARNING - 2024-06-17 00:04:43 --> [DEPRECATED] Creation of dynamic property App\Controllers\Transaksi::$session is deprecated in APPPATH\Controllers\Transaksi.php on line 15.
 1 SYSTEMPATH\CodeIgniter.php(903): App\Controllers\Transaksi->__construct()
 2 SYSTEMPATH\CodeIgniter.php(500): CodeIgniter\CodeIgniter->createController()
 3 SYSTEMPATH\CodeIgniter.php(355): CodeIgniter\CodeIgniter->handleRequest(null, Object(Config\Cache), false)
 4 SYSTEMPATH\Boot.php(312): CodeIgniter\CodeIgniter->run()
 5 SYSTEMPATH\Boot.php(67): CodeIgniter\Boot::runCodeIgniter(Object(CodeIgniter\CodeIgniter))
 6 FCPATH\index.php(56): CodeIgniter\Boot::bootWeb(Object(Config\Paths))
 7 SYSTEMPATH\Commands\Server\rewrite.php(49): require_once('C:\\APK\\xampp-8.2\\htdocs\\SafeToTrip\\public\\index.php')
WARNING - 2024-06-17 00:04:43 --> [DEPRECATED] Creation of dynamic property App\Controllers\Home::$session is deprecated in APPPATH\Controllers\Home.php on line 13.
 1 APPPATH\Controllers\Transaksi.php(16): App\Controllers\Home->__construct()
 2 SYSTEMPATH\CodeIgniter.php(903): App\Controllers\Transaksi->__construct()
 3 SYSTEMPATH\CodeIgniter.php(500): CodeIgniter\CodeIgniter->createController()
 4 SYSTEMPATH\CodeIgniter.php(355): CodeIgniter\CodeIgniter->handleRequest(null, Object(Config\Cache), false)
 5 SYSTEMPATH\Boot.php(312): CodeIgniter\CodeIgniter->run()
 6 SYSTEMPATH\Boot.php(67): CodeIgniter\Boot::runCodeIgniter(Object(CodeIgniter\CodeIgniter))
 7 FCPATH\index.php(56): CodeIgniter\Boot::bootWeb(Object(Config\Paths))
 8 SYSTEMPATH\Commands\Server\rewrite.php(49): require_once('C:\\APK\\xampp-8.2\\htdocs\\SafeToTrip\\public\\index.php')
WARNING - 2024-06-17 00:04:43 --> [DEPRECATED] Creation of dynamic property App\Controllers\Home::$wisata is deprecated in APPPATH\Controllers\Home.php on line 14.
 1 APPPATH\Controllers\Transaksi.php(16): App\Controllers\Home->__construct()
 2 SYSTEMPATH\CodeIgniter.php(903): App\Controllers\Transaksi->__construct()
 3 SYSTEMPATH\CodeIgniter.php(500): CodeIgniter\CodeIgniter->createController()
 4 SYSTEMPATH\CodeIgniter.php(355): CodeIgniter\CodeIgniter->handleRequest(null, Object(Config\Cache), false)
 5 SYSTEMPATH\Boot.php(312): CodeIgniter\CodeIgniter->run()
 6 SYSTEMPATH\Boot.php(67): CodeIgniter\Boot::runCodeIgniter(Object(CodeIgniter\CodeIgniter))
 7 FCPATH\index.php(56): CodeIgniter\Boot::bootWeb(Object(Config\Paths))
 8 SYSTEMPATH\Commands\Server\rewrite.php(49): require_once('C:\\APK\\xampp-8.2\\htdocs\\SafeToTrip\\public\\index.php')
WARNING - 2024-06-17 00:04:43 --> [DEPRECATED] Creation of dynamic property App\Controllers\Home::$fasilitas is deprecated in APPPATH\Controllers\Home.php on line 15.
 1 APPPATH\Controllers\Transaksi.php(16): App\Controllers\Home->__construct()
 2 SYSTEMPATH\CodeIgniter.php(903): App\Controllers\Transaksi->__construct()
 3 SYSTEMPATH\CodeIgniter.php(500): CodeIgniter\CodeIgniter->createController()
 4 SYSTEMPATH\CodeIgniter.php(355): CodeIgniter\CodeIgniter->handleRequest(null, Object(Config\Cache), false)
 5 SYSTEMPATH\Boot.php(312): CodeIgniter\CodeIgniter->run()
 6 SYSTEMPATH\Boot.php(67): CodeIgniter\Boot::runCodeIgniter(Object(CodeIgniter\CodeIgniter))
 7 FCPATH\index.php(56): CodeIgniter\Boot::bootWeb(Object(Config\Paths))
 8 SYSTEMPATH\Commands\Server\rewrite.php(49): require_once('C:\\APK\\xampp-8.2\\htdocs\\SafeToTrip\\public\\index.php')
WARNING - 2024-06-17 00:04:43 --> [DEPRECATED] Creation of dynamic property App\Controllers\Home::$harga is deprecated in APPPATH\Controllers\Home.php on line 16.
 1 APPPATH\Controllers\Transaksi.php(16): App\Controllers\Home->__construct()
 2 SYSTEMPATH\CodeIgniter.php(903): App\Controllers\Transaksi->__construct()
 3 SYSTEMPATH\CodeIgniter.php(500): CodeIgniter\CodeIgniter->createController()
 4 SYSTEMPATH\CodeIgniter.php(355): CodeIgniter\CodeIgniter->handleRequest(null, Object(Config\Cache), false)
 5 SYSTEMPATH\Boot.php(312): CodeIgniter\CodeIgniter->run()
 6 SYSTEMPATH\Boot.php(67): CodeIgniter\Boot::runCodeIgniter(Object(CodeIgniter\CodeIgniter))
 7 FCPATH\index.php(56): CodeIgniter\Boot::bootWeb(Object(Config\Paths))
 8 SYSTEMPATH\Commands\Server\rewrite.php(49): require_once('C:\\APK\\xampp-8.2\\htdocs\\SafeToTrip\\public\\index.php')
WARNING - 2024-06-17 00:04:43 --> [DEPRECATED] Creation of dynamic property App\Controllers\Transaksi::$home is deprecated in APPPATH\Controllers\Transaksi.php on line 16.
 1 SYSTEMPATH\CodeIgniter.php(903): App\Controllers\Transaksi->__construct()
 2 SYSTEMPATH\CodeIgniter.php(500): CodeIgniter\CodeIgniter->createController()
 3 SYSTEMPATH\CodeIgniter.php(355): CodeIgniter\CodeIgniter->handleRequest(null, Object(Config\Cache), false)
 4 SYSTEMPATH\Boot.php(312): CodeIgniter\CodeIgniter->run()
 5 SYSTEMPATH\Boot.php(67): CodeIgniter\Boot::runCodeIgniter(Object(CodeIgniter\CodeIgniter))
 6 FCPATH\index.php(56): CodeIgniter\Boot::bootWeb(Object(Config\Paths))
 7 SYSTEMPATH\Commands\Server\rewrite.php(49): require_once('C:\\APK\\xampp-8.2\\htdocs\\SafeToTrip\\public\\index.php')
WARNING - 2024-06-17 00:04:43 --> [DEPRECATED] Creation of dynamic property App\Controllers\Transaksi::$wisata is deprecated in APPPATH\Controllers\Transaksi.php on line 17.
 1 SYSTEMPATH\CodeIgniter.php(903): App\Controllers\Transaksi->__construct()
 2 SYSTEMPATH\CodeIgniter.php(500): CodeIgniter\CodeIgniter->createController()
 3 SYSTEMPATH\CodeIgniter.php(355): CodeIgniter\CodeIgniter->handleRequest(null, Object(Config\Cache), false)
 4 SYSTEMPATH\Boot.php(312): CodeIgniter\CodeIgniter->run()
 5 SYSTEMPATH\Boot.php(67): CodeIgniter\Boot::runCodeIgniter(Object(CodeIgniter\CodeIgniter))
 6 FCPATH\index.php(56): CodeIgniter\Boot::bootWeb(Object(Config\Paths))
 7 SYSTEMPATH\Commands\Server\rewrite.php(49): require_once('C:\\APK\\xampp-8.2\\htdocs\\SafeToTrip\\public\\index.php')
WARNING - 2024-06-17 00:04:43 --> [DEPRECATED] Creation of dynamic property App\Controllers\Transaksi::$transaksi is deprecated in APPPATH\Controllers\Transaksi.php on line 18.
 1 SYSTEMPATH\CodeIgniter.php(903): App\Controllers\Transaksi->__construct()
 2 SYSTEMPATH\CodeIgniter.php(500): CodeIgniter\CodeIgniter->createController()
 3 SYSTEMPATH\CodeIgniter.php(355): CodeIgniter\CodeIgniter->handleRequest(null, Object(Config\Cache), false)
 4 SYSTEMPATH\Boot.php(312): CodeIgniter\CodeIgniter->run()
 5 SYSTEMPATH\Boot.php(67): CodeIgniter\Boot::runCodeIgniter(Object(CodeIgniter\CodeIgniter))
 6 FCPATH\index.php(56): CodeIgniter\Boot::bootWeb(Object(Config\Paths))
 7 SYSTEMPATH\Commands\Server\rewrite.php(49): require_once('C:\\APK\\xampp-8.2\\htdocs\\SafeToTrip\\public\\index.php')
WARNING - 2024-06-17 00:04:43 --> [DEPRECATED] Creation of dynamic property App\Controllers\Transaksi::$detail is deprecated in APPPATH\Controllers\Transaksi.php on line 19.
 1 SYSTEMPATH\CodeIgniter.php(903): App\Controllers\Transaksi->__construct()
 2 SYSTEMPATH\CodeIgniter.php(500): CodeIgniter\CodeIgniter->createController()
 3 SYSTEMPATH\CodeIgniter.php(355): CodeIgniter\CodeIgniter->handleRequest(null, Object(Config\Cache), false)
 4 SYSTEMPATH\Boot.php(312): CodeIgniter\CodeIgniter->run()
 5 SYSTEMPATH\Boot.php(67): CodeIgniter\Boot::runCodeIgniter(Object(CodeIgniter\CodeIgniter))
 6 FCPATH\index.php(56): CodeIgniter\Boot::bootWeb(Object(Config\Paths))
 7 SYSTEMPATH\Commands\Server\rewrite.php(49): require_once('C:\\APK\\xampp-8.2\\htdocs\\SafeToTrip\\public\\index.php')
INFO - 2024-06-17 00:07:24 --> Session: Class initialized using 'CodeIgniter\Session\Handlers\FileHandler' driver.
WARNING - 2024-06-17 00:07:24 --> [DEPRECATED] Creation of dynamic property App\Controllers\Transaksi::$session is deprecated in APPPATH\Controllers\Transaksi.php on line 15.
 1 SYSTEMPATH\CodeIgniter.php(903): App\Controllers\Transaksi->__construct()
 2 SYSTEMPATH\CodeIgniter.php(500): CodeIgniter\CodeIgniter->createController()
 3 SYSTEMPATH\CodeIgniter.php(355): CodeIgniter\CodeIgniter->handleRequest(null, Object(Config\Cache), false)
 4 SYSTEMPATH\Boot.php(312): CodeIgniter\CodeIgniter->run()
 5 SYSTEMPATH\Boot.php(67): CodeIgniter\Boot::runCodeIgniter(Object(CodeIgniter\CodeIgniter))
 6 FCPATH\index.php(56): CodeIgniter\Boot::bootWeb(Object(Config\Paths))
 7 SYSTEMPATH\Commands\Server\rewrite.php(49): require_once('C:\\APK\\xampp-8.2\\htdocs\\SafeToTrip\\public\\index.php')
WARNING - 2024-06-17 00:07:24 --> [DEPRECATED] Creation of dynamic property App\Controllers\Home::$session is deprecated in APPPATH\Controllers\Home.php on line 13.
 1 APPPATH\Controllers\Transaksi.php(16): App\Controllers\Home->__construct()
 2 SYSTEMPATH\CodeIgniter.php(903): App\Controllers\Transaksi->__construct()
 3 SYSTEMPATH\CodeIgniter.php(500): CodeIgniter\CodeIgniter->createController()
 4 SYSTEMPATH\CodeIgniter.php(355): CodeIgniter\CodeIgniter->handleRequest(null, Object(Config\Cache), false)
 5 SYSTEMPATH\Boot.php(312): CodeIgniter\CodeIgniter->run()
 6 SYSTEMPATH\Boot.php(67): CodeIgniter\Boot::runCodeIgniter(Object(CodeIgniter\CodeIgniter))
 7 FCPATH\index.php(56): CodeIgniter\Boot::bootWeb(Object(Config\Paths))
 8 SYSTEMPATH\Commands\Server\rewrite.php(49): require_once('C:\\APK\\xampp-8.2\\htdocs\\SafeToTrip\\public\\index.php')
WARNING - 2024-06-17 00:07:24 --> [DEPRECATED] Creation of dynamic property App\Controllers\Home::$wisata is deprecated in APPPATH\Controllers\Home.php on line 14.
 1 APPPATH\Controllers\Transaksi.php(16): App\Controllers\Home->__construct()
 2 SYSTEMPATH\CodeIgniter.php(903): App\Controllers\Transaksi->__construct()
 3 SYSTEMPATH\CodeIgniter.php(500): CodeIgniter\CodeIgniter->createController()
 4 SYSTEMPATH\CodeIgniter.php(355): CodeIgniter\CodeIgniter->handleRequest(null, Object(Config\Cache), false)
 5 SYSTEMPATH\Boot.php(312): CodeIgniter\CodeIgniter->run()
 6 SYSTEMPATH\Boot.php(67): CodeIgniter\Boot::runCodeIgniter(Object(CodeIgniter\CodeIgniter))
 7 FCPATH\index.php(56): CodeIgniter\Boot::bootWeb(Object(Config\Paths))
 8 SYSTEMPATH\Commands\Server\rewrite.php(49): require_once('C:\\APK\\xampp-8.2\\htdocs\\SafeToTrip\\public\\index.php')
WARNING - 2024-06-17 00:07:24 --> [DEPRECATED] Creation of dynamic property App\Controllers\Home::$fasilitas is deprecated in APPPATH\Controllers\Home.php on line 15.
 1 APPPATH\Controllers\Transaksi.php(16): App\Controllers\Home->__construct()
 2 SYSTEMPATH\CodeIgniter.php(903): App\Controllers\Transaksi->__construct()
 3 SYSTEMPATH\CodeIgniter.php(500): CodeIgniter\CodeIgniter->createController()
 4 SYSTEMPATH\CodeIgniter.php(355): CodeIgniter\CodeIgniter->handleRequest(null, Object(Config\Cache), false)
 5 SYSTEMPATH\Boot.php(312): CodeIgniter\CodeIgniter->run()
 6 SYSTEMPATH\Boot.php(67): CodeIgniter\Boot::runCodeIgniter(Object(CodeIgniter\CodeIgniter))
 7 FCPATH\index.php(56): CodeIgniter\Boot::bootWeb(Object(Config\Paths))
 8 SYSTEMPATH\Commands\Server\rewrite.php(49): require_once('C:\\APK\\xampp-8.2\\htdocs\\SafeToTrip\\public\\index.php')
WARNING - 2024-06-17 00:07:24 --> [DEPRECATED] Creation of dynamic property App\Controllers\Home::$harga is deprecated in APPPATH\Controllers\Home.php on line 16.
 1 APPPATH\Controllers\Transaksi.php(16): App\Controllers\Home->__construct()
 2 SYSTEMPATH\CodeIgniter.php(903): App\Controllers\Transaksi->__construct()
 3 SYSTEMPATH\CodeIgniter.php(500): CodeIgniter\CodeIgniter->createController()
 4 SYSTEMPATH\CodeIgniter.php(355): CodeIgniter\CodeIgniter->handleRequest(null, Object(Config\Cache), false)
 5 SYSTEMPATH\Boot.php(312): CodeIgniter\CodeIgniter->run()
 6 SYSTEMPATH\Boot.php(67): CodeIgniter\Boot::runCodeIgniter(Object(CodeIgniter\CodeIgniter))
 7 FCPATH\index.php(56): CodeIgniter\Boot::bootWeb(Object(Config\Paths))
 8 SYSTEMPATH\Commands\Server\rewrite.php(49): require_once('C:\\APK\\xampp-8.2\\htdocs\\SafeToTrip\\public\\index.php')
WARNING - 2024-06-17 00:07:24 --> [DEPRECATED] Creation of dynamic property App\Controllers\Transaksi::$home is deprecated in APPPATH\Controllers\Transaksi.php on line 16.
 1 SYSTEMPATH\CodeIgniter.php(903): App\Controllers\Transaksi->__construct()
 2 SYSTEMPATH\CodeIgniter.php(500): CodeIgniter\CodeIgniter->createController()
 3 SYSTEMPATH\CodeIgniter.php(355): CodeIgniter\CodeIgniter->handleRequest(null, Object(Config\Cache), false)
 4 SYSTEMPATH\Boot.php(312): CodeIgniter\CodeIgniter->run()
 5 SYSTEMPATH\Boot.php(67): CodeIgniter\Boot::runCodeIgniter(Object(CodeIgniter\CodeIgniter))
 6 FCPATH\index.php(56): CodeIgniter\Boot::bootWeb(Object(Config\Paths))
 7 SYSTEMPATH\Commands\Server\rewrite.php(49): require_once('C:\\APK\\xampp-8.2\\htdocs\\SafeToTrip\\public\\index.php')
WARNING - 2024-06-17 00:07:24 --> [DEPRECATED] Creation of dynamic property App\Controllers\Transaksi::$wisata is deprecated in APPPATH\Controllers\Transaksi.php on line 17.
 1 SYSTEMPATH\CodeIgniter.php(903): App\Controllers\Transaksi->__construct()
 2 SYSTEMPATH\CodeIgniter.php(500): CodeIgniter\CodeIgniter->createController()
 3 SYSTEMPATH\CodeIgniter.php(355): CodeIgniter\CodeIgniter->handleRequest(null, Object(Config\Cache), false)
 4 SYSTEMPATH\Boot.php(312): CodeIgniter\CodeIgniter->run()
 5 SYSTEMPATH\Boot.php(67): CodeIgniter\Boot::runCodeIgniter(Object(CodeIgniter\CodeIgniter))
 6 FCPATH\index.php(56): CodeIgniter\Boot::bootWeb(Object(Config\Paths))
 7 SYSTEMPATH\Commands\Server\rewrite.php(49): require_once('C:\\APK\\xampp-8.2\\htdocs\\SafeToTrip\\public\\index.php')
WARNING - 2024-06-17 00:07:24 --> [DEPRECATED] Creation of dynamic property App\Controllers\Transaksi::$transaksi is deprecated in APPPATH\Controllers\Transaksi.php on line 18.
 1 SYSTEMPATH\CodeIgniter.php(903): App\Controllers\Transaksi->__construct()
 2 SYSTEMPATH\CodeIgniter.php(500): CodeIgniter\CodeIgniter->createController()
 3 SYSTEMPATH\CodeIgniter.php(355): CodeIgniter\CodeIgniter->handleRequest(null, Object(Config\Cache), false)
 4 SYSTEMPATH\Boot.php(312): CodeIgniter\CodeIgniter->run()
 5 SYSTEMPATH\Boot.php(67): CodeIgniter\Boot::runCodeIgniter(Object(CodeIgniter\CodeIgniter))
 6 FCPATH\index.php(56): CodeIgniter\Boot::bootWeb(Object(Config\Paths))
 7 SYSTEMPATH\Commands\Server\rewrite.php(49): require_once('C:\\APK\\xampp-8.2\\htdocs\\SafeToTrip\\public\\index.php')
WARNING - 2024-06-17 00:07:24 --> [DEPRECATED] Creation of dynamic property App\Controllers\Transaksi::$detail is deprecated in APPPATH\Controllers\Transaksi.php on line 19.
 1 SYSTEMPATH\CodeIgniter.php(903): App\Controllers\Transaksi->__construct()
 2 SYSTEMPATH\CodeIgniter.php(500): CodeIgniter\CodeIgniter->createController()
 3 SYSTEMPATH\CodeIgniter.php(355): CodeIgniter\CodeIgniter->handleRequest(null, Object(Config\Cache), false)
 4 SYSTEMPATH\Boot.php(312): CodeIgniter\CodeIgniter->run()
 5 SYSTEMPATH\Boot.php(67): CodeIgniter\Boot::runCodeIgniter(Object(CodeIgniter\CodeIgniter))
 6 FCPATH\index.php(56): CodeIgniter\Boot::bootWeb(Object(Config\Paths))
 7 SYSTEMPATH\Commands\Server\rewrite.php(49): require_once('C:\\APK\\xampp-8.2\\htdocs\\SafeToTrip\\public\\index.php')
INFO - 2024-06-17 00:11:23 --> Session: Class initialized using 'CodeIgniter\Session\Handlers\FileHandler' driver.
WARNING - 2024-06-17 00:11:23 --> [DEPRECATED] Creation of dynamic property App\Controllers\Transaksi::$session is deprecated in APPPATH\Controllers\Transaksi.php on line 15.
 1 SYSTEMPATH\CodeIgniter.php(903): App\Controllers\Transaksi->__construct()
 2 SYSTEMPATH\CodeIgniter.php(500): CodeIgniter\CodeIgniter->createController()
 3 SYSTEMPATH\CodeIgniter.php(355): CodeIgniter\CodeIgniter->handleRequest(null, Object(Config\Cache), false)
 4 SYSTEMPATH\Boot.php(312): CodeIgniter\CodeIgniter->run()
 5 SYSTEMPATH\Boot.php(67): CodeIgniter\Boot::runCodeIgniter(Object(CodeIgniter\CodeIgniter))
 6 FCPATH\index.php(56): CodeIgniter\Boot::bootWeb(Object(Config\Paths))
 7 SYSTEMPATH\Commands\Server\rewrite.php(49): require_once('C:\\APK\\xampp-8.2\\htdocs\\SafeToTrip\\public\\index.php')
WARNING - 2024-06-17 00:11:23 --> [DEPRECATED] Creation of dynamic property App\Controllers\Home::$session is deprecated in APPPATH\Controllers\Home.php on line 13.
 1 APPPATH\Controllers\Transaksi.php(16): App\Controllers\Home->__construct()
 2 SYSTEMPATH\CodeIgniter.php(903): App\Controllers\Transaksi->__construct()
 3 SYSTEMPATH\CodeIgniter.php(500): CodeIgniter\CodeIgniter->createController()
 4 SYSTEMPATH\CodeIgniter.php(355): CodeIgniter\CodeIgniter->handleRequest(null, Object(Config\Cache), false)
 5 SYSTEMPATH\Boot.php(312): CodeIgniter\CodeIgniter->run()
 6 SYSTEMPATH\Boot.php(67): CodeIgniter\Boot::runCodeIgniter(Object(CodeIgniter\CodeIgniter))
 7 FCPATH\index.php(56): CodeIgniter\Boot::bootWeb(Object(Config\Paths))
 8 SYSTEMPATH\Commands\Server\rewrite.php(49): require_once('C:\\APK\\xampp-8.2\\htdocs\\SafeToTrip\\public\\index.php')
WARNING - 2024-06-17 00:11:23 --> [DEPRECATED] Creation of dynamic property App\Controllers\Home::$wisata is deprecated in APPPATH\Controllers\Home.php on line 14.
 1 APPPATH\Controllers\Transaksi.php(16): App\Controllers\Home->__construct()
 2 SYSTEMPATH\CodeIgniter.php(903): App\Controllers\Transaksi->__construct()
 3 SYSTEMPATH\CodeIgniter.php(500): CodeIgniter\CodeIgniter->createController()
 4 SYSTEMPATH\CodeIgniter.php(355): CodeIgniter\CodeIgniter->handleRequest(null, Object(Config\Cache), false)
 5 SYSTEMPATH\Boot.php(312): CodeIgniter\CodeIgniter->run()
 6 SYSTEMPATH\Boot.php(67): CodeIgniter\Boot::runCodeIgniter(Object(CodeIgniter\CodeIgniter))
 7 FCPATH\index.php(56): CodeIgniter\Boot::bootWeb(Object(Config\Paths))
 8 SYSTEMPATH\Commands\Server\rewrite.php(49): require_once('C:\\APK\\xampp-8.2\\htdocs\\SafeToTrip\\public\\index.php')
WARNING - 2024-06-17 00:11:23 --> [DEPRECATED] Creation of dynamic property App\Controllers\Home::$fasilitas is deprecated in APPPATH\Controllers\Home.php on line 15.
 1 APPPATH\Controllers\Transaksi.php(16): App\Controllers\Home->__construct()
 2 SYSTEMPATH\CodeIgniter.php(903): App\Controllers\Transaksi->__construct()
 3 SYSTEMPATH\CodeIgniter.php(500): CodeIgniter\CodeIgniter->createController()
 4 SYSTEMPATH\CodeIgniter.php(355): CodeIgniter\CodeIgniter->handleRequest(null, Object(Config\Cache), false)
 5 SYSTEMPATH\Boot.php(312): CodeIgniter\CodeIgniter->run()
 6 SYSTEMPATH\Boot.php(67): CodeIgniter\Boot::runCodeIgniter(Object(CodeIgniter\CodeIgniter))
 7 FCPATH\index.php(56): CodeIgniter\Boot::bootWeb(Object(Config\Paths))
 8 SYSTEMPATH\Commands\Server\rewrite.php(49): require_once('C:\\APK\\xampp-8.2\\htdocs\\SafeToTrip\\public\\index.php')
WARNING - 2024-06-17 00:11:23 --> [DEPRECATED] Creation of dynamic property App\Controllers\Home::$harga is deprecated in APPPATH\Controllers\Home.php on line 16.
 1 APPPATH\Controllers\Transaksi.php(16): App\Controllers\Home->__construct()
 2 SYSTEMPATH\CodeIgniter.php(903): App\Controllers\Transaksi->__construct()
 3 SYSTEMPATH\CodeIgniter.php(500): CodeIgniter\CodeIgniter->createController()
 4 SYSTEMPATH\CodeIgniter.php(355): CodeIgniter\CodeIgniter->handleRequest(null, Object(Config\Cache), false)
 5 SYSTEMPATH\Boot.php(312): CodeIgniter\CodeIgniter->run()
 6 SYSTEMPATH\Boot.php(67): CodeIgniter\Boot::runCodeIgniter(Object(CodeIgniter\CodeIgniter))
 7 FCPATH\index.php(56): CodeIgniter\Boot::bootWeb(Object(Config\Paths))
 8 SYSTEMPATH\Commands\Server\rewrite.php(49): require_once('C:\\APK\\xampp-8.2\\htdocs\\SafeToTrip\\public\\index.php')
WARNING - 2024-06-17 00:11:23 --> [DEPRECATED] Creation of dynamic property App\Controllers\Transaksi::$home is deprecated in APPPATH\Controllers\Transaksi.php on line 16.
 1 SYSTEMPATH\CodeIgniter.php(903): App\Controllers\Transaksi->__construct()
 2 SYSTEMPATH\CodeIgniter.php(500): CodeIgniter\CodeIgniter->createController()
 3 SYSTEMPATH\CodeIgniter.php(355): CodeIgniter\CodeIgniter->handleRequest(null, Object(Config\Cache), false)
 4 SYSTEMPATH\Boot.php(312): CodeIgniter\CodeIgniter->run()
 5 SYSTEMPATH\Boot.php(67): CodeIgniter\Boot::runCodeIgniter(Object(CodeIgniter\CodeIgniter))
 6 FCPATH\index.php(56): CodeIgniter\Boot::bootWeb(Object(Config\Paths))
 7 SYSTEMPATH\Commands\Server\rewrite.php(49): require_once('C:\\APK\\xampp-8.2\\htdocs\\SafeToTrip\\public\\index.php')
WARNING - 2024-06-17 00:11:23 --> [DEPRECATED] Creation of dynamic property App\Controllers\Transaksi::$wisata is deprecated in APPPATH\Controllers\Transaksi.php on line 17.
 1 SYSTEMPATH\CodeIgniter.php(903): App\Controllers\Transaksi->__construct()
 2 SYSTEMPATH\CodeIgniter.php(500): CodeIgniter\CodeIgniter->createController()
 3 SYSTEMPATH\CodeIgniter.php(355): CodeIgniter\CodeIgniter->handleRequest(null, Object(Config\Cache), false)
 4 SYSTEMPATH\Boot.php(312): CodeIgniter\CodeIgniter->run()
 5 SYSTEMPATH\Boot.php(67): CodeIgniter\Boot::runCodeIgniter(Object(CodeIgniter\CodeIgniter))
 6 FCPATH\index.php(56): CodeIgniter\Boot::bootWeb(Object(Config\Paths))
 7 SYSTEMPATH\Commands\Server\rewrite.php(49): require_once('C:\\APK\\xampp-8.2\\htdocs\\SafeToTrip\\public\\index.php')
WARNING - 2024-06-17 00:11:23 --> [DEPRECATED] Creation of dynamic property App\Controllers\Transaksi::$transaksi is deprecated in APPPATH\Controllers\Transaksi.php on line 18.
 1 SYSTEMPATH\CodeIgniter.php(903): App\Controllers\Transaksi->__construct()
 2 SYSTEMPATH\CodeIgniter.php(500): CodeIgniter\CodeIgniter->createController()
 3 SYSTEMPATH\CodeIgniter.php(355): CodeIgniter\CodeIgniter->handleRequest(null, Object(Config\Cache), false)
 4 SYSTEMPATH\Boot.php(312): CodeIgniter\CodeIgniter->run()
 5 SYSTEMPATH\Boot.php(67): CodeIgniter\Boot::runCodeIgniter(Object(CodeIgniter\CodeIgniter))
 6 FCPATH\index.php(56): CodeIgniter\Boot::bootWeb(Object(Config\Paths))
 7 SYSTEMPATH\Commands\Server\rewrite.php(49): require_once('C:\\APK\\xampp-8.2\\htdocs\\SafeToTrip\\public\\index.php')
WARNING - 2024-06-17 00:11:23 --> [DEPRECATED] Creation of dynamic property App\Controllers\Transaksi::$detail is deprecated in APPPATH\Controllers\Transaksi.php on line 19.
 1 SYSTEMPATH\CodeIgniter.php(903): App\Controllers\Transaksi->__construct()
 2 SYSTEMPATH\CodeIgniter.php(500): CodeIgniter\CodeIgniter->createController()
 3 SYSTEMPATH\CodeIgniter.php(355): CodeIgniter\CodeIgniter->handleRequest(null, Object(Config\Cache), false)
 4 SYSTEMPATH\Boot.php(312): CodeIgniter\CodeIgniter->run()
 5 SYSTEMPATH\Boot.php(67): CodeIgniter\Boot::runCodeIgniter(Object(CodeIgniter\CodeIgniter))
 6 FCPATH\index.php(56): CodeIgniter\Boot::bootWeb(Object(Config\Paths))
 7 SYSTEMPATH\Commands\Server\rewrite.php(49): require_once('C:\\APK\\xampp-8.2\\htdocs\\SafeToTrip\\public\\index.php')
INFO - 2024-06-17 00:13:39 --> Session: Class initialized using 'CodeIgniter\Session\Handlers\FileHandler' driver.
WARNING - 2024-06-17 00:13:39 --> [DEPRECATED] Creation of dynamic property App\Controllers\Transaksi::$session is deprecated in APPPATH\Controllers\Transaksi.php on line 15.
 1 SYSTEMPATH\CodeIgniter.php(903): App\Controllers\Transaksi->__construct()
 2 SYSTEMPATH\CodeIgniter.php(500): CodeIgniter\CodeIgniter->createController()
 3 SYSTEMPATH\CodeIgniter.php(355): CodeIgniter\CodeIgniter->handleRequest(null, Object(Config\Cache), false)
 4 SYSTEMPATH\Boot.php(312): CodeIgniter\CodeIgniter->run()
 5 SYSTEMPATH\Boot.php(67): CodeIgniter\Boot::runCodeIgniter(Object(CodeIgniter\CodeIgniter))
 6 FCPATH\index.php(56): CodeIgniter\Boot::bootWeb(Object(Config\Paths))
 7 SYSTEMPATH\Commands\Server\rewrite.php(49): require_once('C:\\APK\\xampp-8.2\\htdocs\\SafeToTrip\\public\\index.php')
WARNING - 2024-06-17 00:13:39 --> [DEPRECATED] Creation of dynamic property App\Controllers\Home::$session is deprecated in APPPATH\Controllers\Home.php on line 13.
 1 APPPATH\Controllers\Transaksi.php(16): App\Controllers\Home->__construct()
 2 SYSTEMPATH\CodeIgniter.php(903): App\Controllers\Transaksi->__construct()
 3 SYSTEMPATH\CodeIgniter.php(500): CodeIgniter\CodeIgniter->createController()
 4 SYSTEMPATH\CodeIgniter.php(355): CodeIgniter\CodeIgniter->handleRequest(null, Object(Config\Cache), false)
 5 SYSTEMPATH\Boot.php(312): CodeIgniter\CodeIgniter->run()
 6 SYSTEMPATH\Boot.php(67): CodeIgniter\Boot::runCodeIgniter(Object(CodeIgniter\CodeIgniter))
 7 FCPATH\index.php(56): CodeIgniter\Boot::bootWeb(Object(Config\Paths))
 8 SYSTEMPATH\Commands\Server\rewrite.php(49): require_once('C:\\APK\\xampp-8.2\\htdocs\\SafeToTrip\\public\\index.php')
WARNING - 2024-06-17 00:13:39 --> [DEPRECATED] Creation of dynamic property App\Controllers\Home::$wisata is deprecated in APPPATH\Controllers\Home.php on line 14.
 1 APPPATH\Controllers\Transaksi.php(16): App\Controllers\Home->__construct()
 2 SYSTEMPATH\CodeIgniter.php(903): App\Controllers\Transaksi->__construct()
 3 SYSTEMPATH\CodeIgniter.php(500): CodeIgniter\CodeIgniter->createController()
 4 SYSTEMPATH\CodeIgniter.php(355): CodeIgniter\CodeIgniter->handleRequest(null, Object(Config\Cache), false)
 5 SYSTEMPATH\Boot.php(312): CodeIgniter\CodeIgniter->run()
 6 SYSTEMPATH\Boot.php(67): CodeIgniter\Boot::runCodeIgniter(Object(CodeIgniter\CodeIgniter))
 7 FCPATH\index.php(56): CodeIgniter\Boot::bootWeb(Object(Config\Paths))
 8 SYSTEMPATH\Commands\Server\rewrite.php(49): require_once('C:\\APK\\xampp-8.2\\htdocs\\SafeToTrip\\public\\index.php')
WARNING - 2024-06-17 00:13:39 --> [DEPRECATED] Creation of dynamic property App\Controllers\Home::$fasilitas is deprecated in APPPATH\Controllers\Home.php on line 15.
 1 APPPATH\Controllers\Transaksi.php(16): App\Controllers\Home->__construct()
 2 SYSTEMPATH\CodeIgniter.php(903): App\Controllers\Transaksi->__construct()
 3 SYSTEMPATH\CodeIgniter.php(500): CodeIgniter\CodeIgniter->createController()
 4 SYSTEMPATH\CodeIgniter.php(355): CodeIgniter\CodeIgniter->handleRequest(null, Object(Config\Cache), false)
 5 SYSTEMPATH\Boot.php(312): CodeIgniter\CodeIgniter->run()
 6 SYSTEMPATH\Boot.php(67): CodeIgniter\Boot::runCodeIgniter(Object(CodeIgniter\CodeIgniter))
 7 FCPATH\index.php(56): CodeIgniter\Boot::bootWeb(Object(Config\Paths))
 8 SYSTEMPATH\Commands\Server\rewrite.php(49): require_once('C:\\APK\\xampp-8.2\\htdocs\\SafeToTrip\\public\\index.php')
WARNING - 2024-06-17 00:13:39 --> [DEPRECATED] Creation of dynamic property App\Controllers\Home::$harga is deprecated in APPPATH\Controllers\Home.php on line 16.
 1 APPPATH\Controllers\Transaksi.php(16): App\Controllers\Home->__construct()
 2 SYSTEMPATH\CodeIgniter.php(903): App\Controllers\Transaksi->__construct()
 3 SYSTEMPATH\CodeIgniter.php(500): CodeIgniter\CodeIgniter->createController()
 4 SYSTEMPATH\CodeIgniter.php(355): CodeIgniter\CodeIgniter->handleRequest(null, Object(Config\Cache), false)
 5 SYSTEMPATH\Boot.php(312): CodeIgniter\CodeIgniter->run()
 6 SYSTEMPATH\Boot.php(67): CodeIgniter\Boot::runCodeIgniter(Object(CodeIgniter\CodeIgniter))
 7 FCPATH\index.php(56): CodeIgniter\Boot::bootWeb(Object(Config\Paths))
 8 SYSTEMPATH\Commands\Server\rewrite.php(49): require_once('C:\\APK\\xampp-8.2\\htdocs\\SafeToTrip\\public\\index.php')
WARNING - 2024-06-17 00:13:39 --> [DEPRECATED] Creation of dynamic property App\Controllers\Transaksi::$home is deprecated in APPPATH\Controllers\Transaksi.php on line 16.
 1 SYSTEMPATH\CodeIgniter.php(903): App\Controllers\Transaksi->__construct()
 2 SYSTEMPATH\CodeIgniter.php(500): CodeIgniter\CodeIgniter->createController()
 3 SYSTEMPATH\CodeIgniter.php(355): CodeIgniter\CodeIgniter->handleRequest(null, Object(Config\Cache), false)
 4 SYSTEMPATH\Boot.php(312): CodeIgniter\CodeIgniter->run()
 5 SYSTEMPATH\Boot.php(67): CodeIgniter\Boot::runCodeIgniter(Object(CodeIgniter\CodeIgniter))
 6 FCPATH\index.php(56): CodeIgniter\Boot::bootWeb(Object(Config\Paths))
 7 SYSTEMPATH\Commands\Server\rewrite.php(49): require_once('C:\\APK\\xampp-8.2\\htdocs\\SafeToTrip\\public\\index.php')
WARNING - 2024-06-17 00:13:39 --> [DEPRECATED] Creation of dynamic property App\Controllers\Transaksi::$wisata is deprecated in APPPATH\Controllers\Transaksi.php on line 17.
 1 SYSTEMPATH\CodeIgniter.php(903): App\Controllers\Transaksi->__construct()
 2 SYSTEMPATH\CodeIgniter.php(500): CodeIgniter\CodeIgniter->createController()
 3 SYSTEMPATH\CodeIgniter.php(355): CodeIgniter\CodeIgniter->handleRequest(null, Object(Config\Cache), false)
 4 SYSTEMPATH\Boot.php(312): CodeIgniter\CodeIgniter->run()
 5 SYSTEMPATH\Boot.php(67): CodeIgniter\Boot::runCodeIgniter(Object(CodeIgniter\CodeIgniter))
 6 FCPATH\index.php(56): CodeIgniter\Boot::bootWeb(Object(Config\Paths))
 7 SYSTEMPATH\Commands\Server\rewrite.php(49): require_once('C:\\APK\\xampp-8.2\\htdocs\\SafeToTrip\\public\\index.php')
WARNING - 2024-06-17 00:13:39 --> [DEPRECATED] Creation of dynamic property App\Controllers\Transaksi::$transaksi is deprecated in APPPATH\Controllers\Transaksi.php on line 18.
 1 SYSTEMPATH\CodeIgniter.php(903): App\Controllers\Transaksi->__construct()
 2 SYSTEMPATH\CodeIgniter.php(500): CodeIgniter\CodeIgniter->createController()
 3 SYSTEMPATH\CodeIgniter.php(355): CodeIgniter\CodeIgniter->handleRequest(null, Object(Config\Cache), false)
 4 SYSTEMPATH\Boot.php(312): CodeIgniter\CodeIgniter->run()
 5 SYSTEMPATH\Boot.php(67): CodeIgniter\Boot::runCodeIgniter(Object(CodeIgniter\CodeIgniter))
 6 FCPATH\index.php(56): CodeIgniter\Boot::bootWeb(Object(Config\Paths))
 7 SYSTEMPATH\Commands\Server\rewrite.php(49): require_once('C:\\APK\\xampp-8.2\\htdocs\\SafeToTrip\\public\\index.php')
WARNING - 2024-06-17 00:13:39 --> [DEPRECATED] Creation of dynamic property App\Controllers\Transaksi::$detail is deprecated in APPPATH\Controllers\Transaksi.php on line 19.
 1 SYSTEMPATH\CodeIgniter.php(903): App\Controllers\Transaksi->__construct()
 2 SYSTEMPATH\CodeIgniter.php(500): CodeIgniter\CodeIgniter->createController()
 3 SYSTEMPATH\CodeIgniter.php(355): CodeIgniter\CodeIgniter->handleRequest(null, Object(Config\Cache), false)
 4 SYSTEMPATH\Boot.php(312): CodeIgniter\CodeIgniter->run()
 5 SYSTEMPATH\Boot.php(67): CodeIgniter\Boot::runCodeIgniter(Object(CodeIgniter\CodeIgniter))
 6 FCPATH\index.php(56): CodeIgniter\Boot::bootWeb(Object(Config\Paths))
 7 SYSTEMPATH\Commands\Server\rewrite.php(49): require_once('C:\\APK\\xampp-8.2\\htdocs\\SafeToTrip\\public\\index.php')
CRITICAL - 2024-06-17 00:13:39 --> TypeError: CodeIgniter\Database\BaseBuilder::join(): Argument #4 ($escape) must be of type ?bool, string given, called in C:\APK\xampp-8.2\htdocs\SafeToTrip\system\Model.php on line 919
[Method: GET, Route: transaksi]
in SYSTEMPATH\Database\BaseBuilder.php on line 620.
 1 SYSTEMPATH\Model.php(919): CodeIgniter\Database\BaseBuilder->join('user', 'id_wisatawan', 'user', 'id_user')
 2 APPPATH\Models\TransaksiModel.php(20): CodeIgniter\Model->__call('join', [...])
 3 APPPATH\Controllers\Transaksi.php(24): App\Models\TransaksiModel->getTransaksi('4')
 4 SYSTEMPATH\CodeIgniter.php(933): App\Controllers\Transaksi->index()
 5 SYSTEMPATH\CodeIgniter.php(509): CodeIgniter\CodeIgniter->runController(Object(App\Controllers\Transaksi))
 6 SYSTEMPATH\CodeIgniter.php(355): CodeIgniter\CodeIgniter->handleRequest(null, Object(Config\Cache), false)
 7 SYSTEMPATH\Boot.php(312): CodeIgniter\CodeIgniter->run()
 8 SYSTEMPATH\Boot.php(67): CodeIgniter\Boot::runCodeIgniter(Object(CodeIgniter\CodeIgniter))
 9 FCPATH\index.php(56): CodeIgniter\Boot::bootWeb(Object(Config\Paths))
10 SYSTEMPATH\Commands\Server\rewrite.php(49): require_once('C:\\APK\\xampp-8.2\\htdocs\\SafeToTrip\\public\\index.php')
INFO - 2024-06-17 00:14:36 --> Session: Class initialized using 'CodeIgniter\Session\Handlers\FileHandler' driver.
WARNING - 2024-06-17 00:14:36 --> [DEPRECATED] Creation of dynamic property App\Controllers\Transaksi::$session is deprecated in APPPATH\Controllers\Transaksi.php on line 15.
 1 SYSTEMPATH\CodeIgniter.php(903): App\Controllers\Transaksi->__construct()
 2 SYSTEMPATH\CodeIgniter.php(500): CodeIgniter\CodeIgniter->createController()
 3 SYSTEMPATH\CodeIgniter.php(355): CodeIgniter\CodeIgniter->handleRequest(null, Object(Config\Cache), false)
 4 SYSTEMPATH\Boot.php(312): CodeIgniter\CodeIgniter->run()
 5 SYSTEMPATH\Boot.php(67): CodeIgniter\Boot::runCodeIgniter(Object(CodeIgniter\CodeIgniter))
 6 FCPATH\index.php(56): CodeIgniter\Boot::bootWeb(Object(Config\Paths))
 7 SYSTEMPATH\Commands\Server\rewrite.php(49): require_once('C:\\APK\\xampp-8.2\\htdocs\\SafeToTrip\\public\\index.php')
WARNING - 2024-06-17 00:14:36 --> [DEPRECATED] Creation of dynamic property App\Controllers\Home::$session is deprecated in APPPATH\Controllers\Home.php on line 13.
 1 APPPATH\Controllers\Transaksi.php(16): App\Controllers\Home->__construct()
 2 SYSTEMPATH\CodeIgniter.php(903): App\Controllers\Transaksi->__construct()
 3 SYSTEMPATH\CodeIgniter.php(500): CodeIgniter\CodeIgniter->createController()
 4 SYSTEMPATH\CodeIgniter.php(355): CodeIgniter\CodeIgniter->handleRequest(null, Object(Config\Cache), false)
 5 SYSTEMPATH\Boot.php(312): CodeIgniter\CodeIgniter->run()
 6 SYSTEMPATH\Boot.php(67): CodeIgniter\Boot::runCodeIgniter(Object(CodeIgniter\CodeIgniter))
 7 FCPATH\index.php(56): CodeIgniter\Boot::bootWeb(Object(Config\Paths))
 8 SYSTEMPATH\Commands\Server\rewrite.php(49): require_once('C:\\APK\\xampp-8.2\\htdocs\\SafeToTrip\\public\\index.php')
WARNING - 2024-06-17 00:14:36 --> [DEPRECATED] Creation of dynamic property App\Controllers\Home::$wisata is deprecated in APPPATH\Controllers\Home.php on line 14.
 1 APPPATH\Controllers\Transaksi.php(16): App\Controllers\Home->__construct()
 2 SYSTEMPATH\CodeIgniter.php(903): App\Controllers\Transaksi->__construct()
 3 SYSTEMPATH\CodeIgniter.php(500): CodeIgniter\CodeIgniter->createController()
 4 SYSTEMPATH\CodeIgniter.php(355): CodeIgniter\CodeIgniter->handleRequest(null, Object(Config\Cache), false)
 5 SYSTEMPATH\Boot.php(312): CodeIgniter\CodeIgniter->run()
 6 SYSTEMPATH\Boot.php(67): CodeIgniter\Boot::runCodeIgniter(Object(CodeIgniter\CodeIgniter))
 7 FCPATH\index.php(56): CodeIgniter\Boot::bootWeb(Object(Config\Paths))
 8 SYSTEMPATH\Commands\Server\rewrite.php(49): require_once('C:\\APK\\xampp-8.2\\htdocs\\SafeToTrip\\public\\index.php')
WARNING - 2024-06-17 00:14:36 --> [DEPRECATED] Creation of dynamic property App\Controllers\Home::$fasilitas is deprecated in APPPATH\Controllers\Home.php on line 15.
 1 APPPATH\Controllers\Transaksi.php(16): App\Controllers\Home->__construct()
 2 SYSTEMPATH\CodeIgniter.php(903): App\Controllers\Transaksi->__construct()
 3 SYSTEMPATH\CodeIgniter.php(500): CodeIgniter\CodeIgniter->createController()
 4 SYSTEMPATH\CodeIgniter.php(355): CodeIgniter\CodeIgniter->handleRequest(null, Object(Config\Cache), false)
 5 SYSTEMPATH\Boot.php(312): CodeIgniter\CodeIgniter->run()
 6 SYSTEMPATH\Boot.php(67): CodeIgniter\Boot::runCodeIgniter(Object(CodeIgniter\CodeIgniter))
 7 FCPATH\index.php(56): CodeIgniter\Boot::bootWeb(Object(Config\Paths))
 8 SYSTEMPATH\Commands\Server\rewrite.php(49): require_once('C:\\APK\\xampp-8.2\\htdocs\\SafeToTrip\\public\\index.php')
WARNING - 2024-06-17 00:14:36 --> [DEPRECATED] Creation of dynamic property App\Controllers\Home::$harga is deprecated in APPPATH\Controllers\Home.php on line 16.
 1 APPPATH\Controllers\Transaksi.php(16): App\Controllers\Home->__construct()
 2 SYSTEMPATH\CodeIgniter.php(903): App\Controllers\Transaksi->__construct()
 3 SYSTEMPATH\CodeIgniter.php(500): CodeIgniter\CodeIgniter->createController()
 4 SYSTEMPATH\CodeIgniter.php(355): CodeIgniter\CodeIgniter->handleRequest(null, Object(Config\Cache), false)
 5 SYSTEMPATH\Boot.php(312): CodeIgniter\CodeIgniter->run()
 6 SYSTEMPATH\Boot.php(67): CodeIgniter\Boot::runCodeIgniter(Object(CodeIgniter\CodeIgniter))
 7 FCPATH\index.php(56): CodeIgniter\Boot::bootWeb(Object(Config\Paths))
 8 SYSTEMPATH\Commands\Server\rewrite.php(49): require_once('C:\\APK\\xampp-8.2\\htdocs\\SafeToTrip\\public\\index.php')
WARNING - 2024-06-17 00:14:36 --> [DEPRECATED] Creation of dynamic property App\Controllers\Transaksi::$home is deprecated in APPPATH\Controllers\Transaksi.php on line 16.
 1 SYSTEMPATH\CodeIgniter.php(903): App\Controllers\Transaksi->__construct()
 2 SYSTEMPATH\CodeIgniter.php(500): CodeIgniter\CodeIgniter->createController()
 3 SYSTEMPATH\CodeIgniter.php(355): CodeIgniter\CodeIgniter->handleRequest(null, Object(Config\Cache), false)
 4 SYSTEMPATH\Boot.php(312): CodeIgniter\CodeIgniter->run()
 5 SYSTEMPATH\Boot.php(67): CodeIgniter\Boot::runCodeIgniter(Object(CodeIgniter\CodeIgniter))
 6 FCPATH\index.php(56): CodeIgniter\Boot::bootWeb(Object(Config\Paths))
 7 SYSTEMPATH\Commands\Server\rewrite.php(49): require_once('C:\\APK\\xampp-8.2\\htdocs\\SafeToTrip\\public\\index.php')
WARNING - 2024-06-17 00:14:36 --> [DEPRECATED] Creation of dynamic property App\Controllers\Transaksi::$wisata is deprecated in APPPATH\Controllers\Transaksi.php on line 17.
 1 SYSTEMPATH\CodeIgniter.php(903): App\Controllers\Transaksi->__construct()
 2 SYSTEMPATH\CodeIgniter.php(500): CodeIgniter\CodeIgniter->createController()
 3 SYSTEMPATH\CodeIgniter.php(355): CodeIgniter\CodeIgniter->handleRequest(null, Object(Config\Cache), false)
 4 SYSTEMPATH\Boot.php(312): CodeIgniter\CodeIgniter->run()
 5 SYSTEMPATH\Boot.php(67): CodeIgniter\Boot::runCodeIgniter(Object(CodeIgniter\CodeIgniter))
 6 FCPATH\index.php(56): CodeIgniter\Boot::bootWeb(Object(Config\Paths))
 7 SYSTEMPATH\Commands\Server\rewrite.php(49): require_once('C:\\APK\\xampp-8.2\\htdocs\\SafeToTrip\\public\\index.php')
WARNING - 2024-06-17 00:14:36 --> [DEPRECATED] Creation of dynamic property App\Controllers\Transaksi::$transaksi is deprecated in APPPATH\Controllers\Transaksi.php on line 18.
 1 SYSTEMPATH\CodeIgniter.php(903): App\Controllers\Transaksi->__construct()
 2 SYSTEMPATH\CodeIgniter.php(500): CodeIgniter\CodeIgniter->createController()
 3 SYSTEMPATH\CodeIgniter.php(355): CodeIgniter\CodeIgniter->handleRequest(null, Object(Config\Cache), false)
 4 SYSTEMPATH\Boot.php(312): CodeIgniter\CodeIgniter->run()
 5 SYSTEMPATH\Boot.php(67): CodeIgniter\Boot::runCodeIgniter(Object(CodeIgniter\CodeIgniter))
 6 FCPATH\index.php(56): CodeIgniter\Boot::bootWeb(Object(Config\Paths))
 7 SYSTEMPATH\Commands\Server\rewrite.php(49): require_once('C:\\APK\\xampp-8.2\\htdocs\\SafeToTrip\\public\\index.php')
WARNING - 2024-06-17 00:14:36 --> [DEPRECATED] Creation of dynamic property App\Controllers\Transaksi::$detail is deprecated in APPPATH\Controllers\Transaksi.php on line 19.
 1 SYSTEMPATH\CodeIgniter.php(903): App\Controllers\Transaksi->__construct()
 2 SYSTEMPATH\CodeIgniter.php(500): CodeIgniter\CodeIgniter->createController()
 3 SYSTEMPATH\CodeIgniter.php(355): CodeIgniter\CodeIgniter->handleRequest(null, Object(Config\Cache), false)
 4 SYSTEMPATH\Boot.php(312): CodeIgniter\CodeIgniter->run()
 5 SYSTEMPATH\Boot.php(67): CodeIgniter\Boot::runCodeIgniter(Object(CodeIgniter\CodeIgniter))
 6 FCPATH\index.php(56): CodeIgniter\Boot::bootWeb(Object(Config\Paths))
 7 SYSTEMPATH\Commands\Server\rewrite.php(49): require_once('C:\\APK\\xampp-8.2\\htdocs\\SafeToTrip\\public\\index.php')
INFO - 2024-06-17 00:15:12 --> Session: Class initialized using 'CodeIgniter\Session\Handlers\FileHandler' driver.
WARNING - 2024-06-17 00:15:12 --> [DEPRECATED] Creation of dynamic property App\Controllers\Transaksi::$session is deprecated in APPPATH\Controllers\Transaksi.php on line 15.
 1 SYSTEMPATH\CodeIgniter.php(903): App\Controllers\Transaksi->__construct()
 2 SYSTEMPATH\CodeIgniter.php(500): CodeIgniter\CodeIgniter->createController()
 3 SYSTEMPATH\CodeIgniter.php(355): CodeIgniter\CodeIgniter->handleRequest(null, Object(Config\Cache), false)
 4 SYSTEMPATH\Boot.php(312): CodeIgniter\CodeIgniter->run()
 5 SYSTEMPATH\Boot.php(67): CodeIgniter\Boot::runCodeIgniter(Object(CodeIgniter\CodeIgniter))
 6 FCPATH\index.php(56): CodeIgniter\Boot::bootWeb(Object(Config\Paths))
 7 SYSTEMPATH\Commands\Server\rewrite.php(49): require_once('C:\\APK\\xampp-8.2\\htdocs\\SafeToTrip\\public\\index.php')
WARNING - 2024-06-17 00:15:12 --> [DEPRECATED] Creation of dynamic property App\Controllers\Home::$session is deprecated in APPPATH\Controllers\Home.php on line 13.
 1 APPPATH\Controllers\Transaksi.php(16): App\Controllers\Home->__construct()
 2 SYSTEMPATH\CodeIgniter.php(903): App\Controllers\Transaksi->__construct()
 3 SYSTEMPATH\CodeIgniter.php(500): CodeIgniter\CodeIgniter->createController()
 4 SYSTEMPATH\CodeIgniter.php(355): CodeIgniter\CodeIgniter->handleRequest(null, Object(Config\Cache), false)
 5 SYSTEMPATH\Boot.php(312): CodeIgniter\CodeIgniter->run()
 6 SYSTEMPATH\Boot.php(67): CodeIgniter\Boot::runCodeIgniter(Object(CodeIgniter\CodeIgniter))
 7 FCPATH\index.php(56): CodeIgniter\Boot::bootWeb(Object(Config\Paths))
 8 SYSTEMPATH\Commands\Server\rewrite.php(49): require_once('C:\\APK\\xampp-8.2\\htdocs\\SafeToTrip\\public\\index.php')
WARNING - 2024-06-17 00:15:12 --> [DEPRECATED] Creation of dynamic property App\Controllers\Home::$wisata is deprecated in APPPATH\Controllers\Home.php on line 14.
 1 APPPATH\Controllers\Transaksi.php(16): App\Controllers\Home->__construct()
 2 SYSTEMPATH\CodeIgniter.php(903): App\Controllers\Transaksi->__construct()
 3 SYSTEMPATH\CodeIgniter.php(500): CodeIgniter\CodeIgniter->createController()
 4 SYSTEMPATH\CodeIgniter.php(355): CodeIgniter\CodeIgniter->handleRequest(null, Object(Config\Cache), false)
 5 SYSTEMPATH\Boot.php(312): CodeIgniter\CodeIgniter->run()
 6 SYSTEMPATH\Boot.php(67): CodeIgniter\Boot::runCodeIgniter(Object(CodeIgniter\CodeIgniter))
 7 FCPATH\index.php(56): CodeIgniter\Boot::bootWeb(Object(Config\Paths))
 8 SYSTEMPATH\Commands\Server\rewrite.php(49): require_once('C:\\APK\\xampp-8.2\\htdocs\\SafeToTrip\\public\\index.php')
WARNING - 2024-06-17 00:15:12 --> [DEPRECATED] Creation of dynamic property App\Controllers\Home::$fasilitas is deprecated in APPPATH\Controllers\Home.php on line 15.
 1 APPPATH\Controllers\Transaksi.php(16): App\Controllers\Home->__construct()
 2 SYSTEMPATH\CodeIgniter.php(903): App\Controllers\Transaksi->__construct()
 3 SYSTEMPATH\CodeIgniter.php(500): CodeIgniter\CodeIgniter->createController()
 4 SYSTEMPATH\CodeIgniter.php(355): CodeIgniter\CodeIgniter->handleRequest(null, Object(Config\Cache), false)
 5 SYSTEMPATH\Boot.php(312): CodeIgniter\CodeIgniter->run()
 6 SYSTEMPATH\Boot.php(67): CodeIgniter\Boot::runCodeIgniter(Object(CodeIgniter\CodeIgniter))
 7 FCPATH\index.php(56): CodeIgniter\Boot::bootWeb(Object(Config\Paths))
 8 SYSTEMPATH\Commands\Server\rewrite.php(49): require_once('C:\\APK\\xampp-8.2\\htdocs\\SafeToTrip\\public\\index.php')
WARNING - 2024-06-17 00:15:12 --> [DEPRECATED] Creation of dynamic property App\Controllers\Home::$harga is deprecated in APPPATH\Controllers\Home.php on line 16.
 1 APPPATH\Controllers\Transaksi.php(16): App\Controllers\Home->__construct()
 2 SYSTEMPATH\CodeIgniter.php(903): App\Controllers\Transaksi->__construct()
 3 SYSTEMPATH\CodeIgniter.php(500): CodeIgniter\CodeIgniter->createController()
 4 SYSTEMPATH\CodeIgniter.php(355): CodeIgniter\CodeIgniter->handleRequest(null, Object(Config\Cache), false)
 5 SYSTEMPATH\Boot.php(312): CodeIgniter\CodeIgniter->run()
 6 SYSTEMPATH\Boot.php(67): CodeIgniter\Boot::runCodeIgniter(Object(CodeIgniter\CodeIgniter))
 7 FCPATH\index.php(56): CodeIgniter\Boot::bootWeb(Object(Config\Paths))
 8 SYSTEMPATH\Commands\Server\rewrite.php(49): require_once('C:\\APK\\xampp-8.2\\htdocs\\SafeToTrip\\public\\index.php')
WARNING - 2024-06-17 00:15:12 --> [DEPRECATED] Creation of dynamic property App\Controllers\Transaksi::$home is deprecated in APPPATH\Controllers\Transaksi.php on line 16.
 1 SYSTEMPATH\CodeIgniter.php(903): App\Controllers\Transaksi->__construct()
 2 SYSTEMPATH\CodeIgniter.php(500): CodeIgniter\CodeIgniter->createController()
 3 SYSTEMPATH\CodeIgniter.php(355): CodeIgniter\CodeIgniter->handleRequest(null, Object(Config\Cache), false)
 4 SYSTEMPATH\Boot.php(312): CodeIgniter\CodeIgniter->run()
 5 SYSTEMPATH\Boot.php(67): CodeIgniter\Boot::runCodeIgniter(Object(CodeIgniter\CodeIgniter))
 6 FCPATH\index.php(56): CodeIgniter\Boot::bootWeb(Object(Config\Paths))
 7 SYSTEMPATH\Commands\Server\rewrite.php(49): require_once('C:\\APK\\xampp-8.2\\htdocs\\SafeToTrip\\public\\index.php')
WARNING - 2024-06-17 00:15:12 --> [DEPRECATED] Creation of dynamic property App\Controllers\Transaksi::$wisata is deprecated in APPPATH\Controllers\Transaksi.php on line 17.
 1 SYSTEMPATH\CodeIgniter.php(903): App\Controllers\Transaksi->__construct()
 2 SYSTEMPATH\CodeIgniter.php(500): CodeIgniter\CodeIgniter->createController()
 3 SYSTEMPATH\CodeIgniter.php(355): CodeIgniter\CodeIgniter->handleRequest(null, Object(Config\Cache), false)
 4 SYSTEMPATH\Boot.php(312): CodeIgniter\CodeIgniter->run()
 5 SYSTEMPATH\Boot.php(67): CodeIgniter\Boot::runCodeIgniter(Object(CodeIgniter\CodeIgniter))
 6 FCPATH\index.php(56): CodeIgniter\Boot::bootWeb(Object(Config\Paths))
 7 SYSTEMPATH\Commands\Server\rewrite.php(49): require_once('C:\\APK\\xampp-8.2\\htdocs\\SafeToTrip\\public\\index.php')
WARNING - 2024-06-17 00:15:12 --> [DEPRECATED] Creation of dynamic property App\Controllers\Transaksi::$transaksi is deprecated in APPPATH\Controllers\Transaksi.php on line 18.
 1 SYSTEMPATH\CodeIgniter.php(903): App\Controllers\Transaksi->__construct()
 2 SYSTEMPATH\CodeIgniter.php(500): CodeIgniter\CodeIgniter->createController()
 3 SYSTEMPATH\CodeIgniter.php(355): CodeIgniter\CodeIgniter->handleRequest(null, Object(Config\Cache), false)
 4 SYSTEMPATH\Boot.php(312): CodeIgniter\CodeIgniter->run()
 5 SYSTEMPATH\Boot.php(67): CodeIgniter\Boot::runCodeIgniter(Object(CodeIgniter\CodeIgniter))
 6 FCPATH\index.php(56): CodeIgniter\Boot::bootWeb(Object(Config\Paths))
 7 SYSTEMPATH\Commands\Server\rewrite.php(49): require_once('C:\\APK\\xampp-8.2\\htdocs\\SafeToTrip\\public\\index.php')
WARNING - 2024-06-17 00:15:12 --> [DEPRECATED] Creation of dynamic property App\Controllers\Transaksi::$detail is deprecated in APPPATH\Controllers\Transaksi.php on line 19.
 1 SYSTEMPATH\CodeIgniter.php(903): App\Controllers\Transaksi->__construct()
 2 SYSTEMPATH\CodeIgniter.php(500): CodeIgniter\CodeIgniter->createController()
 3 SYSTEMPATH\CodeIgniter.php(355): CodeIgniter\CodeIgniter->handleRequest(null, Object(Config\Cache), false)
 4 SYSTEMPATH\Boot.php(312): CodeIgniter\CodeIgniter->run()
 5 SYSTEMPATH\Boot.php(67): CodeIgniter\Boot::runCodeIgniter(Object(CodeIgniter\CodeIgniter))
 6 FCPATH\index.php(56): CodeIgniter\Boot::bootWeb(Object(Config\Paths))
 7 SYSTEMPATH\Commands\Server\rewrite.php(49): require_once('C:\\APK\\xampp-8.2\\htdocs\\SafeToTrip\\public\\index.php')
INFO - 2024-06-17 00:15:51 --> Session: Class initialized using 'CodeIgniter\Session\Handlers\FileHandler' driver.
WARNING - 2024-06-17 00:15:51 --> [DEPRECATED] Creation of dynamic property App\Controllers\Transaksi::$session is deprecated in APPPATH\Controllers\Transaksi.php on line 15.
 1 SYSTEMPATH\CodeIgniter.php(903): App\Controllers\Transaksi->__construct()
 2 SYSTEMPATH\CodeIgniter.php(500): CodeIgniter\CodeIgniter->createController()
 3 SYSTEMPATH\CodeIgniter.php(355): CodeIgniter\CodeIgniter->handleRequest(null, Object(Config\Cache), false)
 4 SYSTEMPATH\Boot.php(312): CodeIgniter\CodeIgniter->run()
 5 SYSTEMPATH\Boot.php(67): CodeIgniter\Boot::runCodeIgniter(Object(CodeIgniter\CodeIgniter))
 6 FCPATH\index.php(56): CodeIgniter\Boot::bootWeb(Object(Config\Paths))
 7 SYSTEMPATH\Commands\Server\rewrite.php(49): require_once('C:\\APK\\xampp-8.2\\htdocs\\SafeToTrip\\public\\index.php')
WARNING - 2024-06-17 00:15:51 --> [DEPRECATED] Creation of dynamic property App\Controllers\Home::$session is deprecated in APPPATH\Controllers\Home.php on line 13.
 1 APPPATH\Controllers\Transaksi.php(16): App\Controllers\Home->__construct()
 2 SYSTEMPATH\CodeIgniter.php(903): App\Controllers\Transaksi->__construct()
 3 SYSTEMPATH\CodeIgniter.php(500): CodeIgniter\CodeIgniter->createController()
 4 SYSTEMPATH\CodeIgniter.php(355): CodeIgniter\CodeIgniter->handleRequest(null, Object(Config\Cache), false)
 5 SYSTEMPATH\Boot.php(312): CodeIgniter\CodeIgniter->run()
 6 SYSTEMPATH\Boot.php(67): CodeIgniter\Boot::runCodeIgniter(Object(CodeIgniter\CodeIgniter))
 7 FCPATH\index.php(56): CodeIgniter\Boot::bootWeb(Object(Config\Paths))
 8 SYSTEMPATH\Commands\Server\rewrite.php(49): require_once('C:\\APK\\xampp-8.2\\htdocs\\SafeToTrip\\public\\index.php')
WARNING - 2024-06-17 00:15:51 --> [DEPRECATED] Creation of dynamic property App\Controllers\Home::$wisata is deprecated in APPPATH\Controllers\Home.php on line 14.
 1 APPPATH\Controllers\Transaksi.php(16): App\Controllers\Home->__construct()
 2 SYSTEMPATH\CodeIgniter.php(903): App\Controllers\Transaksi->__construct()
 3 SYSTEMPATH\CodeIgniter.php(500): CodeIgniter\CodeIgniter->createController()
 4 SYSTEMPATH\CodeIgniter.php(355): CodeIgniter\CodeIgniter->handleRequest(null, Object(Config\Cache), false)
 5 SYSTEMPATH\Boot.php(312): CodeIgniter\CodeIgniter->run()
 6 SYSTEMPATH\Boot.php(67): CodeIgniter\Boot::runCodeIgniter(Object(CodeIgniter\CodeIgniter))
 7 FCPATH\index.php(56): CodeIgniter\Boot::bootWeb(Object(Config\Paths))
 8 SYSTEMPATH\Commands\Server\rewrite.php(49): require_once('C:\\APK\\xampp-8.2\\htdocs\\SafeToTrip\\public\\index.php')
WARNING - 2024-06-17 00:15:51 --> [DEPRECATED] Creation of dynamic property App\Controllers\Home::$fasilitas is deprecated in APPPATH\Controllers\Home.php on line 15.
 1 APPPATH\Controllers\Transaksi.php(16): App\Controllers\Home->__construct()
 2 SYSTEMPATH\CodeIgniter.php(903): App\Controllers\Transaksi->__construct()
 3 SYSTEMPATH\CodeIgniter.php(500): CodeIgniter\CodeIgniter->createController()
 4 SYSTEMPATH\CodeIgniter.php(355): CodeIgniter\CodeIgniter->handleRequest(null, Object(Config\Cache), false)
 5 SYSTEMPATH\Boot.php(312): CodeIgniter\CodeIgniter->run()
 6 SYSTEMPATH\Boot.php(67): CodeIgniter\Boot::runCodeIgniter(Object(CodeIgniter\CodeIgniter))
 7 FCPATH\index.php(56): CodeIgniter\Boot::bootWeb(Object(Config\Paths))
 8 SYSTEMPATH\Commands\Server\rewrite.php(49): require_once('C:\\APK\\xampp-8.2\\htdocs\\SafeToTrip\\public\\index.php')
WARNING - 2024-06-17 00:15:51 --> [DEPRECATED] Creation of dynamic property App\Controllers\Home::$harga is deprecated in APPPATH\Controllers\Home.php on line 16.
 1 APPPATH\Controllers\Transaksi.php(16): App\Controllers\Home->__construct()
 2 SYSTEMPATH\CodeIgniter.php(903): App\Controllers\Transaksi->__construct()
 3 SYSTEMPATH\CodeIgniter.php(500): CodeIgniter\CodeIgniter->createController()
 4 SYSTEMPATH\CodeIgniter.php(355): CodeIgniter\CodeIgniter->handleRequest(null, Object(Config\Cache), false)
 5 SYSTEMPATH\Boot.php(312): CodeIgniter\CodeIgniter->run()
 6 SYSTEMPATH\Boot.php(67): CodeIgniter\Boot::runCodeIgniter(Object(CodeIgniter\CodeIgniter))
 7 FCPATH\index.php(56): CodeIgniter\Boot::bootWeb(Object(Config\Paths))
 8 SYSTEMPATH\Commands\Server\rewrite.php(49): require_once('C:\\APK\\xampp-8.2\\htdocs\\SafeToTrip\\public\\index.php')
WARNING - 2024-06-17 00:15:51 --> [DEPRECATED] Creation of dynamic property App\Controllers\Transaksi::$home is deprecated in APPPATH\Controllers\Transaksi.php on line 16.
 1 SYSTEMPATH\CodeIgniter.php(903): App\Controllers\Transaksi->__construct()
 2 SYSTEMPATH\CodeIgniter.php(500): CodeIgniter\CodeIgniter->createController()
 3 SYSTEMPATH\CodeIgniter.php(355): CodeIgniter\CodeIgniter->handleRequest(null, Object(Config\Cache), false)
 4 SYSTEMPATH\Boot.php(312): CodeIgniter\CodeIgniter->run()
 5 SYSTEMPATH\Boot.php(67): CodeIgniter\Boot::runCodeIgniter(Object(CodeIgniter\CodeIgniter))
 6 FCPATH\index.php(56): CodeIgniter\Boot::bootWeb(Object(Config\Paths))
 7 SYSTEMPATH\Commands\Server\rewrite.php(49): require_once('C:\\APK\\xampp-8.2\\htdocs\\SafeToTrip\\public\\index.php')
WARNING - 2024-06-17 00:15:51 --> [DEPRECATED] Creation of dynamic property App\Controllers\Transaksi::$wisata is deprecated in APPPATH\Controllers\Transaksi.php on line 17.
 1 SYSTEMPATH\CodeIgniter.php(903): App\Controllers\Transaksi->__construct()
 2 SYSTEMPATH\CodeIgniter.php(500): CodeIgniter\CodeIgniter->createController()
 3 SYSTEMPATH\CodeIgniter.php(355): CodeIgniter\CodeIgniter->handleRequest(null, Object(Config\Cache), false)
 4 SYSTEMPATH\Boot.php(312): CodeIgniter\CodeIgniter->run()
 5 SYSTEMPATH\Boot.php(67): CodeIgniter\Boot::runCodeIgniter(Object(CodeIgniter\CodeIgniter))
 6 FCPATH\index.php(56): CodeIgniter\Boot::bootWeb(Object(Config\Paths))
 7 SYSTEMPATH\Commands\Server\rewrite.php(49): require_once('C:\\APK\\xampp-8.2\\htdocs\\SafeToTrip\\public\\index.php')
WARNING - 2024-06-17 00:15:51 --> [DEPRECATED] Creation of dynamic property App\Controllers\Transaksi::$transaksi is deprecated in APPPATH\Controllers\Transaksi.php on line 18.
 1 SYSTEMPATH\CodeIgniter.php(903): App\Controllers\Transaksi->__construct()
 2 SYSTEMPATH\CodeIgniter.php(500): CodeIgniter\CodeIgniter->createController()
 3 SYSTEMPATH\CodeIgniter.php(355): CodeIgniter\CodeIgniter->handleRequest(null, Object(Config\Cache), false)
 4 SYSTEMPATH\Boot.php(312): CodeIgniter\CodeIgniter->run()
 5 SYSTEMPATH\Boot.php(67): CodeIgniter\Boot::runCodeIgniter(Object(CodeIgniter\CodeIgniter))
 6 FCPATH\index.php(56): CodeIgniter\Boot::bootWeb(Object(Config\Paths))
 7 SYSTEMPATH\Commands\Server\rewrite.php(49): require_once('C:\\APK\\xampp-8.2\\htdocs\\SafeToTrip\\public\\index.php')
WARNING - 2024-06-17 00:15:51 --> [DEPRECATED] Creation of dynamic property App\Controllers\Transaksi::$detail is deprecated in APPPATH\Controllers\Transaksi.php on line 19.
 1 SYSTEMPATH\CodeIgniter.php(903): App\Controllers\Transaksi->__construct()
 2 SYSTEMPATH\CodeIgniter.php(500): CodeIgniter\CodeIgniter->createController()
 3 SYSTEMPATH\CodeIgniter.php(355): CodeIgniter\CodeIgniter->handleRequest(null, Object(Config\Cache), false)
 4 SYSTEMPATH\Boot.php(312): CodeIgniter\CodeIgniter->run()
 5 SYSTEMPATH\Boot.php(67): CodeIgniter\Boot::runCodeIgniter(Object(CodeIgniter\CodeIgniter))
 6 FCPATH\index.php(56): CodeIgniter\Boot::bootWeb(Object(Config\Paths))
 7 SYSTEMPATH\Commands\Server\rewrite.php(49): require_once('C:\\APK\\xampp-8.2\\htdocs\\SafeToTrip\\public\\index.php')
CRITICAL - 2024-06-17 00:15:51 --> TypeError: CodeIgniter\Database\BaseBuilder::select(): Argument #2 ($escape) must be of type ?bool, string given, called in C:\APK\xampp-8.2\htdocs\SafeToTrip\system\Model.php on line 919
[Method: GET, Route: transaksi]
in SYSTEMPATH\Database\BaseBuilder.php on line 397.
 1 SYSTEMPATH\Model.php(919): CodeIgniter\Database\BaseBuilder->select('transaksi.*', 'nama')
 2 APPPATH\Models\TransaksiModel.php(19): CodeIgniter\Model->__call('select', [...])
 3 APPPATH\Controllers\Transaksi.php(24): App\Models\TransaksiModel->getTransaksi('4')
 4 SYSTEMPATH\CodeIgniter.php(933): App\Controllers\Transaksi->index()
 5 SYSTEMPATH\CodeIgniter.php(509): CodeIgniter\CodeIgniter->runController(Object(App\Controllers\Transaksi))
 6 SYSTEMPATH\CodeIgniter.php(355): CodeIgniter\CodeIgniter->handleRequest(null, Object(Config\Cache), false)
 7 SYSTEMPATH\Boot.php(312): CodeIgniter\CodeIgniter->run()
 8 SYSTEMPATH\Boot.php(67): CodeIgniter\Boot::runCodeIgniter(Object(CodeIgniter\CodeIgniter))
 9 FCPATH\index.php(56): CodeIgniter\Boot::bootWeb(Object(Config\Paths))
10 SYSTEMPATH\Commands\Server\rewrite.php(49): require_once('C:\\APK\\xampp-8.2\\htdocs\\SafeToTrip\\public\\index.php')
INFO - 2024-06-17 00:16:01 --> Session: Class initialized using 'CodeIgniter\Session\Handlers\FileHandler' driver.
WARNING - 2024-06-17 00:16:01 --> [DEPRECATED] Creation of dynamic property App\Controllers\Transaksi::$session is deprecated in APPPATH\Controllers\Transaksi.php on line 15.
 1 SYSTEMPATH\CodeIgniter.php(903): App\Controllers\Transaksi->__construct()
 2 SYSTEMPATH\CodeIgniter.php(500): CodeIgniter\CodeIgniter->createController()
 3 SYSTEMPATH\CodeIgniter.php(355): CodeIgniter\CodeIgniter->handleRequest(null, Object(Config\Cache), false)
 4 SYSTEMPATH\Boot.php(312): CodeIgniter\CodeIgniter->run()
 5 SYSTEMPATH\Boot.php(67): CodeIgniter\Boot::runCodeIgniter(Object(CodeIgniter\CodeIgniter))
 6 FCPATH\index.php(56): CodeIgniter\Boot::bootWeb(Object(Config\Paths))
 7 SYSTEMPATH\Commands\Server\rewrite.php(49): require_once('C:\\APK\\xampp-8.2\\htdocs\\SafeToTrip\\public\\index.php')
WARNING - 2024-06-17 00:16:01 --> [DEPRECATED] Creation of dynamic property App\Controllers\Home::$session is deprecated in APPPATH\Controllers\Home.php on line 13.
 1 APPPATH\Controllers\Transaksi.php(16): App\Controllers\Home->__construct()
 2 SYSTEMPATH\CodeIgniter.php(903): App\Controllers\Transaksi->__construct()
 3 SYSTEMPATH\CodeIgniter.php(500): CodeIgniter\CodeIgniter->createController()
 4 SYSTEMPATH\CodeIgniter.php(355): CodeIgniter\CodeIgniter->handleRequest(null, Object(Config\Cache), false)
 5 SYSTEMPATH\Boot.php(312): CodeIgniter\CodeIgniter->run()
 6 SYSTEMPATH\Boot.php(67): CodeIgniter\Boot::runCodeIgniter(Object(CodeIgniter\CodeIgniter))
 7 FCPATH\index.php(56): CodeIgniter\Boot::bootWeb(Object(Config\Paths))
 8 SYSTEMPATH\Commands\Server\rewrite.php(49): require_once('C:\\APK\\xampp-8.2\\htdocs\\SafeToTrip\\public\\index.php')
WARNING - 2024-06-17 00:16:01 --> [DEPRECATED] Creation of dynamic property App\Controllers\Home::$wisata is deprecated in APPPATH\Controllers\Home.php on line 14.
 1 APPPATH\Controllers\Transaksi.php(16): App\Controllers\Home->__construct()
 2 SYSTEMPATH\CodeIgniter.php(903): App\Controllers\Transaksi->__construct()
 3 SYSTEMPATH\CodeIgniter.php(500): CodeIgniter\CodeIgniter->createController()
 4 SYSTEMPATH\CodeIgniter.php(355): CodeIgniter\CodeIgniter->handleRequest(null, Object(Config\Cache), false)
 5 SYSTEMPATH\Boot.php(312): CodeIgniter\CodeIgniter->run()
 6 SYSTEMPATH\Boot.php(67): CodeIgniter\Boot::runCodeIgniter(Object(CodeIgniter\CodeIgniter))
 7 FCPATH\index.php(56): CodeIgniter\Boot::bootWeb(Object(Config\Paths))
 8 SYSTEMPATH\Commands\Server\rewrite.php(49): require_once('C:\\APK\\xampp-8.2\\htdocs\\SafeToTrip\\public\\index.php')
WARNING - 2024-06-17 00:16:01 --> [DEPRECATED] Creation of dynamic property App\Controllers\Home::$fasilitas is deprecated in APPPATH\Controllers\Home.php on line 15.
 1 APPPATH\Controllers\Transaksi.php(16): App\Controllers\Home->__construct()
 2 SYSTEMPATH\CodeIgniter.php(903): App\Controllers\Transaksi->__construct()
 3 SYSTEMPATH\CodeIgniter.php(500): CodeIgniter\CodeIgniter->createController()
 4 SYSTEMPATH\CodeIgniter.php(355): CodeIgniter\CodeIgniter->handleRequest(null, Object(Config\Cache), false)
 5 SYSTEMPATH\Boot.php(312): CodeIgniter\CodeIgniter->run()
 6 SYSTEMPATH\Boot.php(67): CodeIgniter\Boot::runCodeIgniter(Object(CodeIgniter\CodeIgniter))
 7 FCPATH\index.php(56): CodeIgniter\Boot::bootWeb(Object(Config\Paths))
 8 SYSTEMPATH\Commands\Server\rewrite.php(49): require_once('C:\\APK\\xampp-8.2\\htdocs\\SafeToTrip\\public\\index.php')
WARNING - 2024-06-17 00:16:01 --> [DEPRECATED] Creation of dynamic property App\Controllers\Home::$harga is deprecated in APPPATH\Controllers\Home.php on line 16.
 1 APPPATH\Controllers\Transaksi.php(16): App\Controllers\Home->__construct()
 2 SYSTEMPATH\CodeIgniter.php(903): App\Controllers\Transaksi->__construct()
 3 SYSTEMPATH\CodeIgniter.php(500): CodeIgniter\CodeIgniter->createController()
 4 SYSTEMPATH\CodeIgniter.php(355): CodeIgniter\CodeIgniter->handleRequest(null, Object(Config\Cache), false)
 5 SYSTEMPATH\Boot.php(312): CodeIgniter\CodeIgniter->run()
 6 SYSTEMPATH\Boot.php(67): CodeIgniter\Boot::runCodeIgniter(Object(CodeIgniter\CodeIgniter))
 7 FCPATH\index.php(56): CodeIgniter\Boot::bootWeb(Object(Config\Paths))
 8 SYSTEMPATH\Commands\Server\rewrite.php(49): require_once('C:\\APK\\xampp-8.2\\htdocs\\SafeToTrip\\public\\index.php')
WARNING - 2024-06-17 00:16:01 --> [DEPRECATED] Creation of dynamic property App\Controllers\Transaksi::$home is deprecated in APPPATH\Controllers\Transaksi.php on line 16.
 1 SYSTEMPATH\CodeIgniter.php(903): App\Controllers\Transaksi->__construct()
 2 SYSTEMPATH\CodeIgniter.php(500): CodeIgniter\CodeIgniter->createController()
 3 SYSTEMPATH\CodeIgniter.php(355): CodeIgniter\CodeIgniter->handleRequest(null, Object(Config\Cache), false)
 4 SYSTEMPATH\Boot.php(312): CodeIgniter\CodeIgniter->run()
 5 SYSTEMPATH\Boot.php(67): CodeIgniter\Boot::runCodeIgniter(Object(CodeIgniter\CodeIgniter))
 6 FCPATH\index.php(56): CodeIgniter\Boot::bootWeb(Object(Config\Paths))
 7 SYSTEMPATH\Commands\Server\rewrite.php(49): require_once('C:\\APK\\xampp-8.2\\htdocs\\SafeToTrip\\public\\index.php')
WARNING - 2024-06-17 00:16:01 --> [DEPRECATED] Creation of dynamic property App\Controllers\Transaksi::$wisata is deprecated in APPPATH\Controllers\Transaksi.php on line 17.
 1 SYSTEMPATH\CodeIgniter.php(903): App\Controllers\Transaksi->__construct()
 2 SYSTEMPATH\CodeIgniter.php(500): CodeIgniter\CodeIgniter->createController()
 3 SYSTEMPATH\CodeIgniter.php(355): CodeIgniter\CodeIgniter->handleRequest(null, Object(Config\Cache), false)
 4 SYSTEMPATH\Boot.php(312): CodeIgniter\CodeIgniter->run()
 5 SYSTEMPATH\Boot.php(67): CodeIgniter\Boot::runCodeIgniter(Object(CodeIgniter\CodeIgniter))
 6 FCPATH\index.php(56): CodeIgniter\Boot::bootWeb(Object(Config\Paths))
 7 SYSTEMPATH\Commands\Server\rewrite.php(49): require_once('C:\\APK\\xampp-8.2\\htdocs\\SafeToTrip\\public\\index.php')
WARNING - 2024-06-17 00:16:01 --> [DEPRECATED] Creation of dynamic property App\Controllers\Transaksi::$transaksi is deprecated in APPPATH\Controllers\Transaksi.php on line 18.
 1 SYSTEMPATH\CodeIgniter.php(903): App\Controllers\Transaksi->__construct()
 2 SYSTEMPATH\CodeIgniter.php(500): CodeIgniter\CodeIgniter->createController()
 3 SYSTEMPATH\CodeIgniter.php(355): CodeIgniter\CodeIgniter->handleRequest(null, Object(Config\Cache), false)
 4 SYSTEMPATH\Boot.php(312): CodeIgniter\CodeIgniter->run()
 5 SYSTEMPATH\Boot.php(67): CodeIgniter\Boot::runCodeIgniter(Object(CodeIgniter\CodeIgniter))
 6 FCPATH\index.php(56): CodeIgniter\Boot::bootWeb(Object(Config\Paths))
 7 SYSTEMPATH\Commands\Server\rewrite.php(49): require_once('C:\\APK\\xampp-8.2\\htdocs\\SafeToTrip\\public\\index.php')
WARNING - 2024-06-17 00:16:01 --> [DEPRECATED] Creation of dynamic property App\Controllers\Transaksi::$detail is deprecated in APPPATH\Controllers\Transaksi.php on line 19.
 1 SYSTEMPATH\CodeIgniter.php(903): App\Controllers\Transaksi->__construct()
 2 SYSTEMPATH\CodeIgniter.php(500): CodeIgniter\CodeIgniter->createController()
 3 SYSTEMPATH\CodeIgniter.php(355): CodeIgniter\CodeIgniter->handleRequest(null, Object(Config\Cache), false)
 4 SYSTEMPATH\Boot.php(312): CodeIgniter\CodeIgniter->run()
 5 SYSTEMPATH\Boot.php(67): CodeIgniter\Boot::runCodeIgniter(Object(CodeIgniter\CodeIgniter))
 6 FCPATH\index.php(56): CodeIgniter\Boot::bootWeb(Object(Config\Paths))
 7 SYSTEMPATH\Commands\Server\rewrite.php(49): require_once('C:\\APK\\xampp-8.2\\htdocs\\SafeToTrip\\public\\index.php')
INFO - 2024-06-17 00:19:11 --> Session: Class initialized using 'CodeIgniter\Session\Handlers\FileHandler' driver.
WARNING - 2024-06-17 00:19:11 --> [DEPRECATED] Creation of dynamic property App\Controllers\Transaksi::$session is deprecated in APPPATH\Controllers\Transaksi.php on line 15.
 1 SYSTEMPATH\CodeIgniter.php(903): App\Controllers\Transaksi->__construct()
 2 SYSTEMPATH\CodeIgniter.php(500): CodeIgniter\CodeIgniter->createController()
 3 SYSTEMPATH\CodeIgniter.php(355): CodeIgniter\CodeIgniter->handleRequest(null, Object(Config\Cache), false)
 4 SYSTEMPATH\Boot.php(312): CodeIgniter\CodeIgniter->run()
 5 SYSTEMPATH\Boot.php(67): CodeIgniter\Boot::runCodeIgniter(Object(CodeIgniter\CodeIgniter))
 6 FCPATH\index.php(56): CodeIgniter\Boot::bootWeb(Object(Config\Paths))
 7 SYSTEMPATH\Commands\Server\rewrite.php(49): require_once('C:\\APK\\xampp-8.2\\htdocs\\SafeToTrip\\public\\index.php')
WARNING - 2024-06-17 00:19:11 --> [DEPRECATED] Creation of dynamic property App\Controllers\Home::$session is deprecated in APPPATH\Controllers\Home.php on line 13.
 1 APPPATH\Controllers\Transaksi.php(16): App\Controllers\Home->__construct()
 2 SYSTEMPATH\CodeIgniter.php(903): App\Controllers\Transaksi->__construct()
 3 SYSTEMPATH\CodeIgniter.php(500): CodeIgniter\CodeIgniter->createController()
 4 SYSTEMPATH\CodeIgniter.php(355): CodeIgniter\CodeIgniter->handleRequest(null, Object(Config\Cache), false)
 5 SYSTEMPATH\Boot.php(312): CodeIgniter\CodeIgniter->run()
 6 SYSTEMPATH\Boot.php(67): CodeIgniter\Boot::runCodeIgniter(Object(CodeIgniter\CodeIgniter))
 7 FCPATH\index.php(56): CodeIgniter\Boot::bootWeb(Object(Config\Paths))
 8 SYSTEMPATH\Commands\Server\rewrite.php(49): require_once('C:\\APK\\xampp-8.2\\htdocs\\SafeToTrip\\public\\index.php')
WARNING - 2024-06-17 00:19:11 --> [DEPRECATED] Creation of dynamic property App\Controllers\Home::$wisata is deprecated in APPPATH\Controllers\Home.php on line 14.
 1 APPPATH\Controllers\Transaksi.php(16): App\Controllers\Home->__construct()
 2 SYSTEMPATH\CodeIgniter.php(903): App\Controllers\Transaksi->__construct()
 3 SYSTEMPATH\CodeIgniter.php(500): CodeIgniter\CodeIgniter->createController()
 4 SYSTEMPATH\CodeIgniter.php(355): CodeIgniter\CodeIgniter->handleRequest(null, Object(Config\Cache), false)
 5 SYSTEMPATH\Boot.php(312): CodeIgniter\CodeIgniter->run()
 6 SYSTEMPATH\Boot.php(67): CodeIgniter\Boot::runCodeIgniter(Object(CodeIgniter\CodeIgniter))
 7 FCPATH\index.php(56): CodeIgniter\Boot::bootWeb(Object(Config\Paths))
 8 SYSTEMPATH\Commands\Server\rewrite.php(49): require_once('C:\\APK\\xampp-8.2\\htdocs\\SafeToTrip\\public\\index.php')
WARNING - 2024-06-17 00:19:11 --> [DEPRECATED] Creation of dynamic property App\Controllers\Home::$fasilitas is deprecated in APPPATH\Controllers\Home.php on line 15.
 1 APPPATH\Controllers\Transaksi.php(16): App\Controllers\Home->__construct()
 2 SYSTEMPATH\CodeIgniter.php(903): App\Controllers\Transaksi->__construct()
 3 SYSTEMPATH\CodeIgniter.php(500): CodeIgniter\CodeIgniter->createController()
 4 SYSTEMPATH\CodeIgniter.php(355): CodeIgniter\CodeIgniter->handleRequest(null, Object(Config\Cache), false)
 5 SYSTEMPATH\Boot.php(312): CodeIgniter\CodeIgniter->run()
 6 SYSTEMPATH\Boot.php(67): CodeIgniter\Boot::runCodeIgniter(Object(CodeIgniter\CodeIgniter))
 7 FCPATH\index.php(56): CodeIgniter\Boot::bootWeb(Object(Config\Paths))
 8 SYSTEMPATH\Commands\Server\rewrite.php(49): require_once('C:\\APK\\xampp-8.2\\htdocs\\SafeToTrip\\public\\index.php')
WARNING - 2024-06-17 00:19:11 --> [DEPRECATED] Creation of dynamic property App\Controllers\Home::$harga is deprecated in APPPATH\Controllers\Home.php on line 16.
 1 APPPATH\Controllers\Transaksi.php(16): App\Controllers\Home->__construct()
 2 SYSTEMPATH\CodeIgniter.php(903): App\Controllers\Transaksi->__construct()
 3 SYSTEMPATH\CodeIgniter.php(500): CodeIgniter\CodeIgniter->createController()
 4 SYSTEMPATH\CodeIgniter.php(355): CodeIgniter\CodeIgniter->handleRequest(null, Object(Config\Cache), false)
 5 SYSTEMPATH\Boot.php(312): CodeIgniter\CodeIgniter->run()
 6 SYSTEMPATH\Boot.php(67): CodeIgniter\Boot::runCodeIgniter(Object(CodeIgniter\CodeIgniter))
 7 FCPATH\index.php(56): CodeIgniter\Boot::bootWeb(Object(Config\Paths))
 8 SYSTEMPATH\Commands\Server\rewrite.php(49): require_once('C:\\APK\\xampp-8.2\\htdocs\\SafeToTrip\\public\\index.php')
WARNING - 2024-06-17 00:19:11 --> [DEPRECATED] Creation of dynamic property App\Controllers\Transaksi::$home is deprecated in APPPATH\Controllers\Transaksi.php on line 16.
 1 SYSTEMPATH\CodeIgniter.php(903): App\Controllers\Transaksi->__construct()
 2 SYSTEMPATH\CodeIgniter.php(500): CodeIgniter\CodeIgniter->createController()
 3 SYSTEMPATH\CodeIgniter.php(355): CodeIgniter\CodeIgniter->handleRequest(null, Object(Config\Cache), false)
 4 SYSTEMPATH\Boot.php(312): CodeIgniter\CodeIgniter->run()
 5 SYSTEMPATH\Boot.php(67): CodeIgniter\Boot::runCodeIgniter(Object(CodeIgniter\CodeIgniter))
 6 FCPATH\index.php(56): CodeIgniter\Boot::bootWeb(Object(Config\Paths))
 7 SYSTEMPATH\Commands\Server\rewrite.php(49): require_once('C:\\APK\\xampp-8.2\\htdocs\\SafeToTrip\\public\\index.php')
WARNING - 2024-06-17 00:19:11 --> [DEPRECATED] Creation of dynamic property App\Controllers\Transaksi::$wisata is deprecated in APPPATH\Controllers\Transaksi.php on line 17.
 1 SYSTEMPATH\CodeIgniter.php(903): App\Controllers\Transaksi->__construct()
 2 SYSTEMPATH\CodeIgniter.php(500): CodeIgniter\CodeIgniter->createController()
 3 SYSTEMPATH\CodeIgniter.php(355): CodeIgniter\CodeIgniter->handleRequest(null, Object(Config\Cache), false)
 4 SYSTEMPATH\Boot.php(312): CodeIgniter\CodeIgniter->run()
 5 SYSTEMPATH\Boot.php(67): CodeIgniter\Boot::runCodeIgniter(Object(CodeIgniter\CodeIgniter))
 6 FCPATH\index.php(56): CodeIgniter\Boot::bootWeb(Object(Config\Paths))
 7 SYSTEMPATH\Commands\Server\rewrite.php(49): require_once('C:\\APK\\xampp-8.2\\htdocs\\SafeToTrip\\public\\index.php')
WARNING - 2024-06-17 00:19:11 --> [DEPRECATED] Creation of dynamic property App\Controllers\Transaksi::$transaksi is deprecated in APPPATH\Controllers\Transaksi.php on line 18.
 1 SYSTEMPATH\CodeIgniter.php(903): App\Controllers\Transaksi->__construct()
 2 SYSTEMPATH\CodeIgniter.php(500): CodeIgniter\CodeIgniter->createController()
 3 SYSTEMPATH\CodeIgniter.php(355): CodeIgniter\CodeIgniter->handleRequest(null, Object(Config\Cache), false)
 4 SYSTEMPATH\Boot.php(312): CodeIgniter\CodeIgniter->run()
 5 SYSTEMPATH\Boot.php(67): CodeIgniter\Boot::runCodeIgniter(Object(CodeIgniter\CodeIgniter))
 6 FCPATH\index.php(56): CodeIgniter\Boot::bootWeb(Object(Config\Paths))
 7 SYSTEMPATH\Commands\Server\rewrite.php(49): require_once('C:\\APK\\xampp-8.2\\htdocs\\SafeToTrip\\public\\index.php')
WARNING - 2024-06-17 00:19:11 --> [DEPRECATED] Creation of dynamic property App\Controllers\Transaksi::$detail is deprecated in APPPATH\Controllers\Transaksi.php on line 19.
 1 SYSTEMPATH\CodeIgniter.php(903): App\Controllers\Transaksi->__construct()
 2 SYSTEMPATH\CodeIgniter.php(500): CodeIgniter\CodeIgniter->createController()
 3 SYSTEMPATH\CodeIgniter.php(355): CodeIgniter\CodeIgniter->handleRequest(null, Object(Config\Cache), false)
 4 SYSTEMPATH\Boot.php(312): CodeIgniter\CodeIgniter->run()
 5 SYSTEMPATH\Boot.php(67): CodeIgniter\Boot::runCodeIgniter(Object(CodeIgniter\CodeIgniter))
 6 FCPATH\index.php(56): CodeIgniter\Boot::bootWeb(Object(Config\Paths))
 7 SYSTEMPATH\Commands\Server\rewrite.php(49): require_once('C:\\APK\\xampp-8.2\\htdocs\\SafeToTrip\\public\\index.php')
CRITICAL - 2024-06-17 00:19:11 --> ErrorException: Undefined array key ""
[Method: GET, Route: transaksi]
in APPPATH\Views\adminpage\transaksi\validasi.php on line 50.
 1 APPPATH\Views\adminpage\transaksi\validasi.php(50): CodeIgniter\Debug\Exceptions->errorHandler(2, 'Undefined array key ""', 'C:\\APK\\xampp-8.2\\htdocs\\SafeToTrip\\app\\Views\\adminpage\\transaksi\\validasi.php', 50)
 2 SYSTEMPATH\View\View.php(234): include('C:\\APK\\xampp-8.2\\htdocs\\SafeToTrip\\app\\Views\\adminpage\\transaksi\\validasi.php')
 3 SYSTEMPATH\View\View.php(237): CodeIgniter\View\View->CodeIgniter\View\{closure}()
 4 SYSTEMPATH\Common.php(1171): CodeIgniter\View\View->render('adminpage/transaksi/validasi', [], true)
 5 APPPATH\Controllers\Transaksi.php(25): view('adminpage/transaksi/validasi', [...])
 6 SYSTEMPATH\CodeIgniter.php(933): App\Controllers\Transaksi->index()
 7 SYSTEMPATH\CodeIgniter.php(509): CodeIgniter\CodeIgniter->runController(Object(App\Controllers\Transaksi))
 8 SYSTEMPATH\CodeIgniter.php(355): CodeIgniter\CodeIgniter->handleRequest(null, Object(Config\Cache), false)
 9 SYSTEMPATH\Boot.php(312): CodeIgniter\CodeIgniter->run()
10 SYSTEMPATH\Boot.php(67): CodeIgniter\Boot::runCodeIgniter(Object(CodeIgniter\CodeIgniter))
11 FCPATH\index.php(56): CodeIgniter\Boot::bootWeb(Object(Config\Paths))
12 SYSTEMPATH\Commands\Server\rewrite.php(49): require_once('C:\\APK\\xampp-8.2\\htdocs\\SafeToTrip\\public\\index.php')
INFO - 2024-06-17 00:19:25 --> Session: Class initialized using 'CodeIgniter\Session\Handlers\FileHandler' driver.
WARNING - 2024-06-17 00:19:25 --> [DEPRECATED] Creation of dynamic property App\Controllers\Transaksi::$session is deprecated in APPPATH\Controllers\Transaksi.php on line 15.
 1 SYSTEMPATH\CodeIgniter.php(903): App\Controllers\Transaksi->__construct()
 2 SYSTEMPATH\CodeIgniter.php(500): CodeIgniter\CodeIgniter->createController()
 3 SYSTEMPATH\CodeIgniter.php(355): CodeIgniter\CodeIgniter->handleRequest(null, Object(Config\Cache), false)
 4 SYSTEMPATH\Boot.php(312): CodeIgniter\CodeIgniter->run()
 5 SYSTEMPATH\Boot.php(67): CodeIgniter\Boot::runCodeIgniter(Object(CodeIgniter\CodeIgniter))
 6 FCPATH\index.php(56): CodeIgniter\Boot::bootWeb(Object(Config\Paths))
 7 SYSTEMPATH\Commands\Server\rewrite.php(49): require_once('C:\\APK\\xampp-8.2\\htdocs\\SafeToTrip\\public\\index.php')
WARNING - 2024-06-17 00:19:25 --> [DEPRECATED] Creation of dynamic property App\Controllers\Home::$session is deprecated in APPPATH\Controllers\Home.php on line 13.
 1 APPPATH\Controllers\Transaksi.php(16): App\Controllers\Home->__construct()
 2 SYSTEMPATH\CodeIgniter.php(903): App\Controllers\Transaksi->__construct()
 3 SYSTEMPATH\CodeIgniter.php(500): CodeIgniter\CodeIgniter->createController()
 4 SYSTEMPATH\CodeIgniter.php(355): CodeIgniter\CodeIgniter->handleRequest(null, Object(Config\Cache), false)
 5 SYSTEMPATH\Boot.php(312): CodeIgniter\CodeIgniter->run()
 6 SYSTEMPATH\Boot.php(67): CodeIgniter\Boot::runCodeIgniter(Object(CodeIgniter\CodeIgniter))
 7 FCPATH\index.php(56): CodeIgniter\Boot::bootWeb(Object(Config\Paths))
 8 SYSTEMPATH\Commands\Server\rewrite.php(49): require_once('C:\\APK\\xampp-8.2\\htdocs\\SafeToTrip\\public\\index.php')
WARNING - 2024-06-17 00:19:25 --> [DEPRECATED] Creation of dynamic property App\Controllers\Home::$wisata is deprecated in APPPATH\Controllers\Home.php on line 14.
 1 APPPATH\Controllers\Transaksi.php(16): App\Controllers\Home->__construct()
 2 SYSTEMPATH\CodeIgniter.php(903): App\Controllers\Transaksi->__construct()
 3 SYSTEMPATH\CodeIgniter.php(500): CodeIgniter\CodeIgniter->createController()
 4 SYSTEMPATH\CodeIgniter.php(355): CodeIgniter\CodeIgniter->handleRequest(null, Object(Config\Cache), false)
 5 SYSTEMPATH\Boot.php(312): CodeIgniter\CodeIgniter->run()
 6 SYSTEMPATH\Boot.php(67): CodeIgniter\Boot::runCodeIgniter(Object(CodeIgniter\CodeIgniter))
 7 FCPATH\index.php(56): CodeIgniter\Boot::bootWeb(Object(Config\Paths))
 8 SYSTEMPATH\Commands\Server\rewrite.php(49): require_once('C:\\APK\\xampp-8.2\\htdocs\\SafeToTrip\\public\\index.php')
WARNING - 2024-06-17 00:19:25 --> [DEPRECATED] Creation of dynamic property App\Controllers\Home::$fasilitas is deprecated in APPPATH\Controllers\Home.php on line 15.
 1 APPPATH\Controllers\Transaksi.php(16): App\Controllers\Home->__construct()
 2 SYSTEMPATH\CodeIgniter.php(903): App\Controllers\Transaksi->__construct()
 3 SYSTEMPATH\CodeIgniter.php(500): CodeIgniter\CodeIgniter->createController()
 4 SYSTEMPATH\CodeIgniter.php(355): CodeIgniter\CodeIgniter->handleRequest(null, Object(Config\Cache), false)
 5 SYSTEMPATH\Boot.php(312): CodeIgniter\CodeIgniter->run()
 6 SYSTEMPATH\Boot.php(67): CodeIgniter\Boot::runCodeIgniter(Object(CodeIgniter\CodeIgniter))
 7 FCPATH\index.php(56): CodeIgniter\Boot::bootWeb(Object(Config\Paths))
 8 SYSTEMPATH\Commands\Server\rewrite.php(49): require_once('C:\\APK\\xampp-8.2\\htdocs\\SafeToTrip\\public\\index.php')
WARNING - 2024-06-17 00:19:25 --> [DEPRECATED] Creation of dynamic property App\Controllers\Home::$harga is deprecated in APPPATH\Controllers\Home.php on line 16.
 1 APPPATH\Controllers\Transaksi.php(16): App\Controllers\Home->__construct()
 2 SYSTEMPATH\CodeIgniter.php(903): App\Controllers\Transaksi->__construct()
 3 SYSTEMPATH\CodeIgniter.php(500): CodeIgniter\CodeIgniter->createController()
 4 SYSTEMPATH\CodeIgniter.php(355): CodeIgniter\CodeIgniter->handleRequest(null, Object(Config\Cache), false)
 5 SYSTEMPATH\Boot.php(312): CodeIgniter\CodeIgniter->run()
 6 SYSTEMPATH\Boot.php(67): CodeIgniter\Boot::runCodeIgniter(Object(CodeIgniter\CodeIgniter))
 7 FCPATH\index.php(56): CodeIgniter\Boot::bootWeb(Object(Config\Paths))
 8 SYSTEMPATH\Commands\Server\rewrite.php(49): require_once('C:\\APK\\xampp-8.2\\htdocs\\SafeToTrip\\public\\index.php')
WARNING - 2024-06-17 00:19:25 --> [DEPRECATED] Creation of dynamic property App\Controllers\Transaksi::$home is deprecated in APPPATH\Controllers\Transaksi.php on line 16.
 1 SYSTEMPATH\CodeIgniter.php(903): App\Controllers\Transaksi->__construct()
 2 SYSTEMPATH\CodeIgniter.php(500): CodeIgniter\CodeIgniter->createController()
 3 SYSTEMPATH\CodeIgniter.php(355): CodeIgniter\CodeIgniter->handleRequest(null, Object(Config\Cache), false)
 4 SYSTEMPATH\Boot.php(312): CodeIgniter\CodeIgniter->run()
 5 SYSTEMPATH\Boot.php(67): CodeIgniter\Boot::runCodeIgniter(Object(CodeIgniter\CodeIgniter))
 6 FCPATH\index.php(56): CodeIgniter\Boot::bootWeb(Object(Config\Paths))
 7 SYSTEMPATH\Commands\Server\rewrite.php(49): require_once('C:\\APK\\xampp-8.2\\htdocs\\SafeToTrip\\public\\index.php')
WARNING - 2024-06-17 00:19:25 --> [DEPRECATED] Creation of dynamic property App\Controllers\Transaksi::$wisata is deprecated in APPPATH\Controllers\Transaksi.php on line 17.
 1 SYSTEMPATH\CodeIgniter.php(903): App\Controllers\Transaksi->__construct()
 2 SYSTEMPATH\CodeIgniter.php(500): CodeIgniter\CodeIgniter->createController()
 3 SYSTEMPATH\CodeIgniter.php(355): CodeIgniter\CodeIgniter->handleRequest(null, Object(Config\Cache), false)
 4 SYSTEMPATH\Boot.php(312): CodeIgniter\CodeIgniter->run()
 5 SYSTEMPATH\Boot.php(67): CodeIgniter\Boot::runCodeIgniter(Object(CodeIgniter\CodeIgniter))
 6 FCPATH\index.php(56): CodeIgniter\Boot::bootWeb(Object(Config\Paths))
 7 SYSTEMPATH\Commands\Server\rewrite.php(49): require_once('C:\\APK\\xampp-8.2\\htdocs\\SafeToTrip\\public\\index.php')
WARNING - 2024-06-17 00:19:25 --> [DEPRECATED] Creation of dynamic property App\Controllers\Transaksi::$transaksi is deprecated in APPPATH\Controllers\Transaksi.php on line 18.
 1 SYSTEMPATH\CodeIgniter.php(903): App\Controllers\Transaksi->__construct()
 2 SYSTEMPATH\CodeIgniter.php(500): CodeIgniter\CodeIgniter->createController()
 3 SYSTEMPATH\CodeIgniter.php(355): CodeIgniter\CodeIgniter->handleRequest(null, Object(Config\Cache), false)
 4 SYSTEMPATH\Boot.php(312): CodeIgniter\CodeIgniter->run()
 5 SYSTEMPATH\Boot.php(67): CodeIgniter\Boot::runCodeIgniter(Object(CodeIgniter\CodeIgniter))
 6 FCPATH\index.php(56): CodeIgniter\Boot::bootWeb(Object(Config\Paths))
 7 SYSTEMPATH\Commands\Server\rewrite.php(49): require_once('C:\\APK\\xampp-8.2\\htdocs\\SafeToTrip\\public\\index.php')
WARNING - 2024-06-17 00:19:25 --> [DEPRECATED] Creation of dynamic property App\Controllers\Transaksi::$detail is deprecated in APPPATH\Controllers\Transaksi.php on line 19.
 1 SYSTEMPATH\CodeIgniter.php(903): App\Controllers\Transaksi->__construct()
 2 SYSTEMPATH\CodeIgniter.php(500): CodeIgniter\CodeIgniter->createController()
 3 SYSTEMPATH\CodeIgniter.php(355): CodeIgniter\CodeIgniter->handleRequest(null, Object(Config\Cache), false)
 4 SYSTEMPATH\Boot.php(312): CodeIgniter\CodeIgniter->run()
 5 SYSTEMPATH\Boot.php(67): CodeIgniter\Boot::runCodeIgniter(Object(CodeIgniter\CodeIgniter))
 6 FCPATH\index.php(56): CodeIgniter\Boot::bootWeb(Object(Config\Paths))
 7 SYSTEMPATH\Commands\Server\rewrite.php(49): require_once('C:\\APK\\xampp-8.2\\htdocs\\SafeToTrip\\public\\index.php')
INFO - 2024-06-17 00:20:09 --> Session: Class initialized using 'CodeIgniter\Session\Handlers\FileHandler' driver.
WARNING - 2024-06-17 00:20:09 --> [DEPRECATED] Creation of dynamic property App\Controllers\Transaksi::$session is deprecated in APPPATH\Controllers\Transaksi.php on line 15.
 1 SYSTEMPATH\CodeIgniter.php(903): App\Controllers\Transaksi->__construct()
 2 SYSTEMPATH\CodeIgniter.php(500): CodeIgniter\CodeIgniter->createController()
 3 SYSTEMPATH\CodeIgniter.php(355): CodeIgniter\CodeIgniter->handleRequest(null, Object(Config\Cache), false)
 4 SYSTEMPATH\Boot.php(312): CodeIgniter\CodeIgniter->run()
 5 SYSTEMPATH\Boot.php(67): CodeIgniter\Boot::runCodeIgniter(Object(CodeIgniter\CodeIgniter))
 6 FCPATH\index.php(56): CodeIgniter\Boot::bootWeb(Object(Config\Paths))
 7 SYSTEMPATH\Commands\Server\rewrite.php(49): require_once('C:\\APK\\xampp-8.2\\htdocs\\SafeToTrip\\public\\index.php')
WARNING - 2024-06-17 00:20:09 --> [DEPRECATED] Creation of dynamic property App\Controllers\Home::$session is deprecated in APPPATH\Controllers\Home.php on line 13.
 1 APPPATH\Controllers\Transaksi.php(16): App\Controllers\Home->__construct()
 2 SYSTEMPATH\CodeIgniter.php(903): App\Controllers\Transaksi->__construct()
 3 SYSTEMPATH\CodeIgniter.php(500): CodeIgniter\CodeIgniter->createController()
 4 SYSTEMPATH\CodeIgniter.php(355): CodeIgniter\CodeIgniter->handleRequest(null, Object(Config\Cache), false)
 5 SYSTEMPATH\Boot.php(312): CodeIgniter\CodeIgniter->run()
 6 SYSTEMPATH\Boot.php(67): CodeIgniter\Boot::runCodeIgniter(Object(CodeIgniter\CodeIgniter))
 7 FCPATH\index.php(56): CodeIgniter\Boot::bootWeb(Object(Config\Paths))
 8 SYSTEMPATH\Commands\Server\rewrite.php(49): require_once('C:\\APK\\xampp-8.2\\htdocs\\SafeToTrip\\public\\index.php')
WARNING - 2024-06-17 00:20:09 --> [DEPRECATED] Creation of dynamic property App\Controllers\Home::$wisata is deprecated in APPPATH\Controllers\Home.php on line 14.
 1 APPPATH\Controllers\Transaksi.php(16): App\Controllers\Home->__construct()
 2 SYSTEMPATH\CodeIgniter.php(903): App\Controllers\Transaksi->__construct()
 3 SYSTEMPATH\CodeIgniter.php(500): CodeIgniter\CodeIgniter->createController()
 4 SYSTEMPATH\CodeIgniter.php(355): CodeIgniter\CodeIgniter->handleRequest(null, Object(Config\Cache), false)
 5 SYSTEMPATH\Boot.php(312): CodeIgniter\CodeIgniter->run()
 6 SYSTEMPATH\Boot.php(67): CodeIgniter\Boot::runCodeIgniter(Object(CodeIgniter\CodeIgniter))
 7 FCPATH\index.php(56): CodeIgniter\Boot::bootWeb(Object(Config\Paths))
 8 SYSTEMPATH\Commands\Server\rewrite.php(49): require_once('C:\\APK\\xampp-8.2\\htdocs\\SafeToTrip\\public\\index.php')
WARNING - 2024-06-17 00:20:09 --> [DEPRECATED] Creation of dynamic property App\Controllers\Home::$fasilitas is deprecated in APPPATH\Controllers\Home.php on line 15.
 1 APPPATH\Controllers\Transaksi.php(16): App\Controllers\Home->__construct()
 2 SYSTEMPATH\CodeIgniter.php(903): App\Controllers\Transaksi->__construct()
 3 SYSTEMPATH\CodeIgniter.php(500): CodeIgniter\CodeIgniter->createController()
 4 SYSTEMPATH\CodeIgniter.php(355): CodeIgniter\CodeIgniter->handleRequest(null, Object(Config\Cache), false)
 5 SYSTEMPATH\Boot.php(312): CodeIgniter\CodeIgniter->run()
 6 SYSTEMPATH\Boot.php(67): CodeIgniter\Boot::runCodeIgniter(Object(CodeIgniter\CodeIgniter))
 7 FCPATH\index.php(56): CodeIgniter\Boot::bootWeb(Object(Config\Paths))
 8 SYSTEMPATH\Commands\Server\rewrite.php(49): require_once('C:\\APK\\xampp-8.2\\htdocs\\SafeToTrip\\public\\index.php')
WARNING - 2024-06-17 00:20:09 --> [DEPRECATED] Creation of dynamic property App\Controllers\Home::$harga is deprecated in APPPATH\Controllers\Home.php on line 16.
 1 APPPATH\Controllers\Transaksi.php(16): App\Controllers\Home->__construct()
 2 SYSTEMPATH\CodeIgniter.php(903): App\Controllers\Transaksi->__construct()
 3 SYSTEMPATH\CodeIgniter.php(500): CodeIgniter\CodeIgniter->createController()
 4 SYSTEMPATH\CodeIgniter.php(355): CodeIgniter\CodeIgniter->handleRequest(null, Object(Config\Cache), false)
 5 SYSTEMPATH\Boot.php(312): CodeIgniter\CodeIgniter->run()
 6 SYSTEMPATH\Boot.php(67): CodeIgniter\Boot::runCodeIgniter(Object(CodeIgniter\CodeIgniter))
 7 FCPATH\index.php(56): CodeIgniter\Boot::bootWeb(Object(Config\Paths))
 8 SYSTEMPATH\Commands\Server\rewrite.php(49): require_once('C:\\APK\\xampp-8.2\\htdocs\\SafeToTrip\\public\\index.php')
WARNING - 2024-06-17 00:20:09 --> [DEPRECATED] Creation of dynamic property App\Controllers\Transaksi::$home is deprecated in APPPATH\Controllers\Transaksi.php on line 16.
 1 SYSTEMPATH\CodeIgniter.php(903): App\Controllers\Transaksi->__construct()
 2 SYSTEMPATH\CodeIgniter.php(500): CodeIgniter\CodeIgniter->createController()
 3 SYSTEMPATH\CodeIgniter.php(355): CodeIgniter\CodeIgniter->handleRequest(null, Object(Config\Cache), false)
 4 SYSTEMPATH\Boot.php(312): CodeIgniter\CodeIgniter->run()
 5 SYSTEMPATH\Boot.php(67): CodeIgniter\Boot::runCodeIgniter(Object(CodeIgniter\CodeIgniter))
 6 FCPATH\index.php(56): CodeIgniter\Boot::bootWeb(Object(Config\Paths))
 7 SYSTEMPATH\Commands\Server\rewrite.php(49): require_once('C:\\APK\\xampp-8.2\\htdocs\\SafeToTrip\\public\\index.php')
WARNING - 2024-06-17 00:20:09 --> [DEPRECATED] Creation of dynamic property App\Controllers\Transaksi::$wisata is deprecated in APPPATH\Controllers\Transaksi.php on line 17.
 1 SYSTEMPATH\CodeIgniter.php(903): App\Controllers\Transaksi->__construct()
 2 SYSTEMPATH\CodeIgniter.php(500): CodeIgniter\CodeIgniter->createController()
 3 SYSTEMPATH\CodeIgniter.php(355): CodeIgniter\CodeIgniter->handleRequest(null, Object(Config\Cache), false)
 4 SYSTEMPATH\Boot.php(312): CodeIgniter\CodeIgniter->run()
 5 SYSTEMPATH\Boot.php(67): CodeIgniter\Boot::runCodeIgniter(Object(CodeIgniter\CodeIgniter))
 6 FCPATH\index.php(56): CodeIgniter\Boot::bootWeb(Object(Config\Paths))
 7 SYSTEMPATH\Commands\Server\rewrite.php(49): require_once('C:\\APK\\xampp-8.2\\htdocs\\SafeToTrip\\public\\index.php')
WARNING - 2024-06-17 00:20:09 --> [DEPRECATED] Creation of dynamic property App\Controllers\Transaksi::$transaksi is deprecated in APPPATH\Controllers\Transaksi.php on line 18.
 1 SYSTEMPATH\CodeIgniter.php(903): App\Controllers\Transaksi->__construct()
 2 SYSTEMPATH\CodeIgniter.php(500): CodeIgniter\CodeIgniter->createController()
 3 SYSTEMPATH\CodeIgniter.php(355): CodeIgniter\CodeIgniter->handleRequest(null, Object(Config\Cache), false)
 4 SYSTEMPATH\Boot.php(312): CodeIgniter\CodeIgniter->run()
 5 SYSTEMPATH\Boot.php(67): CodeIgniter\Boot::runCodeIgniter(Object(CodeIgniter\CodeIgniter))
 6 FCPATH\index.php(56): CodeIgniter\Boot::bootWeb(Object(Config\Paths))
 7 SYSTEMPATH\Commands\Server\rewrite.php(49): require_once('C:\\APK\\xampp-8.2\\htdocs\\SafeToTrip\\public\\index.php')
WARNING - 2024-06-17 00:20:09 --> [DEPRECATED] Creation of dynamic property App\Controllers\Transaksi::$detail is deprecated in APPPATH\Controllers\Transaksi.php on line 19.
 1 SYSTEMPATH\CodeIgniter.php(903): App\Controllers\Transaksi->__construct()
 2 SYSTEMPATH\CodeIgniter.php(500): CodeIgniter\CodeIgniter->createController()
 3 SYSTEMPATH\CodeIgniter.php(355): CodeIgniter\CodeIgniter->handleRequest(null, Object(Config\Cache), false)
 4 SYSTEMPATH\Boot.php(312): CodeIgniter\CodeIgniter->run()
 5 SYSTEMPATH\Boot.php(67): CodeIgniter\Boot::runCodeIgniter(Object(CodeIgniter\CodeIgniter))
 6 FCPATH\index.php(56): CodeIgniter\Boot::bootWeb(Object(Config\Paths))
 7 SYSTEMPATH\Commands\Server\rewrite.php(49): require_once('C:\\APK\\xampp-8.2\\htdocs\\SafeToTrip\\public\\index.php')
INFO - 2024-06-17 00:20:10 --> Session: Class initialized using 'CodeIgniter\Session\Handlers\FileHandler' driver.
WARNING - 2024-06-17 00:20:10 --> [DEPRECATED] Creation of dynamic property App\Controllers\Transaksi::$session is deprecated in APPPATH\Controllers\Transaksi.php on line 15.
 1 SYSTEMPATH\CodeIgniter.php(903): App\Controllers\Transaksi->__construct()
 2 SYSTEMPATH\CodeIgniter.php(500): CodeIgniter\CodeIgniter->createController()
 3 SYSTEMPATH\CodeIgniter.php(355): CodeIgniter\CodeIgniter->handleRequest(null, Object(Config\Cache), false)
 4 SYSTEMPATH\Boot.php(312): CodeIgniter\CodeIgniter->run()
 5 SYSTEMPATH\Boot.php(67): CodeIgniter\Boot::runCodeIgniter(Object(CodeIgniter\CodeIgniter))
 6 FCPATH\index.php(56): CodeIgniter\Boot::bootWeb(Object(Config\Paths))
 7 SYSTEMPATH\Commands\Server\rewrite.php(49): require_once('C:\\APK\\xampp-8.2\\htdocs\\SafeToTrip\\public\\index.php')
WARNING - 2024-06-17 00:20:10 --> [DEPRECATED] Creation of dynamic property App\Controllers\Home::$session is deprecated in APPPATH\Controllers\Home.php on line 13.
 1 APPPATH\Controllers\Transaksi.php(16): App\Controllers\Home->__construct()
 2 SYSTEMPATH\CodeIgniter.php(903): App\Controllers\Transaksi->__construct()
 3 SYSTEMPATH\CodeIgniter.php(500): CodeIgniter\CodeIgniter->createController()
 4 SYSTEMPATH\CodeIgniter.php(355): CodeIgniter\CodeIgniter->handleRequest(null, Object(Config\Cache), false)
 5 SYSTEMPATH\Boot.php(312): CodeIgniter\CodeIgniter->run()
 6 SYSTEMPATH\Boot.php(67): CodeIgniter\Boot::runCodeIgniter(Object(CodeIgniter\CodeIgniter))
 7 FCPATH\index.php(56): CodeIgniter\Boot::bootWeb(Object(Config\Paths))
 8 SYSTEMPATH\Commands\Server\rewrite.php(49): require_once('C:\\APK\\xampp-8.2\\htdocs\\SafeToTrip\\public\\index.php')
WARNING - 2024-06-17 00:20:10 --> [DEPRECATED] Creation of dynamic property App\Controllers\Home::$wisata is deprecated in APPPATH\Controllers\Home.php on line 14.
 1 APPPATH\Controllers\Transaksi.php(16): App\Controllers\Home->__construct()
 2 SYSTEMPATH\CodeIgniter.php(903): App\Controllers\Transaksi->__construct()
 3 SYSTEMPATH\CodeIgniter.php(500): CodeIgniter\CodeIgniter->createController()
 4 SYSTEMPATH\CodeIgniter.php(355): CodeIgniter\CodeIgniter->handleRequest(null, Object(Config\Cache), false)
 5 SYSTEMPATH\Boot.php(312): CodeIgniter\CodeIgniter->run()
 6 SYSTEMPATH\Boot.php(67): CodeIgniter\Boot::runCodeIgniter(Object(CodeIgniter\CodeIgniter))
 7 FCPATH\index.php(56): CodeIgniter\Boot::bootWeb(Object(Config\Paths))
 8 SYSTEMPATH\Commands\Server\rewrite.php(49): require_once('C:\\APK\\xampp-8.2\\htdocs\\SafeToTrip\\public\\index.php')
WARNING - 2024-06-17 00:20:10 --> [DEPRECATED] Creation of dynamic property App\Controllers\Home::$fasilitas is deprecated in APPPATH\Controllers\Home.php on line 15.
 1 APPPATH\Controllers\Transaksi.php(16): App\Controllers\Home->__construct()
 2 SYSTEMPATH\CodeIgniter.php(903): App\Controllers\Transaksi->__construct()
 3 SYSTEMPATH\CodeIgniter.php(500): CodeIgniter\CodeIgniter->createController()
 4 SYSTEMPATH\CodeIgniter.php(355): CodeIgniter\CodeIgniter->handleRequest(null, Object(Config\Cache), false)
 5 SYSTEMPATH\Boot.php(312): CodeIgniter\CodeIgniter->run()
 6 SYSTEMPATH\Boot.php(67): CodeIgniter\Boot::runCodeIgniter(Object(CodeIgniter\CodeIgniter))
 7 FCPATH\index.php(56): CodeIgniter\Boot::bootWeb(Object(Config\Paths))
 8 SYSTEMPATH\Commands\Server\rewrite.php(49): require_once('C:\\APK\\xampp-8.2\\htdocs\\SafeToTrip\\public\\index.php')
WARNING - 2024-06-17 00:20:10 --> [DEPRECATED] Creation of dynamic property App\Controllers\Home::$harga is deprecated in APPPATH\Controllers\Home.php on line 16.
 1 APPPATH\Controllers\Transaksi.php(16): App\Controllers\Home->__construct()
 2 SYSTEMPATH\CodeIgniter.php(903): App\Controllers\Transaksi->__construct()
 3 SYSTEMPATH\CodeIgniter.php(500): CodeIgniter\CodeIgniter->createController()
 4 SYSTEMPATH\CodeIgniter.php(355): CodeIgniter\CodeIgniter->handleRequest(null, Object(Config\Cache), false)
 5 SYSTEMPATH\Boot.php(312): CodeIgniter\CodeIgniter->run()
 6 SYSTEMPATH\Boot.php(67): CodeIgniter\Boot::runCodeIgniter(Object(CodeIgniter\CodeIgniter))
 7 FCPATH\index.php(56): CodeIgniter\Boot::bootWeb(Object(Config\Paths))
 8 SYSTEMPATH\Commands\Server\rewrite.php(49): require_once('C:\\APK\\xampp-8.2\\htdocs\\SafeToTrip\\public\\index.php')
WARNING - 2024-06-17 00:20:10 --> [DEPRECATED] Creation of dynamic property App\Controllers\Transaksi::$home is deprecated in APPPATH\Controllers\Transaksi.php on line 16.
 1 SYSTEMPATH\CodeIgniter.php(903): App\Controllers\Transaksi->__construct()
 2 SYSTEMPATH\CodeIgniter.php(500): CodeIgniter\CodeIgniter->createController()
 3 SYSTEMPATH\CodeIgniter.php(355): CodeIgniter\CodeIgniter->handleRequest(null, Object(Config\Cache), false)
 4 SYSTEMPATH\Boot.php(312): CodeIgniter\CodeIgniter->run()
 5 SYSTEMPATH\Boot.php(67): CodeIgniter\Boot::runCodeIgniter(Object(CodeIgniter\CodeIgniter))
 6 FCPATH\index.php(56): CodeIgniter\Boot::bootWeb(Object(Config\Paths))
 7 SYSTEMPATH\Commands\Server\rewrite.php(49): require_once('C:\\APK\\xampp-8.2\\htdocs\\SafeToTrip\\public\\index.php')
WARNING - 2024-06-17 00:20:10 --> [DEPRECATED] Creation of dynamic property App\Controllers\Transaksi::$wisata is deprecated in APPPATH\Controllers\Transaksi.php on line 17.
 1 SYSTEMPATH\CodeIgniter.php(903): App\Controllers\Transaksi->__construct()
 2 SYSTEMPATH\CodeIgniter.php(500): CodeIgniter\CodeIgniter->createController()
 3 SYSTEMPATH\CodeIgniter.php(355): CodeIgniter\CodeIgniter->handleRequest(null, Object(Config\Cache), false)
 4 SYSTEMPATH\Boot.php(312): CodeIgniter\CodeIgniter->run()
 5 SYSTEMPATH\Boot.php(67): CodeIgniter\Boot::runCodeIgniter(Object(CodeIgniter\CodeIgniter))
 6 FCPATH\index.php(56): CodeIgniter\Boot::bootWeb(Object(Config\Paths))
 7 SYSTEMPATH\Commands\Server\rewrite.php(49): require_once('C:\\APK\\xampp-8.2\\htdocs\\SafeToTrip\\public\\index.php')
WARNING - 2024-06-17 00:20:10 --> [DEPRECATED] Creation of dynamic property App\Controllers\Transaksi::$transaksi is deprecated in APPPATH\Controllers\Transaksi.php on line 18.
 1 SYSTEMPATH\CodeIgniter.php(903): App\Controllers\Transaksi->__construct()
 2 SYSTEMPATH\CodeIgniter.php(500): CodeIgniter\CodeIgniter->createController()
 3 SYSTEMPATH\CodeIgniter.php(355): CodeIgniter\CodeIgniter->handleRequest(null, Object(Config\Cache), false)
 4 SYSTEMPATH\Boot.php(312): CodeIgniter\CodeIgniter->run()
 5 SYSTEMPATH\Boot.php(67): CodeIgniter\Boot::runCodeIgniter(Object(CodeIgniter\CodeIgniter))
 6 FCPATH\index.php(56): CodeIgniter\Boot::bootWeb(Object(Config\Paths))
 7 SYSTEMPATH\Commands\Server\rewrite.php(49): require_once('C:\\APK\\xampp-8.2\\htdocs\\SafeToTrip\\public\\index.php')
WARNING - 2024-06-17 00:20:10 --> [DEPRECATED] Creation of dynamic property App\Controllers\Transaksi::$detail is deprecated in APPPATH\Controllers\Transaksi.php on line 19.
 1 SYSTEMPATH\CodeIgniter.php(903): App\Controllers\Transaksi->__construct()
 2 SYSTEMPATH\CodeIgniter.php(500): CodeIgniter\CodeIgniter->createController()
 3 SYSTEMPATH\CodeIgniter.php(355): CodeIgniter\CodeIgniter->handleRequest(null, Object(Config\Cache), false)
 4 SYSTEMPATH\Boot.php(312): CodeIgniter\CodeIgniter->run()
 5 SYSTEMPATH\Boot.php(67): CodeIgniter\Boot::runCodeIgniter(Object(CodeIgniter\CodeIgniter))
 6 FCPATH\index.php(56): CodeIgniter\Boot::bootWeb(Object(Config\Paths))
 7 SYSTEMPATH\Commands\Server\rewrite.php(49): require_once('C:\\APK\\xampp-8.2\\htdocs\\SafeToTrip\\public\\index.php')
INFO - 2024-06-17 00:21:00 --> Session: Class initialized using 'CodeIgniter\Session\Handlers\FileHandler' driver.
WARNING - 2024-06-17 00:21:00 --> [DEPRECATED] Creation of dynamic property App\Controllers\Transaksi::$session is deprecated in APPPATH\Controllers\Transaksi.php on line 15.
 1 SYSTEMPATH\CodeIgniter.php(903): App\Controllers\Transaksi->__construct()
 2 SYSTEMPATH\CodeIgniter.php(500): CodeIgniter\CodeIgniter->createController()
 3 SYSTEMPATH\CodeIgniter.php(355): CodeIgniter\CodeIgniter->handleRequest(null, Object(Config\Cache), false)
 4 SYSTEMPATH\Boot.php(312): CodeIgniter\CodeIgniter->run()
 5 SYSTEMPATH\Boot.php(67): CodeIgniter\Boot::runCodeIgniter(Object(CodeIgniter\CodeIgniter))
 6 FCPATH\index.php(56): CodeIgniter\Boot::bootWeb(Object(Config\Paths))
 7 SYSTEMPATH\Commands\Server\rewrite.php(49): require_once('C:\\APK\\xampp-8.2\\htdocs\\SafeToTrip\\public\\index.php')
WARNING - 2024-06-17 00:21:00 --> [DEPRECATED] Creation of dynamic property App\Controllers\Home::$session is deprecated in APPPATH\Controllers\Home.php on line 13.
 1 APPPATH\Controllers\Transaksi.php(16): App\Controllers\Home->__construct()
 2 SYSTEMPATH\CodeIgniter.php(903): App\Controllers\Transaksi->__construct()
 3 SYSTEMPATH\CodeIgniter.php(500): CodeIgniter\CodeIgniter->createController()
 4 SYSTEMPATH\CodeIgniter.php(355): CodeIgniter\CodeIgniter->handleRequest(null, Object(Config\Cache), false)
 5 SYSTEMPATH\Boot.php(312): CodeIgniter\CodeIgniter->run()
 6 SYSTEMPATH\Boot.php(67): CodeIgniter\Boot::runCodeIgniter(Object(CodeIgniter\CodeIgniter))
 7 FCPATH\index.php(56): CodeIgniter\Boot::bootWeb(Object(Config\Paths))
 8 SYSTEMPATH\Commands\Server\rewrite.php(49): require_once('C:\\APK\\xampp-8.2\\htdocs\\SafeToTrip\\public\\index.php')
WARNING - 2024-06-17 00:21:00 --> [DEPRECATED] Creation of dynamic property App\Controllers\Home::$wisata is deprecated in APPPATH\Controllers\Home.php on line 14.
 1 APPPATH\Controllers\Transaksi.php(16): App\Controllers\Home->__construct()
 2 SYSTEMPATH\CodeIgniter.php(903): App\Controllers\Transaksi->__construct()
 3 SYSTEMPATH\CodeIgniter.php(500): CodeIgniter\CodeIgniter->createController()
 4 SYSTEMPATH\CodeIgniter.php(355): CodeIgniter\CodeIgniter->handleRequest(null, Object(Config\Cache), false)
 5 SYSTEMPATH\Boot.php(312): CodeIgniter\CodeIgniter->run()
 6 SYSTEMPATH\Boot.php(67): CodeIgniter\Boot::runCodeIgniter(Object(CodeIgniter\CodeIgniter))
 7 FCPATH\index.php(56): CodeIgniter\Boot::bootWeb(Object(Config\Paths))
 8 SYSTEMPATH\Commands\Server\rewrite.php(49): require_once('C:\\APK\\xampp-8.2\\htdocs\\SafeToTrip\\public\\index.php')
WARNING - 2024-06-17 00:21:00 --> [DEPRECATED] Creation of dynamic property App\Controllers\Home::$fasilitas is deprecated in APPPATH\Controllers\Home.php on line 15.
 1 APPPATH\Controllers\Transaksi.php(16): App\Controllers\Home->__construct()
 2 SYSTEMPATH\CodeIgniter.php(903): App\Controllers\Transaksi->__construct()
 3 SYSTEMPATH\CodeIgniter.php(500): CodeIgniter\CodeIgniter->createController()
 4 SYSTEMPATH\CodeIgniter.php(355): CodeIgniter\CodeIgniter->handleRequest(null, Object(Config\Cache), false)
 5 SYSTEMPATH\Boot.php(312): CodeIgniter\CodeIgniter->run()
 6 SYSTEMPATH\Boot.php(67): CodeIgniter\Boot::runCodeIgniter(Object(CodeIgniter\CodeIgniter))
 7 FCPATH\index.php(56): CodeIgniter\Boot::bootWeb(Object(Config\Paths))
 8 SYSTEMPATH\Commands\Server\rewrite.php(49): require_once('C:\\APK\\xampp-8.2\\htdocs\\SafeToTrip\\public\\index.php')
WARNING - 2024-06-17 00:21:00 --> [DEPRECATED] Creation of dynamic property App\Controllers\Home::$harga is deprecated in APPPATH\Controllers\Home.php on line 16.
 1 APPPATH\Controllers\Transaksi.php(16): App\Controllers\Home->__construct()
 2 SYSTEMPATH\CodeIgniter.php(903): App\Controllers\Transaksi->__construct()
 3 SYSTEMPATH\CodeIgniter.php(500): CodeIgniter\CodeIgniter->createController()
 4 SYSTEMPATH\CodeIgniter.php(355): CodeIgniter\CodeIgniter->handleRequest(null, Object(Config\Cache), false)
 5 SYSTEMPATH\Boot.php(312): CodeIgniter\CodeIgniter->run()
 6 SYSTEMPATH\Boot.php(67): CodeIgniter\Boot::runCodeIgniter(Object(CodeIgniter\CodeIgniter))
 7 FCPATH\index.php(56): CodeIgniter\Boot::bootWeb(Object(Config\Paths))
 8 SYSTEMPATH\Commands\Server\rewrite.php(49): require_once('C:\\APK\\xampp-8.2\\htdocs\\SafeToTrip\\public\\index.php')
WARNING - 2024-06-17 00:21:00 --> [DEPRECATED] Creation of dynamic property App\Controllers\Transaksi::$home is deprecated in APPPATH\Controllers\Transaksi.php on line 16.
 1 SYSTEMPATH\CodeIgniter.php(903): App\Controllers\Transaksi->__construct()
 2 SYSTEMPATH\CodeIgniter.php(500): CodeIgniter\CodeIgniter->createController()
 3 SYSTEMPATH\CodeIgniter.php(355): CodeIgniter\CodeIgniter->handleRequest(null, Object(Config\Cache), false)
 4 SYSTEMPATH\Boot.php(312): CodeIgniter\CodeIgniter->run()
 5 SYSTEMPATH\Boot.php(67): CodeIgniter\Boot::runCodeIgniter(Object(CodeIgniter\CodeIgniter))
 6 FCPATH\index.php(56): CodeIgniter\Boot::bootWeb(Object(Config\Paths))
 7 SYSTEMPATH\Commands\Server\rewrite.php(49): require_once('C:\\APK\\xampp-8.2\\htdocs\\SafeToTrip\\public\\index.php')
WARNING - 2024-06-17 00:21:00 --> [DEPRECATED] Creation of dynamic property App\Controllers\Transaksi::$wisata is deprecated in APPPATH\Controllers\Transaksi.php on line 17.
 1 SYSTEMPATH\CodeIgniter.php(903): App\Controllers\Transaksi->__construct()
 2 SYSTEMPATH\CodeIgniter.php(500): CodeIgniter\CodeIgniter->createController()
 3 SYSTEMPATH\CodeIgniter.php(355): CodeIgniter\CodeIgniter->handleRequest(null, Object(Config\Cache), false)
 4 SYSTEMPATH\Boot.php(312): CodeIgniter\CodeIgniter->run()
 5 SYSTEMPATH\Boot.php(67): CodeIgniter\Boot::runCodeIgniter(Object(CodeIgniter\CodeIgniter))
 6 FCPATH\index.php(56): CodeIgniter\Boot::bootWeb(Object(Config\Paths))
 7 SYSTEMPATH\Commands\Server\rewrite.php(49): require_once('C:\\APK\\xampp-8.2\\htdocs\\SafeToTrip\\public\\index.php')
WARNING - 2024-06-17 00:21:00 --> [DEPRECATED] Creation of dynamic property App\Controllers\Transaksi::$transaksi is deprecated in APPPATH\Controllers\Transaksi.php on line 18.
 1 SYSTEMPATH\CodeIgniter.php(903): App\Controllers\Transaksi->__construct()
 2 SYSTEMPATH\CodeIgniter.php(500): CodeIgniter\CodeIgniter->createController()
 3 SYSTEMPATH\CodeIgniter.php(355): CodeIgniter\CodeIgniter->handleRequest(null, Object(Config\Cache), false)
 4 SYSTEMPATH\Boot.php(312): CodeIgniter\CodeIgniter->run()
 5 SYSTEMPATH\Boot.php(67): CodeIgniter\Boot::runCodeIgniter(Object(CodeIgniter\CodeIgniter))
 6 FCPATH\index.php(56): CodeIgniter\Boot::bootWeb(Object(Config\Paths))
 7 SYSTEMPATH\Commands\Server\rewrite.php(49): require_once('C:\\APK\\xampp-8.2\\htdocs\\SafeToTrip\\public\\index.php')
WARNING - 2024-06-17 00:21:00 --> [DEPRECATED] Creation of dynamic property App\Controllers\Transaksi::$detail is deprecated in APPPATH\Controllers\Transaksi.php on line 19.
 1 SYSTEMPATH\CodeIgniter.php(903): App\Controllers\Transaksi->__construct()
 2 SYSTEMPATH\CodeIgniter.php(500): CodeIgniter\CodeIgniter->createController()
 3 SYSTEMPATH\CodeIgniter.php(355): CodeIgniter\CodeIgniter->handleRequest(null, Object(Config\Cache), false)
 4 SYSTEMPATH\Boot.php(312): CodeIgniter\CodeIgniter->run()
 5 SYSTEMPATH\Boot.php(67): CodeIgniter\Boot::runCodeIgniter(Object(CodeIgniter\CodeIgniter))
 6 FCPATH\index.php(56): CodeIgniter\Boot::bootWeb(Object(Config\Paths))
 7 SYSTEMPATH\Commands\Server\rewrite.php(49): require_once('C:\\APK\\xampp-8.2\\htdocs\\SafeToTrip\\public\\index.php')
