INFO - 2024-06-15 17:11:05 --> Session: Class initialized using 'CodeIgniter\Session\Handlers\FileHandler' driver.
WARNING - 2024-06-15 17:11:05 --> [DEPRECATED] Creation of dynamic property App\Controllers\Home::$session is deprecated in APPPATH\Controllers\Home.php on line 13.
 1 SYSTEMPATH\CodeIgniter.php(903): App\Controllers\Home->__construct()
 2 SYSTEMPATH\CodeIgniter.php(500): CodeIgniter\CodeIgniter->createController()
 3 SYSTEMPATH\CodeIgniter.php(355): CodeIgniter\CodeIgniter->handleRequest(null, Object(Config\Cache), false)
 4 SYSTEMPATH\Boot.php(312): CodeIgniter\CodeIgniter->run()
 5 SYSTEMPATH\Boot.php(67): CodeIgniter\Boot::runCodeIgniter(Object(CodeIgniter\CodeIgniter))
 6 FCPATH\index.php(56): CodeIgniter\Boot::bootWeb(Object(Config\Paths))
 7 SYSTEMPATH\Commands\Server\rewrite.php(49): require_once('C:\\APK\\xampp-8.2\\htdocs\\SafeToTrip\\public\\index.php')
WARNING - 2024-06-15 17:11:06 --> [DEPRECATED] Creation of dynamic property App\Controllers\Home::$wisata is deprecated in APPPATH\Controllers\Home.php on line 14.
 1 SYSTEMPATH\CodeIgniter.php(903): App\Controllers\Home->__construct()
 2 SYSTEMPATH\CodeIgniter.php(500): CodeIgniter\CodeIgniter->createController()
 3 SYSTEMPATH\CodeIgniter.php(355): CodeIgniter\CodeIgniter->handleRequest(null, Object(Config\Cache), false)
 4 SYSTEMPATH\Boot.php(312): CodeIgniter\CodeIgniter->run()
 5 SYSTEMPATH\Boot.php(67): CodeIgniter\Boot::runCodeIgniter(Object(CodeIgniter\CodeIgniter))
 6 FCPATH\index.php(56): CodeIgniter\Boot::bootWeb(Object(Config\Paths))
 7 SYSTEMPATH\Commands\Server\rewrite.php(49): require_once('C:\\APK\\xampp-8.2\\htdocs\\SafeToTrip\\public\\index.php')
WARNING - 2024-06-15 17:11:06 --> [DEPRECATED] Creation of dynamic property App\Controllers\Home::$fasilitas is deprecated in APPPATH\Controllers\Home.php on line 15.
 1 SYSTEMPATH\CodeIgniter.php(903): App\Controllers\Home->__construct()
 2 SYSTEMPATH\CodeIgniter.php(500): CodeIgniter\CodeIgniter->createController()
 3 SYSTEMPATH\CodeIgniter.php(355): CodeIgniter\CodeIgniter->handleRequest(null, Object(Config\Cache), false)
 4 SYSTEMPATH\Boot.php(312): CodeIgniter\CodeIgniter->run()
 5 SYSTEMPATH\Boot.php(67): CodeIgniter\Boot::runCodeIgniter(Object(CodeIgniter\CodeIgniter))
 6 FCPATH\index.php(56): CodeIgniter\Boot::bootWeb(Object(Config\Paths))
 7 SYSTEMPATH\Commands\Server\rewrite.php(49): require_once('C:\\APK\\xampp-8.2\\htdocs\\SafeToTrip\\public\\index.php')
WARNING - 2024-06-15 17:11:06 --> [DEPRECATED] Creation of dynamic property App\Controllers\Home::$harga is deprecated in APPPATH\Controllers\Home.php on line 16.
 1 SYSTEMPATH\CodeIgniter.php(903): App\Controllers\Home->__construct()
 2 SYSTEMPATH\CodeIgniter.php(500): CodeIgniter\CodeIgniter->createController()
 3 SYSTEMPATH\CodeIgniter.php(355): CodeIgniter\CodeIgniter->handleRequest(null, Object(Config\Cache), false)
 4 SYSTEMPATH\Boot.php(312): CodeIgniter\CodeIgniter->run()
 5 SYSTEMPATH\Boot.php(67): CodeIgniter\Boot::runCodeIgniter(Object(CodeIgniter\CodeIgniter))
 6 FCPATH\index.php(56): CodeIgniter\Boot::bootWeb(Object(Config\Paths))
 7 SYSTEMPATH\Commands\Server\rewrite.php(49): require_once('C:\\APK\\xampp-8.2\\htdocs\\SafeToTrip\\public\\index.php')
INFO - 2024-06-15 17:12:43 --> Session: Class initialized using 'CodeIgniter\Session\Handlers\FileHandler' driver.
WARNING - 2024-06-15 17:12:43 --> [DEPRECATED] Creation of dynamic property App\Controllers\Home::$session is deprecated in APPPATH\Controllers\Home.php on line 13.
 1 SYSTEMPATH\CodeIgniter.php(903): App\Controllers\Home->__construct()
 2 SYSTEMPATH\CodeIgniter.php(500): CodeIgniter\CodeIgniter->createController()
 3 SYSTEMPATH\CodeIgniter.php(355): CodeIgniter\CodeIgniter->handleRequest(null, Object(Config\Cache), false)
 4 SYSTEMPATH\Boot.php(312): CodeIgniter\CodeIgniter->run()
 5 SYSTEMPATH\Boot.php(67): CodeIgniter\Boot::runCodeIgniter(Object(CodeIgniter\CodeIgniter))
 6 FCPATH\index.php(56): CodeIgniter\Boot::bootWeb(Object(Config\Paths))
 7 SYSTEMPATH\Commands\Server\rewrite.php(49): require_once('C:\\APK\\xampp-8.2\\htdocs\\SafeToTrip\\public\\index.php')
WARNING - 2024-06-15 17:12:43 --> [DEPRECATED] Creation of dynamic property App\Controllers\Home::$wisata is deprecated in APPPATH\Controllers\Home.php on line 14.
 1 SYSTEMPATH\CodeIgniter.php(903): App\Controllers\Home->__construct()
 2 SYSTEMPATH\CodeIgniter.php(500): CodeIgniter\CodeIgniter->createController()
 3 SYSTEMPATH\CodeIgniter.php(355): CodeIgniter\CodeIgniter->handleRequest(null, Object(Config\Cache), false)
 4 SYSTEMPATH\Boot.php(312): CodeIgniter\CodeIgniter->run()
 5 SYSTEMPATH\Boot.php(67): CodeIgniter\Boot::runCodeIgniter(Object(CodeIgniter\CodeIgniter))
 6 FCPATH\index.php(56): CodeIgniter\Boot::bootWeb(Object(Config\Paths))
 7 SYSTEMPATH\Commands\Server\rewrite.php(49): require_once('C:\\APK\\xampp-8.2\\htdocs\\SafeToTrip\\public\\index.php')
WARNING - 2024-06-15 17:12:43 --> [DEPRECATED] Creation of dynamic property App\Controllers\Home::$fasilitas is deprecated in APPPATH\Controllers\Home.php on line 15.
 1 SYSTEMPATH\CodeIgniter.php(903): App\Controllers\Home->__construct()
 2 SYSTEMPATH\CodeIgniter.php(500): CodeIgniter\CodeIgniter->createController()
 3 SYSTEMPATH\CodeIgniter.php(355): CodeIgniter\CodeIgniter->handleRequest(null, Object(Config\Cache), false)
 4 SYSTEMPATH\Boot.php(312): CodeIgniter\CodeIgniter->run()
 5 SYSTEMPATH\Boot.php(67): CodeIgniter\Boot::runCodeIgniter(Object(CodeIgniter\CodeIgniter))
 6 FCPATH\index.php(56): CodeIgniter\Boot::bootWeb(Object(Config\Paths))
 7 SYSTEMPATH\Commands\Server\rewrite.php(49): require_once('C:\\APK\\xampp-8.2\\htdocs\\SafeToTrip\\public\\index.php')
WARNING - 2024-06-15 17:12:43 --> [DEPRECATED] Creation of dynamic property App\Controllers\Home::$harga is deprecated in APPPATH\Controllers\Home.php on line 16.
 1 SYSTEMPATH\CodeIgniter.php(903): App\Controllers\Home->__construct()
 2 SYSTEMPATH\CodeIgniter.php(500): CodeIgniter\CodeIgniter->createController()
 3 SYSTEMPATH\CodeIgniter.php(355): CodeIgniter\CodeIgniter->handleRequest(null, Object(Config\Cache), false)
 4 SYSTEMPATH\Boot.php(312): CodeIgniter\CodeIgniter->run()
 5 SYSTEMPATH\Boot.php(67): CodeIgniter\Boot::runCodeIgniter(Object(CodeIgniter\CodeIgniter))
 6 FCPATH\index.php(56): CodeIgniter\Boot::bootWeb(Object(Config\Paths))
 7 SYSTEMPATH\Commands\Server\rewrite.php(49): require_once('C:\\APK\\xampp-8.2\\htdocs\\SafeToTrip\\public\\index.php')
INFO - 2024-06-15 17:12:58 --> Session: Class initialized using 'CodeIgniter\Session\Handlers\FileHandler' driver.
WARNING - 2024-06-15 17:12:58 --> [DEPRECATED] Creation of dynamic property App\Controllers\Home::$session is deprecated in APPPATH\Controllers\Home.php on line 13.
 1 SYSTEMPATH\CodeIgniter.php(903): App\Controllers\Home->__construct()
 2 SYSTEMPATH\CodeIgniter.php(500): CodeIgniter\CodeIgniter->createController()
 3 SYSTEMPATH\CodeIgniter.php(355): CodeIgniter\CodeIgniter->handleRequest(null, Object(Config\Cache), false)
 4 SYSTEMPATH\Boot.php(312): CodeIgniter\CodeIgniter->run()
 5 SYSTEMPATH\Boot.php(67): CodeIgniter\Boot::runCodeIgniter(Object(CodeIgniter\CodeIgniter))
 6 FCPATH\index.php(56): CodeIgniter\Boot::bootWeb(Object(Config\Paths))
 7 SYSTEMPATH\Commands\Server\rewrite.php(49): require_once('C:\\APK\\xampp-8.2\\htdocs\\SafeToTrip\\public\\index.php')
WARNING - 2024-06-15 17:12:58 --> [DEPRECATED] Creation of dynamic property App\Controllers\Home::$wisata is deprecated in APPPATH\Controllers\Home.php on line 14.
 1 SYSTEMPATH\CodeIgniter.php(903): App\Controllers\Home->__construct()
 2 SYSTEMPATH\CodeIgniter.php(500): CodeIgniter\CodeIgniter->createController()
 3 SYSTEMPATH\CodeIgniter.php(355): CodeIgniter\CodeIgniter->handleRequest(null, Object(Config\Cache), false)
 4 SYSTEMPATH\Boot.php(312): CodeIgniter\CodeIgniter->run()
 5 SYSTEMPATH\Boot.php(67): CodeIgniter\Boot::runCodeIgniter(Object(CodeIgniter\CodeIgniter))
 6 FCPATH\index.php(56): CodeIgniter\Boot::bootWeb(Object(Config\Paths))
 7 SYSTEMPATH\Commands\Server\rewrite.php(49): require_once('C:\\APK\\xampp-8.2\\htdocs\\SafeToTrip\\public\\index.php')
WARNING - 2024-06-15 17:12:58 --> [DEPRECATED] Creation of dynamic property App\Controllers\Home::$fasilitas is deprecated in APPPATH\Controllers\Home.php on line 15.
 1 SYSTEMPATH\CodeIgniter.php(903): App\Controllers\Home->__construct()
 2 SYSTEMPATH\CodeIgniter.php(500): CodeIgniter\CodeIgniter->createController()
 3 SYSTEMPATH\CodeIgniter.php(355): CodeIgniter\CodeIgniter->handleRequest(null, Object(Config\Cache), false)
 4 SYSTEMPATH\Boot.php(312): CodeIgniter\CodeIgniter->run()
 5 SYSTEMPATH\Boot.php(67): CodeIgniter\Boot::runCodeIgniter(Object(CodeIgniter\CodeIgniter))
 6 FCPATH\index.php(56): CodeIgniter\Boot::bootWeb(Object(Config\Paths))
 7 SYSTEMPATH\Commands\Server\rewrite.php(49): require_once('C:\\APK\\xampp-8.2\\htdocs\\SafeToTrip\\public\\index.php')
WARNING - 2024-06-15 17:12:58 --> [DEPRECATED] Creation of dynamic property App\Controllers\Home::$harga is deprecated in APPPATH\Controllers\Home.php on line 16.
 1 SYSTEMPATH\CodeIgniter.php(903): App\Controllers\Home->__construct()
 2 SYSTEMPATH\CodeIgniter.php(500): CodeIgniter\CodeIgniter->createController()
 3 SYSTEMPATH\CodeIgniter.php(355): CodeIgniter\CodeIgniter->handleRequest(null, Object(Config\Cache), false)
 4 SYSTEMPATH\Boot.php(312): CodeIgniter\CodeIgniter->run()
 5 SYSTEMPATH\Boot.php(67): CodeIgniter\Boot::runCodeIgniter(Object(CodeIgniter\CodeIgniter))
 6 FCPATH\index.php(56): CodeIgniter\Boot::bootWeb(Object(Config\Paths))
 7 SYSTEMPATH\Commands\Server\rewrite.php(49): require_once('C:\\APK\\xampp-8.2\\htdocs\\SafeToTrip\\public\\index.php')
INFO - 2024-06-15 17:28:20 --> Session: Class initialized using 'CodeIgniter\Session\Handlers\FileHandler' driver.
WARNING - 2024-06-15 17:28:20 --> [DEPRECATED] Creation of dynamic property App\Controllers\Home::$session is deprecated in APPPATH\Controllers\Home.php on line 13.
 1 SYSTEMPATH\CodeIgniter.php(903): App\Controllers\Home->__construct()
 2 SYSTEMPATH\CodeIgniter.php(500): CodeIgniter\CodeIgniter->createController()
 3 SYSTEMPATH\CodeIgniter.php(355): CodeIgniter\CodeIgniter->handleRequest(null, Object(Config\Cache), false)
 4 SYSTEMPATH\Boot.php(312): CodeIgniter\CodeIgniter->run()
 5 SYSTEMPATH\Boot.php(67): CodeIgniter\Boot::runCodeIgniter(Object(CodeIgniter\CodeIgniter))
 6 FCPATH\index.php(56): CodeIgniter\Boot::bootWeb(Object(Config\Paths))
 7 SYSTEMPATH\Commands\Server\rewrite.php(49): require_once('C:\\APK\\xampp-8.2\\htdocs\\SafeToTrip\\public\\index.php')
WARNING - 2024-06-15 17:28:20 --> [DEPRECATED] Creation of dynamic property App\Controllers\Home::$wisata is deprecated in APPPATH\Controllers\Home.php on line 14.
 1 SYSTEMPATH\CodeIgniter.php(903): App\Controllers\Home->__construct()
 2 SYSTEMPATH\CodeIgniter.php(500): CodeIgniter\CodeIgniter->createController()
 3 SYSTEMPATH\CodeIgniter.php(355): CodeIgniter\CodeIgniter->handleRequest(null, Object(Config\Cache), false)
 4 SYSTEMPATH\Boot.php(312): CodeIgniter\CodeIgniter->run()
 5 SYSTEMPATH\Boot.php(67): CodeIgniter\Boot::runCodeIgniter(Object(CodeIgniter\CodeIgniter))
 6 FCPATH\index.php(56): CodeIgniter\Boot::bootWeb(Object(Config\Paths))
 7 SYSTEMPATH\Commands\Server\rewrite.php(49): require_once('C:\\APK\\xampp-8.2\\htdocs\\SafeToTrip\\public\\index.php')
WARNING - 2024-06-15 17:28:20 --> [DEPRECATED] Creation of dynamic property App\Controllers\Home::$fasilitas is deprecated in APPPATH\Controllers\Home.php on line 15.
 1 SYSTEMPATH\CodeIgniter.php(903): App\Controllers\Home->__construct()
 2 SYSTEMPATH\CodeIgniter.php(500): CodeIgniter\CodeIgniter->createController()
 3 SYSTEMPATH\CodeIgniter.php(355): CodeIgniter\CodeIgniter->handleRequest(null, Object(Config\Cache), false)
 4 SYSTEMPATH\Boot.php(312): CodeIgniter\CodeIgniter->run()
 5 SYSTEMPATH\Boot.php(67): CodeIgniter\Boot::runCodeIgniter(Object(CodeIgniter\CodeIgniter))
 6 FCPATH\index.php(56): CodeIgniter\Boot::bootWeb(Object(Config\Paths))
 7 SYSTEMPATH\Commands\Server\rewrite.php(49): require_once('C:\\APK\\xampp-8.2\\htdocs\\SafeToTrip\\public\\index.php')
WARNING - 2024-06-15 17:28:20 --> [DEPRECATED] Creation of dynamic property App\Controllers\Home::$harga is deprecated in APPPATH\Controllers\Home.php on line 16.
 1 SYSTEMPATH\CodeIgniter.php(903): App\Controllers\Home->__construct()
 2 SYSTEMPATH\CodeIgniter.php(500): CodeIgniter\CodeIgniter->createController()
 3 SYSTEMPATH\CodeIgniter.php(355): CodeIgniter\CodeIgniter->handleRequest(null, Object(Config\Cache), false)
 4 SYSTEMPATH\Boot.php(312): CodeIgniter\CodeIgniter->run()
 5 SYSTEMPATH\Boot.php(67): CodeIgniter\Boot::runCodeIgniter(Object(CodeIgniter\CodeIgniter))
 6 FCPATH\index.php(56): CodeIgniter\Boot::bootWeb(Object(Config\Paths))
 7 SYSTEMPATH\Commands\Server\rewrite.php(49): require_once('C:\\APK\\xampp-8.2\\htdocs\\SafeToTrip\\public\\index.php')
INFO - 2024-06-15 17:29:45 --> Session: Class initialized using 'CodeIgniter\Session\Handlers\FileHandler' driver.
WARNING - 2024-06-15 17:29:45 --> [DEPRECATED] Creation of dynamic property App\Controllers\Home::$session is deprecated in APPPATH\Controllers\Home.php on line 13.
 1 SYSTEMPATH\CodeIgniter.php(903): App\Controllers\Home->__construct()
 2 SYSTEMPATH\CodeIgniter.php(500): CodeIgniter\CodeIgniter->createController()
 3 SYSTEMPATH\CodeIgniter.php(355): CodeIgniter\CodeIgniter->handleRequest(null, Object(Config\Cache), false)
 4 SYSTEMPATH\Boot.php(312): CodeIgniter\CodeIgniter->run()
 5 SYSTEMPATH\Boot.php(67): CodeIgniter\Boot::runCodeIgniter(Object(CodeIgniter\CodeIgniter))
 6 FCPATH\index.php(56): CodeIgniter\Boot::bootWeb(Object(Config\Paths))
 7 SYSTEMPATH\Commands\Server\rewrite.php(49): require_once('C:\\APK\\xampp-8.2\\htdocs\\SafeToTrip\\public\\index.php')
WARNING - 2024-06-15 17:29:45 --> [DEPRECATED] Creation of dynamic property App\Controllers\Home::$wisata is deprecated in APPPATH\Controllers\Home.php on line 14.
 1 SYSTEMPATH\CodeIgniter.php(903): App\Controllers\Home->__construct()
 2 SYSTEMPATH\CodeIgniter.php(500): CodeIgniter\CodeIgniter->createController()
 3 SYSTEMPATH\CodeIgniter.php(355): CodeIgniter\CodeIgniter->handleRequest(null, Object(Config\Cache), false)
 4 SYSTEMPATH\Boot.php(312): CodeIgniter\CodeIgniter->run()
 5 SYSTEMPATH\Boot.php(67): CodeIgniter\Boot::runCodeIgniter(Object(CodeIgniter\CodeIgniter))
 6 FCPATH\index.php(56): CodeIgniter\Boot::bootWeb(Object(Config\Paths))
 7 SYSTEMPATH\Commands\Server\rewrite.php(49): require_once('C:\\APK\\xampp-8.2\\htdocs\\SafeToTrip\\public\\index.php')
WARNING - 2024-06-15 17:29:45 --> [DEPRECATED] Creation of dynamic property App\Controllers\Home::$fasilitas is deprecated in APPPATH\Controllers\Home.php on line 15.
 1 SYSTEMPATH\CodeIgniter.php(903): App\Controllers\Home->__construct()
 2 SYSTEMPATH\CodeIgniter.php(500): CodeIgniter\CodeIgniter->createController()
 3 SYSTEMPATH\CodeIgniter.php(355): CodeIgniter\CodeIgniter->handleRequest(null, Object(Config\Cache), false)
 4 SYSTEMPATH\Boot.php(312): CodeIgniter\CodeIgniter->run()
 5 SYSTEMPATH\Boot.php(67): CodeIgniter\Boot::runCodeIgniter(Object(CodeIgniter\CodeIgniter))
 6 FCPATH\index.php(56): CodeIgniter\Boot::bootWeb(Object(Config\Paths))
 7 SYSTEMPATH\Commands\Server\rewrite.php(49): require_once('C:\\APK\\xampp-8.2\\htdocs\\SafeToTrip\\public\\index.php')
WARNING - 2024-06-15 17:29:45 --> [DEPRECATED] Creation of dynamic property App\Controllers\Home::$harga is deprecated in APPPATH\Controllers\Home.php on line 16.
 1 SYSTEMPATH\CodeIgniter.php(903): App\Controllers\Home->__construct()
 2 SYSTEMPATH\CodeIgniter.php(500): CodeIgniter\CodeIgniter->createController()
 3 SYSTEMPATH\CodeIgniter.php(355): CodeIgniter\CodeIgniter->handleRequest(null, Object(Config\Cache), false)
 4 SYSTEMPATH\Boot.php(312): CodeIgniter\CodeIgniter->run()
 5 SYSTEMPATH\Boot.php(67): CodeIgniter\Boot::runCodeIgniter(Object(CodeIgniter\CodeIgniter))
 6 FCPATH\index.php(56): CodeIgniter\Boot::bootWeb(Object(Config\Paths))
 7 SYSTEMPATH\Commands\Server\rewrite.php(49): require_once('C:\\APK\\xampp-8.2\\htdocs\\SafeToTrip\\public\\index.php')
INFO - 2024-06-15 17:29:56 --> Session: Class initialized using 'CodeIgniter\Session\Handlers\FileHandler' driver.
WARNING - 2024-06-15 17:29:56 --> [DEPRECATED] Creation of dynamic property App\Controllers\Home::$session is deprecated in APPPATH\Controllers\Home.php on line 13.
 1 SYSTEMPATH\CodeIgniter.php(903): App\Controllers\Home->__construct()
 2 SYSTEMPATH\CodeIgniter.php(500): CodeIgniter\CodeIgniter->createController()
 3 SYSTEMPATH\CodeIgniter.php(355): CodeIgniter\CodeIgniter->handleRequest(null, Object(Config\Cache), false)
 4 SYSTEMPATH\Boot.php(312): CodeIgniter\CodeIgniter->run()
 5 SYSTEMPATH\Boot.php(67): CodeIgniter\Boot::runCodeIgniter(Object(CodeIgniter\CodeIgniter))
 6 FCPATH\index.php(56): CodeIgniter\Boot::bootWeb(Object(Config\Paths))
 7 SYSTEMPATH\Commands\Server\rewrite.php(49): require_once('C:\\APK\\xampp-8.2\\htdocs\\SafeToTrip\\public\\index.php')
WARNING - 2024-06-15 17:29:56 --> [DEPRECATED] Creation of dynamic property App\Controllers\Home::$wisata is deprecated in APPPATH\Controllers\Home.php on line 14.
 1 SYSTEMPATH\CodeIgniter.php(903): App\Controllers\Home->__construct()
 2 SYSTEMPATH\CodeIgniter.php(500): CodeIgniter\CodeIgniter->createController()
 3 SYSTEMPATH\CodeIgniter.php(355): CodeIgniter\CodeIgniter->handleRequest(null, Object(Config\Cache), false)
 4 SYSTEMPATH\Boot.php(312): CodeIgniter\CodeIgniter->run()
 5 SYSTEMPATH\Boot.php(67): CodeIgniter\Boot::runCodeIgniter(Object(CodeIgniter\CodeIgniter))
 6 FCPATH\index.php(56): CodeIgniter\Boot::bootWeb(Object(Config\Paths))
 7 SYSTEMPATH\Commands\Server\rewrite.php(49): require_once('C:\\APK\\xampp-8.2\\htdocs\\SafeToTrip\\public\\index.php')
WARNING - 2024-06-15 17:29:56 --> [DEPRECATED] Creation of dynamic property App\Controllers\Home::$fasilitas is deprecated in APPPATH\Controllers\Home.php on line 15.
 1 SYSTEMPATH\CodeIgniter.php(903): App\Controllers\Home->__construct()
 2 SYSTEMPATH\CodeIgniter.php(500): CodeIgniter\CodeIgniter->createController()
 3 SYSTEMPATH\CodeIgniter.php(355): CodeIgniter\CodeIgniter->handleRequest(null, Object(Config\Cache), false)
 4 SYSTEMPATH\Boot.php(312): CodeIgniter\CodeIgniter->run()
 5 SYSTEMPATH\Boot.php(67): CodeIgniter\Boot::runCodeIgniter(Object(CodeIgniter\CodeIgniter))
 6 FCPATH\index.php(56): CodeIgniter\Boot::bootWeb(Object(Config\Paths))
 7 SYSTEMPATH\Commands\Server\rewrite.php(49): require_once('C:\\APK\\xampp-8.2\\htdocs\\SafeToTrip\\public\\index.php')
WARNING - 2024-06-15 17:29:56 --> [DEPRECATED] Creation of dynamic property App\Controllers\Home::$harga is deprecated in APPPATH\Controllers\Home.php on line 16.
 1 SYSTEMPATH\CodeIgniter.php(903): App\Controllers\Home->__construct()
 2 SYSTEMPATH\CodeIgniter.php(500): CodeIgniter\CodeIgniter->createController()
 3 SYSTEMPATH\CodeIgniter.php(355): CodeIgniter\CodeIgniter->handleRequest(null, Object(Config\Cache), false)
 4 SYSTEMPATH\Boot.php(312): CodeIgniter\CodeIgniter->run()
 5 SYSTEMPATH\Boot.php(67): CodeIgniter\Boot::runCodeIgniter(Object(CodeIgniter\CodeIgniter))
 6 FCPATH\index.php(56): CodeIgniter\Boot::bootWeb(Object(Config\Paths))
 7 SYSTEMPATH\Commands\Server\rewrite.php(49): require_once('C:\\APK\\xampp-8.2\\htdocs\\SafeToTrip\\public\\index.php')
INFO - 2024-06-15 17:37:53 --> Session: Class initialized using 'CodeIgniter\Session\Handlers\FileHandler' driver.
WARNING - 2024-06-15 17:37:53 --> [DEPRECATED] Creation of dynamic property App\Controllers\Home::$session is deprecated in APPPATH\Controllers\Home.php on line 13.
 1 SYSTEMPATH\CodeIgniter.php(903): App\Controllers\Home->__construct()
 2 SYSTEMPATH\CodeIgniter.php(500): CodeIgniter\CodeIgniter->createController()
 3 SYSTEMPATH\CodeIgniter.php(355): CodeIgniter\CodeIgniter->handleRequest(null, Object(Config\Cache), false)
 4 SYSTEMPATH\Boot.php(312): CodeIgniter\CodeIgniter->run()
 5 SYSTEMPATH\Boot.php(67): CodeIgniter\Boot::runCodeIgniter(Object(CodeIgniter\CodeIgniter))
 6 FCPATH\index.php(56): CodeIgniter\Boot::bootWeb(Object(Config\Paths))
 7 SYSTEMPATH\Commands\Server\rewrite.php(49): require_once('C:\\APK\\xampp-8.2\\htdocs\\SafeToTrip\\public\\index.php')
WARNING - 2024-06-15 17:37:53 --> [DEPRECATED] Creation of dynamic property App\Controllers\Home::$wisata is deprecated in APPPATH\Controllers\Home.php on line 14.
 1 SYSTEMPATH\CodeIgniter.php(903): App\Controllers\Home->__construct()
 2 SYSTEMPATH\CodeIgniter.php(500): CodeIgniter\CodeIgniter->createController()
 3 SYSTEMPATH\CodeIgniter.php(355): CodeIgniter\CodeIgniter->handleRequest(null, Object(Config\Cache), false)
 4 SYSTEMPATH\Boot.php(312): CodeIgniter\CodeIgniter->run()
 5 SYSTEMPATH\Boot.php(67): CodeIgniter\Boot::runCodeIgniter(Object(CodeIgniter\CodeIgniter))
 6 FCPATH\index.php(56): CodeIgniter\Boot::bootWeb(Object(Config\Paths))
 7 SYSTEMPATH\Commands\Server\rewrite.php(49): require_once('C:\\APK\\xampp-8.2\\htdocs\\SafeToTrip\\public\\index.php')
WARNING - 2024-06-15 17:37:53 --> [DEPRECATED] Creation of dynamic property App\Controllers\Home::$fasilitas is deprecated in APPPATH\Controllers\Home.php on line 15.
 1 SYSTEMPATH\CodeIgniter.php(903): App\Controllers\Home->__construct()
 2 SYSTEMPATH\CodeIgniter.php(500): CodeIgniter\CodeIgniter->createController()
 3 SYSTEMPATH\CodeIgniter.php(355): CodeIgniter\CodeIgniter->handleRequest(null, Object(Config\Cache), false)
 4 SYSTEMPATH\Boot.php(312): CodeIgniter\CodeIgniter->run()
 5 SYSTEMPATH\Boot.php(67): CodeIgniter\Boot::runCodeIgniter(Object(CodeIgniter\CodeIgniter))
 6 FCPATH\index.php(56): CodeIgniter\Boot::bootWeb(Object(Config\Paths))
 7 SYSTEMPATH\Commands\Server\rewrite.php(49): require_once('C:\\APK\\xampp-8.2\\htdocs\\SafeToTrip\\public\\index.php')
WARNING - 2024-06-15 17:37:53 --> [DEPRECATED] Creation of dynamic property App\Controllers\Home::$harga is deprecated in APPPATH\Controllers\Home.php on line 16.
 1 SYSTEMPATH\CodeIgniter.php(903): App\Controllers\Home->__construct()
 2 SYSTEMPATH\CodeIgniter.php(500): CodeIgniter\CodeIgniter->createController()
 3 SYSTEMPATH\CodeIgniter.php(355): CodeIgniter\CodeIgniter->handleRequest(null, Object(Config\Cache), false)
 4 SYSTEMPATH\Boot.php(312): CodeIgniter\CodeIgniter->run()
 5 SYSTEMPATH\Boot.php(67): CodeIgniter\Boot::runCodeIgniter(Object(CodeIgniter\CodeIgniter))
 6 FCPATH\index.php(56): CodeIgniter\Boot::bootWeb(Object(Config\Paths))
 7 SYSTEMPATH\Commands\Server\rewrite.php(49): require_once('C:\\APK\\xampp-8.2\\htdocs\\SafeToTrip\\public\\index.php')
INFO - 2024-06-15 17:38:45 --> Session: Class initialized using 'CodeIgniter\Session\Handlers\FileHandler' driver.
WARNING - 2024-06-15 17:38:45 --> [DEPRECATED] Creation of dynamic property App\Controllers\Home::$session is deprecated in APPPATH\Controllers\Home.php on line 13.
 1 SYSTEMPATH\CodeIgniter.php(903): App\Controllers\Home->__construct()
 2 SYSTEMPATH\CodeIgniter.php(500): CodeIgniter\CodeIgniter->createController()
 3 SYSTEMPATH\CodeIgniter.php(355): CodeIgniter\CodeIgniter->handleRequest(null, Object(Config\Cache), false)
 4 SYSTEMPATH\Boot.php(312): CodeIgniter\CodeIgniter->run()
 5 SYSTEMPATH\Boot.php(67): CodeIgniter\Boot::runCodeIgniter(Object(CodeIgniter\CodeIgniter))
 6 FCPATH\index.php(56): CodeIgniter\Boot::bootWeb(Object(Config\Paths))
 7 SYSTEMPATH\Commands\Server\rewrite.php(49): require_once('C:\\APK\\xampp-8.2\\htdocs\\SafeToTrip\\public\\index.php')
WARNING - 2024-06-15 17:38:45 --> [DEPRECATED] Creation of dynamic property App\Controllers\Home::$wisata is deprecated in APPPATH\Controllers\Home.php on line 14.
 1 SYSTEMPATH\CodeIgniter.php(903): App\Controllers\Home->__construct()
 2 SYSTEMPATH\CodeIgniter.php(500): CodeIgniter\CodeIgniter->createController()
 3 SYSTEMPATH\CodeIgniter.php(355): CodeIgniter\CodeIgniter->handleRequest(null, Object(Config\Cache), false)
 4 SYSTEMPATH\Boot.php(312): CodeIgniter\CodeIgniter->run()
 5 SYSTEMPATH\Boot.php(67): CodeIgniter\Boot::runCodeIgniter(Object(CodeIgniter\CodeIgniter))
 6 FCPATH\index.php(56): CodeIgniter\Boot::bootWeb(Object(Config\Paths))
 7 SYSTEMPATH\Commands\Server\rewrite.php(49): require_once('C:\\APK\\xampp-8.2\\htdocs\\SafeToTrip\\public\\index.php')
WARNING - 2024-06-15 17:38:45 --> [DEPRECATED] Creation of dynamic property App\Controllers\Home::$fasilitas is deprecated in APPPATH\Controllers\Home.php on line 15.
 1 SYSTEMPATH\CodeIgniter.php(903): App\Controllers\Home->__construct()
 2 SYSTEMPATH\CodeIgniter.php(500): CodeIgniter\CodeIgniter->createController()
 3 SYSTEMPATH\CodeIgniter.php(355): CodeIgniter\CodeIgniter->handleRequest(null, Object(Config\Cache), false)
 4 SYSTEMPATH\Boot.php(312): CodeIgniter\CodeIgniter->run()
 5 SYSTEMPATH\Boot.php(67): CodeIgniter\Boot::runCodeIgniter(Object(CodeIgniter\CodeIgniter))
 6 FCPATH\index.php(56): CodeIgniter\Boot::bootWeb(Object(Config\Paths))
 7 SYSTEMPATH\Commands\Server\rewrite.php(49): require_once('C:\\APK\\xampp-8.2\\htdocs\\SafeToTrip\\public\\index.php')
WARNING - 2024-06-15 17:38:45 --> [DEPRECATED] Creation of dynamic property App\Controllers\Home::$harga is deprecated in APPPATH\Controllers\Home.php on line 16.
 1 SYSTEMPATH\CodeIgniter.php(903): App\Controllers\Home->__construct()
 2 SYSTEMPATH\CodeIgniter.php(500): CodeIgniter\CodeIgniter->createController()
 3 SYSTEMPATH\CodeIgniter.php(355): CodeIgniter\CodeIgniter->handleRequest(null, Object(Config\Cache), false)
 4 SYSTEMPATH\Boot.php(312): CodeIgniter\CodeIgniter->run()
 5 SYSTEMPATH\Boot.php(67): CodeIgniter\Boot::runCodeIgniter(Object(CodeIgniter\CodeIgniter))
 6 FCPATH\index.php(56): CodeIgniter\Boot::bootWeb(Object(Config\Paths))
 7 SYSTEMPATH\Commands\Server\rewrite.php(49): require_once('C:\\APK\\xampp-8.2\\htdocs\\SafeToTrip\\public\\index.php')
INFO - 2024-06-15 17:40:02 --> Session: Class initialized using 'CodeIgniter\Session\Handlers\FileHandler' driver.
WARNING - 2024-06-15 17:40:02 --> [DEPRECATED] Creation of dynamic property App\Controllers\Home::$session is deprecated in APPPATH\Controllers\Home.php on line 13.
 1 SYSTEMPATH\CodeIgniter.php(903): App\Controllers\Home->__construct()
 2 SYSTEMPATH\CodeIgniter.php(500): CodeIgniter\CodeIgniter->createController()
 3 SYSTEMPATH\CodeIgniter.php(355): CodeIgniter\CodeIgniter->handleRequest(null, Object(Config\Cache), false)
 4 SYSTEMPATH\Boot.php(312): CodeIgniter\CodeIgniter->run()
 5 SYSTEMPATH\Boot.php(67): CodeIgniter\Boot::runCodeIgniter(Object(CodeIgniter\CodeIgniter))
 6 FCPATH\index.php(56): CodeIgniter\Boot::bootWeb(Object(Config\Paths))
 7 SYSTEMPATH\Commands\Server\rewrite.php(49): require_once('C:\\APK\\xampp-8.2\\htdocs\\SafeToTrip\\public\\index.php')
WARNING - 2024-06-15 17:40:02 --> [DEPRECATED] Creation of dynamic property App\Controllers\Home::$wisata is deprecated in APPPATH\Controllers\Home.php on line 14.
 1 SYSTEMPATH\CodeIgniter.php(903): App\Controllers\Home->__construct()
 2 SYSTEMPATH\CodeIgniter.php(500): CodeIgniter\CodeIgniter->createController()
 3 SYSTEMPATH\CodeIgniter.php(355): CodeIgniter\CodeIgniter->handleRequest(null, Object(Config\Cache), false)
 4 SYSTEMPATH\Boot.php(312): CodeIgniter\CodeIgniter->run()
 5 SYSTEMPATH\Boot.php(67): CodeIgniter\Boot::runCodeIgniter(Object(CodeIgniter\CodeIgniter))
 6 FCPATH\index.php(56): CodeIgniter\Boot::bootWeb(Object(Config\Paths))
 7 SYSTEMPATH\Commands\Server\rewrite.php(49): require_once('C:\\APK\\xampp-8.2\\htdocs\\SafeToTrip\\public\\index.php')
WARNING - 2024-06-15 17:40:02 --> [DEPRECATED] Creation of dynamic property App\Controllers\Home::$fasilitas is deprecated in APPPATH\Controllers\Home.php on line 15.
 1 SYSTEMPATH\CodeIgniter.php(903): App\Controllers\Home->__construct()
 2 SYSTEMPATH\CodeIgniter.php(500): CodeIgniter\CodeIgniter->createController()
 3 SYSTEMPATH\CodeIgniter.php(355): CodeIgniter\CodeIgniter->handleRequest(null, Object(Config\Cache), false)
 4 SYSTEMPATH\Boot.php(312): CodeIgniter\CodeIgniter->run()
 5 SYSTEMPATH\Boot.php(67): CodeIgniter\Boot::runCodeIgniter(Object(CodeIgniter\CodeIgniter))
 6 FCPATH\index.php(56): CodeIgniter\Boot::bootWeb(Object(Config\Paths))
 7 SYSTEMPATH\Commands\Server\rewrite.php(49): require_once('C:\\APK\\xampp-8.2\\htdocs\\SafeToTrip\\public\\index.php')
WARNING - 2024-06-15 17:40:02 --> [DEPRECATED] Creation of dynamic property App\Controllers\Home::$harga is deprecated in APPPATH\Controllers\Home.php on line 16.
 1 SYSTEMPATH\CodeIgniter.php(903): App\Controllers\Home->__construct()
 2 SYSTEMPATH\CodeIgniter.php(500): CodeIgniter\CodeIgniter->createController()
 3 SYSTEMPATH\CodeIgniter.php(355): CodeIgniter\CodeIgniter->handleRequest(null, Object(Config\Cache), false)
 4 SYSTEMPATH\Boot.php(312): CodeIgniter\CodeIgniter->run()
 5 SYSTEMPATH\Boot.php(67): CodeIgniter\Boot::runCodeIgniter(Object(CodeIgniter\CodeIgniter))
 6 FCPATH\index.php(56): CodeIgniter\Boot::bootWeb(Object(Config\Paths))
 7 SYSTEMPATH\Commands\Server\rewrite.php(49): require_once('C:\\APK\\xampp-8.2\\htdocs\\SafeToTrip\\public\\index.php')
INFO - 2024-06-15 17:40:42 --> Session: Class initialized using 'CodeIgniter\Session\Handlers\FileHandler' driver.
WARNING - 2024-06-15 17:40:42 --> [DEPRECATED] Creation of dynamic property App\Controllers\Home::$session is deprecated in APPPATH\Controllers\Home.php on line 13.
 1 SYSTEMPATH\CodeIgniter.php(903): App\Controllers\Home->__construct()
 2 SYSTEMPATH\CodeIgniter.php(500): CodeIgniter\CodeIgniter->createController()
 3 SYSTEMPATH\CodeIgniter.php(355): CodeIgniter\CodeIgniter->handleRequest(null, Object(Config\Cache), false)
 4 SYSTEMPATH\Boot.php(312): CodeIgniter\CodeIgniter->run()
 5 SYSTEMPATH\Boot.php(67): CodeIgniter\Boot::runCodeIgniter(Object(CodeIgniter\CodeIgniter))
 6 FCPATH\index.php(56): CodeIgniter\Boot::bootWeb(Object(Config\Paths))
 7 SYSTEMPATH\Commands\Server\rewrite.php(49): require_once('C:\\APK\\xampp-8.2\\htdocs\\SafeToTrip\\public\\index.php')
WARNING - 2024-06-15 17:40:42 --> [DEPRECATED] Creation of dynamic property App\Controllers\Home::$wisata is deprecated in APPPATH\Controllers\Home.php on line 14.
 1 SYSTEMPATH\CodeIgniter.php(903): App\Controllers\Home->__construct()
 2 SYSTEMPATH\CodeIgniter.php(500): CodeIgniter\CodeIgniter->createController()
 3 SYSTEMPATH\CodeIgniter.php(355): CodeIgniter\CodeIgniter->handleRequest(null, Object(Config\Cache), false)
 4 SYSTEMPATH\Boot.php(312): CodeIgniter\CodeIgniter->run()
 5 SYSTEMPATH\Boot.php(67): CodeIgniter\Boot::runCodeIgniter(Object(CodeIgniter\CodeIgniter))
 6 FCPATH\index.php(56): CodeIgniter\Boot::bootWeb(Object(Config\Paths))
 7 SYSTEMPATH\Commands\Server\rewrite.php(49): require_once('C:\\APK\\xampp-8.2\\htdocs\\SafeToTrip\\public\\index.php')
WARNING - 2024-06-15 17:40:42 --> [DEPRECATED] Creation of dynamic property App\Controllers\Home::$fasilitas is deprecated in APPPATH\Controllers\Home.php on line 15.
 1 SYSTEMPATH\CodeIgniter.php(903): App\Controllers\Home->__construct()
 2 SYSTEMPATH\CodeIgniter.php(500): CodeIgniter\CodeIgniter->createController()
 3 SYSTEMPATH\CodeIgniter.php(355): CodeIgniter\CodeIgniter->handleRequest(null, Object(Config\Cache), false)
 4 SYSTEMPATH\Boot.php(312): CodeIgniter\CodeIgniter->run()
 5 SYSTEMPATH\Boot.php(67): CodeIgniter\Boot::runCodeIgniter(Object(CodeIgniter\CodeIgniter))
 6 FCPATH\index.php(56): CodeIgniter\Boot::bootWeb(Object(Config\Paths))
 7 SYSTEMPATH\Commands\Server\rewrite.php(49): require_once('C:\\APK\\xampp-8.2\\htdocs\\SafeToTrip\\public\\index.php')
WARNING - 2024-06-15 17:40:42 --> [DEPRECATED] Creation of dynamic property App\Controllers\Home::$harga is deprecated in APPPATH\Controllers\Home.php on line 16.
 1 SYSTEMPATH\CodeIgniter.php(903): App\Controllers\Home->__construct()
 2 SYSTEMPATH\CodeIgniter.php(500): CodeIgniter\CodeIgniter->createController()
 3 SYSTEMPATH\CodeIgniter.php(355): CodeIgniter\CodeIgniter->handleRequest(null, Object(Config\Cache), false)
 4 SYSTEMPATH\Boot.php(312): CodeIgniter\CodeIgniter->run()
 5 SYSTEMPATH\Boot.php(67): CodeIgniter\Boot::runCodeIgniter(Object(CodeIgniter\CodeIgniter))
 6 FCPATH\index.php(56): CodeIgniter\Boot::bootWeb(Object(Config\Paths))
 7 SYSTEMPATH\Commands\Server\rewrite.php(49): require_once('C:\\APK\\xampp-8.2\\htdocs\\SafeToTrip\\public\\index.php')
INFO - 2024-06-15 17:41:09 --> Session: Class initialized using 'CodeIgniter\Session\Handlers\FileHandler' driver.
WARNING - 2024-06-15 17:41:09 --> [DEPRECATED] Creation of dynamic property App\Controllers\Home::$session is deprecated in APPPATH\Controllers\Home.php on line 13.
 1 SYSTEMPATH\CodeIgniter.php(903): App\Controllers\Home->__construct()
 2 SYSTEMPATH\CodeIgniter.php(500): CodeIgniter\CodeIgniter->createController()
 3 SYSTEMPATH\CodeIgniter.php(355): CodeIgniter\CodeIgniter->handleRequest(null, Object(Config\Cache), false)
 4 SYSTEMPATH\Boot.php(312): CodeIgniter\CodeIgniter->run()
 5 SYSTEMPATH\Boot.php(67): CodeIgniter\Boot::runCodeIgniter(Object(CodeIgniter\CodeIgniter))
 6 FCPATH\index.php(56): CodeIgniter\Boot::bootWeb(Object(Config\Paths))
 7 SYSTEMPATH\Commands\Server\rewrite.php(49): require_once('C:\\APK\\xampp-8.2\\htdocs\\SafeToTrip\\public\\index.php')
WARNING - 2024-06-15 17:41:09 --> [DEPRECATED] Creation of dynamic property App\Controllers\Home::$wisata is deprecated in APPPATH\Controllers\Home.php on line 14.
 1 SYSTEMPATH\CodeIgniter.php(903): App\Controllers\Home->__construct()
 2 SYSTEMPATH\CodeIgniter.php(500): CodeIgniter\CodeIgniter->createController()
 3 SYSTEMPATH\CodeIgniter.php(355): CodeIgniter\CodeIgniter->handleRequest(null, Object(Config\Cache), false)
 4 SYSTEMPATH\Boot.php(312): CodeIgniter\CodeIgniter->run()
 5 SYSTEMPATH\Boot.php(67): CodeIgniter\Boot::runCodeIgniter(Object(CodeIgniter\CodeIgniter))
 6 FCPATH\index.php(56): CodeIgniter\Boot::bootWeb(Object(Config\Paths))
 7 SYSTEMPATH\Commands\Server\rewrite.php(49): require_once('C:\\APK\\xampp-8.2\\htdocs\\SafeToTrip\\public\\index.php')
WARNING - 2024-06-15 17:41:09 --> [DEPRECATED] Creation of dynamic property App\Controllers\Home::$fasilitas is deprecated in APPPATH\Controllers\Home.php on line 15.
 1 SYSTEMPATH\CodeIgniter.php(903): App\Controllers\Home->__construct()
 2 SYSTEMPATH\CodeIgniter.php(500): CodeIgniter\CodeIgniter->createController()
 3 SYSTEMPATH\CodeIgniter.php(355): CodeIgniter\CodeIgniter->handleRequest(null, Object(Config\Cache), false)
 4 SYSTEMPATH\Boot.php(312): CodeIgniter\CodeIgniter->run()
 5 SYSTEMPATH\Boot.php(67): CodeIgniter\Boot::runCodeIgniter(Object(CodeIgniter\CodeIgniter))
 6 FCPATH\index.php(56): CodeIgniter\Boot::bootWeb(Object(Config\Paths))
 7 SYSTEMPATH\Commands\Server\rewrite.php(49): require_once('C:\\APK\\xampp-8.2\\htdocs\\SafeToTrip\\public\\index.php')
WARNING - 2024-06-15 17:41:09 --> [DEPRECATED] Creation of dynamic property App\Controllers\Home::$harga is deprecated in APPPATH\Controllers\Home.php on line 16.
 1 SYSTEMPATH\CodeIgniter.php(903): App\Controllers\Home->__construct()
 2 SYSTEMPATH\CodeIgniter.php(500): CodeIgniter\CodeIgniter->createController()
 3 SYSTEMPATH\CodeIgniter.php(355): CodeIgniter\CodeIgniter->handleRequest(null, Object(Config\Cache), false)
 4 SYSTEMPATH\Boot.php(312): CodeIgniter\CodeIgniter->run()
 5 SYSTEMPATH\Boot.php(67): CodeIgniter\Boot::runCodeIgniter(Object(CodeIgniter\CodeIgniter))
 6 FCPATH\index.php(56): CodeIgniter\Boot::bootWeb(Object(Config\Paths))
 7 SYSTEMPATH\Commands\Server\rewrite.php(49): require_once('C:\\APK\\xampp-8.2\\htdocs\\SafeToTrip\\public\\index.php')
INFO - 2024-06-15 17:48:50 --> Session: Class initialized using 'CodeIgniter\Session\Handlers\FileHandler' driver.
WARNING - 2024-06-15 17:48:50 --> [DEPRECATED] Creation of dynamic property App\Controllers\Home::$session is deprecated in APPPATH\Controllers\Home.php on line 13.
 1 SYSTEMPATH\CodeIgniter.php(903): App\Controllers\Home->__construct()
 2 SYSTEMPATH\CodeIgniter.php(500): CodeIgniter\CodeIgniter->createController()
 3 SYSTEMPATH\CodeIgniter.php(355): CodeIgniter\CodeIgniter->handleRequest(null, Object(Config\Cache), false)
 4 SYSTEMPATH\Boot.php(312): CodeIgniter\CodeIgniter->run()
 5 SYSTEMPATH\Boot.php(67): CodeIgniter\Boot::runCodeIgniter(Object(CodeIgniter\CodeIgniter))
 6 FCPATH\index.php(56): CodeIgniter\Boot::bootWeb(Object(Config\Paths))
 7 SYSTEMPATH\Commands\Server\rewrite.php(49): require_once('C:\\APK\\xampp-8.2\\htdocs\\SafeToTrip\\public\\index.php')
WARNING - 2024-06-15 17:48:50 --> [DEPRECATED] Creation of dynamic property App\Controllers\Home::$wisata is deprecated in APPPATH\Controllers\Home.php on line 14.
 1 SYSTEMPATH\CodeIgniter.php(903): App\Controllers\Home->__construct()
 2 SYSTEMPATH\CodeIgniter.php(500): CodeIgniter\CodeIgniter->createController()
 3 SYSTEMPATH\CodeIgniter.php(355): CodeIgniter\CodeIgniter->handleRequest(null, Object(Config\Cache), false)
 4 SYSTEMPATH\Boot.php(312): CodeIgniter\CodeIgniter->run()
 5 SYSTEMPATH\Boot.php(67): CodeIgniter\Boot::runCodeIgniter(Object(CodeIgniter\CodeIgniter))
 6 FCPATH\index.php(56): CodeIgniter\Boot::bootWeb(Object(Config\Paths))
 7 SYSTEMPATH\Commands\Server\rewrite.php(49): require_once('C:\\APK\\xampp-8.2\\htdocs\\SafeToTrip\\public\\index.php')
WARNING - 2024-06-15 17:48:50 --> [DEPRECATED] Creation of dynamic property App\Controllers\Home::$fasilitas is deprecated in APPPATH\Controllers\Home.php on line 15.
 1 SYSTEMPATH\CodeIgniter.php(903): App\Controllers\Home->__construct()
 2 SYSTEMPATH\CodeIgniter.php(500): CodeIgniter\CodeIgniter->createController()
 3 SYSTEMPATH\CodeIgniter.php(355): CodeIgniter\CodeIgniter->handleRequest(null, Object(Config\Cache), false)
 4 SYSTEMPATH\Boot.php(312): CodeIgniter\CodeIgniter->run()
 5 SYSTEMPATH\Boot.php(67): CodeIgniter\Boot::runCodeIgniter(Object(CodeIgniter\CodeIgniter))
 6 FCPATH\index.php(56): CodeIgniter\Boot::bootWeb(Object(Config\Paths))
 7 SYSTEMPATH\Commands\Server\rewrite.php(49): require_once('C:\\APK\\xampp-8.2\\htdocs\\SafeToTrip\\public\\index.php')
WARNING - 2024-06-15 17:48:50 --> [DEPRECATED] Creation of dynamic property App\Controllers\Home::$harga is deprecated in APPPATH\Controllers\Home.php on line 16.
 1 SYSTEMPATH\CodeIgniter.php(903): App\Controllers\Home->__construct()
 2 SYSTEMPATH\CodeIgniter.php(500): CodeIgniter\CodeIgniter->createController()
 3 SYSTEMPATH\CodeIgniter.php(355): CodeIgniter\CodeIgniter->handleRequest(null, Object(Config\Cache), false)
 4 SYSTEMPATH\Boot.php(312): CodeIgniter\CodeIgniter->run()
 5 SYSTEMPATH\Boot.php(67): CodeIgniter\Boot::runCodeIgniter(Object(CodeIgniter\CodeIgniter))
 6 FCPATH\index.php(56): CodeIgniter\Boot::bootWeb(Object(Config\Paths))
 7 SYSTEMPATH\Commands\Server\rewrite.php(49): require_once('C:\\APK\\xampp-8.2\\htdocs\\SafeToTrip\\public\\index.php')
INFO - 2024-06-15 17:49:02 --> Session: Class initialized using 'CodeIgniter\Session\Handlers\FileHandler' driver.
WARNING - 2024-06-15 17:49:02 --> [DEPRECATED] Creation of dynamic property App\Controllers\Home::$session is deprecated in APPPATH\Controllers\Home.php on line 13.
 1 SYSTEMPATH\CodeIgniter.php(903): App\Controllers\Home->__construct()
 2 SYSTEMPATH\CodeIgniter.php(500): CodeIgniter\CodeIgniter->createController()
 3 SYSTEMPATH\CodeIgniter.php(355): CodeIgniter\CodeIgniter->handleRequest(null, Object(Config\Cache), false)
 4 SYSTEMPATH\Boot.php(312): CodeIgniter\CodeIgniter->run()
 5 SYSTEMPATH\Boot.php(67): CodeIgniter\Boot::runCodeIgniter(Object(CodeIgniter\CodeIgniter))
 6 FCPATH\index.php(56): CodeIgniter\Boot::bootWeb(Object(Config\Paths))
 7 SYSTEMPATH\Commands\Server\rewrite.php(49): require_once('C:\\APK\\xampp-8.2\\htdocs\\SafeToTrip\\public\\index.php')
WARNING - 2024-06-15 17:49:02 --> [DEPRECATED] Creation of dynamic property App\Controllers\Home::$wisata is deprecated in APPPATH\Controllers\Home.php on line 14.
 1 SYSTEMPATH\CodeIgniter.php(903): App\Controllers\Home->__construct()
 2 SYSTEMPATH\CodeIgniter.php(500): CodeIgniter\CodeIgniter->createController()
 3 SYSTEMPATH\CodeIgniter.php(355): CodeIgniter\CodeIgniter->handleRequest(null, Object(Config\Cache), false)
 4 SYSTEMPATH\Boot.php(312): CodeIgniter\CodeIgniter->run()
 5 SYSTEMPATH\Boot.php(67): CodeIgniter\Boot::runCodeIgniter(Object(CodeIgniter\CodeIgniter))
 6 FCPATH\index.php(56): CodeIgniter\Boot::bootWeb(Object(Config\Paths))
 7 SYSTEMPATH\Commands\Server\rewrite.php(49): require_once('C:\\APK\\xampp-8.2\\htdocs\\SafeToTrip\\public\\index.php')
WARNING - 2024-06-15 17:49:02 --> [DEPRECATED] Creation of dynamic property App\Controllers\Home::$fasilitas is deprecated in APPPATH\Controllers\Home.php on line 15.
 1 SYSTEMPATH\CodeIgniter.php(903): App\Controllers\Home->__construct()
 2 SYSTEMPATH\CodeIgniter.php(500): CodeIgniter\CodeIgniter->createController()
 3 SYSTEMPATH\CodeIgniter.php(355): CodeIgniter\CodeIgniter->handleRequest(null, Object(Config\Cache), false)
 4 SYSTEMPATH\Boot.php(312): CodeIgniter\CodeIgniter->run()
 5 SYSTEMPATH\Boot.php(67): CodeIgniter\Boot::runCodeIgniter(Object(CodeIgniter\CodeIgniter))
 6 FCPATH\index.php(56): CodeIgniter\Boot::bootWeb(Object(Config\Paths))
 7 SYSTEMPATH\Commands\Server\rewrite.php(49): require_once('C:\\APK\\xampp-8.2\\htdocs\\SafeToTrip\\public\\index.php')
WARNING - 2024-06-15 17:49:02 --> [DEPRECATED] Creation of dynamic property App\Controllers\Home::$harga is deprecated in APPPATH\Controllers\Home.php on line 16.
 1 SYSTEMPATH\CodeIgniter.php(903): App\Controllers\Home->__construct()
 2 SYSTEMPATH\CodeIgniter.php(500): CodeIgniter\CodeIgniter->createController()
 3 SYSTEMPATH\CodeIgniter.php(355): CodeIgniter\CodeIgniter->handleRequest(null, Object(Config\Cache), false)
 4 SYSTEMPATH\Boot.php(312): CodeIgniter\CodeIgniter->run()
 5 SYSTEMPATH\Boot.php(67): CodeIgniter\Boot::runCodeIgniter(Object(CodeIgniter\CodeIgniter))
 6 FCPATH\index.php(56): CodeIgniter\Boot::bootWeb(Object(Config\Paths))
 7 SYSTEMPATH\Commands\Server\rewrite.php(49): require_once('C:\\APK\\xampp-8.2\\htdocs\\SafeToTrip\\public\\index.php')
INFO - 2024-06-15 17:49:26 --> Session: Class initialized using 'CodeIgniter\Session\Handlers\FileHandler' driver.
WARNING - 2024-06-15 17:49:26 --> [DEPRECATED] Creation of dynamic property App\Controllers\Home::$session is deprecated in APPPATH\Controllers\Home.php on line 13.
 1 SYSTEMPATH\CodeIgniter.php(903): App\Controllers\Home->__construct()
 2 SYSTEMPATH\CodeIgniter.php(500): CodeIgniter\CodeIgniter->createController()
 3 SYSTEMPATH\CodeIgniter.php(355): CodeIgniter\CodeIgniter->handleRequest(null, Object(Config\Cache), false)
 4 SYSTEMPATH\Boot.php(312): CodeIgniter\CodeIgniter->run()
 5 SYSTEMPATH\Boot.php(67): CodeIgniter\Boot::runCodeIgniter(Object(CodeIgniter\CodeIgniter))
 6 FCPATH\index.php(56): CodeIgniter\Boot::bootWeb(Object(Config\Paths))
 7 SYSTEMPATH\Commands\Server\rewrite.php(49): require_once('C:\\APK\\xampp-8.2\\htdocs\\SafeToTrip\\public\\index.php')
WARNING - 2024-06-15 17:49:26 --> [DEPRECATED] Creation of dynamic property App\Controllers\Home::$wisata is deprecated in APPPATH\Controllers\Home.php on line 14.
 1 SYSTEMPATH\CodeIgniter.php(903): App\Controllers\Home->__construct()
 2 SYSTEMPATH\CodeIgniter.php(500): CodeIgniter\CodeIgniter->createController()
 3 SYSTEMPATH\CodeIgniter.php(355): CodeIgniter\CodeIgniter->handleRequest(null, Object(Config\Cache), false)
 4 SYSTEMPATH\Boot.php(312): CodeIgniter\CodeIgniter->run()
 5 SYSTEMPATH\Boot.php(67): CodeIgniter\Boot::runCodeIgniter(Object(CodeIgniter\CodeIgniter))
 6 FCPATH\index.php(56): CodeIgniter\Boot::bootWeb(Object(Config\Paths))
 7 SYSTEMPATH\Commands\Server\rewrite.php(49): require_once('C:\\APK\\xampp-8.2\\htdocs\\SafeToTrip\\public\\index.php')
WARNING - 2024-06-15 17:49:26 --> [DEPRECATED] Creation of dynamic property App\Controllers\Home::$fasilitas is deprecated in APPPATH\Controllers\Home.php on line 15.
 1 SYSTEMPATH\CodeIgniter.php(903): App\Controllers\Home->__construct()
 2 SYSTEMPATH\CodeIgniter.php(500): CodeIgniter\CodeIgniter->createController()
 3 SYSTEMPATH\CodeIgniter.php(355): CodeIgniter\CodeIgniter->handleRequest(null, Object(Config\Cache), false)
 4 SYSTEMPATH\Boot.php(312): CodeIgniter\CodeIgniter->run()
 5 SYSTEMPATH\Boot.php(67): CodeIgniter\Boot::runCodeIgniter(Object(CodeIgniter\CodeIgniter))
 6 FCPATH\index.php(56): CodeIgniter\Boot::bootWeb(Object(Config\Paths))
 7 SYSTEMPATH\Commands\Server\rewrite.php(49): require_once('C:\\APK\\xampp-8.2\\htdocs\\SafeToTrip\\public\\index.php')
WARNING - 2024-06-15 17:49:26 --> [DEPRECATED] Creation of dynamic property App\Controllers\Home::$harga is deprecated in APPPATH\Controllers\Home.php on line 16.
 1 SYSTEMPATH\CodeIgniter.php(903): App\Controllers\Home->__construct()
 2 SYSTEMPATH\CodeIgniter.php(500): CodeIgniter\CodeIgniter->createController()
 3 SYSTEMPATH\CodeIgniter.php(355): CodeIgniter\CodeIgniter->handleRequest(null, Object(Config\Cache), false)
 4 SYSTEMPATH\Boot.php(312): CodeIgniter\CodeIgniter->run()
 5 SYSTEMPATH\Boot.php(67): CodeIgniter\Boot::runCodeIgniter(Object(CodeIgniter\CodeIgniter))
 6 FCPATH\index.php(56): CodeIgniter\Boot::bootWeb(Object(Config\Paths))
 7 SYSTEMPATH\Commands\Server\rewrite.php(49): require_once('C:\\APK\\xampp-8.2\\htdocs\\SafeToTrip\\public\\index.php')
INFO - 2024-06-15 17:49:46 --> Session: Class initialized using 'CodeIgniter\Session\Handlers\FileHandler' driver.
WARNING - 2024-06-15 17:49:46 --> [DEPRECATED] Creation of dynamic property App\Controllers\Home::$session is deprecated in APPPATH\Controllers\Home.php on line 13.
 1 SYSTEMPATH\CodeIgniter.php(903): App\Controllers\Home->__construct()
 2 SYSTEMPATH\CodeIgniter.php(500): CodeIgniter\CodeIgniter->createController()
 3 SYSTEMPATH\CodeIgniter.php(355): CodeIgniter\CodeIgniter->handleRequest(null, Object(Config\Cache), false)
 4 SYSTEMPATH\Boot.php(312): CodeIgniter\CodeIgniter->run()
 5 SYSTEMPATH\Boot.php(67): CodeIgniter\Boot::runCodeIgniter(Object(CodeIgniter\CodeIgniter))
 6 FCPATH\index.php(56): CodeIgniter\Boot::bootWeb(Object(Config\Paths))
 7 SYSTEMPATH\Commands\Server\rewrite.php(49): require_once('C:\\APK\\xampp-8.2\\htdocs\\SafeToTrip\\public\\index.php')
WARNING - 2024-06-15 17:49:46 --> [DEPRECATED] Creation of dynamic property App\Controllers\Home::$wisata is deprecated in APPPATH\Controllers\Home.php on line 14.
 1 SYSTEMPATH\CodeIgniter.php(903): App\Controllers\Home->__construct()
 2 SYSTEMPATH\CodeIgniter.php(500): CodeIgniter\CodeIgniter->createController()
 3 SYSTEMPATH\CodeIgniter.php(355): CodeIgniter\CodeIgniter->handleRequest(null, Object(Config\Cache), false)
 4 SYSTEMPATH\Boot.php(312): CodeIgniter\CodeIgniter->run()
 5 SYSTEMPATH\Boot.php(67): CodeIgniter\Boot::runCodeIgniter(Object(CodeIgniter\CodeIgniter))
 6 FCPATH\index.php(56): CodeIgniter\Boot::bootWeb(Object(Config\Paths))
 7 SYSTEMPATH\Commands\Server\rewrite.php(49): require_once('C:\\APK\\xampp-8.2\\htdocs\\SafeToTrip\\public\\index.php')
WARNING - 2024-06-15 17:49:46 --> [DEPRECATED] Creation of dynamic property App\Controllers\Home::$fasilitas is deprecated in APPPATH\Controllers\Home.php on line 15.
 1 SYSTEMPATH\CodeIgniter.php(903): App\Controllers\Home->__construct()
 2 SYSTEMPATH\CodeIgniter.php(500): CodeIgniter\CodeIgniter->createController()
 3 SYSTEMPATH\CodeIgniter.php(355): CodeIgniter\CodeIgniter->handleRequest(null, Object(Config\Cache), false)
 4 SYSTEMPATH\Boot.php(312): CodeIgniter\CodeIgniter->run()
 5 SYSTEMPATH\Boot.php(67): CodeIgniter\Boot::runCodeIgniter(Object(CodeIgniter\CodeIgniter))
 6 FCPATH\index.php(56): CodeIgniter\Boot::bootWeb(Object(Config\Paths))
 7 SYSTEMPATH\Commands\Server\rewrite.php(49): require_once('C:\\APK\\xampp-8.2\\htdocs\\SafeToTrip\\public\\index.php')
WARNING - 2024-06-15 17:49:46 --> [DEPRECATED] Creation of dynamic property App\Controllers\Home::$harga is deprecated in APPPATH\Controllers\Home.php on line 16.
 1 SYSTEMPATH\CodeIgniter.php(903): App\Controllers\Home->__construct()
 2 SYSTEMPATH\CodeIgniter.php(500): CodeIgniter\CodeIgniter->createController()
 3 SYSTEMPATH\CodeIgniter.php(355): CodeIgniter\CodeIgniter->handleRequest(null, Object(Config\Cache), false)
 4 SYSTEMPATH\Boot.php(312): CodeIgniter\CodeIgniter->run()
 5 SYSTEMPATH\Boot.php(67): CodeIgniter\Boot::runCodeIgniter(Object(CodeIgniter\CodeIgniter))
 6 FCPATH\index.php(56): CodeIgniter\Boot::bootWeb(Object(Config\Paths))
 7 SYSTEMPATH\Commands\Server\rewrite.php(49): require_once('C:\\APK\\xampp-8.2\\htdocs\\SafeToTrip\\public\\index.php')
INFO - 2024-06-15 17:49:57 --> Session: Class initialized using 'CodeIgniter\Session\Handlers\FileHandler' driver.
WARNING - 2024-06-15 17:49:57 --> [DEPRECATED] Creation of dynamic property App\Controllers\Home::$session is deprecated in APPPATH\Controllers\Home.php on line 13.
 1 SYSTEMPATH\CodeIgniter.php(903): App\Controllers\Home->__construct()
 2 SYSTEMPATH\CodeIgniter.php(500): CodeIgniter\CodeIgniter->createController()
 3 SYSTEMPATH\CodeIgniter.php(355): CodeIgniter\CodeIgniter->handleRequest(null, Object(Config\Cache), false)
 4 SYSTEMPATH\Boot.php(312): CodeIgniter\CodeIgniter->run()
 5 SYSTEMPATH\Boot.php(67): CodeIgniter\Boot::runCodeIgniter(Object(CodeIgniter\CodeIgniter))
 6 FCPATH\index.php(56): CodeIgniter\Boot::bootWeb(Object(Config\Paths))
 7 SYSTEMPATH\Commands\Server\rewrite.php(49): require_once('C:\\APK\\xampp-8.2\\htdocs\\SafeToTrip\\public\\index.php')
WARNING - 2024-06-15 17:49:57 --> [DEPRECATED] Creation of dynamic property App\Controllers\Home::$wisata is deprecated in APPPATH\Controllers\Home.php on line 14.
 1 SYSTEMPATH\CodeIgniter.php(903): App\Controllers\Home->__construct()
 2 SYSTEMPATH\CodeIgniter.php(500): CodeIgniter\CodeIgniter->createController()
 3 SYSTEMPATH\CodeIgniter.php(355): CodeIgniter\CodeIgniter->handleRequest(null, Object(Config\Cache), false)
 4 SYSTEMPATH\Boot.php(312): CodeIgniter\CodeIgniter->run()
 5 SYSTEMPATH\Boot.php(67): CodeIgniter\Boot::runCodeIgniter(Object(CodeIgniter\CodeIgniter))
 6 FCPATH\index.php(56): CodeIgniter\Boot::bootWeb(Object(Config\Paths))
 7 SYSTEMPATH\Commands\Server\rewrite.php(49): require_once('C:\\APK\\xampp-8.2\\htdocs\\SafeToTrip\\public\\index.php')
WARNING - 2024-06-15 17:49:57 --> [DEPRECATED] Creation of dynamic property App\Controllers\Home::$fasilitas is deprecated in APPPATH\Controllers\Home.php on line 15.
 1 SYSTEMPATH\CodeIgniter.php(903): App\Controllers\Home->__construct()
 2 SYSTEMPATH\CodeIgniter.php(500): CodeIgniter\CodeIgniter->createController()
 3 SYSTEMPATH\CodeIgniter.php(355): CodeIgniter\CodeIgniter->handleRequest(null, Object(Config\Cache), false)
 4 SYSTEMPATH\Boot.php(312): CodeIgniter\CodeIgniter->run()
 5 SYSTEMPATH\Boot.php(67): CodeIgniter\Boot::runCodeIgniter(Object(CodeIgniter\CodeIgniter))
 6 FCPATH\index.php(56): CodeIgniter\Boot::bootWeb(Object(Config\Paths))
 7 SYSTEMPATH\Commands\Server\rewrite.php(49): require_once('C:\\APK\\xampp-8.2\\htdocs\\SafeToTrip\\public\\index.php')
WARNING - 2024-06-15 17:49:57 --> [DEPRECATED] Creation of dynamic property App\Controllers\Home::$harga is deprecated in APPPATH\Controllers\Home.php on line 16.
 1 SYSTEMPATH\CodeIgniter.php(903): App\Controllers\Home->__construct()
 2 SYSTEMPATH\CodeIgniter.php(500): CodeIgniter\CodeIgniter->createController()
 3 SYSTEMPATH\CodeIgniter.php(355): CodeIgniter\CodeIgniter->handleRequest(null, Object(Config\Cache), false)
 4 SYSTEMPATH\Boot.php(312): CodeIgniter\CodeIgniter->run()
 5 SYSTEMPATH\Boot.php(67): CodeIgniter\Boot::runCodeIgniter(Object(CodeIgniter\CodeIgniter))
 6 FCPATH\index.php(56): CodeIgniter\Boot::bootWeb(Object(Config\Paths))
 7 SYSTEMPATH\Commands\Server\rewrite.php(49): require_once('C:\\APK\\xampp-8.2\\htdocs\\SafeToTrip\\public\\index.php')
INFO - 2024-06-15 17:50:04 --> Session: Class initialized using 'CodeIgniter\Session\Handlers\FileHandler' driver.
WARNING - 2024-06-15 17:50:04 --> [DEPRECATED] Creation of dynamic property App\Controllers\Home::$session is deprecated in APPPATH\Controllers\Home.php on line 13.
 1 SYSTEMPATH\CodeIgniter.php(903): App\Controllers\Home->__construct()
 2 SYSTEMPATH\CodeIgniter.php(500): CodeIgniter\CodeIgniter->createController()
 3 SYSTEMPATH\CodeIgniter.php(355): CodeIgniter\CodeIgniter->handleRequest(null, Object(Config\Cache), false)
 4 SYSTEMPATH\Boot.php(312): CodeIgniter\CodeIgniter->run()
 5 SYSTEMPATH\Boot.php(67): CodeIgniter\Boot::runCodeIgniter(Object(CodeIgniter\CodeIgniter))
 6 FCPATH\index.php(56): CodeIgniter\Boot::bootWeb(Object(Config\Paths))
 7 SYSTEMPATH\Commands\Server\rewrite.php(49): require_once('C:\\APK\\xampp-8.2\\htdocs\\SafeToTrip\\public\\index.php')
WARNING - 2024-06-15 17:50:04 --> [DEPRECATED] Creation of dynamic property App\Controllers\Home::$wisata is deprecated in APPPATH\Controllers\Home.php on line 14.
 1 SYSTEMPATH\CodeIgniter.php(903): App\Controllers\Home->__construct()
 2 SYSTEMPATH\CodeIgniter.php(500): CodeIgniter\CodeIgniter->createController()
 3 SYSTEMPATH\CodeIgniter.php(355): CodeIgniter\CodeIgniter->handleRequest(null, Object(Config\Cache), false)
 4 SYSTEMPATH\Boot.php(312): CodeIgniter\CodeIgniter->run()
 5 SYSTEMPATH\Boot.php(67): CodeIgniter\Boot::runCodeIgniter(Object(CodeIgniter\CodeIgniter))
 6 FCPATH\index.php(56): CodeIgniter\Boot::bootWeb(Object(Config\Paths))
 7 SYSTEMPATH\Commands\Server\rewrite.php(49): require_once('C:\\APK\\xampp-8.2\\htdocs\\SafeToTrip\\public\\index.php')
WARNING - 2024-06-15 17:50:04 --> [DEPRECATED] Creation of dynamic property App\Controllers\Home::$fasilitas is deprecated in APPPATH\Controllers\Home.php on line 15.
 1 SYSTEMPATH\CodeIgniter.php(903): App\Controllers\Home->__construct()
 2 SYSTEMPATH\CodeIgniter.php(500): CodeIgniter\CodeIgniter->createController()
 3 SYSTEMPATH\CodeIgniter.php(355): CodeIgniter\CodeIgniter->handleRequest(null, Object(Config\Cache), false)
 4 SYSTEMPATH\Boot.php(312): CodeIgniter\CodeIgniter->run()
 5 SYSTEMPATH\Boot.php(67): CodeIgniter\Boot::runCodeIgniter(Object(CodeIgniter\CodeIgniter))
 6 FCPATH\index.php(56): CodeIgniter\Boot::bootWeb(Object(Config\Paths))
 7 SYSTEMPATH\Commands\Server\rewrite.php(49): require_once('C:\\APK\\xampp-8.2\\htdocs\\SafeToTrip\\public\\index.php')
WARNING - 2024-06-15 17:50:04 --> [DEPRECATED] Creation of dynamic property App\Controllers\Home::$harga is deprecated in APPPATH\Controllers\Home.php on line 16.
 1 SYSTEMPATH\CodeIgniter.php(903): App\Controllers\Home->__construct()
 2 SYSTEMPATH\CodeIgniter.php(500): CodeIgniter\CodeIgniter->createController()
 3 SYSTEMPATH\CodeIgniter.php(355): CodeIgniter\CodeIgniter->handleRequest(null, Object(Config\Cache), false)
 4 SYSTEMPATH\Boot.php(312): CodeIgniter\CodeIgniter->run()
 5 SYSTEMPATH\Boot.php(67): CodeIgniter\Boot::runCodeIgniter(Object(CodeIgniter\CodeIgniter))
 6 FCPATH\index.php(56): CodeIgniter\Boot::bootWeb(Object(Config\Paths))
 7 SYSTEMPATH\Commands\Server\rewrite.php(49): require_once('C:\\APK\\xampp-8.2\\htdocs\\SafeToTrip\\public\\index.php')
INFO - 2024-06-15 17:50:18 --> Session: Class initialized using 'CodeIgniter\Session\Handlers\FileHandler' driver.
WARNING - 2024-06-15 17:50:18 --> [DEPRECATED] Creation of dynamic property App\Controllers\Home::$session is deprecated in APPPATH\Controllers\Home.php on line 13.
 1 SYSTEMPATH\CodeIgniter.php(903): App\Controllers\Home->__construct()
 2 SYSTEMPATH\CodeIgniter.php(500): CodeIgniter\CodeIgniter->createController()
 3 SYSTEMPATH\CodeIgniter.php(355): CodeIgniter\CodeIgniter->handleRequest(null, Object(Config\Cache), false)
 4 SYSTEMPATH\Boot.php(312): CodeIgniter\CodeIgniter->run()
 5 SYSTEMPATH\Boot.php(67): CodeIgniter\Boot::runCodeIgniter(Object(CodeIgniter\CodeIgniter))
 6 FCPATH\index.php(56): CodeIgniter\Boot::bootWeb(Object(Config\Paths))
 7 SYSTEMPATH\Commands\Server\rewrite.php(49): require_once('C:\\APK\\xampp-8.2\\htdocs\\SafeToTrip\\public\\index.php')
WARNING - 2024-06-15 17:50:18 --> [DEPRECATED] Creation of dynamic property App\Controllers\Home::$wisata is deprecated in APPPATH\Controllers\Home.php on line 14.
 1 SYSTEMPATH\CodeIgniter.php(903): App\Controllers\Home->__construct()
 2 SYSTEMPATH\CodeIgniter.php(500): CodeIgniter\CodeIgniter->createController()
 3 SYSTEMPATH\CodeIgniter.php(355): CodeIgniter\CodeIgniter->handleRequest(null, Object(Config\Cache), false)
 4 SYSTEMPATH\Boot.php(312): CodeIgniter\CodeIgniter->run()
 5 SYSTEMPATH\Boot.php(67): CodeIgniter\Boot::runCodeIgniter(Object(CodeIgniter\CodeIgniter))
 6 FCPATH\index.php(56): CodeIgniter\Boot::bootWeb(Object(Config\Paths))
 7 SYSTEMPATH\Commands\Server\rewrite.php(49): require_once('C:\\APK\\xampp-8.2\\htdocs\\SafeToTrip\\public\\index.php')
WARNING - 2024-06-15 17:50:18 --> [DEPRECATED] Creation of dynamic property App\Controllers\Home::$fasilitas is deprecated in APPPATH\Controllers\Home.php on line 15.
 1 SYSTEMPATH\CodeIgniter.php(903): App\Controllers\Home->__construct()
 2 SYSTEMPATH\CodeIgniter.php(500): CodeIgniter\CodeIgniter->createController()
 3 SYSTEMPATH\CodeIgniter.php(355): CodeIgniter\CodeIgniter->handleRequest(null, Object(Config\Cache), false)
 4 SYSTEMPATH\Boot.php(312): CodeIgniter\CodeIgniter->run()
 5 SYSTEMPATH\Boot.php(67): CodeIgniter\Boot::runCodeIgniter(Object(CodeIgniter\CodeIgniter))
 6 FCPATH\index.php(56): CodeIgniter\Boot::bootWeb(Object(Config\Paths))
 7 SYSTEMPATH\Commands\Server\rewrite.php(49): require_once('C:\\APK\\xampp-8.2\\htdocs\\SafeToTrip\\public\\index.php')
WARNING - 2024-06-15 17:50:18 --> [DEPRECATED] Creation of dynamic property App\Controllers\Home::$harga is deprecated in APPPATH\Controllers\Home.php on line 16.
 1 SYSTEMPATH\CodeIgniter.php(903): App\Controllers\Home->__construct()
 2 SYSTEMPATH\CodeIgniter.php(500): CodeIgniter\CodeIgniter->createController()
 3 SYSTEMPATH\CodeIgniter.php(355): CodeIgniter\CodeIgniter->handleRequest(null, Object(Config\Cache), false)
 4 SYSTEMPATH\Boot.php(312): CodeIgniter\CodeIgniter->run()
 5 SYSTEMPATH\Boot.php(67): CodeIgniter\Boot::runCodeIgniter(Object(CodeIgniter\CodeIgniter))
 6 FCPATH\index.php(56): CodeIgniter\Boot::bootWeb(Object(Config\Paths))
 7 SYSTEMPATH\Commands\Server\rewrite.php(49): require_once('C:\\APK\\xampp-8.2\\htdocs\\SafeToTrip\\public\\index.php')
INFO - 2024-06-15 17:50:37 --> Session: Class initialized using 'CodeIgniter\Session\Handlers\FileHandler' driver.
WARNING - 2024-06-15 17:50:37 --> [DEPRECATED] Creation of dynamic property App\Controllers\Home::$session is deprecated in APPPATH\Controllers\Home.php on line 13.
 1 SYSTEMPATH\CodeIgniter.php(903): App\Controllers\Home->__construct()
 2 SYSTEMPATH\CodeIgniter.php(500): CodeIgniter\CodeIgniter->createController()
 3 SYSTEMPATH\CodeIgniter.php(355): CodeIgniter\CodeIgniter->handleRequest(null, Object(Config\Cache), false)
 4 SYSTEMPATH\Boot.php(312): CodeIgniter\CodeIgniter->run()
 5 SYSTEMPATH\Boot.php(67): CodeIgniter\Boot::runCodeIgniter(Object(CodeIgniter\CodeIgniter))
 6 FCPATH\index.php(56): CodeIgniter\Boot::bootWeb(Object(Config\Paths))
 7 SYSTEMPATH\Commands\Server\rewrite.php(49): require_once('C:\\APK\\xampp-8.2\\htdocs\\SafeToTrip\\public\\index.php')
WARNING - 2024-06-15 17:50:37 --> [DEPRECATED] Creation of dynamic property App\Controllers\Home::$wisata is deprecated in APPPATH\Controllers\Home.php on line 14.
 1 SYSTEMPATH\CodeIgniter.php(903): App\Controllers\Home->__construct()
 2 SYSTEMPATH\CodeIgniter.php(500): CodeIgniter\CodeIgniter->createController()
 3 SYSTEMPATH\CodeIgniter.php(355): CodeIgniter\CodeIgniter->handleRequest(null, Object(Config\Cache), false)
 4 SYSTEMPATH\Boot.php(312): CodeIgniter\CodeIgniter->run()
 5 SYSTEMPATH\Boot.php(67): CodeIgniter\Boot::runCodeIgniter(Object(CodeIgniter\CodeIgniter))
 6 FCPATH\index.php(56): CodeIgniter\Boot::bootWeb(Object(Config\Paths))
 7 SYSTEMPATH\Commands\Server\rewrite.php(49): require_once('C:\\APK\\xampp-8.2\\htdocs\\SafeToTrip\\public\\index.php')
WARNING - 2024-06-15 17:50:37 --> [DEPRECATED] Creation of dynamic property App\Controllers\Home::$fasilitas is deprecated in APPPATH\Controllers\Home.php on line 15.
 1 SYSTEMPATH\CodeIgniter.php(903): App\Controllers\Home->__construct()
 2 SYSTEMPATH\CodeIgniter.php(500): CodeIgniter\CodeIgniter->createController()
 3 SYSTEMPATH\CodeIgniter.php(355): CodeIgniter\CodeIgniter->handleRequest(null, Object(Config\Cache), false)
 4 SYSTEMPATH\Boot.php(312): CodeIgniter\CodeIgniter->run()
 5 SYSTEMPATH\Boot.php(67): CodeIgniter\Boot::runCodeIgniter(Object(CodeIgniter\CodeIgniter))
 6 FCPATH\index.php(56): CodeIgniter\Boot::bootWeb(Object(Config\Paths))
 7 SYSTEMPATH\Commands\Server\rewrite.php(49): require_once('C:\\APK\\xampp-8.2\\htdocs\\SafeToTrip\\public\\index.php')
WARNING - 2024-06-15 17:50:37 --> [DEPRECATED] Creation of dynamic property App\Controllers\Home::$harga is deprecated in APPPATH\Controllers\Home.php on line 16.
 1 SYSTEMPATH\CodeIgniter.php(903): App\Controllers\Home->__construct()
 2 SYSTEMPATH\CodeIgniter.php(500): CodeIgniter\CodeIgniter->createController()
 3 SYSTEMPATH\CodeIgniter.php(355): CodeIgniter\CodeIgniter->handleRequest(null, Object(Config\Cache), false)
 4 SYSTEMPATH\Boot.php(312): CodeIgniter\CodeIgniter->run()
 5 SYSTEMPATH\Boot.php(67): CodeIgniter\Boot::runCodeIgniter(Object(CodeIgniter\CodeIgniter))
 6 FCPATH\index.php(56): CodeIgniter\Boot::bootWeb(Object(Config\Paths))
 7 SYSTEMPATH\Commands\Server\rewrite.php(49): require_once('C:\\APK\\xampp-8.2\\htdocs\\SafeToTrip\\public\\index.php')
INFO - 2024-06-15 17:51:35 --> Session: Class initialized using 'CodeIgniter\Session\Handlers\FileHandler' driver.
WARNING - 2024-06-15 17:51:35 --> [DEPRECATED] Creation of dynamic property App\Controllers\Home::$session is deprecated in APPPATH\Controllers\Home.php on line 13.
 1 SYSTEMPATH\CodeIgniter.php(903): App\Controllers\Home->__construct()
 2 SYSTEMPATH\CodeIgniter.php(500): CodeIgniter\CodeIgniter->createController()
 3 SYSTEMPATH\CodeIgniter.php(355): CodeIgniter\CodeIgniter->handleRequest(null, Object(Config\Cache), false)
 4 SYSTEMPATH\Boot.php(312): CodeIgniter\CodeIgniter->run()
 5 SYSTEMPATH\Boot.php(67): CodeIgniter\Boot::runCodeIgniter(Object(CodeIgniter\CodeIgniter))
 6 FCPATH\index.php(56): CodeIgniter\Boot::bootWeb(Object(Config\Paths))
 7 SYSTEMPATH\Commands\Server\rewrite.php(49): require_once('C:\\APK\\xampp-8.2\\htdocs\\SafeToTrip\\public\\index.php')
WARNING - 2024-06-15 17:51:35 --> [DEPRECATED] Creation of dynamic property App\Controllers\Home::$wisata is deprecated in APPPATH\Controllers\Home.php on line 14.
 1 SYSTEMPATH\CodeIgniter.php(903): App\Controllers\Home->__construct()
 2 SYSTEMPATH\CodeIgniter.php(500): CodeIgniter\CodeIgniter->createController()
 3 SYSTEMPATH\CodeIgniter.php(355): CodeIgniter\CodeIgniter->handleRequest(null, Object(Config\Cache), false)
 4 SYSTEMPATH\Boot.php(312): CodeIgniter\CodeIgniter->run()
 5 SYSTEMPATH\Boot.php(67): CodeIgniter\Boot::runCodeIgniter(Object(CodeIgniter\CodeIgniter))
 6 FCPATH\index.php(56): CodeIgniter\Boot::bootWeb(Object(Config\Paths))
 7 SYSTEMPATH\Commands\Server\rewrite.php(49): require_once('C:\\APK\\xampp-8.2\\htdocs\\SafeToTrip\\public\\index.php')
WARNING - 2024-06-15 17:51:35 --> [DEPRECATED] Creation of dynamic property App\Controllers\Home::$fasilitas is deprecated in APPPATH\Controllers\Home.php on line 15.
 1 SYSTEMPATH\CodeIgniter.php(903): App\Controllers\Home->__construct()
 2 SYSTEMPATH\CodeIgniter.php(500): CodeIgniter\CodeIgniter->createController()
 3 SYSTEMPATH\CodeIgniter.php(355): CodeIgniter\CodeIgniter->handleRequest(null, Object(Config\Cache), false)
 4 SYSTEMPATH\Boot.php(312): CodeIgniter\CodeIgniter->run()
 5 SYSTEMPATH\Boot.php(67): CodeIgniter\Boot::runCodeIgniter(Object(CodeIgniter\CodeIgniter))
 6 FCPATH\index.php(56): CodeIgniter\Boot::bootWeb(Object(Config\Paths))
 7 SYSTEMPATH\Commands\Server\rewrite.php(49): require_once('C:\\APK\\xampp-8.2\\htdocs\\SafeToTrip\\public\\index.php')
WARNING - 2024-06-15 17:51:35 --> [DEPRECATED] Creation of dynamic property App\Controllers\Home::$harga is deprecated in APPPATH\Controllers\Home.php on line 16.
 1 SYSTEMPATH\CodeIgniter.php(903): App\Controllers\Home->__construct()
 2 SYSTEMPATH\CodeIgniter.php(500): CodeIgniter\CodeIgniter->createController()
 3 SYSTEMPATH\CodeIgniter.php(355): CodeIgniter\CodeIgniter->handleRequest(null, Object(Config\Cache), false)
 4 SYSTEMPATH\Boot.php(312): CodeIgniter\CodeIgniter->run()
 5 SYSTEMPATH\Boot.php(67): CodeIgniter\Boot::runCodeIgniter(Object(CodeIgniter\CodeIgniter))
 6 FCPATH\index.php(56): CodeIgniter\Boot::bootWeb(Object(Config\Paths))
 7 SYSTEMPATH\Commands\Server\rewrite.php(49): require_once('C:\\APK\\xampp-8.2\\htdocs\\SafeToTrip\\public\\index.php')
INFO - 2024-06-15 17:52:03 --> Session: Class initialized using 'CodeIgniter\Session\Handlers\FileHandler' driver.
WARNING - 2024-06-15 17:52:03 --> [DEPRECATED] Creation of dynamic property App\Controllers\Home::$session is deprecated in APPPATH\Controllers\Home.php on line 13.
 1 SYSTEMPATH\CodeIgniter.php(903): App\Controllers\Home->__construct()
 2 SYSTEMPATH\CodeIgniter.php(500): CodeIgniter\CodeIgniter->createController()
 3 SYSTEMPATH\CodeIgniter.php(355): CodeIgniter\CodeIgniter->handleRequest(null, Object(Config\Cache), false)
 4 SYSTEMPATH\Boot.php(312): CodeIgniter\CodeIgniter->run()
 5 SYSTEMPATH\Boot.php(67): CodeIgniter\Boot::runCodeIgniter(Object(CodeIgniter\CodeIgniter))
 6 FCPATH\index.php(56): CodeIgniter\Boot::bootWeb(Object(Config\Paths))
 7 SYSTEMPATH\Commands\Server\rewrite.php(49): require_once('C:\\APK\\xampp-8.2\\htdocs\\SafeToTrip\\public\\index.php')
WARNING - 2024-06-15 17:52:03 --> [DEPRECATED] Creation of dynamic property App\Controllers\Home::$wisata is deprecated in APPPATH\Controllers\Home.php on line 14.
 1 SYSTEMPATH\CodeIgniter.php(903): App\Controllers\Home->__construct()
 2 SYSTEMPATH\CodeIgniter.php(500): CodeIgniter\CodeIgniter->createController()
 3 SYSTEMPATH\CodeIgniter.php(355): CodeIgniter\CodeIgniter->handleRequest(null, Object(Config\Cache), false)
 4 SYSTEMPATH\Boot.php(312): CodeIgniter\CodeIgniter->run()
 5 SYSTEMPATH\Boot.php(67): CodeIgniter\Boot::runCodeIgniter(Object(CodeIgniter\CodeIgniter))
 6 FCPATH\index.php(56): CodeIgniter\Boot::bootWeb(Object(Config\Paths))
 7 SYSTEMPATH\Commands\Server\rewrite.php(49): require_once('C:\\APK\\xampp-8.2\\htdocs\\SafeToTrip\\public\\index.php')
WARNING - 2024-06-15 17:52:03 --> [DEPRECATED] Creation of dynamic property App\Controllers\Home::$fasilitas is deprecated in APPPATH\Controllers\Home.php on line 15.
 1 SYSTEMPATH\CodeIgniter.php(903): App\Controllers\Home->__construct()
 2 SYSTEMPATH\CodeIgniter.php(500): CodeIgniter\CodeIgniter->createController()
 3 SYSTEMPATH\CodeIgniter.php(355): CodeIgniter\CodeIgniter->handleRequest(null, Object(Config\Cache), false)
 4 SYSTEMPATH\Boot.php(312): CodeIgniter\CodeIgniter->run()
 5 SYSTEMPATH\Boot.php(67): CodeIgniter\Boot::runCodeIgniter(Object(CodeIgniter\CodeIgniter))
 6 FCPATH\index.php(56): CodeIgniter\Boot::bootWeb(Object(Config\Paths))
 7 SYSTEMPATH\Commands\Server\rewrite.php(49): require_once('C:\\APK\\xampp-8.2\\htdocs\\SafeToTrip\\public\\index.php')
WARNING - 2024-06-15 17:52:03 --> [DEPRECATED] Creation of dynamic property App\Controllers\Home::$harga is deprecated in APPPATH\Controllers\Home.php on line 16.
 1 SYSTEMPATH\CodeIgniter.php(903): App\Controllers\Home->__construct()
 2 SYSTEMPATH\CodeIgniter.php(500): CodeIgniter\CodeIgniter->createController()
 3 SYSTEMPATH\CodeIgniter.php(355): CodeIgniter\CodeIgniter->handleRequest(null, Object(Config\Cache), false)
 4 SYSTEMPATH\Boot.php(312): CodeIgniter\CodeIgniter->run()
 5 SYSTEMPATH\Boot.php(67): CodeIgniter\Boot::runCodeIgniter(Object(CodeIgniter\CodeIgniter))
 6 FCPATH\index.php(56): CodeIgniter\Boot::bootWeb(Object(Config\Paths))
 7 SYSTEMPATH\Commands\Server\rewrite.php(49): require_once('C:\\APK\\xampp-8.2\\htdocs\\SafeToTrip\\public\\index.php')
INFO - 2024-06-15 17:52:22 --> Session: Class initialized using 'CodeIgniter\Session\Handlers\FileHandler' driver.
WARNING - 2024-06-15 17:52:22 --> [DEPRECATED] Creation of dynamic property App\Controllers\Home::$session is deprecated in APPPATH\Controllers\Home.php on line 13.
 1 SYSTEMPATH\CodeIgniter.php(903): App\Controllers\Home->__construct()
 2 SYSTEMPATH\CodeIgniter.php(500): CodeIgniter\CodeIgniter->createController()
 3 SYSTEMPATH\CodeIgniter.php(355): CodeIgniter\CodeIgniter->handleRequest(null, Object(Config\Cache), false)
 4 SYSTEMPATH\Boot.php(312): CodeIgniter\CodeIgniter->run()
 5 SYSTEMPATH\Boot.php(67): CodeIgniter\Boot::runCodeIgniter(Object(CodeIgniter\CodeIgniter))
 6 FCPATH\index.php(56): CodeIgniter\Boot::bootWeb(Object(Config\Paths))
 7 SYSTEMPATH\Commands\Server\rewrite.php(49): require_once('C:\\APK\\xampp-8.2\\htdocs\\SafeToTrip\\public\\index.php')
WARNING - 2024-06-15 17:52:22 --> [DEPRECATED] Creation of dynamic property App\Controllers\Home::$wisata is deprecated in APPPATH\Controllers\Home.php on line 14.
 1 SYSTEMPATH\CodeIgniter.php(903): App\Controllers\Home->__construct()
 2 SYSTEMPATH\CodeIgniter.php(500): CodeIgniter\CodeIgniter->createController()
 3 SYSTEMPATH\CodeIgniter.php(355): CodeIgniter\CodeIgniter->handleRequest(null, Object(Config\Cache), false)
 4 SYSTEMPATH\Boot.php(312): CodeIgniter\CodeIgniter->run()
 5 SYSTEMPATH\Boot.php(67): CodeIgniter\Boot::runCodeIgniter(Object(CodeIgniter\CodeIgniter))
 6 FCPATH\index.php(56): CodeIgniter\Boot::bootWeb(Object(Config\Paths))
 7 SYSTEMPATH\Commands\Server\rewrite.php(49): require_once('C:\\APK\\xampp-8.2\\htdocs\\SafeToTrip\\public\\index.php')
WARNING - 2024-06-15 17:52:22 --> [DEPRECATED] Creation of dynamic property App\Controllers\Home::$fasilitas is deprecated in APPPATH\Controllers\Home.php on line 15.
 1 SYSTEMPATH\CodeIgniter.php(903): App\Controllers\Home->__construct()
 2 SYSTEMPATH\CodeIgniter.php(500): CodeIgniter\CodeIgniter->createController()
 3 SYSTEMPATH\CodeIgniter.php(355): CodeIgniter\CodeIgniter->handleRequest(null, Object(Config\Cache), false)
 4 SYSTEMPATH\Boot.php(312): CodeIgniter\CodeIgniter->run()
 5 SYSTEMPATH\Boot.php(67): CodeIgniter\Boot::runCodeIgniter(Object(CodeIgniter\CodeIgniter))
 6 FCPATH\index.php(56): CodeIgniter\Boot::bootWeb(Object(Config\Paths))
 7 SYSTEMPATH\Commands\Server\rewrite.php(49): require_once('C:\\APK\\xampp-8.2\\htdocs\\SafeToTrip\\public\\index.php')
WARNING - 2024-06-15 17:52:22 --> [DEPRECATED] Creation of dynamic property App\Controllers\Home::$harga is deprecated in APPPATH\Controllers\Home.php on line 16.
 1 SYSTEMPATH\CodeIgniter.php(903): App\Controllers\Home->__construct()
 2 SYSTEMPATH\CodeIgniter.php(500): CodeIgniter\CodeIgniter->createController()
 3 SYSTEMPATH\CodeIgniter.php(355): CodeIgniter\CodeIgniter->handleRequest(null, Object(Config\Cache), false)
 4 SYSTEMPATH\Boot.php(312): CodeIgniter\CodeIgniter->run()
 5 SYSTEMPATH\Boot.php(67): CodeIgniter\Boot::runCodeIgniter(Object(CodeIgniter\CodeIgniter))
 6 FCPATH\index.php(56): CodeIgniter\Boot::bootWeb(Object(Config\Paths))
 7 SYSTEMPATH\Commands\Server\rewrite.php(49): require_once('C:\\APK\\xampp-8.2\\htdocs\\SafeToTrip\\public\\index.php')
INFO - 2024-06-15 17:55:02 --> Session: Class initialized using 'CodeIgniter\Session\Handlers\FileHandler' driver.
WARNING - 2024-06-15 17:55:02 --> [DEPRECATED] Creation of dynamic property App\Controllers\Home::$session is deprecated in APPPATH\Controllers\Home.php on line 13.
 1 SYSTEMPATH\CodeIgniter.php(903): App\Controllers\Home->__construct()
 2 SYSTEMPATH\CodeIgniter.php(500): CodeIgniter\CodeIgniter->createController()
 3 SYSTEMPATH\CodeIgniter.php(355): CodeIgniter\CodeIgniter->handleRequest(null, Object(Config\Cache), false)
 4 SYSTEMPATH\Boot.php(312): CodeIgniter\CodeIgniter->run()
 5 SYSTEMPATH\Boot.php(67): CodeIgniter\Boot::runCodeIgniter(Object(CodeIgniter\CodeIgniter))
 6 FCPATH\index.php(56): CodeIgniter\Boot::bootWeb(Object(Config\Paths))
 7 SYSTEMPATH\Commands\Server\rewrite.php(49): require_once('C:\\APK\\xampp-8.2\\htdocs\\SafeToTrip\\public\\index.php')
WARNING - 2024-06-15 17:55:02 --> [DEPRECATED] Creation of dynamic property App\Controllers\Home::$wisata is deprecated in APPPATH\Controllers\Home.php on line 14.
 1 SYSTEMPATH\CodeIgniter.php(903): App\Controllers\Home->__construct()
 2 SYSTEMPATH\CodeIgniter.php(500): CodeIgniter\CodeIgniter->createController()
 3 SYSTEMPATH\CodeIgniter.php(355): CodeIgniter\CodeIgniter->handleRequest(null, Object(Config\Cache), false)
 4 SYSTEMPATH\Boot.php(312): CodeIgniter\CodeIgniter->run()
 5 SYSTEMPATH\Boot.php(67): CodeIgniter\Boot::runCodeIgniter(Object(CodeIgniter\CodeIgniter))
 6 FCPATH\index.php(56): CodeIgniter\Boot::bootWeb(Object(Config\Paths))
 7 SYSTEMPATH\Commands\Server\rewrite.php(49): require_once('C:\\APK\\xampp-8.2\\htdocs\\SafeToTrip\\public\\index.php')
WARNING - 2024-06-15 17:55:02 --> [DEPRECATED] Creation of dynamic property App\Controllers\Home::$fasilitas is deprecated in APPPATH\Controllers\Home.php on line 15.
 1 SYSTEMPATH\CodeIgniter.php(903): App\Controllers\Home->__construct()
 2 SYSTEMPATH\CodeIgniter.php(500): CodeIgniter\CodeIgniter->createController()
 3 SYSTEMPATH\CodeIgniter.php(355): CodeIgniter\CodeIgniter->handleRequest(null, Object(Config\Cache), false)
 4 SYSTEMPATH\Boot.php(312): CodeIgniter\CodeIgniter->run()
 5 SYSTEMPATH\Boot.php(67): CodeIgniter\Boot::runCodeIgniter(Object(CodeIgniter\CodeIgniter))
 6 FCPATH\index.php(56): CodeIgniter\Boot::bootWeb(Object(Config\Paths))
 7 SYSTEMPATH\Commands\Server\rewrite.php(49): require_once('C:\\APK\\xampp-8.2\\htdocs\\SafeToTrip\\public\\index.php')
WARNING - 2024-06-15 17:55:02 --> [DEPRECATED] Creation of dynamic property App\Controllers\Home::$harga is deprecated in APPPATH\Controllers\Home.php on line 16.
 1 SYSTEMPATH\CodeIgniter.php(903): App\Controllers\Home->__construct()
 2 SYSTEMPATH\CodeIgniter.php(500): CodeIgniter\CodeIgniter->createController()
 3 SYSTEMPATH\CodeIgniter.php(355): CodeIgniter\CodeIgniter->handleRequest(null, Object(Config\Cache), false)
 4 SYSTEMPATH\Boot.php(312): CodeIgniter\CodeIgniter->run()
 5 SYSTEMPATH\Boot.php(67): CodeIgniter\Boot::runCodeIgniter(Object(CodeIgniter\CodeIgniter))
 6 FCPATH\index.php(56): CodeIgniter\Boot::bootWeb(Object(Config\Paths))
 7 SYSTEMPATH\Commands\Server\rewrite.php(49): require_once('C:\\APK\\xampp-8.2\\htdocs\\SafeToTrip\\public\\index.php')
INFO - 2024-06-15 17:55:28 --> Session: Class initialized using 'CodeIgniter\Session\Handlers\FileHandler' driver.
WARNING - 2024-06-15 17:55:28 --> [DEPRECATED] Creation of dynamic property App\Controllers\Home::$session is deprecated in APPPATH\Controllers\Home.php on line 13.
 1 SYSTEMPATH\CodeIgniter.php(903): App\Controllers\Home->__construct()
 2 SYSTEMPATH\CodeIgniter.php(500): CodeIgniter\CodeIgniter->createController()
 3 SYSTEMPATH\CodeIgniter.php(355): CodeIgniter\CodeIgniter->handleRequest(null, Object(Config\Cache), false)
 4 SYSTEMPATH\Boot.php(312): CodeIgniter\CodeIgniter->run()
 5 SYSTEMPATH\Boot.php(67): CodeIgniter\Boot::runCodeIgniter(Object(CodeIgniter\CodeIgniter))
 6 FCPATH\index.php(56): CodeIgniter\Boot::bootWeb(Object(Config\Paths))
 7 SYSTEMPATH\Commands\Server\rewrite.php(49): require_once('C:\\APK\\xampp-8.2\\htdocs\\SafeToTrip\\public\\index.php')
WARNING - 2024-06-15 17:55:28 --> [DEPRECATED] Creation of dynamic property App\Controllers\Home::$wisata is deprecated in APPPATH\Controllers\Home.php on line 14.
 1 SYSTEMPATH\CodeIgniter.php(903): App\Controllers\Home->__construct()
 2 SYSTEMPATH\CodeIgniter.php(500): CodeIgniter\CodeIgniter->createController()
 3 SYSTEMPATH\CodeIgniter.php(355): CodeIgniter\CodeIgniter->handleRequest(null, Object(Config\Cache), false)
 4 SYSTEMPATH\Boot.php(312): CodeIgniter\CodeIgniter->run()
 5 SYSTEMPATH\Boot.php(67): CodeIgniter\Boot::runCodeIgniter(Object(CodeIgniter\CodeIgniter))
 6 FCPATH\index.php(56): CodeIgniter\Boot::bootWeb(Object(Config\Paths))
 7 SYSTEMPATH\Commands\Server\rewrite.php(49): require_once('C:\\APK\\xampp-8.2\\htdocs\\SafeToTrip\\public\\index.php')
WARNING - 2024-06-15 17:55:28 --> [DEPRECATED] Creation of dynamic property App\Controllers\Home::$fasilitas is deprecated in APPPATH\Controllers\Home.php on line 15.
 1 SYSTEMPATH\CodeIgniter.php(903): App\Controllers\Home->__construct()
 2 SYSTEMPATH\CodeIgniter.php(500): CodeIgniter\CodeIgniter->createController()
 3 SYSTEMPATH\CodeIgniter.php(355): CodeIgniter\CodeIgniter->handleRequest(null, Object(Config\Cache), false)
 4 SYSTEMPATH\Boot.php(312): CodeIgniter\CodeIgniter->run()
 5 SYSTEMPATH\Boot.php(67): CodeIgniter\Boot::runCodeIgniter(Object(CodeIgniter\CodeIgniter))
 6 FCPATH\index.php(56): CodeIgniter\Boot::bootWeb(Object(Config\Paths))
 7 SYSTEMPATH\Commands\Server\rewrite.php(49): require_once('C:\\APK\\xampp-8.2\\htdocs\\SafeToTrip\\public\\index.php')
WARNING - 2024-06-15 17:55:28 --> [DEPRECATED] Creation of dynamic property App\Controllers\Home::$harga is deprecated in APPPATH\Controllers\Home.php on line 16.
 1 SYSTEMPATH\CodeIgniter.php(903): App\Controllers\Home->__construct()
 2 SYSTEMPATH\CodeIgniter.php(500): CodeIgniter\CodeIgniter->createController()
 3 SYSTEMPATH\CodeIgniter.php(355): CodeIgniter\CodeIgniter->handleRequest(null, Object(Config\Cache), false)
 4 SYSTEMPATH\Boot.php(312): CodeIgniter\CodeIgniter->run()
 5 SYSTEMPATH\Boot.php(67): CodeIgniter\Boot::runCodeIgniter(Object(CodeIgniter\CodeIgniter))
 6 FCPATH\index.php(56): CodeIgniter\Boot::bootWeb(Object(Config\Paths))
 7 SYSTEMPATH\Commands\Server\rewrite.php(49): require_once('C:\\APK\\xampp-8.2\\htdocs\\SafeToTrip\\public\\index.php')
INFO - 2024-06-15 17:56:53 --> Session: Class initialized using 'CodeIgniter\Session\Handlers\FileHandler' driver.
WARNING - 2024-06-15 17:56:53 --> [DEPRECATED] Creation of dynamic property App\Controllers\Home::$session is deprecated in APPPATH\Controllers\Home.php on line 13.
 1 SYSTEMPATH\CodeIgniter.php(903): App\Controllers\Home->__construct()
 2 SYSTEMPATH\CodeIgniter.php(500): CodeIgniter\CodeIgniter->createController()
 3 SYSTEMPATH\CodeIgniter.php(355): CodeIgniter\CodeIgniter->handleRequest(null, Object(Config\Cache), false)
 4 SYSTEMPATH\Boot.php(312): CodeIgniter\CodeIgniter->run()
 5 SYSTEMPATH\Boot.php(67): CodeIgniter\Boot::runCodeIgniter(Object(CodeIgniter\CodeIgniter))
 6 FCPATH\index.php(56): CodeIgniter\Boot::bootWeb(Object(Config\Paths))
 7 SYSTEMPATH\Commands\Server\rewrite.php(49): require_once('C:\\APK\\xampp-8.2\\htdocs\\SafeToTrip\\public\\index.php')
WARNING - 2024-06-15 17:56:53 --> [DEPRECATED] Creation of dynamic property App\Controllers\Home::$wisata is deprecated in APPPATH\Controllers\Home.php on line 14.
 1 SYSTEMPATH\CodeIgniter.php(903): App\Controllers\Home->__construct()
 2 SYSTEMPATH\CodeIgniter.php(500): CodeIgniter\CodeIgniter->createController()
 3 SYSTEMPATH\CodeIgniter.php(355): CodeIgniter\CodeIgniter->handleRequest(null, Object(Config\Cache), false)
 4 SYSTEMPATH\Boot.php(312): CodeIgniter\CodeIgniter->run()
 5 SYSTEMPATH\Boot.php(67): CodeIgniter\Boot::runCodeIgniter(Object(CodeIgniter\CodeIgniter))
 6 FCPATH\index.php(56): CodeIgniter\Boot::bootWeb(Object(Config\Paths))
 7 SYSTEMPATH\Commands\Server\rewrite.php(49): require_once('C:\\APK\\xampp-8.2\\htdocs\\SafeToTrip\\public\\index.php')
WARNING - 2024-06-15 17:56:53 --> [DEPRECATED] Creation of dynamic property App\Controllers\Home::$fasilitas is deprecated in APPPATH\Controllers\Home.php on line 15.
 1 SYSTEMPATH\CodeIgniter.php(903): App\Controllers\Home->__construct()
 2 SYSTEMPATH\CodeIgniter.php(500): CodeIgniter\CodeIgniter->createController()
 3 SYSTEMPATH\CodeIgniter.php(355): CodeIgniter\CodeIgniter->handleRequest(null, Object(Config\Cache), false)
 4 SYSTEMPATH\Boot.php(312): CodeIgniter\CodeIgniter->run()
 5 SYSTEMPATH\Boot.php(67): CodeIgniter\Boot::runCodeIgniter(Object(CodeIgniter\CodeIgniter))
 6 FCPATH\index.php(56): CodeIgniter\Boot::bootWeb(Object(Config\Paths))
 7 SYSTEMPATH\Commands\Server\rewrite.php(49): require_once('C:\\APK\\xampp-8.2\\htdocs\\SafeToTrip\\public\\index.php')
WARNING - 2024-06-15 17:56:53 --> [DEPRECATED] Creation of dynamic property App\Controllers\Home::$harga is deprecated in APPPATH\Controllers\Home.php on line 16.
 1 SYSTEMPATH\CodeIgniter.php(903): App\Controllers\Home->__construct()
 2 SYSTEMPATH\CodeIgniter.php(500): CodeIgniter\CodeIgniter->createController()
 3 SYSTEMPATH\CodeIgniter.php(355): CodeIgniter\CodeIgniter->handleRequest(null, Object(Config\Cache), false)
 4 SYSTEMPATH\Boot.php(312): CodeIgniter\CodeIgniter->run()
 5 SYSTEMPATH\Boot.php(67): CodeIgniter\Boot::runCodeIgniter(Object(CodeIgniter\CodeIgniter))
 6 FCPATH\index.php(56): CodeIgniter\Boot::bootWeb(Object(Config\Paths))
 7 SYSTEMPATH\Commands\Server\rewrite.php(49): require_once('C:\\APK\\xampp-8.2\\htdocs\\SafeToTrip\\public\\index.php')
INFO - 2024-06-15 17:57:02 --> Session: Class initialized using 'CodeIgniter\Session\Handlers\FileHandler' driver.
WARNING - 2024-06-15 17:57:02 --> [DEPRECATED] Creation of dynamic property App\Controllers\Home::$session is deprecated in APPPATH\Controllers\Home.php on line 13.
 1 SYSTEMPATH\CodeIgniter.php(903): App\Controllers\Home->__construct()
 2 SYSTEMPATH\CodeIgniter.php(500): CodeIgniter\CodeIgniter->createController()
 3 SYSTEMPATH\CodeIgniter.php(355): CodeIgniter\CodeIgniter->handleRequest(null, Object(Config\Cache), false)
 4 SYSTEMPATH\Boot.php(312): CodeIgniter\CodeIgniter->run()
 5 SYSTEMPATH\Boot.php(67): CodeIgniter\Boot::runCodeIgniter(Object(CodeIgniter\CodeIgniter))
 6 FCPATH\index.php(56): CodeIgniter\Boot::bootWeb(Object(Config\Paths))
 7 SYSTEMPATH\Commands\Server\rewrite.php(49): require_once('C:\\APK\\xampp-8.2\\htdocs\\SafeToTrip\\public\\index.php')
WARNING - 2024-06-15 17:57:02 --> [DEPRECATED] Creation of dynamic property App\Controllers\Home::$wisata is deprecated in APPPATH\Controllers\Home.php on line 14.
 1 SYSTEMPATH\CodeIgniter.php(903): App\Controllers\Home->__construct()
 2 SYSTEMPATH\CodeIgniter.php(500): CodeIgniter\CodeIgniter->createController()
 3 SYSTEMPATH\CodeIgniter.php(355): CodeIgniter\CodeIgniter->handleRequest(null, Object(Config\Cache), false)
 4 SYSTEMPATH\Boot.php(312): CodeIgniter\CodeIgniter->run()
 5 SYSTEMPATH\Boot.php(67): CodeIgniter\Boot::runCodeIgniter(Object(CodeIgniter\CodeIgniter))
 6 FCPATH\index.php(56): CodeIgniter\Boot::bootWeb(Object(Config\Paths))
 7 SYSTEMPATH\Commands\Server\rewrite.php(49): require_once('C:\\APK\\xampp-8.2\\htdocs\\SafeToTrip\\public\\index.php')
WARNING - 2024-06-15 17:57:02 --> [DEPRECATED] Creation of dynamic property App\Controllers\Home::$fasilitas is deprecated in APPPATH\Controllers\Home.php on line 15.
 1 SYSTEMPATH\CodeIgniter.php(903): App\Controllers\Home->__construct()
 2 SYSTEMPATH\CodeIgniter.php(500): CodeIgniter\CodeIgniter->createController()
 3 SYSTEMPATH\CodeIgniter.php(355): CodeIgniter\CodeIgniter->handleRequest(null, Object(Config\Cache), false)
 4 SYSTEMPATH\Boot.php(312): CodeIgniter\CodeIgniter->run()
 5 SYSTEMPATH\Boot.php(67): CodeIgniter\Boot::runCodeIgniter(Object(CodeIgniter\CodeIgniter))
 6 FCPATH\index.php(56): CodeIgniter\Boot::bootWeb(Object(Config\Paths))
 7 SYSTEMPATH\Commands\Server\rewrite.php(49): require_once('C:\\APK\\xampp-8.2\\htdocs\\SafeToTrip\\public\\index.php')
WARNING - 2024-06-15 17:57:02 --> [DEPRECATED] Creation of dynamic property App\Controllers\Home::$harga is deprecated in APPPATH\Controllers\Home.php on line 16.
 1 SYSTEMPATH\CodeIgniter.php(903): App\Controllers\Home->__construct()
 2 SYSTEMPATH\CodeIgniter.php(500): CodeIgniter\CodeIgniter->createController()
 3 SYSTEMPATH\CodeIgniter.php(355): CodeIgniter\CodeIgniter->handleRequest(null, Object(Config\Cache), false)
 4 SYSTEMPATH\Boot.php(312): CodeIgniter\CodeIgniter->run()
 5 SYSTEMPATH\Boot.php(67): CodeIgniter\Boot::runCodeIgniter(Object(CodeIgniter\CodeIgniter))
 6 FCPATH\index.php(56): CodeIgniter\Boot::bootWeb(Object(Config\Paths))
 7 SYSTEMPATH\Commands\Server\rewrite.php(49): require_once('C:\\APK\\xampp-8.2\\htdocs\\SafeToTrip\\public\\index.php')
INFO - 2024-06-15 17:57:10 --> Session: Class initialized using 'CodeIgniter\Session\Handlers\FileHandler' driver.
WARNING - 2024-06-15 17:57:10 --> [DEPRECATED] Creation of dynamic property App\Controllers\Home::$session is deprecated in APPPATH\Controllers\Home.php on line 13.
 1 SYSTEMPATH\CodeIgniter.php(903): App\Controllers\Home->__construct()
 2 SYSTEMPATH\CodeIgniter.php(500): CodeIgniter\CodeIgniter->createController()
 3 SYSTEMPATH\CodeIgniter.php(355): CodeIgniter\CodeIgniter->handleRequest(null, Object(Config\Cache), false)
 4 SYSTEMPATH\Boot.php(312): CodeIgniter\CodeIgniter->run()
 5 SYSTEMPATH\Boot.php(67): CodeIgniter\Boot::runCodeIgniter(Object(CodeIgniter\CodeIgniter))
 6 FCPATH\index.php(56): CodeIgniter\Boot::bootWeb(Object(Config\Paths))
 7 SYSTEMPATH\Commands\Server\rewrite.php(49): require_once('C:\\APK\\xampp-8.2\\htdocs\\SafeToTrip\\public\\index.php')
WARNING - 2024-06-15 17:57:10 --> [DEPRECATED] Creation of dynamic property App\Controllers\Home::$wisata is deprecated in APPPATH\Controllers\Home.php on line 14.
 1 SYSTEMPATH\CodeIgniter.php(903): App\Controllers\Home->__construct()
 2 SYSTEMPATH\CodeIgniter.php(500): CodeIgniter\CodeIgniter->createController()
 3 SYSTEMPATH\CodeIgniter.php(355): CodeIgniter\CodeIgniter->handleRequest(null, Object(Config\Cache), false)
 4 SYSTEMPATH\Boot.php(312): CodeIgniter\CodeIgniter->run()
 5 SYSTEMPATH\Boot.php(67): CodeIgniter\Boot::runCodeIgniter(Object(CodeIgniter\CodeIgniter))
 6 FCPATH\index.php(56): CodeIgniter\Boot::bootWeb(Object(Config\Paths))
 7 SYSTEMPATH\Commands\Server\rewrite.php(49): require_once('C:\\APK\\xampp-8.2\\htdocs\\SafeToTrip\\public\\index.php')
WARNING - 2024-06-15 17:57:10 --> [DEPRECATED] Creation of dynamic property App\Controllers\Home::$fasilitas is deprecated in APPPATH\Controllers\Home.php on line 15.
 1 SYSTEMPATH\CodeIgniter.php(903): App\Controllers\Home->__construct()
 2 SYSTEMPATH\CodeIgniter.php(500): CodeIgniter\CodeIgniter->createController()
 3 SYSTEMPATH\CodeIgniter.php(355): CodeIgniter\CodeIgniter->handleRequest(null, Object(Config\Cache), false)
 4 SYSTEMPATH\Boot.php(312): CodeIgniter\CodeIgniter->run()
 5 SYSTEMPATH\Boot.php(67): CodeIgniter\Boot::runCodeIgniter(Object(CodeIgniter\CodeIgniter))
 6 FCPATH\index.php(56): CodeIgniter\Boot::bootWeb(Object(Config\Paths))
 7 SYSTEMPATH\Commands\Server\rewrite.php(49): require_once('C:\\APK\\xampp-8.2\\htdocs\\SafeToTrip\\public\\index.php')
WARNING - 2024-06-15 17:57:10 --> [DEPRECATED] Creation of dynamic property App\Controllers\Home::$harga is deprecated in APPPATH\Controllers\Home.php on line 16.
 1 SYSTEMPATH\CodeIgniter.php(903): App\Controllers\Home->__construct()
 2 SYSTEMPATH\CodeIgniter.php(500): CodeIgniter\CodeIgniter->createController()
 3 SYSTEMPATH\CodeIgniter.php(355): CodeIgniter\CodeIgniter->handleRequest(null, Object(Config\Cache), false)
 4 SYSTEMPATH\Boot.php(312): CodeIgniter\CodeIgniter->run()
 5 SYSTEMPATH\Boot.php(67): CodeIgniter\Boot::runCodeIgniter(Object(CodeIgniter\CodeIgniter))
 6 FCPATH\index.php(56): CodeIgniter\Boot::bootWeb(Object(Config\Paths))
 7 SYSTEMPATH\Commands\Server\rewrite.php(49): require_once('C:\\APK\\xampp-8.2\\htdocs\\SafeToTrip\\public\\index.php')
INFO - 2024-06-15 18:00:09 --> Session: Class initialized using 'CodeIgniter\Session\Handlers\FileHandler' driver.
WARNING - 2024-06-15 18:00:09 --> [DEPRECATED] Creation of dynamic property App\Controllers\Home::$session is deprecated in APPPATH\Controllers\Home.php on line 13.
 1 SYSTEMPATH\CodeIgniter.php(903): App\Controllers\Home->__construct()
 2 SYSTEMPATH\CodeIgniter.php(500): CodeIgniter\CodeIgniter->createController()
 3 SYSTEMPATH\CodeIgniter.php(355): CodeIgniter\CodeIgniter->handleRequest(null, Object(Config\Cache), false)
 4 SYSTEMPATH\Boot.php(312): CodeIgniter\CodeIgniter->run()
 5 SYSTEMPATH\Boot.php(67): CodeIgniter\Boot::runCodeIgniter(Object(CodeIgniter\CodeIgniter))
 6 FCPATH\index.php(56): CodeIgniter\Boot::bootWeb(Object(Config\Paths))
 7 SYSTEMPATH\Commands\Server\rewrite.php(49): require_once('C:\\APK\\xampp-8.2\\htdocs\\SafeToTrip\\public\\index.php')
WARNING - 2024-06-15 18:00:09 --> [DEPRECATED] Creation of dynamic property App\Controllers\Home::$wisata is deprecated in APPPATH\Controllers\Home.php on line 14.
 1 SYSTEMPATH\CodeIgniter.php(903): App\Controllers\Home->__construct()
 2 SYSTEMPATH\CodeIgniter.php(500): CodeIgniter\CodeIgniter->createController()
 3 SYSTEMPATH\CodeIgniter.php(355): CodeIgniter\CodeIgniter->handleRequest(null, Object(Config\Cache), false)
 4 SYSTEMPATH\Boot.php(312): CodeIgniter\CodeIgniter->run()
 5 SYSTEMPATH\Boot.php(67): CodeIgniter\Boot::runCodeIgniter(Object(CodeIgniter\CodeIgniter))
 6 FCPATH\index.php(56): CodeIgniter\Boot::bootWeb(Object(Config\Paths))
 7 SYSTEMPATH\Commands\Server\rewrite.php(49): require_once('C:\\APK\\xampp-8.2\\htdocs\\SafeToTrip\\public\\index.php')
WARNING - 2024-06-15 18:00:09 --> [DEPRECATED] Creation of dynamic property App\Controllers\Home::$fasilitas is deprecated in APPPATH\Controllers\Home.php on line 15.
 1 SYSTEMPATH\CodeIgniter.php(903): App\Controllers\Home->__construct()
 2 SYSTEMPATH\CodeIgniter.php(500): CodeIgniter\CodeIgniter->createController()
 3 SYSTEMPATH\CodeIgniter.php(355): CodeIgniter\CodeIgniter->handleRequest(null, Object(Config\Cache), false)
 4 SYSTEMPATH\Boot.php(312): CodeIgniter\CodeIgniter->run()
 5 SYSTEMPATH\Boot.php(67): CodeIgniter\Boot::runCodeIgniter(Object(CodeIgniter\CodeIgniter))
 6 FCPATH\index.php(56): CodeIgniter\Boot::bootWeb(Object(Config\Paths))
 7 SYSTEMPATH\Commands\Server\rewrite.php(49): require_once('C:\\APK\\xampp-8.2\\htdocs\\SafeToTrip\\public\\index.php')
WARNING - 2024-06-15 18:00:09 --> [DEPRECATED] Creation of dynamic property App\Controllers\Home::$harga is deprecated in APPPATH\Controllers\Home.php on line 16.
 1 SYSTEMPATH\CodeIgniter.php(903): App\Controllers\Home->__construct()
 2 SYSTEMPATH\CodeIgniter.php(500): CodeIgniter\CodeIgniter->createController()
 3 SYSTEMPATH\CodeIgniter.php(355): CodeIgniter\CodeIgniter->handleRequest(null, Object(Config\Cache), false)
 4 SYSTEMPATH\Boot.php(312): CodeIgniter\CodeIgniter->run()
 5 SYSTEMPATH\Boot.php(67): CodeIgniter\Boot::runCodeIgniter(Object(CodeIgniter\CodeIgniter))
 6 FCPATH\index.php(56): CodeIgniter\Boot::bootWeb(Object(Config\Paths))
 7 SYSTEMPATH\Commands\Server\rewrite.php(49): require_once('C:\\APK\\xampp-8.2\\htdocs\\SafeToTrip\\public\\index.php')
INFO - 2024-06-15 18:01:24 --> Session: Class initialized using 'CodeIgniter\Session\Handlers\FileHandler' driver.
WARNING - 2024-06-15 18:01:24 --> [DEPRECATED] Creation of dynamic property App\Controllers\Home::$session is deprecated in APPPATH\Controllers\Home.php on line 13.
 1 SYSTEMPATH\CodeIgniter.php(903): App\Controllers\Home->__construct()
 2 SYSTEMPATH\CodeIgniter.php(500): CodeIgniter\CodeIgniter->createController()
 3 SYSTEMPATH\CodeIgniter.php(355): CodeIgniter\CodeIgniter->handleRequest(null, Object(Config\Cache), false)
 4 SYSTEMPATH\Boot.php(312): CodeIgniter\CodeIgniter->run()
 5 SYSTEMPATH\Boot.php(67): CodeIgniter\Boot::runCodeIgniter(Object(CodeIgniter\CodeIgniter))
 6 FCPATH\index.php(56): CodeIgniter\Boot::bootWeb(Object(Config\Paths))
 7 SYSTEMPATH\Commands\Server\rewrite.php(49): require_once('C:\\APK\\xampp-8.2\\htdocs\\SafeToTrip\\public\\index.php')
WARNING - 2024-06-15 18:01:24 --> [DEPRECATED] Creation of dynamic property App\Controllers\Home::$wisata is deprecated in APPPATH\Controllers\Home.php on line 14.
 1 SYSTEMPATH\CodeIgniter.php(903): App\Controllers\Home->__construct()
 2 SYSTEMPATH\CodeIgniter.php(500): CodeIgniter\CodeIgniter->createController()
 3 SYSTEMPATH\CodeIgniter.php(355): CodeIgniter\CodeIgniter->handleRequest(null, Object(Config\Cache), false)
 4 SYSTEMPATH\Boot.php(312): CodeIgniter\CodeIgniter->run()
 5 SYSTEMPATH\Boot.php(67): CodeIgniter\Boot::runCodeIgniter(Object(CodeIgniter\CodeIgniter))
 6 FCPATH\index.php(56): CodeIgniter\Boot::bootWeb(Object(Config\Paths))
 7 SYSTEMPATH\Commands\Server\rewrite.php(49): require_once('C:\\APK\\xampp-8.2\\htdocs\\SafeToTrip\\public\\index.php')
WARNING - 2024-06-15 18:01:24 --> [DEPRECATED] Creation of dynamic property App\Controllers\Home::$fasilitas is deprecated in APPPATH\Controllers\Home.php on line 15.
 1 SYSTEMPATH\CodeIgniter.php(903): App\Controllers\Home->__construct()
 2 SYSTEMPATH\CodeIgniter.php(500): CodeIgniter\CodeIgniter->createController()
 3 SYSTEMPATH\CodeIgniter.php(355): CodeIgniter\CodeIgniter->handleRequest(null, Object(Config\Cache), false)
 4 SYSTEMPATH\Boot.php(312): CodeIgniter\CodeIgniter->run()
 5 SYSTEMPATH\Boot.php(67): CodeIgniter\Boot::runCodeIgniter(Object(CodeIgniter\CodeIgniter))
 6 FCPATH\index.php(56): CodeIgniter\Boot::bootWeb(Object(Config\Paths))
 7 SYSTEMPATH\Commands\Server\rewrite.php(49): require_once('C:\\APK\\xampp-8.2\\htdocs\\SafeToTrip\\public\\index.php')
WARNING - 2024-06-15 18:01:24 --> [DEPRECATED] Creation of dynamic property App\Controllers\Home::$harga is deprecated in APPPATH\Controllers\Home.php on line 16.
 1 SYSTEMPATH\CodeIgniter.php(903): App\Controllers\Home->__construct()
 2 SYSTEMPATH\CodeIgniter.php(500): CodeIgniter\CodeIgniter->createController()
 3 SYSTEMPATH\CodeIgniter.php(355): CodeIgniter\CodeIgniter->handleRequest(null, Object(Config\Cache), false)
 4 SYSTEMPATH\Boot.php(312): CodeIgniter\CodeIgniter->run()
 5 SYSTEMPATH\Boot.php(67): CodeIgniter\Boot::runCodeIgniter(Object(CodeIgniter\CodeIgniter))
 6 FCPATH\index.php(56): CodeIgniter\Boot::bootWeb(Object(Config\Paths))
 7 SYSTEMPATH\Commands\Server\rewrite.php(49): require_once('C:\\APK\\xampp-8.2\\htdocs\\SafeToTrip\\public\\index.php')
INFO - 2024-06-15 18:03:31 --> Session: Class initialized using 'CodeIgniter\Session\Handlers\FileHandler' driver.
WARNING - 2024-06-15 18:03:31 --> [DEPRECATED] Creation of dynamic property App\Controllers\Home::$session is deprecated in APPPATH\Controllers\Home.php on line 13.
 1 SYSTEMPATH\CodeIgniter.php(903): App\Controllers\Home->__construct()
 2 SYSTEMPATH\CodeIgniter.php(500): CodeIgniter\CodeIgniter->createController()
 3 SYSTEMPATH\CodeIgniter.php(355): CodeIgniter\CodeIgniter->handleRequest(null, Object(Config\Cache), false)
 4 SYSTEMPATH\Boot.php(312): CodeIgniter\CodeIgniter->run()
 5 SYSTEMPATH\Boot.php(67): CodeIgniter\Boot::runCodeIgniter(Object(CodeIgniter\CodeIgniter))
 6 FCPATH\index.php(56): CodeIgniter\Boot::bootWeb(Object(Config\Paths))
 7 SYSTEMPATH\Commands\Server\rewrite.php(49): require_once('C:\\APK\\xampp-8.2\\htdocs\\SafeToTrip\\public\\index.php')
WARNING - 2024-06-15 18:03:31 --> [DEPRECATED] Creation of dynamic property App\Controllers\Home::$wisata is deprecated in APPPATH\Controllers\Home.php on line 14.
 1 SYSTEMPATH\CodeIgniter.php(903): App\Controllers\Home->__construct()
 2 SYSTEMPATH\CodeIgniter.php(500): CodeIgniter\CodeIgniter->createController()
 3 SYSTEMPATH\CodeIgniter.php(355): CodeIgniter\CodeIgniter->handleRequest(null, Object(Config\Cache), false)
 4 SYSTEMPATH\Boot.php(312): CodeIgniter\CodeIgniter->run()
 5 SYSTEMPATH\Boot.php(67): CodeIgniter\Boot::runCodeIgniter(Object(CodeIgniter\CodeIgniter))
 6 FCPATH\index.php(56): CodeIgniter\Boot::bootWeb(Object(Config\Paths))
 7 SYSTEMPATH\Commands\Server\rewrite.php(49): require_once('C:\\APK\\xampp-8.2\\htdocs\\SafeToTrip\\public\\index.php')
WARNING - 2024-06-15 18:03:31 --> [DEPRECATED] Creation of dynamic property App\Controllers\Home::$fasilitas is deprecated in APPPATH\Controllers\Home.php on line 15.
 1 SYSTEMPATH\CodeIgniter.php(903): App\Controllers\Home->__construct()
 2 SYSTEMPATH\CodeIgniter.php(500): CodeIgniter\CodeIgniter->createController()
 3 SYSTEMPATH\CodeIgniter.php(355): CodeIgniter\CodeIgniter->handleRequest(null, Object(Config\Cache), false)
 4 SYSTEMPATH\Boot.php(312): CodeIgniter\CodeIgniter->run()
 5 SYSTEMPATH\Boot.php(67): CodeIgniter\Boot::runCodeIgniter(Object(CodeIgniter\CodeIgniter))
 6 FCPATH\index.php(56): CodeIgniter\Boot::bootWeb(Object(Config\Paths))
 7 SYSTEMPATH\Commands\Server\rewrite.php(49): require_once('C:\\APK\\xampp-8.2\\htdocs\\SafeToTrip\\public\\index.php')
WARNING - 2024-06-15 18:03:31 --> [DEPRECATED] Creation of dynamic property App\Controllers\Home::$harga is deprecated in APPPATH\Controllers\Home.php on line 16.
 1 SYSTEMPATH\CodeIgniter.php(903): App\Controllers\Home->__construct()
 2 SYSTEMPATH\CodeIgniter.php(500): CodeIgniter\CodeIgniter->createController()
 3 SYSTEMPATH\CodeIgniter.php(355): CodeIgniter\CodeIgniter->handleRequest(null, Object(Config\Cache), false)
 4 SYSTEMPATH\Boot.php(312): CodeIgniter\CodeIgniter->run()
 5 SYSTEMPATH\Boot.php(67): CodeIgniter\Boot::runCodeIgniter(Object(CodeIgniter\CodeIgniter))
 6 FCPATH\index.php(56): CodeIgniter\Boot::bootWeb(Object(Config\Paths))
 7 SYSTEMPATH\Commands\Server\rewrite.php(49): require_once('C:\\APK\\xampp-8.2\\htdocs\\SafeToTrip\\public\\index.php')
INFO - 2024-06-15 18:03:41 --> Session: Class initialized using 'CodeIgniter\Session\Handlers\FileHandler' driver.
WARNING - 2024-06-15 18:03:41 --> [DEPRECATED] Creation of dynamic property App\Controllers\Home::$session is deprecated in APPPATH\Controllers\Home.php on line 13.
 1 SYSTEMPATH\CodeIgniter.php(903): App\Controllers\Home->__construct()
 2 SYSTEMPATH\CodeIgniter.php(500): CodeIgniter\CodeIgniter->createController()
 3 SYSTEMPATH\CodeIgniter.php(355): CodeIgniter\CodeIgniter->handleRequest(null, Object(Config\Cache), false)
 4 SYSTEMPATH\Boot.php(312): CodeIgniter\CodeIgniter->run()
 5 SYSTEMPATH\Boot.php(67): CodeIgniter\Boot::runCodeIgniter(Object(CodeIgniter\CodeIgniter))
 6 FCPATH\index.php(56): CodeIgniter\Boot::bootWeb(Object(Config\Paths))
 7 SYSTEMPATH\Commands\Server\rewrite.php(49): require_once('C:\\APK\\xampp-8.2\\htdocs\\SafeToTrip\\public\\index.php')
WARNING - 2024-06-15 18:03:41 --> [DEPRECATED] Creation of dynamic property App\Controllers\Home::$wisata is deprecated in APPPATH\Controllers\Home.php on line 14.
 1 SYSTEMPATH\CodeIgniter.php(903): App\Controllers\Home->__construct()
 2 SYSTEMPATH\CodeIgniter.php(500): CodeIgniter\CodeIgniter->createController()
 3 SYSTEMPATH\CodeIgniter.php(355): CodeIgniter\CodeIgniter->handleRequest(null, Object(Config\Cache), false)
 4 SYSTEMPATH\Boot.php(312): CodeIgniter\CodeIgniter->run()
 5 SYSTEMPATH\Boot.php(67): CodeIgniter\Boot::runCodeIgniter(Object(CodeIgniter\CodeIgniter))
 6 FCPATH\index.php(56): CodeIgniter\Boot::bootWeb(Object(Config\Paths))
 7 SYSTEMPATH\Commands\Server\rewrite.php(49): require_once('C:\\APK\\xampp-8.2\\htdocs\\SafeToTrip\\public\\index.php')
WARNING - 2024-06-15 18:03:41 --> [DEPRECATED] Creation of dynamic property App\Controllers\Home::$fasilitas is deprecated in APPPATH\Controllers\Home.php on line 15.
 1 SYSTEMPATH\CodeIgniter.php(903): App\Controllers\Home->__construct()
 2 SYSTEMPATH\CodeIgniter.php(500): CodeIgniter\CodeIgniter->createController()
 3 SYSTEMPATH\CodeIgniter.php(355): CodeIgniter\CodeIgniter->handleRequest(null, Object(Config\Cache), false)
 4 SYSTEMPATH\Boot.php(312): CodeIgniter\CodeIgniter->run()
 5 SYSTEMPATH\Boot.php(67): CodeIgniter\Boot::runCodeIgniter(Object(CodeIgniter\CodeIgniter))
 6 FCPATH\index.php(56): CodeIgniter\Boot::bootWeb(Object(Config\Paths))
 7 SYSTEMPATH\Commands\Server\rewrite.php(49): require_once('C:\\APK\\xampp-8.2\\htdocs\\SafeToTrip\\public\\index.php')
WARNING - 2024-06-15 18:03:41 --> [DEPRECATED] Creation of dynamic property App\Controllers\Home::$harga is deprecated in APPPATH\Controllers\Home.php on line 16.
 1 SYSTEMPATH\CodeIgniter.php(903): App\Controllers\Home->__construct()
 2 SYSTEMPATH\CodeIgniter.php(500): CodeIgniter\CodeIgniter->createController()
 3 SYSTEMPATH\CodeIgniter.php(355): CodeIgniter\CodeIgniter->handleRequest(null, Object(Config\Cache), false)
 4 SYSTEMPATH\Boot.php(312): CodeIgniter\CodeIgniter->run()
 5 SYSTEMPATH\Boot.php(67): CodeIgniter\Boot::runCodeIgniter(Object(CodeIgniter\CodeIgniter))
 6 FCPATH\index.php(56): CodeIgniter\Boot::bootWeb(Object(Config\Paths))
 7 SYSTEMPATH\Commands\Server\rewrite.php(49): require_once('C:\\APK\\xampp-8.2\\htdocs\\SafeToTrip\\public\\index.php')
INFO - 2024-06-15 18:03:58 --> Session: Class initialized using 'CodeIgniter\Session\Handlers\FileHandler' driver.
WARNING - 2024-06-15 18:03:58 --> [DEPRECATED] Creation of dynamic property App\Controllers\Home::$session is deprecated in APPPATH\Controllers\Home.php on line 13.
 1 SYSTEMPATH\CodeIgniter.php(903): App\Controllers\Home->__construct()
 2 SYSTEMPATH\CodeIgniter.php(500): CodeIgniter\CodeIgniter->createController()
 3 SYSTEMPATH\CodeIgniter.php(355): CodeIgniter\CodeIgniter->handleRequest(null, Object(Config\Cache), false)
 4 SYSTEMPATH\Boot.php(312): CodeIgniter\CodeIgniter->run()
 5 SYSTEMPATH\Boot.php(67): CodeIgniter\Boot::runCodeIgniter(Object(CodeIgniter\CodeIgniter))
 6 FCPATH\index.php(56): CodeIgniter\Boot::bootWeb(Object(Config\Paths))
 7 SYSTEMPATH\Commands\Server\rewrite.php(49): require_once('C:\\APK\\xampp-8.2\\htdocs\\SafeToTrip\\public\\index.php')
WARNING - 2024-06-15 18:03:58 --> [DEPRECATED] Creation of dynamic property App\Controllers\Home::$wisata is deprecated in APPPATH\Controllers\Home.php on line 14.
 1 SYSTEMPATH\CodeIgniter.php(903): App\Controllers\Home->__construct()
 2 SYSTEMPATH\CodeIgniter.php(500): CodeIgniter\CodeIgniter->createController()
 3 SYSTEMPATH\CodeIgniter.php(355): CodeIgniter\CodeIgniter->handleRequest(null, Object(Config\Cache), false)
 4 SYSTEMPATH\Boot.php(312): CodeIgniter\CodeIgniter->run()
 5 SYSTEMPATH\Boot.php(67): CodeIgniter\Boot::runCodeIgniter(Object(CodeIgniter\CodeIgniter))
 6 FCPATH\index.php(56): CodeIgniter\Boot::bootWeb(Object(Config\Paths))
 7 SYSTEMPATH\Commands\Server\rewrite.php(49): require_once('C:\\APK\\xampp-8.2\\htdocs\\SafeToTrip\\public\\index.php')
WARNING - 2024-06-15 18:03:58 --> [DEPRECATED] Creation of dynamic property App\Controllers\Home::$fasilitas is deprecated in APPPATH\Controllers\Home.php on line 15.
 1 SYSTEMPATH\CodeIgniter.php(903): App\Controllers\Home->__construct()
 2 SYSTEMPATH\CodeIgniter.php(500): CodeIgniter\CodeIgniter->createController()
 3 SYSTEMPATH\CodeIgniter.php(355): CodeIgniter\CodeIgniter->handleRequest(null, Object(Config\Cache), false)
 4 SYSTEMPATH\Boot.php(312): CodeIgniter\CodeIgniter->run()
 5 SYSTEMPATH\Boot.php(67): CodeIgniter\Boot::runCodeIgniter(Object(CodeIgniter\CodeIgniter))
 6 FCPATH\index.php(56): CodeIgniter\Boot::bootWeb(Object(Config\Paths))
 7 SYSTEMPATH\Commands\Server\rewrite.php(49): require_once('C:\\APK\\xampp-8.2\\htdocs\\SafeToTrip\\public\\index.php')
WARNING - 2024-06-15 18:03:58 --> [DEPRECATED] Creation of dynamic property App\Controllers\Home::$harga is deprecated in APPPATH\Controllers\Home.php on line 16.
 1 SYSTEMPATH\CodeIgniter.php(903): App\Controllers\Home->__construct()
 2 SYSTEMPATH\CodeIgniter.php(500): CodeIgniter\CodeIgniter->createController()
 3 SYSTEMPATH\CodeIgniter.php(355): CodeIgniter\CodeIgniter->handleRequest(null, Object(Config\Cache), false)
 4 SYSTEMPATH\Boot.php(312): CodeIgniter\CodeIgniter->run()
 5 SYSTEMPATH\Boot.php(67): CodeIgniter\Boot::runCodeIgniter(Object(CodeIgniter\CodeIgniter))
 6 FCPATH\index.php(56): CodeIgniter\Boot::bootWeb(Object(Config\Paths))
 7 SYSTEMPATH\Commands\Server\rewrite.php(49): require_once('C:\\APK\\xampp-8.2\\htdocs\\SafeToTrip\\public\\index.php')
INFO - 2024-06-15 18:04:26 --> Session: Class initialized using 'CodeIgniter\Session\Handlers\FileHandler' driver.
WARNING - 2024-06-15 18:04:26 --> [DEPRECATED] Creation of dynamic property App\Controllers\Home::$session is deprecated in APPPATH\Controllers\Home.php on line 13.
 1 SYSTEMPATH\CodeIgniter.php(903): App\Controllers\Home->__construct()
 2 SYSTEMPATH\CodeIgniter.php(500): CodeIgniter\CodeIgniter->createController()
 3 SYSTEMPATH\CodeIgniter.php(355): CodeIgniter\CodeIgniter->handleRequest(null, Object(Config\Cache), false)
 4 SYSTEMPATH\Boot.php(312): CodeIgniter\CodeIgniter->run()
 5 SYSTEMPATH\Boot.php(67): CodeIgniter\Boot::runCodeIgniter(Object(CodeIgniter\CodeIgniter))
 6 FCPATH\index.php(56): CodeIgniter\Boot::bootWeb(Object(Config\Paths))
 7 SYSTEMPATH\Commands\Server\rewrite.php(49): require_once('C:\\APK\\xampp-8.2\\htdocs\\SafeToTrip\\public\\index.php')
WARNING - 2024-06-15 18:04:26 --> [DEPRECATED] Creation of dynamic property App\Controllers\Home::$wisata is deprecated in APPPATH\Controllers\Home.php on line 14.
 1 SYSTEMPATH\CodeIgniter.php(903): App\Controllers\Home->__construct()
 2 SYSTEMPATH\CodeIgniter.php(500): CodeIgniter\CodeIgniter->createController()
 3 SYSTEMPATH\CodeIgniter.php(355): CodeIgniter\CodeIgniter->handleRequest(null, Object(Config\Cache), false)
 4 SYSTEMPATH\Boot.php(312): CodeIgniter\CodeIgniter->run()
 5 SYSTEMPATH\Boot.php(67): CodeIgniter\Boot::runCodeIgniter(Object(CodeIgniter\CodeIgniter))
 6 FCPATH\index.php(56): CodeIgniter\Boot::bootWeb(Object(Config\Paths))
 7 SYSTEMPATH\Commands\Server\rewrite.php(49): require_once('C:\\APK\\xampp-8.2\\htdocs\\SafeToTrip\\public\\index.php')
WARNING - 2024-06-15 18:04:26 --> [DEPRECATED] Creation of dynamic property App\Controllers\Home::$fasilitas is deprecated in APPPATH\Controllers\Home.php on line 15.
 1 SYSTEMPATH\CodeIgniter.php(903): App\Controllers\Home->__construct()
 2 SYSTEMPATH\CodeIgniter.php(500): CodeIgniter\CodeIgniter->createController()
 3 SYSTEMPATH\CodeIgniter.php(355): CodeIgniter\CodeIgniter->handleRequest(null, Object(Config\Cache), false)
 4 SYSTEMPATH\Boot.php(312): CodeIgniter\CodeIgniter->run()
 5 SYSTEMPATH\Boot.php(67): CodeIgniter\Boot::runCodeIgniter(Object(CodeIgniter\CodeIgniter))
 6 FCPATH\index.php(56): CodeIgniter\Boot::bootWeb(Object(Config\Paths))
 7 SYSTEMPATH\Commands\Server\rewrite.php(49): require_once('C:\\APK\\xampp-8.2\\htdocs\\SafeToTrip\\public\\index.php')
WARNING - 2024-06-15 18:04:26 --> [DEPRECATED] Creation of dynamic property App\Controllers\Home::$harga is deprecated in APPPATH\Controllers\Home.php on line 16.
 1 SYSTEMPATH\CodeIgniter.php(903): App\Controllers\Home->__construct()
 2 SYSTEMPATH\CodeIgniter.php(500): CodeIgniter\CodeIgniter->createController()
 3 SYSTEMPATH\CodeIgniter.php(355): CodeIgniter\CodeIgniter->handleRequest(null, Object(Config\Cache), false)
 4 SYSTEMPATH\Boot.php(312): CodeIgniter\CodeIgniter->run()
 5 SYSTEMPATH\Boot.php(67): CodeIgniter\Boot::runCodeIgniter(Object(CodeIgniter\CodeIgniter))
 6 FCPATH\index.php(56): CodeIgniter\Boot::bootWeb(Object(Config\Paths))
 7 SYSTEMPATH\Commands\Server\rewrite.php(49): require_once('C:\\APK\\xampp-8.2\\htdocs\\SafeToTrip\\public\\index.php')
