INFO - 2024-06-02 20:22:53 --> Session: Class initialized using 'CodeIgniter\Session\Handlers\FileHandler' driver.
WARNING - 2024-06-02 20:22:53 --> [DEPRECATED] Creation of dynamic property App\Controllers\Home::$session is deprecated in APPPATH\Controllers\Home.php on line 9.
 1 SYSTEMPATH\CodeIgniter.php(903): App\Controllers\Home->__construct()
 2 SYSTEMPATH\CodeIgniter.php(500): CodeIgniter\CodeIgniter->createController()
 3 SYSTEMPATH\CodeIgniter.php(355): CodeIgniter\CodeIgniter->handleRequest(null, Object(Config\Cache), false)
 4 SYSTEMPATH\Boot.php(312): CodeIgniter\CodeIgniter->run()
 5 SYSTEMPATH\Boot.php(67): CodeIgniter\Boot::runCodeIgniter(Object(CodeIgniter\CodeIgniter))
 6 FCPATH\index.php(56): CodeIgniter\Boot::bootWeb(Object(Config\Paths))
 7 SYSTEMPATH\Commands\Server\rewrite.php(49): require_once('C:\\APK\\xampp-8.2\\htdocs\\SafeToTrip\\public\\index.php')
INFO - 2024-06-02 20:22:59 --> Session: Class initialized using 'CodeIgniter\Session\Handlers\FileHandler' driver.
WARNING - 2024-06-02 20:22:59 --> [DEPRECATED] Creation of dynamic property App\Controllers\Login::$session is deprecated in APPPATH\Controllers\Login.php on line 12.
 1 SYSTEMPATH\CodeIgniter.php(903): App\Controllers\Login->__construct()
 2 SYSTEMPATH\CodeIgniter.php(500): CodeIgniter\CodeIgniter->createController()
 3 SYSTEMPATH\CodeIgniter.php(355): CodeIgniter\CodeIgniter->handleRequest(null, Object(Config\Cache), false)
 4 SYSTEMPATH\Boot.php(312): CodeIgniter\CodeIgniter->run()
 5 SYSTEMPATH\Boot.php(67): CodeIgniter\Boot::runCodeIgniter(Object(CodeIgniter\CodeIgniter))
 6 FCPATH\index.php(56): CodeIgniter\Boot::bootWeb(Object(Config\Paths))
 7 SYSTEMPATH\Commands\Server\rewrite.php(49): require_once('C:\\APK\\xampp-8.2\\htdocs\\SafeToTrip\\public\\index.php')
INFO - 2024-06-02 20:23:08 --> Session: Class initialized using 'CodeIgniter\Session\Handlers\FileHandler' driver.
WARNING - 2024-06-02 20:23:08 --> [DEPRECATED] Creation of dynamic property App\Controllers\Login::$session is deprecated in APPPATH\Controllers\Login.php on line 12.
 1 SYSTEMPATH\CodeIgniter.php(903): App\Controllers\Login->__construct()
 2 SYSTEMPATH\CodeIgniter.php(500): CodeIgniter\CodeIgniter->createController()
 3 SYSTEMPATH\CodeIgniter.php(355): CodeIgniter\CodeIgniter->handleRequest(null, Object(Config\Cache), false)
 4 SYSTEMPATH\Boot.php(312): CodeIgniter\CodeIgniter->run()
 5 SYSTEMPATH\Boot.php(67): CodeIgniter\Boot::runCodeIgniter(Object(CodeIgniter\CodeIgniter))
 6 FCPATH\index.php(56): CodeIgniter\Boot::bootWeb(Object(Config\Paths))
 7 SYSTEMPATH\Commands\Server\rewrite.php(49): require_once('C:\\APK\\xampp-8.2\\htdocs\\SafeToTrip\\public\\index.php')
INFO - 2024-06-02 20:23:09 --> Session: Class initialized using 'CodeIgniter\Session\Handlers\FileHandler' driver.
WARNING - 2024-06-02 20:23:09 --> [DEPRECATED] Creation of dynamic property App\Controllers\Login::$session is deprecated in APPPATH\Controllers\Login.php on line 12.
 1 SYSTEMPATH\CodeIgniter.php(903): App\Controllers\Login->__construct()
 2 SYSTEMPATH\CodeIgniter.php(500): CodeIgniter\CodeIgniter->createController()
 3 SYSTEMPATH\CodeIgniter.php(355): CodeIgniter\CodeIgniter->handleRequest(null, Object(Config\Cache), false)
 4 SYSTEMPATH\Boot.php(312): CodeIgniter\CodeIgniter->run()
 5 SYSTEMPATH\Boot.php(67): CodeIgniter\Boot::runCodeIgniter(Object(CodeIgniter\CodeIgniter))
 6 FCPATH\index.php(56): CodeIgniter\Boot::bootWeb(Object(Config\Paths))
 7 SYSTEMPATH\Commands\Server\rewrite.php(49): require_once('C:\\APK\\xampp-8.2\\htdocs\\SafeToTrip\\public\\index.php')
INFO - 2024-06-02 20:23:17 --> Session: Class initialized using 'CodeIgniter\Session\Handlers\FileHandler' driver.
WARNING - 2024-06-02 20:23:17 --> [DEPRECATED] Creation of dynamic property App\Controllers\Login::$session is deprecated in APPPATH\Controllers\Login.php on line 12.
 1 SYSTEMPATH\CodeIgniter.php(903): App\Controllers\Login->__construct()
 2 SYSTEMPATH\CodeIgniter.php(500): CodeIgniter\CodeIgniter->createController()
 3 SYSTEMPATH\CodeIgniter.php(355): CodeIgniter\CodeIgniter->handleRequest(null, Object(Config\Cache), false)
 4 SYSTEMPATH\Boot.php(312): CodeIgniter\CodeIgniter->run()
 5 SYSTEMPATH\Boot.php(67): CodeIgniter\Boot::runCodeIgniter(Object(CodeIgniter\CodeIgniter))
 6 FCPATH\index.php(56): CodeIgniter\Boot::bootWeb(Object(Config\Paths))
 7 SYSTEMPATH\Commands\Server\rewrite.php(49): require_once('C:\\APK\\xampp-8.2\\htdocs\\SafeToTrip\\public\\index.php')
INFO - 2024-06-02 20:23:17 --> Session: Class initialized using 'CodeIgniter\Session\Handlers\FileHandler' driver.
WARNING - 2024-06-02 20:23:17 --> [DEPRECATED] Creation of dynamic property App\Controllers\Home::$session is deprecated in APPPATH\Controllers\Home.php on line 9.
 1 SYSTEMPATH\CodeIgniter.php(903): App\Controllers\Home->__construct()
 2 SYSTEMPATH\CodeIgniter.php(500): CodeIgniter\CodeIgniter->createController()
 3 SYSTEMPATH\CodeIgniter.php(355): CodeIgniter\CodeIgniter->handleRequest(null, Object(Config\Cache), false)
 4 SYSTEMPATH\Boot.php(312): CodeIgniter\CodeIgniter->run()
 5 SYSTEMPATH\Boot.php(67): CodeIgniter\Boot::runCodeIgniter(Object(CodeIgniter\CodeIgniter))
 6 FCPATH\index.php(56): CodeIgniter\Boot::bootWeb(Object(Config\Paths))
 7 SYSTEMPATH\Commands\Server\rewrite.php(49): require_once('C:\\APK\\xampp-8.2\\htdocs\\SafeToTrip\\public\\index.php')
INFO - 2024-06-02 20:23:24 --> Session: Class initialized using 'CodeIgniter\Session\Handlers\FileHandler' driver.
WARNING - 2024-06-02 20:23:24 --> [DEPRECATED] Creation of dynamic property App\Controllers\Home::$session is deprecated in APPPATH\Controllers\Home.php on line 9.
 1 APPPATH\Controllers\Admin.php(13): App\Controllers\Home->__construct()
 2 SYSTEMPATH\CodeIgniter.php(903): App\Controllers\Admin->__construct()
 3 SYSTEMPATH\CodeIgniter.php(500): CodeIgniter\CodeIgniter->createController()
 4 SYSTEMPATH\CodeIgniter.php(355): CodeIgniter\CodeIgniter->handleRequest(null, Object(Config\Cache), false)
 5 SYSTEMPATH\Boot.php(312): CodeIgniter\CodeIgniter->run()
 6 SYSTEMPATH\Boot.php(67): CodeIgniter\Boot::runCodeIgniter(Object(CodeIgniter\CodeIgniter))
 7 FCPATH\index.php(56): CodeIgniter\Boot::bootWeb(Object(Config\Paths))
 8 SYSTEMPATH\Commands\Server\rewrite.php(49): require_once('C:\\APK\\xampp-8.2\\htdocs\\SafeToTrip\\public\\index.php')
WARNING - 2024-06-02 20:23:24 --> [DEPRECATED] Creation of dynamic property App\Controllers\Admin::$home is deprecated in APPPATH\Controllers\Admin.php on line 13.
 1 SYSTEMPATH\CodeIgniter.php(903): App\Controllers\Admin->__construct()
 2 SYSTEMPATH\CodeIgniter.php(500): CodeIgniter\CodeIgniter->createController()
 3 SYSTEMPATH\CodeIgniter.php(355): CodeIgniter\CodeIgniter->handleRequest(null, Object(Config\Cache), false)
 4 SYSTEMPATH\Boot.php(312): CodeIgniter\CodeIgniter->run()
 5 SYSTEMPATH\Boot.php(67): CodeIgniter\Boot::runCodeIgniter(Object(CodeIgniter\CodeIgniter))
 6 FCPATH\index.php(56): CodeIgniter\Boot::bootWeb(Object(Config\Paths))
 7 SYSTEMPATH\Commands\Server\rewrite.php(49): require_once('C:\\APK\\xampp-8.2\\htdocs\\SafeToTrip\\public\\index.php')
WARNING - 2024-06-02 20:23:24 --> [DEPRECATED] Creation of dynamic property App\Controllers\Admin::$admin is deprecated in APPPATH\Controllers\Admin.php on line 14.
 1 SYSTEMPATH\CodeIgniter.php(903): App\Controllers\Admin->__construct()
 2 SYSTEMPATH\CodeIgniter.php(500): CodeIgniter\CodeIgniter->createController()
 3 SYSTEMPATH\CodeIgniter.php(355): CodeIgniter\CodeIgniter->handleRequest(null, Object(Config\Cache), false)
 4 SYSTEMPATH\Boot.php(312): CodeIgniter\CodeIgniter->run()
 5 SYSTEMPATH\Boot.php(67): CodeIgniter\Boot::runCodeIgniter(Object(CodeIgniter\CodeIgniter))
 6 FCPATH\index.php(56): CodeIgniter\Boot::bootWeb(Object(Config\Paths))
 7 SYSTEMPATH\Commands\Server\rewrite.php(49): require_once('C:\\APK\\xampp-8.2\\htdocs\\SafeToTrip\\public\\index.php')
INFO - 2024-06-02 20:23:39 --> Session: Class initialized using 'CodeIgniter\Session\Handlers\FileHandler' driver.
WARNING - 2024-06-02 20:23:39 --> [DEPRECATED] Creation of dynamic property App\Controllers\Home::$session is deprecated in APPPATH\Controllers\Home.php on line 9.
 1 APPPATH\Controllers\Admin.php(13): App\Controllers\Home->__construct()
 2 SYSTEMPATH\CodeIgniter.php(903): App\Controllers\Admin->__construct()
 3 SYSTEMPATH\CodeIgniter.php(500): CodeIgniter\CodeIgniter->createController()
 4 SYSTEMPATH\CodeIgniter.php(355): CodeIgniter\CodeIgniter->handleRequest(null, Object(Config\Cache), false)
 5 SYSTEMPATH\Boot.php(312): CodeIgniter\CodeIgniter->run()
 6 SYSTEMPATH\Boot.php(67): CodeIgniter\Boot::runCodeIgniter(Object(CodeIgniter\CodeIgniter))
 7 FCPATH\index.php(56): CodeIgniter\Boot::bootWeb(Object(Config\Paths))
 8 SYSTEMPATH\Commands\Server\rewrite.php(49): require_once('C:\\APK\\xampp-8.2\\htdocs\\SafeToTrip\\public\\index.php')
WARNING - 2024-06-02 20:23:39 --> [DEPRECATED] Creation of dynamic property App\Controllers\Admin::$home is deprecated in APPPATH\Controllers\Admin.php on line 13.
 1 SYSTEMPATH\CodeIgniter.php(903): App\Controllers\Admin->__construct()
 2 SYSTEMPATH\CodeIgniter.php(500): CodeIgniter\CodeIgniter->createController()
 3 SYSTEMPATH\CodeIgniter.php(355): CodeIgniter\CodeIgniter->handleRequest(null, Object(Config\Cache), false)
 4 SYSTEMPATH\Boot.php(312): CodeIgniter\CodeIgniter->run()
 5 SYSTEMPATH\Boot.php(67): CodeIgniter\Boot::runCodeIgniter(Object(CodeIgniter\CodeIgniter))
 6 FCPATH\index.php(56): CodeIgniter\Boot::bootWeb(Object(Config\Paths))
 7 SYSTEMPATH\Commands\Server\rewrite.php(49): require_once('C:\\APK\\xampp-8.2\\htdocs\\SafeToTrip\\public\\index.php')
WARNING - 2024-06-02 20:23:39 --> [DEPRECATED] Creation of dynamic property App\Controllers\Admin::$admin is deprecated in APPPATH\Controllers\Admin.php on line 14.
 1 SYSTEMPATH\CodeIgniter.php(903): App\Controllers\Admin->__construct()
 2 SYSTEMPATH\CodeIgniter.php(500): CodeIgniter\CodeIgniter->createController()
 3 SYSTEMPATH\CodeIgniter.php(355): CodeIgniter\CodeIgniter->handleRequest(null, Object(Config\Cache), false)
 4 SYSTEMPATH\Boot.php(312): CodeIgniter\CodeIgniter->run()
 5 SYSTEMPATH\Boot.php(67): CodeIgniter\Boot::runCodeIgniter(Object(CodeIgniter\CodeIgniter))
 6 FCPATH\index.php(56): CodeIgniter\Boot::bootWeb(Object(Config\Paths))
 7 SYSTEMPATH\Commands\Server\rewrite.php(49): require_once('C:\\APK\\xampp-8.2\\htdocs\\SafeToTrip\\public\\index.php')
INFO - 2024-06-02 20:28:47 --> Session: Class initialized using 'CodeIgniter\Session\Handlers\FileHandler' driver.
WARNING - 2024-06-02 20:28:47 --> [DEPRECATED] Creation of dynamic property App\Controllers\Home::$session is deprecated in APPPATH\Controllers\Home.php on line 9.
 1 APPPATH\Controllers\Admin.php(13): App\Controllers\Home->__construct()
 2 SYSTEMPATH\CodeIgniter.php(903): App\Controllers\Admin->__construct()
 3 SYSTEMPATH\CodeIgniter.php(500): CodeIgniter\CodeIgniter->createController()
 4 SYSTEMPATH\CodeIgniter.php(355): CodeIgniter\CodeIgniter->handleRequest(null, Object(Config\Cache), false)
 5 SYSTEMPATH\Boot.php(312): CodeIgniter\CodeIgniter->run()
 6 SYSTEMPATH\Boot.php(67): CodeIgniter\Boot::runCodeIgniter(Object(CodeIgniter\CodeIgniter))
 7 FCPATH\index.php(56): CodeIgniter\Boot::bootWeb(Object(Config\Paths))
 8 SYSTEMPATH\Commands\Server\rewrite.php(49): require_once('C:\\APK\\xampp-8.2\\htdocs\\SafeToTrip\\public\\index.php')
WARNING - 2024-06-02 20:28:47 --> [DEPRECATED] Creation of dynamic property App\Controllers\Admin::$home is deprecated in APPPATH\Controllers\Admin.php on line 13.
 1 SYSTEMPATH\CodeIgniter.php(903): App\Controllers\Admin->__construct()
 2 SYSTEMPATH\CodeIgniter.php(500): CodeIgniter\CodeIgniter->createController()
 3 SYSTEMPATH\CodeIgniter.php(355): CodeIgniter\CodeIgniter->handleRequest(null, Object(Config\Cache), false)
 4 SYSTEMPATH\Boot.php(312): CodeIgniter\CodeIgniter->run()
 5 SYSTEMPATH\Boot.php(67): CodeIgniter\Boot::runCodeIgniter(Object(CodeIgniter\CodeIgniter))
 6 FCPATH\index.php(56): CodeIgniter\Boot::bootWeb(Object(Config\Paths))
 7 SYSTEMPATH\Commands\Server\rewrite.php(49): require_once('C:\\APK\\xampp-8.2\\htdocs\\SafeToTrip\\public\\index.php')
WARNING - 2024-06-02 20:28:47 --> [DEPRECATED] Creation of dynamic property App\Controllers\Admin::$admin is deprecated in APPPATH\Controllers\Admin.php on line 14.
 1 SYSTEMPATH\CodeIgniter.php(903): App\Controllers\Admin->__construct()
 2 SYSTEMPATH\CodeIgniter.php(500): CodeIgniter\CodeIgniter->createController()
 3 SYSTEMPATH\CodeIgniter.php(355): CodeIgniter\CodeIgniter->handleRequest(null, Object(Config\Cache), false)
 4 SYSTEMPATH\Boot.php(312): CodeIgniter\CodeIgniter->run()
 5 SYSTEMPATH\Boot.php(67): CodeIgniter\Boot::runCodeIgniter(Object(CodeIgniter\CodeIgniter))
 6 FCPATH\index.php(56): CodeIgniter\Boot::bootWeb(Object(Config\Paths))
 7 SYSTEMPATH\Commands\Server\rewrite.php(49): require_once('C:\\APK\\xampp-8.2\\htdocs\\SafeToTrip\\public\\index.php')
INFO - 2024-06-02 20:30:52 --> Session: Class initialized using 'CodeIgniter\Session\Handlers\FileHandler' driver.
WARNING - 2024-06-02 20:30:52 --> [DEPRECATED] Creation of dynamic property App\Controllers\Home::$session is deprecated in APPPATH\Controllers\Home.php on line 9.
 1 APPPATH\Controllers\Admin.php(13): App\Controllers\Home->__construct()
 2 SYSTEMPATH\CodeIgniter.php(903): App\Controllers\Admin->__construct()
 3 SYSTEMPATH\CodeIgniter.php(500): CodeIgniter\CodeIgniter->createController()
 4 SYSTEMPATH\CodeIgniter.php(355): CodeIgniter\CodeIgniter->handleRequest(null, Object(Config\Cache), false)
 5 SYSTEMPATH\Boot.php(312): CodeIgniter\CodeIgniter->run()
 6 SYSTEMPATH\Boot.php(67): CodeIgniter\Boot::runCodeIgniter(Object(CodeIgniter\CodeIgniter))
 7 FCPATH\index.php(56): CodeIgniter\Boot::bootWeb(Object(Config\Paths))
 8 SYSTEMPATH\Commands\Server\rewrite.php(49): require_once('C:\\APK\\xampp-8.2\\htdocs\\SafeToTrip\\public\\index.php')
WARNING - 2024-06-02 20:30:52 --> [DEPRECATED] Creation of dynamic property App\Controllers\Admin::$home is deprecated in APPPATH\Controllers\Admin.php on line 13.
 1 SYSTEMPATH\CodeIgniter.php(903): App\Controllers\Admin->__construct()
 2 SYSTEMPATH\CodeIgniter.php(500): CodeIgniter\CodeIgniter->createController()
 3 SYSTEMPATH\CodeIgniter.php(355): CodeIgniter\CodeIgniter->handleRequest(null, Object(Config\Cache), false)
 4 SYSTEMPATH\Boot.php(312): CodeIgniter\CodeIgniter->run()
 5 SYSTEMPATH\Boot.php(67): CodeIgniter\Boot::runCodeIgniter(Object(CodeIgniter\CodeIgniter))
 6 FCPATH\index.php(56): CodeIgniter\Boot::bootWeb(Object(Config\Paths))
 7 SYSTEMPATH\Commands\Server\rewrite.php(49): require_once('C:\\APK\\xampp-8.2\\htdocs\\SafeToTrip\\public\\index.php')
WARNING - 2024-06-02 20:30:52 --> [DEPRECATED] Creation of dynamic property App\Controllers\Admin::$admin is deprecated in APPPATH\Controllers\Admin.php on line 14.
 1 SYSTEMPATH\CodeIgniter.php(903): App\Controllers\Admin->__construct()
 2 SYSTEMPATH\CodeIgniter.php(500): CodeIgniter\CodeIgniter->createController()
 3 SYSTEMPATH\CodeIgniter.php(355): CodeIgniter\CodeIgniter->handleRequest(null, Object(Config\Cache), false)
 4 SYSTEMPATH\Boot.php(312): CodeIgniter\CodeIgniter->run()
 5 SYSTEMPATH\Boot.php(67): CodeIgniter\Boot::runCodeIgniter(Object(CodeIgniter\CodeIgniter))
 6 FCPATH\index.php(56): CodeIgniter\Boot::bootWeb(Object(Config\Paths))
 7 SYSTEMPATH\Commands\Server\rewrite.php(49): require_once('C:\\APK\\xampp-8.2\\htdocs\\SafeToTrip\\public\\index.php')
INFO - 2024-06-02 20:31:53 --> Session: Class initialized using 'CodeIgniter\Session\Handlers\FileHandler' driver.
WARNING - 2024-06-02 20:31:53 --> [DEPRECATED] Creation of dynamic property App\Controllers\Home::$session is deprecated in APPPATH\Controllers\Home.php on line 9.
 1 APPPATH\Controllers\Admin.php(13): App\Controllers\Home->__construct()
 2 SYSTEMPATH\CodeIgniter.php(903): App\Controllers\Admin->__construct()
 3 SYSTEMPATH\CodeIgniter.php(500): CodeIgniter\CodeIgniter->createController()
 4 SYSTEMPATH\CodeIgniter.php(355): CodeIgniter\CodeIgniter->handleRequest(null, Object(Config\Cache), false)
 5 SYSTEMPATH\Boot.php(312): CodeIgniter\CodeIgniter->run()
 6 SYSTEMPATH\Boot.php(67): CodeIgniter\Boot::runCodeIgniter(Object(CodeIgniter\CodeIgniter))
 7 FCPATH\index.php(56): CodeIgniter\Boot::bootWeb(Object(Config\Paths))
 8 SYSTEMPATH\Commands\Server\rewrite.php(49): require_once('C:\\APK\\xampp-8.2\\htdocs\\SafeToTrip\\public\\index.php')
WARNING - 2024-06-02 20:31:53 --> [DEPRECATED] Creation of dynamic property App\Controllers\Admin::$home is deprecated in APPPATH\Controllers\Admin.php on line 13.
 1 SYSTEMPATH\CodeIgniter.php(903): App\Controllers\Admin->__construct()
 2 SYSTEMPATH\CodeIgniter.php(500): CodeIgniter\CodeIgniter->createController()
 3 SYSTEMPATH\CodeIgniter.php(355): CodeIgniter\CodeIgniter->handleRequest(null, Object(Config\Cache), false)
 4 SYSTEMPATH\Boot.php(312): CodeIgniter\CodeIgniter->run()
 5 SYSTEMPATH\Boot.php(67): CodeIgniter\Boot::runCodeIgniter(Object(CodeIgniter\CodeIgniter))
 6 FCPATH\index.php(56): CodeIgniter\Boot::bootWeb(Object(Config\Paths))
 7 SYSTEMPATH\Commands\Server\rewrite.php(49): require_once('C:\\APK\\xampp-8.2\\htdocs\\SafeToTrip\\public\\index.php')
WARNING - 2024-06-02 20:31:53 --> [DEPRECATED] Creation of dynamic property App\Controllers\Admin::$admin is deprecated in APPPATH\Controllers\Admin.php on line 14.
 1 SYSTEMPATH\CodeIgniter.php(903): App\Controllers\Admin->__construct()
 2 SYSTEMPATH\CodeIgniter.php(500): CodeIgniter\CodeIgniter->createController()
 3 SYSTEMPATH\CodeIgniter.php(355): CodeIgniter\CodeIgniter->handleRequest(null, Object(Config\Cache), false)
 4 SYSTEMPATH\Boot.php(312): CodeIgniter\CodeIgniter->run()
 5 SYSTEMPATH\Boot.php(67): CodeIgniter\Boot::runCodeIgniter(Object(CodeIgniter\CodeIgniter))
 6 FCPATH\index.php(56): CodeIgniter\Boot::bootWeb(Object(Config\Paths))
 7 SYSTEMPATH\Commands\Server\rewrite.php(49): require_once('C:\\APK\\xampp-8.2\\htdocs\\SafeToTrip\\public\\index.php')
INFO - 2024-06-02 20:32:31 --> Session: Class initialized using 'CodeIgniter\Session\Handlers\FileHandler' driver.
WARNING - 2024-06-02 20:32:31 --> [DEPRECATED] Creation of dynamic property App\Controllers\Home::$session is deprecated in APPPATH\Controllers\Home.php on line 9.
 1 APPPATH\Controllers\Admin.php(13): App\Controllers\Home->__construct()
 2 SYSTEMPATH\CodeIgniter.php(903): App\Controllers\Admin->__construct()
 3 SYSTEMPATH\CodeIgniter.php(500): CodeIgniter\CodeIgniter->createController()
 4 SYSTEMPATH\CodeIgniter.php(355): CodeIgniter\CodeIgniter->handleRequest(null, Object(Config\Cache), false)
 5 SYSTEMPATH\Boot.php(312): CodeIgniter\CodeIgniter->run()
 6 SYSTEMPATH\Boot.php(67): CodeIgniter\Boot::runCodeIgniter(Object(CodeIgniter\CodeIgniter))
 7 FCPATH\index.php(56): CodeIgniter\Boot::bootWeb(Object(Config\Paths))
 8 SYSTEMPATH\Commands\Server\rewrite.php(49): require_once('C:\\APK\\xampp-8.2\\htdocs\\SafeToTrip\\public\\index.php')
WARNING - 2024-06-02 20:32:31 --> [DEPRECATED] Creation of dynamic property App\Controllers\Admin::$home is deprecated in APPPATH\Controllers\Admin.php on line 13.
 1 SYSTEMPATH\CodeIgniter.php(903): App\Controllers\Admin->__construct()
 2 SYSTEMPATH\CodeIgniter.php(500): CodeIgniter\CodeIgniter->createController()
 3 SYSTEMPATH\CodeIgniter.php(355): CodeIgniter\CodeIgniter->handleRequest(null, Object(Config\Cache), false)
 4 SYSTEMPATH\Boot.php(312): CodeIgniter\CodeIgniter->run()
 5 SYSTEMPATH\Boot.php(67): CodeIgniter\Boot::runCodeIgniter(Object(CodeIgniter\CodeIgniter))
 6 FCPATH\index.php(56): CodeIgniter\Boot::bootWeb(Object(Config\Paths))
 7 SYSTEMPATH\Commands\Server\rewrite.php(49): require_once('C:\\APK\\xampp-8.2\\htdocs\\SafeToTrip\\public\\index.php')
WARNING - 2024-06-02 20:32:31 --> [DEPRECATED] Creation of dynamic property App\Controllers\Admin::$admin is deprecated in APPPATH\Controllers\Admin.php on line 14.
 1 SYSTEMPATH\CodeIgniter.php(903): App\Controllers\Admin->__construct()
 2 SYSTEMPATH\CodeIgniter.php(500): CodeIgniter\CodeIgniter->createController()
 3 SYSTEMPATH\CodeIgniter.php(355): CodeIgniter\CodeIgniter->handleRequest(null, Object(Config\Cache), false)
 4 SYSTEMPATH\Boot.php(312): CodeIgniter\CodeIgniter->run()
 5 SYSTEMPATH\Boot.php(67): CodeIgniter\Boot::runCodeIgniter(Object(CodeIgniter\CodeIgniter))
 6 FCPATH\index.php(56): CodeIgniter\Boot::bootWeb(Object(Config\Paths))
 7 SYSTEMPATH\Commands\Server\rewrite.php(49): require_once('C:\\APK\\xampp-8.2\\htdocs\\SafeToTrip\\public\\index.php')
INFO - 2024-06-02 20:43:54 --> Session: Class initialized using 'CodeIgniter\Session\Handlers\FileHandler' driver.
WARNING - 2024-06-02 20:43:54 --> [DEPRECATED] Creation of dynamic property App\Controllers\Home::$session is deprecated in APPPATH\Controllers\Home.php on line 9.
 1 APPPATH\Controllers\Admin.php(13): App\Controllers\Home->__construct()
 2 SYSTEMPATH\CodeIgniter.php(903): App\Controllers\Admin->__construct()
 3 SYSTEMPATH\CodeIgniter.php(500): CodeIgniter\CodeIgniter->createController()
 4 SYSTEMPATH\CodeIgniter.php(355): CodeIgniter\CodeIgniter->handleRequest(null, Object(Config\Cache), false)
 5 SYSTEMPATH\Boot.php(312): CodeIgniter\CodeIgniter->run()
 6 SYSTEMPATH\Boot.php(67): CodeIgniter\Boot::runCodeIgniter(Object(CodeIgniter\CodeIgniter))
 7 FCPATH\index.php(56): CodeIgniter\Boot::bootWeb(Object(Config\Paths))
 8 SYSTEMPATH\Commands\Server\rewrite.php(49): require_once('C:\\APK\\xampp-8.2\\htdocs\\SafeToTrip\\public\\index.php')
WARNING - 2024-06-02 20:43:54 --> [DEPRECATED] Creation of dynamic property App\Controllers\Admin::$home is deprecated in APPPATH\Controllers\Admin.php on line 13.
 1 SYSTEMPATH\CodeIgniter.php(903): App\Controllers\Admin->__construct()
 2 SYSTEMPATH\CodeIgniter.php(500): CodeIgniter\CodeIgniter->createController()
 3 SYSTEMPATH\CodeIgniter.php(355): CodeIgniter\CodeIgniter->handleRequest(null, Object(Config\Cache), false)
 4 SYSTEMPATH\Boot.php(312): CodeIgniter\CodeIgniter->run()
 5 SYSTEMPATH\Boot.php(67): CodeIgniter\Boot::runCodeIgniter(Object(CodeIgniter\CodeIgniter))
 6 FCPATH\index.php(56): CodeIgniter\Boot::bootWeb(Object(Config\Paths))
 7 SYSTEMPATH\Commands\Server\rewrite.php(49): require_once('C:\\APK\\xampp-8.2\\htdocs\\SafeToTrip\\public\\index.php')
WARNING - 2024-06-02 20:43:54 --> [DEPRECATED] Creation of dynamic property App\Controllers\Admin::$admin is deprecated in APPPATH\Controllers\Admin.php on line 14.
 1 SYSTEMPATH\CodeIgniter.php(903): App\Controllers\Admin->__construct()
 2 SYSTEMPATH\CodeIgniter.php(500): CodeIgniter\CodeIgniter->createController()
 3 SYSTEMPATH\CodeIgniter.php(355): CodeIgniter\CodeIgniter->handleRequest(null, Object(Config\Cache), false)
 4 SYSTEMPATH\Boot.php(312): CodeIgniter\CodeIgniter->run()
 5 SYSTEMPATH\Boot.php(67): CodeIgniter\Boot::runCodeIgniter(Object(CodeIgniter\CodeIgniter))
 6 FCPATH\index.php(56): CodeIgniter\Boot::bootWeb(Object(Config\Paths))
 7 SYSTEMPATH\Commands\Server\rewrite.php(49): require_once('C:\\APK\\xampp-8.2\\htdocs\\SafeToTrip\\public\\index.php')
INFO - 2024-06-02 20:43:56 --> Session: Class initialized using 'CodeIgniter\Session\Handlers\FileHandler' driver.
WARNING - 2024-06-02 20:43:56 --> [DEPRECATED] Creation of dynamic property App\Controllers\Home::$session is deprecated in APPPATH\Controllers\Home.php on line 9.
 1 APPPATH\Controllers\Admin.php(13): App\Controllers\Home->__construct()
 2 SYSTEMPATH\CodeIgniter.php(903): App\Controllers\Admin->__construct()
 3 SYSTEMPATH\CodeIgniter.php(500): CodeIgniter\CodeIgniter->createController()
 4 SYSTEMPATH\CodeIgniter.php(355): CodeIgniter\CodeIgniter->handleRequest(null, Object(Config\Cache), false)
 5 SYSTEMPATH\Boot.php(312): CodeIgniter\CodeIgniter->run()
 6 SYSTEMPATH\Boot.php(67): CodeIgniter\Boot::runCodeIgniter(Object(CodeIgniter\CodeIgniter))
 7 FCPATH\index.php(56): CodeIgniter\Boot::bootWeb(Object(Config\Paths))
 8 SYSTEMPATH\Commands\Server\rewrite.php(49): require_once('C:\\APK\\xampp-8.2\\htdocs\\SafeToTrip\\public\\index.php')
WARNING - 2024-06-02 20:43:56 --> [DEPRECATED] Creation of dynamic property App\Controllers\Admin::$home is deprecated in APPPATH\Controllers\Admin.php on line 13.
 1 SYSTEMPATH\CodeIgniter.php(903): App\Controllers\Admin->__construct()
 2 SYSTEMPATH\CodeIgniter.php(500): CodeIgniter\CodeIgniter->createController()
 3 SYSTEMPATH\CodeIgniter.php(355): CodeIgniter\CodeIgniter->handleRequest(null, Object(Config\Cache), false)
 4 SYSTEMPATH\Boot.php(312): CodeIgniter\CodeIgniter->run()
 5 SYSTEMPATH\Boot.php(67): CodeIgniter\Boot::runCodeIgniter(Object(CodeIgniter\CodeIgniter))
 6 FCPATH\index.php(56): CodeIgniter\Boot::bootWeb(Object(Config\Paths))
 7 SYSTEMPATH\Commands\Server\rewrite.php(49): require_once('C:\\APK\\xampp-8.2\\htdocs\\SafeToTrip\\public\\index.php')
WARNING - 2024-06-02 20:43:56 --> [DEPRECATED] Creation of dynamic property App\Controllers\Admin::$admin is deprecated in APPPATH\Controllers\Admin.php on line 14.
 1 SYSTEMPATH\CodeIgniter.php(903): App\Controllers\Admin->__construct()
 2 SYSTEMPATH\CodeIgniter.php(500): CodeIgniter\CodeIgniter->createController()
 3 SYSTEMPATH\CodeIgniter.php(355): CodeIgniter\CodeIgniter->handleRequest(null, Object(Config\Cache), false)
 4 SYSTEMPATH\Boot.php(312): CodeIgniter\CodeIgniter->run()
 5 SYSTEMPATH\Boot.php(67): CodeIgniter\Boot::runCodeIgniter(Object(CodeIgniter\CodeIgniter))
 6 FCPATH\index.php(56): CodeIgniter\Boot::bootWeb(Object(Config\Paths))
 7 SYSTEMPATH\Commands\Server\rewrite.php(49): require_once('C:\\APK\\xampp-8.2\\htdocs\\SafeToTrip\\public\\index.php')
INFO - 2024-06-02 20:43:58 --> Session: Class initialized using 'CodeIgniter\Session\Handlers\FileHandler' driver.
WARNING - 2024-06-02 20:43:58 --> [DEPRECATED] Creation of dynamic property App\Controllers\Home::$session is deprecated in APPPATH\Controllers\Home.php on line 9.
 1 APPPATH\Controllers\Admin.php(13): App\Controllers\Home->__construct()
 2 SYSTEMPATH\CodeIgniter.php(903): App\Controllers\Admin->__construct()
 3 SYSTEMPATH\CodeIgniter.php(500): CodeIgniter\CodeIgniter->createController()
 4 SYSTEMPATH\CodeIgniter.php(355): CodeIgniter\CodeIgniter->handleRequest(null, Object(Config\Cache), false)
 5 SYSTEMPATH\Boot.php(312): CodeIgniter\CodeIgniter->run()
 6 SYSTEMPATH\Boot.php(67): CodeIgniter\Boot::runCodeIgniter(Object(CodeIgniter\CodeIgniter))
 7 FCPATH\index.php(56): CodeIgniter\Boot::bootWeb(Object(Config\Paths))
 8 SYSTEMPATH\Commands\Server\rewrite.php(49): require_once('C:\\APK\\xampp-8.2\\htdocs\\SafeToTrip\\public\\index.php')
WARNING - 2024-06-02 20:43:58 --> [DEPRECATED] Creation of dynamic property App\Controllers\Admin::$home is deprecated in APPPATH\Controllers\Admin.php on line 13.
 1 SYSTEMPATH\CodeIgniter.php(903): App\Controllers\Admin->__construct()
 2 SYSTEMPATH\CodeIgniter.php(500): CodeIgniter\CodeIgniter->createController()
 3 SYSTEMPATH\CodeIgniter.php(355): CodeIgniter\CodeIgniter->handleRequest(null, Object(Config\Cache), false)
 4 SYSTEMPATH\Boot.php(312): CodeIgniter\CodeIgniter->run()
 5 SYSTEMPATH\Boot.php(67): CodeIgniter\Boot::runCodeIgniter(Object(CodeIgniter\CodeIgniter))
 6 FCPATH\index.php(56): CodeIgniter\Boot::bootWeb(Object(Config\Paths))
 7 SYSTEMPATH\Commands\Server\rewrite.php(49): require_once('C:\\APK\\xampp-8.2\\htdocs\\SafeToTrip\\public\\index.php')
WARNING - 2024-06-02 20:43:58 --> [DEPRECATED] Creation of dynamic property App\Controllers\Admin::$admin is deprecated in APPPATH\Controllers\Admin.php on line 14.
 1 SYSTEMPATH\CodeIgniter.php(903): App\Controllers\Admin->__construct()
 2 SYSTEMPATH\CodeIgniter.php(500): CodeIgniter\CodeIgniter->createController()
 3 SYSTEMPATH\CodeIgniter.php(355): CodeIgniter\CodeIgniter->handleRequest(null, Object(Config\Cache), false)
 4 SYSTEMPATH\Boot.php(312): CodeIgniter\CodeIgniter->run()
 5 SYSTEMPATH\Boot.php(67): CodeIgniter\Boot::runCodeIgniter(Object(CodeIgniter\CodeIgniter))
 6 FCPATH\index.php(56): CodeIgniter\Boot::bootWeb(Object(Config\Paths))
 7 SYSTEMPATH\Commands\Server\rewrite.php(49): require_once('C:\\APK\\xampp-8.2\\htdocs\\SafeToTrip\\public\\index.php')
INFO - 2024-06-02 20:43:58 --> Session: Class initialized using 'CodeIgniter\Session\Handlers\FileHandler' driver.
WARNING - 2024-06-02 20:43:58 --> [DEPRECATED] Creation of dynamic property App\Controllers\Home::$session is deprecated in APPPATH\Controllers\Home.php on line 9.
 1 APPPATH\Controllers\Fasilitas.php(13): App\Controllers\Home->__construct()
 2 SYSTEMPATH\CodeIgniter.php(903): App\Controllers\Fasilitas->__construct()
 3 SYSTEMPATH\CodeIgniter.php(500): CodeIgniter\CodeIgniter->createController()
 4 SYSTEMPATH\CodeIgniter.php(355): CodeIgniter\CodeIgniter->handleRequest(null, Object(Config\Cache), false)
 5 SYSTEMPATH\Boot.php(312): CodeIgniter\CodeIgniter->run()
 6 SYSTEMPATH\Boot.php(67): CodeIgniter\Boot::runCodeIgniter(Object(CodeIgniter\CodeIgniter))
 7 FCPATH\index.php(56): CodeIgniter\Boot::bootWeb(Object(Config\Paths))
 8 SYSTEMPATH\Commands\Server\rewrite.php(49): require_once('C:\\APK\\xampp-8.2\\htdocs\\SafeToTrip\\public\\index.php')
WARNING - 2024-06-02 20:43:58 --> [DEPRECATED] Creation of dynamic property App\Controllers\Fasilitas::$home is deprecated in APPPATH\Controllers\Fasilitas.php on line 13.
 1 SYSTEMPATH\CodeIgniter.php(903): App\Controllers\Fasilitas->__construct()
 2 SYSTEMPATH\CodeIgniter.php(500): CodeIgniter\CodeIgniter->createController()
 3 SYSTEMPATH\CodeIgniter.php(355): CodeIgniter\CodeIgniter->handleRequest(null, Object(Config\Cache), false)
 4 SYSTEMPATH\Boot.php(312): CodeIgniter\CodeIgniter->run()
 5 SYSTEMPATH\Boot.php(67): CodeIgniter\Boot::runCodeIgniter(Object(CodeIgniter\CodeIgniter))
 6 FCPATH\index.php(56): CodeIgniter\Boot::bootWeb(Object(Config\Paths))
 7 SYSTEMPATH\Commands\Server\rewrite.php(49): require_once('C:\\APK\\xampp-8.2\\htdocs\\SafeToTrip\\public\\index.php')
WARNING - 2024-06-02 20:43:58 --> [DEPRECATED] Creation of dynamic property App\Controllers\Fasilitas::$fasilitas is deprecated in APPPATH\Controllers\Fasilitas.php on line 14.
 1 SYSTEMPATH\CodeIgniter.php(903): App\Controllers\Fasilitas->__construct()
 2 SYSTEMPATH\CodeIgniter.php(500): CodeIgniter\CodeIgniter->createController()
 3 SYSTEMPATH\CodeIgniter.php(355): CodeIgniter\CodeIgniter->handleRequest(null, Object(Config\Cache), false)
 4 SYSTEMPATH\Boot.php(312): CodeIgniter\CodeIgniter->run()
 5 SYSTEMPATH\Boot.php(67): CodeIgniter\Boot::runCodeIgniter(Object(CodeIgniter\CodeIgniter))
 6 FCPATH\index.php(56): CodeIgniter\Boot::bootWeb(Object(Config\Paths))
 7 SYSTEMPATH\Commands\Server\rewrite.php(49): require_once('C:\\APK\\xampp-8.2\\htdocs\\SafeToTrip\\public\\index.php')
INFO - 2024-06-02 20:44:08 --> Session: Class initialized using 'CodeIgniter\Session\Handlers\FileHandler' driver.
WARNING - 2024-06-02 20:44:08 --> [DEPRECATED] Creation of dynamic property App\Controllers\Home::$session is deprecated in APPPATH\Controllers\Home.php on line 9.
 1 APPPATH\Controllers\Admin.php(13): App\Controllers\Home->__construct()
 2 SYSTEMPATH\CodeIgniter.php(903): App\Controllers\Admin->__construct()
 3 SYSTEMPATH\CodeIgniter.php(500): CodeIgniter\CodeIgniter->createController()
 4 SYSTEMPATH\CodeIgniter.php(355): CodeIgniter\CodeIgniter->handleRequest(null, Object(Config\Cache), false)
 5 SYSTEMPATH\Boot.php(312): CodeIgniter\CodeIgniter->run()
 6 SYSTEMPATH\Boot.php(67): CodeIgniter\Boot::runCodeIgniter(Object(CodeIgniter\CodeIgniter))
 7 FCPATH\index.php(56): CodeIgniter\Boot::bootWeb(Object(Config\Paths))
 8 SYSTEMPATH\Commands\Server\rewrite.php(49): require_once('C:\\APK\\xampp-8.2\\htdocs\\SafeToTrip\\public\\index.php')
WARNING - 2024-06-02 20:44:08 --> [DEPRECATED] Creation of dynamic property App\Controllers\Admin::$home is deprecated in APPPATH\Controllers\Admin.php on line 13.
 1 SYSTEMPATH\CodeIgniter.php(903): App\Controllers\Admin->__construct()
 2 SYSTEMPATH\CodeIgniter.php(500): CodeIgniter\CodeIgniter->createController()
 3 SYSTEMPATH\CodeIgniter.php(355): CodeIgniter\CodeIgniter->handleRequest(null, Object(Config\Cache), false)
 4 SYSTEMPATH\Boot.php(312): CodeIgniter\CodeIgniter->run()
 5 SYSTEMPATH\Boot.php(67): CodeIgniter\Boot::runCodeIgniter(Object(CodeIgniter\CodeIgniter))
 6 FCPATH\index.php(56): CodeIgniter\Boot::bootWeb(Object(Config\Paths))
 7 SYSTEMPATH\Commands\Server\rewrite.php(49): require_once('C:\\APK\\xampp-8.2\\htdocs\\SafeToTrip\\public\\index.php')
WARNING - 2024-06-02 20:44:08 --> [DEPRECATED] Creation of dynamic property App\Controllers\Admin::$admin is deprecated in APPPATH\Controllers\Admin.php on line 14.
 1 SYSTEMPATH\CodeIgniter.php(903): App\Controllers\Admin->__construct()
 2 SYSTEMPATH\CodeIgniter.php(500): CodeIgniter\CodeIgniter->createController()
 3 SYSTEMPATH\CodeIgniter.php(355): CodeIgniter\CodeIgniter->handleRequest(null, Object(Config\Cache), false)
 4 SYSTEMPATH\Boot.php(312): CodeIgniter\CodeIgniter->run()
 5 SYSTEMPATH\Boot.php(67): CodeIgniter\Boot::runCodeIgniter(Object(CodeIgniter\CodeIgniter))
 6 FCPATH\index.php(56): CodeIgniter\Boot::bootWeb(Object(Config\Paths))
 7 SYSTEMPATH\Commands\Server\rewrite.php(49): require_once('C:\\APK\\xampp-8.2\\htdocs\\SafeToTrip\\public\\index.php')
INFO - 2024-06-02 20:50:46 --> Session: Class initialized using 'CodeIgniter\Session\Handlers\FileHandler' driver.
WARNING - 2024-06-02 20:50:46 --> [DEPRECATED] Creation of dynamic property App\Controllers\Home::$session is deprecated in APPPATH\Controllers\Home.php on line 9.
 1 APPPATH\Controllers\Admin.php(13): App\Controllers\Home->__construct()
 2 SYSTEMPATH\CodeIgniter.php(903): App\Controllers\Admin->__construct()
 3 SYSTEMPATH\CodeIgniter.php(500): CodeIgniter\CodeIgniter->createController()
 4 SYSTEMPATH\CodeIgniter.php(355): CodeIgniter\CodeIgniter->handleRequest(null, Object(Config\Cache), false)
 5 SYSTEMPATH\Boot.php(312): CodeIgniter\CodeIgniter->run()
 6 SYSTEMPATH\Boot.php(67): CodeIgniter\Boot::runCodeIgniter(Object(CodeIgniter\CodeIgniter))
 7 FCPATH\index.php(56): CodeIgniter\Boot::bootWeb(Object(Config\Paths))
 8 SYSTEMPATH\Commands\Server\rewrite.php(49): require_once('C:\\APK\\xampp-8.2\\htdocs\\SafeToTrip\\public\\index.php')
WARNING - 2024-06-02 20:50:46 --> [DEPRECATED] Creation of dynamic property App\Controllers\Admin::$home is deprecated in APPPATH\Controllers\Admin.php on line 13.
 1 SYSTEMPATH\CodeIgniter.php(903): App\Controllers\Admin->__construct()
 2 SYSTEMPATH\CodeIgniter.php(500): CodeIgniter\CodeIgniter->createController()
 3 SYSTEMPATH\CodeIgniter.php(355): CodeIgniter\CodeIgniter->handleRequest(null, Object(Config\Cache), false)
 4 SYSTEMPATH\Boot.php(312): CodeIgniter\CodeIgniter->run()
 5 SYSTEMPATH\Boot.php(67): CodeIgniter\Boot::runCodeIgniter(Object(CodeIgniter\CodeIgniter))
 6 FCPATH\index.php(56): CodeIgniter\Boot::bootWeb(Object(Config\Paths))
 7 SYSTEMPATH\Commands\Server\rewrite.php(49): require_once('C:\\APK\\xampp-8.2\\htdocs\\SafeToTrip\\public\\index.php')
WARNING - 2024-06-02 20:50:46 --> [DEPRECATED] Creation of dynamic property App\Controllers\Admin::$admin is deprecated in APPPATH\Controllers\Admin.php on line 14.
 1 SYSTEMPATH\CodeIgniter.php(903): App\Controllers\Admin->__construct()
 2 SYSTEMPATH\CodeIgniter.php(500): CodeIgniter\CodeIgniter->createController()
 3 SYSTEMPATH\CodeIgniter.php(355): CodeIgniter\CodeIgniter->handleRequest(null, Object(Config\Cache), false)
 4 SYSTEMPATH\Boot.php(312): CodeIgniter\CodeIgniter->run()
 5 SYSTEMPATH\Boot.php(67): CodeIgniter\Boot::runCodeIgniter(Object(CodeIgniter\CodeIgniter))
 6 FCPATH\index.php(56): CodeIgniter\Boot::bootWeb(Object(Config\Paths))
 7 SYSTEMPATH\Commands\Server\rewrite.php(49): require_once('C:\\APK\\xampp-8.2\\htdocs\\SafeToTrip\\public\\index.php')
INFO - 2024-06-02 20:50:55 --> Session: Class initialized using 'CodeIgniter\Session\Handlers\FileHandler' driver.
WARNING - 2024-06-02 20:50:55 --> [DEPRECATED] Creation of dynamic property App\Controllers\Home::$session is deprecated in APPPATH\Controllers\Home.php on line 9.
 1 APPPATH\Controllers\Admin.php(13): App\Controllers\Home->__construct()
 2 SYSTEMPATH\CodeIgniter.php(903): App\Controllers\Admin->__construct()
 3 SYSTEMPATH\CodeIgniter.php(500): CodeIgniter\CodeIgniter->createController()
 4 SYSTEMPATH\CodeIgniter.php(355): CodeIgniter\CodeIgniter->handleRequest(null, Object(Config\Cache), false)
 5 SYSTEMPATH\Boot.php(312): CodeIgniter\CodeIgniter->run()
 6 SYSTEMPATH\Boot.php(67): CodeIgniter\Boot::runCodeIgniter(Object(CodeIgniter\CodeIgniter))
 7 FCPATH\index.php(56): CodeIgniter\Boot::bootWeb(Object(Config\Paths))
 8 SYSTEMPATH\Commands\Server\rewrite.php(49): require_once('C:\\APK\\xampp-8.2\\htdocs\\SafeToTrip\\public\\index.php')
WARNING - 2024-06-02 20:50:55 --> [DEPRECATED] Creation of dynamic property App\Controllers\Admin::$home is deprecated in APPPATH\Controllers\Admin.php on line 13.
 1 SYSTEMPATH\CodeIgniter.php(903): App\Controllers\Admin->__construct()
 2 SYSTEMPATH\CodeIgniter.php(500): CodeIgniter\CodeIgniter->createController()
 3 SYSTEMPATH\CodeIgniter.php(355): CodeIgniter\CodeIgniter->handleRequest(null, Object(Config\Cache), false)
 4 SYSTEMPATH\Boot.php(312): CodeIgniter\CodeIgniter->run()
 5 SYSTEMPATH\Boot.php(67): CodeIgniter\Boot::runCodeIgniter(Object(CodeIgniter\CodeIgniter))
 6 FCPATH\index.php(56): CodeIgniter\Boot::bootWeb(Object(Config\Paths))
 7 SYSTEMPATH\Commands\Server\rewrite.php(49): require_once('C:\\APK\\xampp-8.2\\htdocs\\SafeToTrip\\public\\index.php')
WARNING - 2024-06-02 20:50:55 --> [DEPRECATED] Creation of dynamic property App\Controllers\Admin::$admin is deprecated in APPPATH\Controllers\Admin.php on line 14.
 1 SYSTEMPATH\CodeIgniter.php(903): App\Controllers\Admin->__construct()
 2 SYSTEMPATH\CodeIgniter.php(500): CodeIgniter\CodeIgniter->createController()
 3 SYSTEMPATH\CodeIgniter.php(355): CodeIgniter\CodeIgniter->handleRequest(null, Object(Config\Cache), false)
 4 SYSTEMPATH\Boot.php(312): CodeIgniter\CodeIgniter->run()
 5 SYSTEMPATH\Boot.php(67): CodeIgniter\Boot::runCodeIgniter(Object(CodeIgniter\CodeIgniter))
 6 FCPATH\index.php(56): CodeIgniter\Boot::bootWeb(Object(Config\Paths))
 7 SYSTEMPATH\Commands\Server\rewrite.php(49): require_once('C:\\APK\\xampp-8.2\\htdocs\\SafeToTrip\\public\\index.php')
INFO - 2024-06-02 20:51:11 --> Session: Class initialized using 'CodeIgniter\Session\Handlers\FileHandler' driver.
WARNING - 2024-06-02 20:51:11 --> [DEPRECATED] Creation of dynamic property App\Controllers\Home::$session is deprecated in APPPATH\Controllers\Home.php on line 9.
 1 APPPATH\Controllers\Admin.php(13): App\Controllers\Home->__construct()
 2 SYSTEMPATH\CodeIgniter.php(903): App\Controllers\Admin->__construct()
 3 SYSTEMPATH\CodeIgniter.php(500): CodeIgniter\CodeIgniter->createController()
 4 SYSTEMPATH\CodeIgniter.php(355): CodeIgniter\CodeIgniter->handleRequest(null, Object(Config\Cache), false)
 5 SYSTEMPATH\Boot.php(312): CodeIgniter\CodeIgniter->run()
 6 SYSTEMPATH\Boot.php(67): CodeIgniter\Boot::runCodeIgniter(Object(CodeIgniter\CodeIgniter))
 7 FCPATH\index.php(56): CodeIgniter\Boot::bootWeb(Object(Config\Paths))
 8 SYSTEMPATH\Commands\Server\rewrite.php(49): require_once('C:\\APK\\xampp-8.2\\htdocs\\SafeToTrip\\public\\index.php')
WARNING - 2024-06-02 20:51:11 --> [DEPRECATED] Creation of dynamic property App\Controllers\Admin::$home is deprecated in APPPATH\Controllers\Admin.php on line 13.
 1 SYSTEMPATH\CodeIgniter.php(903): App\Controllers\Admin->__construct()
 2 SYSTEMPATH\CodeIgniter.php(500): CodeIgniter\CodeIgniter->createController()
 3 SYSTEMPATH\CodeIgniter.php(355): CodeIgniter\CodeIgniter->handleRequest(null, Object(Config\Cache), false)
 4 SYSTEMPATH\Boot.php(312): CodeIgniter\CodeIgniter->run()
 5 SYSTEMPATH\Boot.php(67): CodeIgniter\Boot::runCodeIgniter(Object(CodeIgniter\CodeIgniter))
 6 FCPATH\index.php(56): CodeIgniter\Boot::bootWeb(Object(Config\Paths))
 7 SYSTEMPATH\Commands\Server\rewrite.php(49): require_once('C:\\APK\\xampp-8.2\\htdocs\\SafeToTrip\\public\\index.php')
WARNING - 2024-06-02 20:51:11 --> [DEPRECATED] Creation of dynamic property App\Controllers\Admin::$admin is deprecated in APPPATH\Controllers\Admin.php on line 14.
 1 SYSTEMPATH\CodeIgniter.php(903): App\Controllers\Admin->__construct()
 2 SYSTEMPATH\CodeIgniter.php(500): CodeIgniter\CodeIgniter->createController()
 3 SYSTEMPATH\CodeIgniter.php(355): CodeIgniter\CodeIgniter->handleRequest(null, Object(Config\Cache), false)
 4 SYSTEMPATH\Boot.php(312): CodeIgniter\CodeIgniter->run()
 5 SYSTEMPATH\Boot.php(67): CodeIgniter\Boot::runCodeIgniter(Object(CodeIgniter\CodeIgniter))
 6 FCPATH\index.php(56): CodeIgniter\Boot::bootWeb(Object(Config\Paths))
 7 SYSTEMPATH\Commands\Server\rewrite.php(49): require_once('C:\\APK\\xampp-8.2\\htdocs\\SafeToTrip\\public\\index.php')
INFO - 2024-06-02 20:51:13 --> Session: Class initialized using 'CodeIgniter\Session\Handlers\FileHandler' driver.
WARNING - 2024-06-02 20:51:13 --> [DEPRECATED] Creation of dynamic property App\Controllers\Home::$session is deprecated in APPPATH\Controllers\Home.php on line 9.
 1 APPPATH\Controllers\Admin.php(13): App\Controllers\Home->__construct()
 2 SYSTEMPATH\CodeIgniter.php(903): App\Controllers\Admin->__construct()
 3 SYSTEMPATH\CodeIgniter.php(500): CodeIgniter\CodeIgniter->createController()
 4 SYSTEMPATH\CodeIgniter.php(355): CodeIgniter\CodeIgniter->handleRequest(null, Object(Config\Cache), false)
 5 SYSTEMPATH\Boot.php(312): CodeIgniter\CodeIgniter->run()
 6 SYSTEMPATH\Boot.php(67): CodeIgniter\Boot::runCodeIgniter(Object(CodeIgniter\CodeIgniter))
 7 FCPATH\index.php(56): CodeIgniter\Boot::bootWeb(Object(Config\Paths))
 8 SYSTEMPATH\Commands\Server\rewrite.php(49): require_once('C:\\APK\\xampp-8.2\\htdocs\\SafeToTrip\\public\\index.php')
WARNING - 2024-06-02 20:51:13 --> [DEPRECATED] Creation of dynamic property App\Controllers\Admin::$home is deprecated in APPPATH\Controllers\Admin.php on line 13.
 1 SYSTEMPATH\CodeIgniter.php(903): App\Controllers\Admin->__construct()
 2 SYSTEMPATH\CodeIgniter.php(500): CodeIgniter\CodeIgniter->createController()
 3 SYSTEMPATH\CodeIgniter.php(355): CodeIgniter\CodeIgniter->handleRequest(null, Object(Config\Cache), false)
 4 SYSTEMPATH\Boot.php(312): CodeIgniter\CodeIgniter->run()
 5 SYSTEMPATH\Boot.php(67): CodeIgniter\Boot::runCodeIgniter(Object(CodeIgniter\CodeIgniter))
 6 FCPATH\index.php(56): CodeIgniter\Boot::bootWeb(Object(Config\Paths))
 7 SYSTEMPATH\Commands\Server\rewrite.php(49): require_once('C:\\APK\\xampp-8.2\\htdocs\\SafeToTrip\\public\\index.php')
WARNING - 2024-06-02 20:51:13 --> [DEPRECATED] Creation of dynamic property App\Controllers\Admin::$admin is deprecated in APPPATH\Controllers\Admin.php on line 14.
 1 SYSTEMPATH\CodeIgniter.php(903): App\Controllers\Admin->__construct()
 2 SYSTEMPATH\CodeIgniter.php(500): CodeIgniter\CodeIgniter->createController()
 3 SYSTEMPATH\CodeIgniter.php(355): CodeIgniter\CodeIgniter->handleRequest(null, Object(Config\Cache), false)
 4 SYSTEMPATH\Boot.php(312): CodeIgniter\CodeIgniter->run()
 5 SYSTEMPATH\Boot.php(67): CodeIgniter\Boot::runCodeIgniter(Object(CodeIgniter\CodeIgniter))
 6 FCPATH\index.php(56): CodeIgniter\Boot::bootWeb(Object(Config\Paths))
 7 SYSTEMPATH\Commands\Server\rewrite.php(49): require_once('C:\\APK\\xampp-8.2\\htdocs\\SafeToTrip\\public\\index.php')
INFO - 2024-06-02 20:51:17 --> Session: Class initialized using 'CodeIgniter\Session\Handlers\FileHandler' driver.
WARNING - 2024-06-02 20:51:17 --> [DEPRECATED] Creation of dynamic property App\Controllers\Home::$session is deprecated in APPPATH\Controllers\Home.php on line 9.
 1 APPPATH\Controllers\Admin.php(13): App\Controllers\Home->__construct()
 2 SYSTEMPATH\CodeIgniter.php(903): App\Controllers\Admin->__construct()
 3 SYSTEMPATH\CodeIgniter.php(500): CodeIgniter\CodeIgniter->createController()
 4 SYSTEMPATH\CodeIgniter.php(355): CodeIgniter\CodeIgniter->handleRequest(null, Object(Config\Cache), false)
 5 SYSTEMPATH\Boot.php(312): CodeIgniter\CodeIgniter->run()
 6 SYSTEMPATH\Boot.php(67): CodeIgniter\Boot::runCodeIgniter(Object(CodeIgniter\CodeIgniter))
 7 FCPATH\index.php(56): CodeIgniter\Boot::bootWeb(Object(Config\Paths))
 8 SYSTEMPATH\Commands\Server\rewrite.php(49): require_once('C:\\APK\\xampp-8.2\\htdocs\\SafeToTrip\\public\\index.php')
WARNING - 2024-06-02 20:51:17 --> [DEPRECATED] Creation of dynamic property App\Controllers\Admin::$home is deprecated in APPPATH\Controllers\Admin.php on line 13.
 1 SYSTEMPATH\CodeIgniter.php(903): App\Controllers\Admin->__construct()
 2 SYSTEMPATH\CodeIgniter.php(500): CodeIgniter\CodeIgniter->createController()
 3 SYSTEMPATH\CodeIgniter.php(355): CodeIgniter\CodeIgniter->handleRequest(null, Object(Config\Cache), false)
 4 SYSTEMPATH\Boot.php(312): CodeIgniter\CodeIgniter->run()
 5 SYSTEMPATH\Boot.php(67): CodeIgniter\Boot::runCodeIgniter(Object(CodeIgniter\CodeIgniter))
 6 FCPATH\index.php(56): CodeIgniter\Boot::bootWeb(Object(Config\Paths))
 7 SYSTEMPATH\Commands\Server\rewrite.php(49): require_once('C:\\APK\\xampp-8.2\\htdocs\\SafeToTrip\\public\\index.php')
WARNING - 2024-06-02 20:51:17 --> [DEPRECATED] Creation of dynamic property App\Controllers\Admin::$admin is deprecated in APPPATH\Controllers\Admin.php on line 14.
 1 SYSTEMPATH\CodeIgniter.php(903): App\Controllers\Admin->__construct()
 2 SYSTEMPATH\CodeIgniter.php(500): CodeIgniter\CodeIgniter->createController()
 3 SYSTEMPATH\CodeIgniter.php(355): CodeIgniter\CodeIgniter->handleRequest(null, Object(Config\Cache), false)
 4 SYSTEMPATH\Boot.php(312): CodeIgniter\CodeIgniter->run()
 5 SYSTEMPATH\Boot.php(67): CodeIgniter\Boot::runCodeIgniter(Object(CodeIgniter\CodeIgniter))
 6 FCPATH\index.php(56): CodeIgniter\Boot::bootWeb(Object(Config\Paths))
 7 SYSTEMPATH\Commands\Server\rewrite.php(49): require_once('C:\\APK\\xampp-8.2\\htdocs\\SafeToTrip\\public\\index.php')
INFO - 2024-06-02 20:51:20 --> Session: Class initialized using 'CodeIgniter\Session\Handlers\FileHandler' driver.
WARNING - 2024-06-02 20:51:20 --> [DEPRECATED] Creation of dynamic property App\Controllers\Home::$session is deprecated in APPPATH\Controllers\Home.php on line 9.
 1 APPPATH\Controllers\Admin.php(13): App\Controllers\Home->__construct()
 2 SYSTEMPATH\CodeIgniter.php(903): App\Controllers\Admin->__construct()
 3 SYSTEMPATH\CodeIgniter.php(500): CodeIgniter\CodeIgniter->createController()
 4 SYSTEMPATH\CodeIgniter.php(355): CodeIgniter\CodeIgniter->handleRequest(null, Object(Config\Cache), false)
 5 SYSTEMPATH\Boot.php(312): CodeIgniter\CodeIgniter->run()
 6 SYSTEMPATH\Boot.php(67): CodeIgniter\Boot::runCodeIgniter(Object(CodeIgniter\CodeIgniter))
 7 FCPATH\index.php(56): CodeIgniter\Boot::bootWeb(Object(Config\Paths))
 8 SYSTEMPATH\Commands\Server\rewrite.php(49): require_once('C:\\APK\\xampp-8.2\\htdocs\\SafeToTrip\\public\\index.php')
WARNING - 2024-06-02 20:51:20 --> [DEPRECATED] Creation of dynamic property App\Controllers\Admin::$home is deprecated in APPPATH\Controllers\Admin.php on line 13.
 1 SYSTEMPATH\CodeIgniter.php(903): App\Controllers\Admin->__construct()
 2 SYSTEMPATH\CodeIgniter.php(500): CodeIgniter\CodeIgniter->createController()
 3 SYSTEMPATH\CodeIgniter.php(355): CodeIgniter\CodeIgniter->handleRequest(null, Object(Config\Cache), false)
 4 SYSTEMPATH\Boot.php(312): CodeIgniter\CodeIgniter->run()
 5 SYSTEMPATH\Boot.php(67): CodeIgniter\Boot::runCodeIgniter(Object(CodeIgniter\CodeIgniter))
 6 FCPATH\index.php(56): CodeIgniter\Boot::bootWeb(Object(Config\Paths))
 7 SYSTEMPATH\Commands\Server\rewrite.php(49): require_once('C:\\APK\\xampp-8.2\\htdocs\\SafeToTrip\\public\\index.php')
WARNING - 2024-06-02 20:51:20 --> [DEPRECATED] Creation of dynamic property App\Controllers\Admin::$admin is deprecated in APPPATH\Controllers\Admin.php on line 14.
 1 SYSTEMPATH\CodeIgniter.php(903): App\Controllers\Admin->__construct()
 2 SYSTEMPATH\CodeIgniter.php(500): CodeIgniter\CodeIgniter->createController()
 3 SYSTEMPATH\CodeIgniter.php(355): CodeIgniter\CodeIgniter->handleRequest(null, Object(Config\Cache), false)
 4 SYSTEMPATH\Boot.php(312): CodeIgniter\CodeIgniter->run()
 5 SYSTEMPATH\Boot.php(67): CodeIgniter\Boot::runCodeIgniter(Object(CodeIgniter\CodeIgniter))
 6 FCPATH\index.php(56): CodeIgniter\Boot::bootWeb(Object(Config\Paths))
 7 SYSTEMPATH\Commands\Server\rewrite.php(49): require_once('C:\\APK\\xampp-8.2\\htdocs\\SafeToTrip\\public\\index.php')
INFO - 2024-06-02 20:51:26 --> Session: Class initialized using 'CodeIgniter\Session\Handlers\FileHandler' driver.
WARNING - 2024-06-02 20:51:26 --> [DEPRECATED] Creation of dynamic property App\Controllers\Home::$session is deprecated in APPPATH\Controllers\Home.php on line 9.
 1 APPPATH\Controllers\Admin.php(13): App\Controllers\Home->__construct()
 2 SYSTEMPATH\CodeIgniter.php(903): App\Controllers\Admin->__construct()
 3 SYSTEMPATH\CodeIgniter.php(500): CodeIgniter\CodeIgniter->createController()
 4 SYSTEMPATH\CodeIgniter.php(355): CodeIgniter\CodeIgniter->handleRequest(null, Object(Config\Cache), false)
 5 SYSTEMPATH\Boot.php(312): CodeIgniter\CodeIgniter->run()
 6 SYSTEMPATH\Boot.php(67): CodeIgniter\Boot::runCodeIgniter(Object(CodeIgniter\CodeIgniter))
 7 FCPATH\index.php(56): CodeIgniter\Boot::bootWeb(Object(Config\Paths))
 8 SYSTEMPATH\Commands\Server\rewrite.php(49): require_once('C:\\APK\\xampp-8.2\\htdocs\\SafeToTrip\\public\\index.php')
WARNING - 2024-06-02 20:51:26 --> [DEPRECATED] Creation of dynamic property App\Controllers\Admin::$home is deprecated in APPPATH\Controllers\Admin.php on line 13.
 1 SYSTEMPATH\CodeIgniter.php(903): App\Controllers\Admin->__construct()
 2 SYSTEMPATH\CodeIgniter.php(500): CodeIgniter\CodeIgniter->createController()
 3 SYSTEMPATH\CodeIgniter.php(355): CodeIgniter\CodeIgniter->handleRequest(null, Object(Config\Cache), false)
 4 SYSTEMPATH\Boot.php(312): CodeIgniter\CodeIgniter->run()
 5 SYSTEMPATH\Boot.php(67): CodeIgniter\Boot::runCodeIgniter(Object(CodeIgniter\CodeIgniter))
 6 FCPATH\index.php(56): CodeIgniter\Boot::bootWeb(Object(Config\Paths))
 7 SYSTEMPATH\Commands\Server\rewrite.php(49): require_once('C:\\APK\\xampp-8.2\\htdocs\\SafeToTrip\\public\\index.php')
WARNING - 2024-06-02 20:51:26 --> [DEPRECATED] Creation of dynamic property App\Controllers\Admin::$admin is deprecated in APPPATH\Controllers\Admin.php on line 14.
 1 SYSTEMPATH\CodeIgniter.php(903): App\Controllers\Admin->__construct()
 2 SYSTEMPATH\CodeIgniter.php(500): CodeIgniter\CodeIgniter->createController()
 3 SYSTEMPATH\CodeIgniter.php(355): CodeIgniter\CodeIgniter->handleRequest(null, Object(Config\Cache), false)
 4 SYSTEMPATH\Boot.php(312): CodeIgniter\CodeIgniter->run()
 5 SYSTEMPATH\Boot.php(67): CodeIgniter\Boot::runCodeIgniter(Object(CodeIgniter\CodeIgniter))
 6 FCPATH\index.php(56): CodeIgniter\Boot::bootWeb(Object(Config\Paths))
 7 SYSTEMPATH\Commands\Server\rewrite.php(49): require_once('C:\\APK\\xampp-8.2\\htdocs\\SafeToTrip\\public\\index.php')
INFO - 2024-06-02 20:52:12 --> Session: Class initialized using 'CodeIgniter\Session\Handlers\FileHandler' driver.
WARNING - 2024-06-02 20:52:12 --> [DEPRECATED] Creation of dynamic property App\Controllers\Home::$session is deprecated in APPPATH\Controllers\Home.php on line 9.
 1 APPPATH\Controllers\Admin.php(13): App\Controllers\Home->__construct()
 2 SYSTEMPATH\CodeIgniter.php(903): App\Controllers\Admin->__construct()
 3 SYSTEMPATH\CodeIgniter.php(500): CodeIgniter\CodeIgniter->createController()
 4 SYSTEMPATH\CodeIgniter.php(355): CodeIgniter\CodeIgniter->handleRequest(null, Object(Config\Cache), false)
 5 SYSTEMPATH\Boot.php(312): CodeIgniter\CodeIgniter->run()
 6 SYSTEMPATH\Boot.php(67): CodeIgniter\Boot::runCodeIgniter(Object(CodeIgniter\CodeIgniter))
 7 FCPATH\index.php(56): CodeIgniter\Boot::bootWeb(Object(Config\Paths))
 8 SYSTEMPATH\Commands\Server\rewrite.php(49): require_once('C:\\APK\\xampp-8.2\\htdocs\\SafeToTrip\\public\\index.php')
WARNING - 2024-06-02 20:52:12 --> [DEPRECATED] Creation of dynamic property App\Controllers\Admin::$home is deprecated in APPPATH\Controllers\Admin.php on line 13.
 1 SYSTEMPATH\CodeIgniter.php(903): App\Controllers\Admin->__construct()
 2 SYSTEMPATH\CodeIgniter.php(500): CodeIgniter\CodeIgniter->createController()
 3 SYSTEMPATH\CodeIgniter.php(355): CodeIgniter\CodeIgniter->handleRequest(null, Object(Config\Cache), false)
 4 SYSTEMPATH\Boot.php(312): CodeIgniter\CodeIgniter->run()
 5 SYSTEMPATH\Boot.php(67): CodeIgniter\Boot::runCodeIgniter(Object(CodeIgniter\CodeIgniter))
 6 FCPATH\index.php(56): CodeIgniter\Boot::bootWeb(Object(Config\Paths))
 7 SYSTEMPATH\Commands\Server\rewrite.php(49): require_once('C:\\APK\\xampp-8.2\\htdocs\\SafeToTrip\\public\\index.php')
WARNING - 2024-06-02 20:52:12 --> [DEPRECATED] Creation of dynamic property App\Controllers\Admin::$admin is deprecated in APPPATH\Controllers\Admin.php on line 14.
 1 SYSTEMPATH\CodeIgniter.php(903): App\Controllers\Admin->__construct()
 2 SYSTEMPATH\CodeIgniter.php(500): CodeIgniter\CodeIgniter->createController()
 3 SYSTEMPATH\CodeIgniter.php(355): CodeIgniter\CodeIgniter->handleRequest(null, Object(Config\Cache), false)
 4 SYSTEMPATH\Boot.php(312): CodeIgniter\CodeIgniter->run()
 5 SYSTEMPATH\Boot.php(67): CodeIgniter\Boot::runCodeIgniter(Object(CodeIgniter\CodeIgniter))
 6 FCPATH\index.php(56): CodeIgniter\Boot::bootWeb(Object(Config\Paths))
 7 SYSTEMPATH\Commands\Server\rewrite.php(49): require_once('C:\\APK\\xampp-8.2\\htdocs\\SafeToTrip\\public\\index.php')
INFO - 2024-06-02 20:52:19 --> Session: Class initialized using 'CodeIgniter\Session\Handlers\FileHandler' driver.
WARNING - 2024-06-02 20:52:19 --> [DEPRECATED] Creation of dynamic property App\Controllers\Home::$session is deprecated in APPPATH\Controllers\Home.php on line 9.
 1 APPPATH\Controllers\Admin.php(13): App\Controllers\Home->__construct()
 2 SYSTEMPATH\CodeIgniter.php(903): App\Controllers\Admin->__construct()
 3 SYSTEMPATH\CodeIgniter.php(500): CodeIgniter\CodeIgniter->createController()
 4 SYSTEMPATH\CodeIgniter.php(355): CodeIgniter\CodeIgniter->handleRequest(null, Object(Config\Cache), false)
 5 SYSTEMPATH\Boot.php(312): CodeIgniter\CodeIgniter->run()
 6 SYSTEMPATH\Boot.php(67): CodeIgniter\Boot::runCodeIgniter(Object(CodeIgniter\CodeIgniter))
 7 FCPATH\index.php(56): CodeIgniter\Boot::bootWeb(Object(Config\Paths))
 8 SYSTEMPATH\Commands\Server\rewrite.php(49): require_once('C:\\APK\\xampp-8.2\\htdocs\\SafeToTrip\\public\\index.php')
WARNING - 2024-06-02 20:52:19 --> [DEPRECATED] Creation of dynamic property App\Controllers\Admin::$home is deprecated in APPPATH\Controllers\Admin.php on line 13.
 1 SYSTEMPATH\CodeIgniter.php(903): App\Controllers\Admin->__construct()
 2 SYSTEMPATH\CodeIgniter.php(500): CodeIgniter\CodeIgniter->createController()
 3 SYSTEMPATH\CodeIgniter.php(355): CodeIgniter\CodeIgniter->handleRequest(null, Object(Config\Cache), false)
 4 SYSTEMPATH\Boot.php(312): CodeIgniter\CodeIgniter->run()
 5 SYSTEMPATH\Boot.php(67): CodeIgniter\Boot::runCodeIgniter(Object(CodeIgniter\CodeIgniter))
 6 FCPATH\index.php(56): CodeIgniter\Boot::bootWeb(Object(Config\Paths))
 7 SYSTEMPATH\Commands\Server\rewrite.php(49): require_once('C:\\APK\\xampp-8.2\\htdocs\\SafeToTrip\\public\\index.php')
WARNING - 2024-06-02 20:52:19 --> [DEPRECATED] Creation of dynamic property App\Controllers\Admin::$admin is deprecated in APPPATH\Controllers\Admin.php on line 14.
 1 SYSTEMPATH\CodeIgniter.php(903): App\Controllers\Admin->__construct()
 2 SYSTEMPATH\CodeIgniter.php(500): CodeIgniter\CodeIgniter->createController()
 3 SYSTEMPATH\CodeIgniter.php(355): CodeIgniter\CodeIgniter->handleRequest(null, Object(Config\Cache), false)
 4 SYSTEMPATH\Boot.php(312): CodeIgniter\CodeIgniter->run()
 5 SYSTEMPATH\Boot.php(67): CodeIgniter\Boot::runCodeIgniter(Object(CodeIgniter\CodeIgniter))
 6 FCPATH\index.php(56): CodeIgniter\Boot::bootWeb(Object(Config\Paths))
 7 SYSTEMPATH\Commands\Server\rewrite.php(49): require_once('C:\\APK\\xampp-8.2\\htdocs\\SafeToTrip\\public\\index.php')
INFO - 2024-06-02 20:52:32 --> Session: Class initialized using 'CodeIgniter\Session\Handlers\FileHandler' driver.
WARNING - 2024-06-02 20:52:32 --> [DEPRECATED] Creation of dynamic property App\Controllers\Home::$session is deprecated in APPPATH\Controllers\Home.php on line 9.
 1 APPPATH\Controllers\Admin.php(13): App\Controllers\Home->__construct()
 2 SYSTEMPATH\CodeIgniter.php(903): App\Controllers\Admin->__construct()
 3 SYSTEMPATH\CodeIgniter.php(500): CodeIgniter\CodeIgniter->createController()
 4 SYSTEMPATH\CodeIgniter.php(355): CodeIgniter\CodeIgniter->handleRequest(null, Object(Config\Cache), false)
 5 SYSTEMPATH\Boot.php(312): CodeIgniter\CodeIgniter->run()
 6 SYSTEMPATH\Boot.php(67): CodeIgniter\Boot::runCodeIgniter(Object(CodeIgniter\CodeIgniter))
 7 FCPATH\index.php(56): CodeIgniter\Boot::bootWeb(Object(Config\Paths))
 8 SYSTEMPATH\Commands\Server\rewrite.php(49): require_once('C:\\APK\\xampp-8.2\\htdocs\\SafeToTrip\\public\\index.php')
WARNING - 2024-06-02 20:52:32 --> [DEPRECATED] Creation of dynamic property App\Controllers\Admin::$home is deprecated in APPPATH\Controllers\Admin.php on line 13.
 1 SYSTEMPATH\CodeIgniter.php(903): App\Controllers\Admin->__construct()
 2 SYSTEMPATH\CodeIgniter.php(500): CodeIgniter\CodeIgniter->createController()
 3 SYSTEMPATH\CodeIgniter.php(355): CodeIgniter\CodeIgniter->handleRequest(null, Object(Config\Cache), false)
 4 SYSTEMPATH\Boot.php(312): CodeIgniter\CodeIgniter->run()
 5 SYSTEMPATH\Boot.php(67): CodeIgniter\Boot::runCodeIgniter(Object(CodeIgniter\CodeIgniter))
 6 FCPATH\index.php(56): CodeIgniter\Boot::bootWeb(Object(Config\Paths))
 7 SYSTEMPATH\Commands\Server\rewrite.php(49): require_once('C:\\APK\\xampp-8.2\\htdocs\\SafeToTrip\\public\\index.php')
WARNING - 2024-06-02 20:52:32 --> [DEPRECATED] Creation of dynamic property App\Controllers\Admin::$admin is deprecated in APPPATH\Controllers\Admin.php on line 14.
 1 SYSTEMPATH\CodeIgniter.php(903): App\Controllers\Admin->__construct()
 2 SYSTEMPATH\CodeIgniter.php(500): CodeIgniter\CodeIgniter->createController()
 3 SYSTEMPATH\CodeIgniter.php(355): CodeIgniter\CodeIgniter->handleRequest(null, Object(Config\Cache), false)
 4 SYSTEMPATH\Boot.php(312): CodeIgniter\CodeIgniter->run()
 5 SYSTEMPATH\Boot.php(67): CodeIgniter\Boot::runCodeIgniter(Object(CodeIgniter\CodeIgniter))
 6 FCPATH\index.php(56): CodeIgniter\Boot::bootWeb(Object(Config\Paths))
 7 SYSTEMPATH\Commands\Server\rewrite.php(49): require_once('C:\\APK\\xampp-8.2\\htdocs\\SafeToTrip\\public\\index.php')
INFO - 2024-06-02 20:52:33 --> Session: Class initialized using 'CodeIgniter\Session\Handlers\FileHandler' driver.
WARNING - 2024-06-02 20:52:33 --> [DEPRECATED] Creation of dynamic property App\Controllers\Home::$session is deprecated in APPPATH\Controllers\Home.php on line 9.
 1 APPPATH\Controllers\Admin.php(13): App\Controllers\Home->__construct()
 2 SYSTEMPATH\CodeIgniter.php(903): App\Controllers\Admin->__construct()
 3 SYSTEMPATH\CodeIgniter.php(500): CodeIgniter\CodeIgniter->createController()
 4 SYSTEMPATH\CodeIgniter.php(355): CodeIgniter\CodeIgniter->handleRequest(null, Object(Config\Cache), false)
 5 SYSTEMPATH\Boot.php(312): CodeIgniter\CodeIgniter->run()
 6 SYSTEMPATH\Boot.php(67): CodeIgniter\Boot::runCodeIgniter(Object(CodeIgniter\CodeIgniter))
 7 FCPATH\index.php(56): CodeIgniter\Boot::bootWeb(Object(Config\Paths))
 8 SYSTEMPATH\Commands\Server\rewrite.php(49): require_once('C:\\APK\\xampp-8.2\\htdocs\\SafeToTrip\\public\\index.php')
WARNING - 2024-06-02 20:52:33 --> [DEPRECATED] Creation of dynamic property App\Controllers\Admin::$home is deprecated in APPPATH\Controllers\Admin.php on line 13.
 1 SYSTEMPATH\CodeIgniter.php(903): App\Controllers\Admin->__construct()
 2 SYSTEMPATH\CodeIgniter.php(500): CodeIgniter\CodeIgniter->createController()
 3 SYSTEMPATH\CodeIgniter.php(355): CodeIgniter\CodeIgniter->handleRequest(null, Object(Config\Cache), false)
 4 SYSTEMPATH\Boot.php(312): CodeIgniter\CodeIgniter->run()
 5 SYSTEMPATH\Boot.php(67): CodeIgniter\Boot::runCodeIgniter(Object(CodeIgniter\CodeIgniter))
 6 FCPATH\index.php(56): CodeIgniter\Boot::bootWeb(Object(Config\Paths))
 7 SYSTEMPATH\Commands\Server\rewrite.php(49): require_once('C:\\APK\\xampp-8.2\\htdocs\\SafeToTrip\\public\\index.php')
WARNING - 2024-06-02 20:52:33 --> [DEPRECATED] Creation of dynamic property App\Controllers\Admin::$admin is deprecated in APPPATH\Controllers\Admin.php on line 14.
 1 SYSTEMPATH\CodeIgniter.php(903): App\Controllers\Admin->__construct()
 2 SYSTEMPATH\CodeIgniter.php(500): CodeIgniter\CodeIgniter->createController()
 3 SYSTEMPATH\CodeIgniter.php(355): CodeIgniter\CodeIgniter->handleRequest(null, Object(Config\Cache), false)
 4 SYSTEMPATH\Boot.php(312): CodeIgniter\CodeIgniter->run()
 5 SYSTEMPATH\Boot.php(67): CodeIgniter\Boot::runCodeIgniter(Object(CodeIgniter\CodeIgniter))
 6 FCPATH\index.php(56): CodeIgniter\Boot::bootWeb(Object(Config\Paths))
 7 SYSTEMPATH\Commands\Server\rewrite.php(49): require_once('C:\\APK\\xampp-8.2\\htdocs\\SafeToTrip\\public\\index.php')
INFO - 2024-06-02 20:52:44 --> Session: Class initialized using 'CodeIgniter\Session\Handlers\FileHandler' driver.
WARNING - 2024-06-02 20:52:44 --> [DEPRECATED] Creation of dynamic property App\Controllers\Login::$session is deprecated in APPPATH\Controllers\Login.php on line 12.
 1 SYSTEMPATH\CodeIgniter.php(903): App\Controllers\Login->__construct()
 2 SYSTEMPATH\CodeIgniter.php(500): CodeIgniter\CodeIgniter->createController()
 3 SYSTEMPATH\CodeIgniter.php(355): CodeIgniter\CodeIgniter->handleRequest(null, Object(Config\Cache), false)
 4 SYSTEMPATH\Boot.php(312): CodeIgniter\CodeIgniter->run()
 5 SYSTEMPATH\Boot.php(67): CodeIgniter\Boot::runCodeIgniter(Object(CodeIgniter\CodeIgniter))
 6 FCPATH\index.php(56): CodeIgniter\Boot::bootWeb(Object(Config\Paths))
 7 SYSTEMPATH\Commands\Server\rewrite.php(49): require_once('C:\\APK\\xampp-8.2\\htdocs\\SafeToTrip\\public\\index.php')
INFO - 2024-06-02 20:52:44 --> Session: Class initialized using 'CodeIgniter\Session\Handlers\FileHandler' driver.
WARNING - 2024-06-02 20:52:44 --> [DEPRECATED] Creation of dynamic property App\Controllers\Login::$session is deprecated in APPPATH\Controllers\Login.php on line 12.
 1 SYSTEMPATH\CodeIgniter.php(903): App\Controllers\Login->__construct()
 2 SYSTEMPATH\CodeIgniter.php(500): CodeIgniter\CodeIgniter->createController()
 3 SYSTEMPATH\CodeIgniter.php(355): CodeIgniter\CodeIgniter->handleRequest(null, Object(Config\Cache), false)
 4 SYSTEMPATH\Boot.php(312): CodeIgniter\CodeIgniter->run()
 5 SYSTEMPATH\Boot.php(67): CodeIgniter\Boot::runCodeIgniter(Object(CodeIgniter\CodeIgniter))
 6 FCPATH\index.php(56): CodeIgniter\Boot::bootWeb(Object(Config\Paths))
 7 SYSTEMPATH\Commands\Server\rewrite.php(49): require_once('C:\\APK\\xampp-8.2\\htdocs\\SafeToTrip\\public\\index.php')
INFO - 2024-06-02 20:52:50 --> Session: Class initialized using 'CodeIgniter\Session\Handlers\FileHandler' driver.
WARNING - 2024-06-02 20:52:50 --> [DEPRECATED] Creation of dynamic property App\Controllers\Login::$session is deprecated in APPPATH\Controllers\Login.php on line 12.
 1 SYSTEMPATH\CodeIgniter.php(903): App\Controllers\Login->__construct()
 2 SYSTEMPATH\CodeIgniter.php(500): CodeIgniter\CodeIgniter->createController()
 3 SYSTEMPATH\CodeIgniter.php(355): CodeIgniter\CodeIgniter->handleRequest(null, Object(Config\Cache), false)
 4 SYSTEMPATH\Boot.php(312): CodeIgniter\CodeIgniter->run()
 5 SYSTEMPATH\Boot.php(67): CodeIgniter\Boot::runCodeIgniter(Object(CodeIgniter\CodeIgniter))
 6 FCPATH\index.php(56): CodeIgniter\Boot::bootWeb(Object(Config\Paths))
 7 SYSTEMPATH\Commands\Server\rewrite.php(49): require_once('C:\\APK\\xampp-8.2\\htdocs\\SafeToTrip\\public\\index.php')
INFO - 2024-06-02 20:52:51 --> Session: Class initialized using 'CodeIgniter\Session\Handlers\FileHandler' driver.
WARNING - 2024-06-02 20:52:51 --> [DEPRECATED] Creation of dynamic property App\Controllers\Home::$session is deprecated in APPPATH\Controllers\Home.php on line 9.
 1 SYSTEMPATH\CodeIgniter.php(903): App\Controllers\Home->__construct()
 2 SYSTEMPATH\CodeIgniter.php(500): CodeIgniter\CodeIgniter->createController()
 3 SYSTEMPATH\CodeIgniter.php(355): CodeIgniter\CodeIgniter->handleRequest(null, Object(Config\Cache), false)
 4 SYSTEMPATH\Boot.php(312): CodeIgniter\CodeIgniter->run()
 5 SYSTEMPATH\Boot.php(67): CodeIgniter\Boot::runCodeIgniter(Object(CodeIgniter\CodeIgniter))
 6 FCPATH\index.php(56): CodeIgniter\Boot::bootWeb(Object(Config\Paths))
 7 SYSTEMPATH\Commands\Server\rewrite.php(49): require_once('C:\\APK\\xampp-8.2\\htdocs\\SafeToTrip\\public\\index.php')
INFO - 2024-06-02 20:53:08 --> Session: Class initialized using 'CodeIgniter\Session\Handlers\FileHandler' driver.
WARNING - 2024-06-02 20:53:08 --> [DEPRECATED] Creation of dynamic property App\Controllers\Login::$session is deprecated in APPPATH\Controllers\Login.php on line 12.
 1 SYSTEMPATH\CodeIgniter.php(903): App\Controllers\Login->__construct()
 2 SYSTEMPATH\CodeIgniter.php(500): CodeIgniter\CodeIgniter->createController()
 3 SYSTEMPATH\CodeIgniter.php(355): CodeIgniter\CodeIgniter->handleRequest(null, Object(Config\Cache), false)
 4 SYSTEMPATH\Boot.php(312): CodeIgniter\CodeIgniter->run()
 5 SYSTEMPATH\Boot.php(67): CodeIgniter\Boot::runCodeIgniter(Object(CodeIgniter\CodeIgniter))
 6 FCPATH\index.php(56): CodeIgniter\Boot::bootWeb(Object(Config\Paths))
 7 SYSTEMPATH\Commands\Server\rewrite.php(49): require_once('C:\\APK\\xampp-8.2\\htdocs\\SafeToTrip\\public\\index.php')
INFO - 2024-06-02 20:53:08 --> Session: Class initialized using 'CodeIgniter\Session\Handlers\FileHandler' driver.
WARNING - 2024-06-02 20:53:08 --> [DEPRECATED] Creation of dynamic property App\Controllers\Login::$session is deprecated in APPPATH\Controllers\Login.php on line 12.
 1 SYSTEMPATH\CodeIgniter.php(903): App\Controllers\Login->__construct()
 2 SYSTEMPATH\CodeIgniter.php(500): CodeIgniter\CodeIgniter->createController()
 3 SYSTEMPATH\CodeIgniter.php(355): CodeIgniter\CodeIgniter->handleRequest(null, Object(Config\Cache), false)
 4 SYSTEMPATH\Boot.php(312): CodeIgniter\CodeIgniter->run()
 5 SYSTEMPATH\Boot.php(67): CodeIgniter\Boot::runCodeIgniter(Object(CodeIgniter\CodeIgniter))
 6 FCPATH\index.php(56): CodeIgniter\Boot::bootWeb(Object(Config\Paths))
 7 SYSTEMPATH\Commands\Server\rewrite.php(49): require_once('C:\\APK\\xampp-8.2\\htdocs\\SafeToTrip\\public\\index.php')
INFO - 2024-06-02 20:53:15 --> Session: Class initialized using 'CodeIgniter\Session\Handlers\FileHandler' driver.
WARNING - 2024-06-02 20:53:15 --> [DEPRECATED] Creation of dynamic property App\Controllers\Login::$session is deprecated in APPPATH\Controllers\Login.php on line 12.
 1 SYSTEMPATH\CodeIgniter.php(903): App\Controllers\Login->__construct()
 2 SYSTEMPATH\CodeIgniter.php(500): CodeIgniter\CodeIgniter->createController()
 3 SYSTEMPATH\CodeIgniter.php(355): CodeIgniter\CodeIgniter->handleRequest(null, Object(Config\Cache), false)
 4 SYSTEMPATH\Boot.php(312): CodeIgniter\CodeIgniter->run()
 5 SYSTEMPATH\Boot.php(67): CodeIgniter\Boot::runCodeIgniter(Object(CodeIgniter\CodeIgniter))
 6 FCPATH\index.php(56): CodeIgniter\Boot::bootWeb(Object(Config\Paths))
 7 SYSTEMPATH\Commands\Server\rewrite.php(49): require_once('C:\\APK\\xampp-8.2\\htdocs\\SafeToTrip\\public\\index.php')
INFO - 2024-06-02 20:53:15 --> Session: Class initialized using 'CodeIgniter\Session\Handlers\FileHandler' driver.
WARNING - 2024-06-02 20:53:15 --> [DEPRECATED] Creation of dynamic property App\Controllers\Home::$session is deprecated in APPPATH\Controllers\Home.php on line 9.
 1 SYSTEMPATH\CodeIgniter.php(903): App\Controllers\Home->__construct()
 2 SYSTEMPATH\CodeIgniter.php(500): CodeIgniter\CodeIgniter->createController()
 3 SYSTEMPATH\CodeIgniter.php(355): CodeIgniter\CodeIgniter->handleRequest(null, Object(Config\Cache), false)
 4 SYSTEMPATH\Boot.php(312): CodeIgniter\CodeIgniter->run()
 5 SYSTEMPATH\Boot.php(67): CodeIgniter\Boot::runCodeIgniter(Object(CodeIgniter\CodeIgniter))
 6 FCPATH\index.php(56): CodeIgniter\Boot::bootWeb(Object(Config\Paths))
 7 SYSTEMPATH\Commands\Server\rewrite.php(49): require_once('C:\\APK\\xampp-8.2\\htdocs\\SafeToTrip\\public\\index.php')
INFO - 2024-06-02 20:53:20 --> Session: Class initialized using 'CodeIgniter\Session\Handlers\FileHandler' driver.
WARNING - 2024-06-02 20:53:20 --> [DEPRECATED] Creation of dynamic property App\Controllers\Wisata::$session is deprecated in APPPATH\Controllers\Wisata.php on line 11.
 1 SYSTEMPATH\CodeIgniter.php(903): App\Controllers\Wisata->__construct()
 2 SYSTEMPATH\CodeIgniter.php(500): CodeIgniter\CodeIgniter->createController()
 3 SYSTEMPATH\CodeIgniter.php(355): CodeIgniter\CodeIgniter->handleRequest(null, Object(Config\Cache), false)
 4 SYSTEMPATH\Boot.php(312): CodeIgniter\CodeIgniter->run()
 5 SYSTEMPATH\Boot.php(67): CodeIgniter\Boot::runCodeIgniter(Object(CodeIgniter\CodeIgniter))
 6 FCPATH\index.php(56): CodeIgniter\Boot::bootWeb(Object(Config\Paths))
 7 SYSTEMPATH\Commands\Server\rewrite.php(49): require_once('C:\\APK\\xampp-8.2\\htdocs\\SafeToTrip\\public\\index.php')
CRITICAL - 2024-06-02 20:53:20 --> ErrorException: Undefined variable $nama
[Method: GET, Route: wisata]
in APPPATH\Views\temp_adminpage\sidebar.php on line 4.
 1 APPPATH\Views\temp_adminpage\sidebar.php(4): CodeIgniter\Debug\Exceptions->errorHandler(2, 'Undefined variable $nama', 'C:\\APK\\xampp-8.2\\htdocs\\SafeToTrip\\app\\Views\\temp_adminpage\\sidebar.php', 4)
 2 SYSTEMPATH\View\View.php(234): include('C:\\APK\\xampp-8.2\\htdocs\\SafeToTrip\\app\\Views\\temp_adminpage\\sidebar.php')
 3 SYSTEMPATH\View\View.php(237): CodeIgniter\View\View->CodeIgniter\View\{closure}()
 4 SYSTEMPATH\View\View.php(484): CodeIgniter\View\View->render('temp_adminpage/sidebar', null, true)
 5 APPPATH\Views\adminpage\wisata\index.php(2): CodeIgniter\View\View->include('temp_adminpage/sidebar')
 6 SYSTEMPATH\View\View.php(234): include('C:\\APK\\xampp-8.2\\htdocs\\SafeToTrip\\app\\Views\\adminpage\\wisata\\index.php')
 7 SYSTEMPATH\View\View.php(237): CodeIgniter\View\View->CodeIgniter\View\{closure}()
 8 SYSTEMPATH\Common.php(1171): CodeIgniter\View\View->render('adminpage/wisata/index', [], true)
 9 APPPATH\Controllers\Wisata.php(20): view('adminpage/wisata/index', [...])
10 SYSTEMPATH\CodeIgniter.php(933): App\Controllers\Wisata->index()
11 SYSTEMPATH\CodeIgniter.php(509): CodeIgniter\CodeIgniter->runController(Object(App\Controllers\Wisata))
12 SYSTEMPATH\CodeIgniter.php(355): CodeIgniter\CodeIgniter->handleRequest(null, Object(Config\Cache), false)
13 SYSTEMPATH\Boot.php(312): CodeIgniter\CodeIgniter->run()
14 SYSTEMPATH\Boot.php(67): CodeIgniter\Boot::runCodeIgniter(Object(CodeIgniter\CodeIgniter))
15 FCPATH\index.php(56): CodeIgniter\Boot::bootWeb(Object(Config\Paths))
16 SYSTEMPATH\Commands\Server\rewrite.php(49): require_once('C:\\APK\\xampp-8.2\\htdocs\\SafeToTrip\\public\\index.php')
INFO - 2024-06-02 20:53:55 --> Session: Class initialized using 'CodeIgniter\Session\Handlers\FileHandler' driver.
WARNING - 2024-06-02 20:53:55 --> [DEPRECATED] Creation of dynamic property App\Controllers\Wisata::$session is deprecated in APPPATH\Controllers\Wisata.php on line 11.
 1 SYSTEMPATH\CodeIgniter.php(903): App\Controllers\Wisata->__construct()
 2 SYSTEMPATH\CodeIgniter.php(500): CodeIgniter\CodeIgniter->createController()
 3 SYSTEMPATH\CodeIgniter.php(355): CodeIgniter\CodeIgniter->handleRequest(null, Object(Config\Cache), false)
 4 SYSTEMPATH\Boot.php(312): CodeIgniter\CodeIgniter->run()
 5 SYSTEMPATH\Boot.php(67): CodeIgniter\Boot::runCodeIgniter(Object(CodeIgniter\CodeIgniter))
 6 FCPATH\index.php(56): CodeIgniter\Boot::bootWeb(Object(Config\Paths))
 7 SYSTEMPATH\Commands\Server\rewrite.php(49): require_once('C:\\APK\\xampp-8.2\\htdocs\\SafeToTrip\\public\\index.php')
CRITICAL - 2024-06-02 20:53:55 --> ErrorException: Undefined property: App\Controllers\Wisata::$home
[Method: GET, Route: wisata]
in APPPATH\Controllers\Wisata.php on line 17.
 1 APPPATH\Controllers\Wisata.php(17): CodeIgniter\Debug\Exceptions->errorHandler(2, 'Undefined property: App\\Controllers\\Wisata::$home', 'C:\\APK\\xampp-8.2\\htdocs\\SafeToTrip\\app\\Controllers\\Wisata.php', 17)
 2 SYSTEMPATH\CodeIgniter.php(933): App\Controllers\Wisata->index()
 3 SYSTEMPATH\CodeIgniter.php(509): CodeIgniter\CodeIgniter->runController(Object(App\Controllers\Wisata))
 4 SYSTEMPATH\CodeIgniter.php(355): CodeIgniter\CodeIgniter->handleRequest(null, Object(Config\Cache), false)
 5 SYSTEMPATH\Boot.php(312): CodeIgniter\CodeIgniter->run()
 6 SYSTEMPATH\Boot.php(67): CodeIgniter\Boot::runCodeIgniter(Object(CodeIgniter\CodeIgniter))
 7 FCPATH\index.php(56): CodeIgniter\Boot::bootWeb(Object(Config\Paths))
 8 SYSTEMPATH\Commands\Server\rewrite.php(49): require_once('C:\\APK\\xampp-8.2\\htdocs\\SafeToTrip\\public\\index.php')
INFO - 2024-06-02 20:53:57 --> Session: Class initialized using 'CodeIgniter\Session\Handlers\FileHandler' driver.
WARNING - 2024-06-02 20:53:57 --> [DEPRECATED] Creation of dynamic property App\Controllers\Wisata::$session is deprecated in APPPATH\Controllers\Wisata.php on line 11.
 1 SYSTEMPATH\CodeIgniter.php(903): App\Controllers\Wisata->__construct()
 2 SYSTEMPATH\CodeIgniter.php(500): CodeIgniter\CodeIgniter->createController()
 3 SYSTEMPATH\CodeIgniter.php(355): CodeIgniter\CodeIgniter->handleRequest(null, Object(Config\Cache), false)
 4 SYSTEMPATH\Boot.php(312): CodeIgniter\CodeIgniter->run()
 5 SYSTEMPATH\Boot.php(67): CodeIgniter\Boot::runCodeIgniter(Object(CodeIgniter\CodeIgniter))
 6 FCPATH\index.php(56): CodeIgniter\Boot::bootWeb(Object(Config\Paths))
 7 SYSTEMPATH\Commands\Server\rewrite.php(49): require_once('C:\\APK\\xampp-8.2\\htdocs\\SafeToTrip\\public\\index.php')
CRITICAL - 2024-06-02 20:53:57 --> ErrorException: Undefined property: App\Controllers\Wisata::$home
[Method: GET, Route: wisata]
in APPPATH\Controllers\Wisata.php on line 17.
 1 APPPATH\Controllers\Wisata.php(17): CodeIgniter\Debug\Exceptions->errorHandler(2, 'Undefined property: App\\Controllers\\Wisata::$home', 'C:\\APK\\xampp-8.2\\htdocs\\SafeToTrip\\app\\Controllers\\Wisata.php', 17)
 2 SYSTEMPATH\CodeIgniter.php(933): App\Controllers\Wisata->index()
 3 SYSTEMPATH\CodeIgniter.php(509): CodeIgniter\CodeIgniter->runController(Object(App\Controllers\Wisata))
 4 SYSTEMPATH\CodeIgniter.php(355): CodeIgniter\CodeIgniter->handleRequest(null, Object(Config\Cache), false)
 5 SYSTEMPATH\Boot.php(312): CodeIgniter\CodeIgniter->run()
 6 SYSTEMPATH\Boot.php(67): CodeIgniter\Boot::runCodeIgniter(Object(CodeIgniter\CodeIgniter))
 7 FCPATH\index.php(56): CodeIgniter\Boot::bootWeb(Object(Config\Paths))
 8 SYSTEMPATH\Commands\Server\rewrite.php(49): require_once('C:\\APK\\xampp-8.2\\htdocs\\SafeToTrip\\public\\index.php')
INFO - 2024-06-02 20:54:28 --> Session: Class initialized using 'CodeIgniter\Session\Handlers\FileHandler' driver.
WARNING - 2024-06-02 20:54:28 --> [DEPRECATED] Creation of dynamic property App\Controllers\Wisata::$session is deprecated in APPPATH\Controllers\Wisata.php on line 11.
 1 SYSTEMPATH\CodeIgniter.php(903): App\Controllers\Wisata->__construct()
 2 SYSTEMPATH\CodeIgniter.php(500): CodeIgniter\CodeIgniter->createController()
 3 SYSTEMPATH\CodeIgniter.php(355): CodeIgniter\CodeIgniter->handleRequest(null, Object(Config\Cache), false)
 4 SYSTEMPATH\Boot.php(312): CodeIgniter\CodeIgniter->run()
 5 SYSTEMPATH\Boot.php(67): CodeIgniter\Boot::runCodeIgniter(Object(CodeIgniter\CodeIgniter))
 6 FCPATH\index.php(56): CodeIgniter\Boot::bootWeb(Object(Config\Paths))
 7 SYSTEMPATH\Commands\Server\rewrite.php(49): require_once('C:\\APK\\xampp-8.2\\htdocs\\SafeToTrip\\public\\index.php')
WARNING - 2024-06-02 20:54:28 --> [DEPRECATED] Creation of dynamic property App\Controllers\Home::$session is deprecated in APPPATH\Controllers\Home.php on line 9.
 1 APPPATH\Controllers\Wisata.php(12): App\Controllers\Home->__construct()
 2 SYSTEMPATH\CodeIgniter.php(903): App\Controllers\Wisata->__construct()
 3 SYSTEMPATH\CodeIgniter.php(500): CodeIgniter\CodeIgniter->createController()
 4 SYSTEMPATH\CodeIgniter.php(355): CodeIgniter\CodeIgniter->handleRequest(null, Object(Config\Cache), false)
 5 SYSTEMPATH\Boot.php(312): CodeIgniter\CodeIgniter->run()
 6 SYSTEMPATH\Boot.php(67): CodeIgniter\Boot::runCodeIgniter(Object(CodeIgniter\CodeIgniter))
 7 FCPATH\index.php(56): CodeIgniter\Boot::bootWeb(Object(Config\Paths))
 8 SYSTEMPATH\Commands\Server\rewrite.php(49): require_once('C:\\APK\\xampp-8.2\\htdocs\\SafeToTrip\\public\\index.php')
WARNING - 2024-06-02 20:54:28 --> [DEPRECATED] Creation of dynamic property App\Controllers\Wisata::$home is deprecated in APPPATH\Controllers\Wisata.php on line 12.
 1 SYSTEMPATH\CodeIgniter.php(903): App\Controllers\Wisata->__construct()
 2 SYSTEMPATH\CodeIgniter.php(500): CodeIgniter\CodeIgniter->createController()
 3 SYSTEMPATH\CodeIgniter.php(355): CodeIgniter\CodeIgniter->handleRequest(null, Object(Config\Cache), false)
 4 SYSTEMPATH\Boot.php(312): CodeIgniter\CodeIgniter->run()
 5 SYSTEMPATH\Boot.php(67): CodeIgniter\Boot::runCodeIgniter(Object(CodeIgniter\CodeIgniter))
 6 FCPATH\index.php(56): CodeIgniter\Boot::bootWeb(Object(Config\Paths))
 7 SYSTEMPATH\Commands\Server\rewrite.php(49): require_once('C:\\APK\\xampp-8.2\\htdocs\\SafeToTrip\\public\\index.php')
INFO - 2024-06-02 21:08:11 --> Session: Class initialized using 'CodeIgniter\Session\Handlers\FileHandler' driver.
WARNING - 2024-06-02 21:08:11 --> [DEPRECATED] Creation of dynamic property App\Controllers\Wisata::$session is deprecated in APPPATH\Controllers\Wisata.php on line 12.
 1 SYSTEMPATH\CodeIgniter.php(903): App\Controllers\Wisata->__construct()
 2 SYSTEMPATH\CodeIgniter.php(500): CodeIgniter\CodeIgniter->createController()
 3 SYSTEMPATH\CodeIgniter.php(355): CodeIgniter\CodeIgniter->handleRequest(null, Object(Config\Cache), false)
 4 SYSTEMPATH\Boot.php(312): CodeIgniter\CodeIgniter->run()
 5 SYSTEMPATH\Boot.php(67): CodeIgniter\Boot::runCodeIgniter(Object(CodeIgniter\CodeIgniter))
 6 FCPATH\index.php(56): CodeIgniter\Boot::bootWeb(Object(Config\Paths))
 7 SYSTEMPATH\Commands\Server\rewrite.php(49): require_once('C:\\APK\\xampp-8.2\\htdocs\\SafeToTrip\\public\\index.php')
WARNING - 2024-06-02 21:08:11 --> [DEPRECATED] Creation of dynamic property App\Controllers\Home::$session is deprecated in APPPATH\Controllers\Home.php on line 9.
 1 APPPATH\Controllers\Wisata.php(13): App\Controllers\Home->__construct()
 2 SYSTEMPATH\CodeIgniter.php(903): App\Controllers\Wisata->__construct()
 3 SYSTEMPATH\CodeIgniter.php(500): CodeIgniter\CodeIgniter->createController()
 4 SYSTEMPATH\CodeIgniter.php(355): CodeIgniter\CodeIgniter->handleRequest(null, Object(Config\Cache), false)
 5 SYSTEMPATH\Boot.php(312): CodeIgniter\CodeIgniter->run()
 6 SYSTEMPATH\Boot.php(67): CodeIgniter\Boot::runCodeIgniter(Object(CodeIgniter\CodeIgniter))
 7 FCPATH\index.php(56): CodeIgniter\Boot::bootWeb(Object(Config\Paths))
 8 SYSTEMPATH\Commands\Server\rewrite.php(49): require_once('C:\\APK\\xampp-8.2\\htdocs\\SafeToTrip\\public\\index.php')
WARNING - 2024-06-02 21:08:11 --> [DEPRECATED] Creation of dynamic property App\Controllers\Wisata::$home is deprecated in APPPATH\Controllers\Wisata.php on line 13.
 1 SYSTEMPATH\CodeIgniter.php(903): App\Controllers\Wisata->__construct()
 2 SYSTEMPATH\CodeIgniter.php(500): CodeIgniter\CodeIgniter->createController()
 3 SYSTEMPATH\CodeIgniter.php(355): CodeIgniter\CodeIgniter->handleRequest(null, Object(Config\Cache), false)
 4 SYSTEMPATH\Boot.php(312): CodeIgniter\CodeIgniter->run()
 5 SYSTEMPATH\Boot.php(67): CodeIgniter\Boot::runCodeIgniter(Object(CodeIgniter\CodeIgniter))
 6 FCPATH\index.php(56): CodeIgniter\Boot::bootWeb(Object(Config\Paths))
 7 SYSTEMPATH\Commands\Server\rewrite.php(49): require_once('C:\\APK\\xampp-8.2\\htdocs\\SafeToTrip\\public\\index.php')
WARNING - 2024-06-02 21:08:11 --> [DEPRECATED] Creation of dynamic property App\Controllers\Wisata::$wisata is deprecated in APPPATH\Controllers\Wisata.php on line 14.
 1 SYSTEMPATH\CodeIgniter.php(903): App\Controllers\Wisata->__construct()
 2 SYSTEMPATH\CodeIgniter.php(500): CodeIgniter\CodeIgniter->createController()
 3 SYSTEMPATH\CodeIgniter.php(355): CodeIgniter\CodeIgniter->handleRequest(null, Object(Config\Cache), false)
 4 SYSTEMPATH\Boot.php(312): CodeIgniter\CodeIgniter->run()
 5 SYSTEMPATH\Boot.php(67): CodeIgniter\Boot::runCodeIgniter(Object(CodeIgniter\CodeIgniter))
 6 FCPATH\index.php(56): CodeIgniter\Boot::bootWeb(Object(Config\Paths))
 7 SYSTEMPATH\Commands\Server\rewrite.php(49): require_once('C:\\APK\\xampp-8.2\\htdocs\\SafeToTrip\\public\\index.php')
INFO - 2024-06-02 21:13:52 --> Session: Class initialized using 'CodeIgniter\Session\Handlers\FileHandler' driver.
WARNING - 2024-06-02 21:13:52 --> [DEPRECATED] Creation of dynamic property App\Controllers\Wisata::$session is deprecated in APPPATH\Controllers\Wisata.php on line 12.
 1 SYSTEMPATH\CodeIgniter.php(903): App\Controllers\Wisata->__construct()
 2 SYSTEMPATH\CodeIgniter.php(500): CodeIgniter\CodeIgniter->createController()
 3 SYSTEMPATH\CodeIgniter.php(355): CodeIgniter\CodeIgniter->handleRequest(null, Object(Config\Cache), false)
 4 SYSTEMPATH\Boot.php(312): CodeIgniter\CodeIgniter->run()
 5 SYSTEMPATH\Boot.php(67): CodeIgniter\Boot::runCodeIgniter(Object(CodeIgniter\CodeIgniter))
 6 FCPATH\index.php(56): CodeIgniter\Boot::bootWeb(Object(Config\Paths))
 7 SYSTEMPATH\Commands\Server\rewrite.php(49): require_once('C:\\APK\\xampp-8.2\\htdocs\\SafeToTrip\\public\\index.php')
WARNING - 2024-06-02 21:13:52 --> [DEPRECATED] Creation of dynamic property App\Controllers\Home::$session is deprecated in APPPATH\Controllers\Home.php on line 9.
 1 APPPATH\Controllers\Wisata.php(13): App\Controllers\Home->__construct()
 2 SYSTEMPATH\CodeIgniter.php(903): App\Controllers\Wisata->__construct()
 3 SYSTEMPATH\CodeIgniter.php(500): CodeIgniter\CodeIgniter->createController()
 4 SYSTEMPATH\CodeIgniter.php(355): CodeIgniter\CodeIgniter->handleRequest(null, Object(Config\Cache), false)
 5 SYSTEMPATH\Boot.php(312): CodeIgniter\CodeIgniter->run()
 6 SYSTEMPATH\Boot.php(67): CodeIgniter\Boot::runCodeIgniter(Object(CodeIgniter\CodeIgniter))
 7 FCPATH\index.php(56): CodeIgniter\Boot::bootWeb(Object(Config\Paths))
 8 SYSTEMPATH\Commands\Server\rewrite.php(49): require_once('C:\\APK\\xampp-8.2\\htdocs\\SafeToTrip\\public\\index.php')
WARNING - 2024-06-02 21:13:52 --> [DEPRECATED] Creation of dynamic property App\Controllers\Wisata::$home is deprecated in APPPATH\Controllers\Wisata.php on line 13.
 1 SYSTEMPATH\CodeIgniter.php(903): App\Controllers\Wisata->__construct()
 2 SYSTEMPATH\CodeIgniter.php(500): CodeIgniter\CodeIgniter->createController()
 3 SYSTEMPATH\CodeIgniter.php(355): CodeIgniter\CodeIgniter->handleRequest(null, Object(Config\Cache), false)
 4 SYSTEMPATH\Boot.php(312): CodeIgniter\CodeIgniter->run()
 5 SYSTEMPATH\Boot.php(67): CodeIgniter\Boot::runCodeIgniter(Object(CodeIgniter\CodeIgniter))
 6 FCPATH\index.php(56): CodeIgniter\Boot::bootWeb(Object(Config\Paths))
 7 SYSTEMPATH\Commands\Server\rewrite.php(49): require_once('C:\\APK\\xampp-8.2\\htdocs\\SafeToTrip\\public\\index.php')
WARNING - 2024-06-02 21:13:52 --> [DEPRECATED] Creation of dynamic property App\Controllers\Wisata::$wisata is deprecated in APPPATH\Controllers\Wisata.php on line 14.
 1 SYSTEMPATH\CodeIgniter.php(903): App\Controllers\Wisata->__construct()
 2 SYSTEMPATH\CodeIgniter.php(500): CodeIgniter\CodeIgniter->createController()
 3 SYSTEMPATH\CodeIgniter.php(355): CodeIgniter\CodeIgniter->handleRequest(null, Object(Config\Cache), false)
 4 SYSTEMPATH\Boot.php(312): CodeIgniter\CodeIgniter->run()
 5 SYSTEMPATH\Boot.php(67): CodeIgniter\Boot::runCodeIgniter(Object(CodeIgniter\CodeIgniter))
 6 FCPATH\index.php(56): CodeIgniter\Boot::bootWeb(Object(Config\Paths))
 7 SYSTEMPATH\Commands\Server\rewrite.php(49): require_once('C:\\APK\\xampp-8.2\\htdocs\\SafeToTrip\\public\\index.php')
INFO - 2024-06-02 21:13:52 --> Session: Class initialized using 'CodeIgniter\Session\Handlers\FileHandler' driver.
WARNING - 2024-06-02 21:13:52 --> [DEPRECATED] Creation of dynamic property App\Controllers\Wisata::$session is deprecated in APPPATH\Controllers\Wisata.php on line 12.
 1 SYSTEMPATH\CodeIgniter.php(903): App\Controllers\Wisata->__construct()
 2 SYSTEMPATH\CodeIgniter.php(500): CodeIgniter\CodeIgniter->createController()
 3 SYSTEMPATH\CodeIgniter.php(355): CodeIgniter\CodeIgniter->handleRequest(null, Object(Config\Cache), false)
 4 SYSTEMPATH\Boot.php(312): CodeIgniter\CodeIgniter->run()
 5 SYSTEMPATH\Boot.php(67): CodeIgniter\Boot::runCodeIgniter(Object(CodeIgniter\CodeIgniter))
 6 FCPATH\index.php(56): CodeIgniter\Boot::bootWeb(Object(Config\Paths))
 7 SYSTEMPATH\Commands\Server\rewrite.php(49): require_once('C:\\APK\\xampp-8.2\\htdocs\\SafeToTrip\\public\\index.php')
WARNING - 2024-06-02 21:13:52 --> [DEPRECATED] Creation of dynamic property App\Controllers\Home::$session is deprecated in APPPATH\Controllers\Home.php on line 9.
 1 APPPATH\Controllers\Wisata.php(13): App\Controllers\Home->__construct()
 2 SYSTEMPATH\CodeIgniter.php(903): App\Controllers\Wisata->__construct()
 3 SYSTEMPATH\CodeIgniter.php(500): CodeIgniter\CodeIgniter->createController()
 4 SYSTEMPATH\CodeIgniter.php(355): CodeIgniter\CodeIgniter->handleRequest(null, Object(Config\Cache), false)
 5 SYSTEMPATH\Boot.php(312): CodeIgniter\CodeIgniter->run()
 6 SYSTEMPATH\Boot.php(67): CodeIgniter\Boot::runCodeIgniter(Object(CodeIgniter\CodeIgniter))
 7 FCPATH\index.php(56): CodeIgniter\Boot::bootWeb(Object(Config\Paths))
 8 SYSTEMPATH\Commands\Server\rewrite.php(49): require_once('C:\\APK\\xampp-8.2\\htdocs\\SafeToTrip\\public\\index.php')
WARNING - 2024-06-02 21:13:52 --> [DEPRECATED] Creation of dynamic property App\Controllers\Wisata::$home is deprecated in APPPATH\Controllers\Wisata.php on line 13.
 1 SYSTEMPATH\CodeIgniter.php(903): App\Controllers\Wisata->__construct()
 2 SYSTEMPATH\CodeIgniter.php(500): CodeIgniter\CodeIgniter->createController()
 3 SYSTEMPATH\CodeIgniter.php(355): CodeIgniter\CodeIgniter->handleRequest(null, Object(Config\Cache), false)
 4 SYSTEMPATH\Boot.php(312): CodeIgniter\CodeIgniter->run()
 5 SYSTEMPATH\Boot.php(67): CodeIgniter\Boot::runCodeIgniter(Object(CodeIgniter\CodeIgniter))
 6 FCPATH\index.php(56): CodeIgniter\Boot::bootWeb(Object(Config\Paths))
 7 SYSTEMPATH\Commands\Server\rewrite.php(49): require_once('C:\\APK\\xampp-8.2\\htdocs\\SafeToTrip\\public\\index.php')
WARNING - 2024-06-02 21:13:52 --> [DEPRECATED] Creation of dynamic property App\Controllers\Wisata::$wisata is deprecated in APPPATH\Controllers\Wisata.php on line 14.
 1 SYSTEMPATH\CodeIgniter.php(903): App\Controllers\Wisata->__construct()
 2 SYSTEMPATH\CodeIgniter.php(500): CodeIgniter\CodeIgniter->createController()
 3 SYSTEMPATH\CodeIgniter.php(355): CodeIgniter\CodeIgniter->handleRequest(null, Object(Config\Cache), false)
 4 SYSTEMPATH\Boot.php(312): CodeIgniter\CodeIgniter->run()
 5 SYSTEMPATH\Boot.php(67): CodeIgniter\Boot::runCodeIgniter(Object(CodeIgniter\CodeIgniter))
 6 FCPATH\index.php(56): CodeIgniter\Boot::bootWeb(Object(Config\Paths))
 7 SYSTEMPATH\Commands\Server\rewrite.php(49): require_once('C:\\APK\\xampp-8.2\\htdocs\\SafeToTrip\\public\\index.php')
INFO - 2024-06-02 21:14:42 --> Session: Class initialized using 'CodeIgniter\Session\Handlers\FileHandler' driver.
WARNING - 2024-06-02 21:14:42 --> [DEPRECATED] Creation of dynamic property App\Controllers\Wisata::$session is deprecated in APPPATH\Controllers\Wisata.php on line 12.
 1 SYSTEMPATH\CodeIgniter.php(903): App\Controllers\Wisata->__construct()
 2 SYSTEMPATH\CodeIgniter.php(500): CodeIgniter\CodeIgniter->createController()
 3 SYSTEMPATH\CodeIgniter.php(355): CodeIgniter\CodeIgniter->handleRequest(null, Object(Config\Cache), false)
 4 SYSTEMPATH\Boot.php(312): CodeIgniter\CodeIgniter->run()
 5 SYSTEMPATH\Boot.php(67): CodeIgniter\Boot::runCodeIgniter(Object(CodeIgniter\CodeIgniter))
 6 FCPATH\index.php(56): CodeIgniter\Boot::bootWeb(Object(Config\Paths))
 7 SYSTEMPATH\Commands\Server\rewrite.php(49): require_once('C:\\APK\\xampp-8.2\\htdocs\\SafeToTrip\\public\\index.php')
WARNING - 2024-06-02 21:14:42 --> [DEPRECATED] Creation of dynamic property App\Controllers\Home::$session is deprecated in APPPATH\Controllers\Home.php on line 9.
 1 APPPATH\Controllers\Wisata.php(13): App\Controllers\Home->__construct()
 2 SYSTEMPATH\CodeIgniter.php(903): App\Controllers\Wisata->__construct()
 3 SYSTEMPATH\CodeIgniter.php(500): CodeIgniter\CodeIgniter->createController()
 4 SYSTEMPATH\CodeIgniter.php(355): CodeIgniter\CodeIgniter->handleRequest(null, Object(Config\Cache), false)
 5 SYSTEMPATH\Boot.php(312): CodeIgniter\CodeIgniter->run()
 6 SYSTEMPATH\Boot.php(67): CodeIgniter\Boot::runCodeIgniter(Object(CodeIgniter\CodeIgniter))
 7 FCPATH\index.php(56): CodeIgniter\Boot::bootWeb(Object(Config\Paths))
 8 SYSTEMPATH\Commands\Server\rewrite.php(49): require_once('C:\\APK\\xampp-8.2\\htdocs\\SafeToTrip\\public\\index.php')
WARNING - 2024-06-02 21:14:42 --> [DEPRECATED] Creation of dynamic property App\Controllers\Wisata::$home is deprecated in APPPATH\Controllers\Wisata.php on line 13.
 1 SYSTEMPATH\CodeIgniter.php(903): App\Controllers\Wisata->__construct()
 2 SYSTEMPATH\CodeIgniter.php(500): CodeIgniter\CodeIgniter->createController()
 3 SYSTEMPATH\CodeIgniter.php(355): CodeIgniter\CodeIgniter->handleRequest(null, Object(Config\Cache), false)
 4 SYSTEMPATH\Boot.php(312): CodeIgniter\CodeIgniter->run()
 5 SYSTEMPATH\Boot.php(67): CodeIgniter\Boot::runCodeIgniter(Object(CodeIgniter\CodeIgniter))
 6 FCPATH\index.php(56): CodeIgniter\Boot::bootWeb(Object(Config\Paths))
 7 SYSTEMPATH\Commands\Server\rewrite.php(49): require_once('C:\\APK\\xampp-8.2\\htdocs\\SafeToTrip\\public\\index.php')
WARNING - 2024-06-02 21:14:42 --> [DEPRECATED] Creation of dynamic property App\Controllers\Wisata::$wisata is deprecated in APPPATH\Controllers\Wisata.php on line 14.
 1 SYSTEMPATH\CodeIgniter.php(903): App\Controllers\Wisata->__construct()
 2 SYSTEMPATH\CodeIgniter.php(500): CodeIgniter\CodeIgniter->createController()
 3 SYSTEMPATH\CodeIgniter.php(355): CodeIgniter\CodeIgniter->handleRequest(null, Object(Config\Cache), false)
 4 SYSTEMPATH\Boot.php(312): CodeIgniter\CodeIgniter->run()
 5 SYSTEMPATH\Boot.php(67): CodeIgniter\Boot::runCodeIgniter(Object(CodeIgniter\CodeIgniter))
 6 FCPATH\index.php(56): CodeIgniter\Boot::bootWeb(Object(Config\Paths))
 7 SYSTEMPATH\Commands\Server\rewrite.php(49): require_once('C:\\APK\\xampp-8.2\\htdocs\\SafeToTrip\\public\\index.php')
INFO - 2024-06-02 21:14:44 --> Session: Class initialized using 'CodeIgniter\Session\Handlers\FileHandler' driver.
WARNING - 2024-06-02 21:14:44 --> [DEPRECATED] Creation of dynamic property App\Controllers\Wisata::$session is deprecated in APPPATH\Controllers\Wisata.php on line 12.
 1 SYSTEMPATH\CodeIgniter.php(903): App\Controllers\Wisata->__construct()
 2 SYSTEMPATH\CodeIgniter.php(500): CodeIgniter\CodeIgniter->createController()
 3 SYSTEMPATH\CodeIgniter.php(355): CodeIgniter\CodeIgniter->handleRequest(null, Object(Config\Cache), false)
 4 SYSTEMPATH\Boot.php(312): CodeIgniter\CodeIgniter->run()
 5 SYSTEMPATH\Boot.php(67): CodeIgniter\Boot::runCodeIgniter(Object(CodeIgniter\CodeIgniter))
 6 FCPATH\index.php(56): CodeIgniter\Boot::bootWeb(Object(Config\Paths))
 7 SYSTEMPATH\Commands\Server\rewrite.php(49): require_once('C:\\APK\\xampp-8.2\\htdocs\\SafeToTrip\\public\\index.php')
WARNING - 2024-06-02 21:14:44 --> [DEPRECATED] Creation of dynamic property App\Controllers\Home::$session is deprecated in APPPATH\Controllers\Home.php on line 9.
 1 APPPATH\Controllers\Wisata.php(13): App\Controllers\Home->__construct()
 2 SYSTEMPATH\CodeIgniter.php(903): App\Controllers\Wisata->__construct()
 3 SYSTEMPATH\CodeIgniter.php(500): CodeIgniter\CodeIgniter->createController()
 4 SYSTEMPATH\CodeIgniter.php(355): CodeIgniter\CodeIgniter->handleRequest(null, Object(Config\Cache), false)
 5 SYSTEMPATH\Boot.php(312): CodeIgniter\CodeIgniter->run()
 6 SYSTEMPATH\Boot.php(67): CodeIgniter\Boot::runCodeIgniter(Object(CodeIgniter\CodeIgniter))
 7 FCPATH\index.php(56): CodeIgniter\Boot::bootWeb(Object(Config\Paths))
 8 SYSTEMPATH\Commands\Server\rewrite.php(49): require_once('C:\\APK\\xampp-8.2\\htdocs\\SafeToTrip\\public\\index.php')
WARNING - 2024-06-02 21:14:44 --> [DEPRECATED] Creation of dynamic property App\Controllers\Wisata::$home is deprecated in APPPATH\Controllers\Wisata.php on line 13.
 1 SYSTEMPATH\CodeIgniter.php(903): App\Controllers\Wisata->__construct()
 2 SYSTEMPATH\CodeIgniter.php(500): CodeIgniter\CodeIgniter->createController()
 3 SYSTEMPATH\CodeIgniter.php(355): CodeIgniter\CodeIgniter->handleRequest(null, Object(Config\Cache), false)
 4 SYSTEMPATH\Boot.php(312): CodeIgniter\CodeIgniter->run()
 5 SYSTEMPATH\Boot.php(67): CodeIgniter\Boot::runCodeIgniter(Object(CodeIgniter\CodeIgniter))
 6 FCPATH\index.php(56): CodeIgniter\Boot::bootWeb(Object(Config\Paths))
 7 SYSTEMPATH\Commands\Server\rewrite.php(49): require_once('C:\\APK\\xampp-8.2\\htdocs\\SafeToTrip\\public\\index.php')
WARNING - 2024-06-02 21:14:44 --> [DEPRECATED] Creation of dynamic property App\Controllers\Wisata::$wisata is deprecated in APPPATH\Controllers\Wisata.php on line 14.
 1 SYSTEMPATH\CodeIgniter.php(903): App\Controllers\Wisata->__construct()
 2 SYSTEMPATH\CodeIgniter.php(500): CodeIgniter\CodeIgniter->createController()
 3 SYSTEMPATH\CodeIgniter.php(355): CodeIgniter\CodeIgniter->handleRequest(null, Object(Config\Cache), false)
 4 SYSTEMPATH\Boot.php(312): CodeIgniter\CodeIgniter->run()
 5 SYSTEMPATH\Boot.php(67): CodeIgniter\Boot::runCodeIgniter(Object(CodeIgniter\CodeIgniter))
 6 FCPATH\index.php(56): CodeIgniter\Boot::bootWeb(Object(Config\Paths))
 7 SYSTEMPATH\Commands\Server\rewrite.php(49): require_once('C:\\APK\\xampp-8.2\\htdocs\\SafeToTrip\\public\\index.php')
CRITICAL - 2024-06-02 21:14:44 --> CodeIgniter\View\Exceptions\ViewException: Invalid file: "adminpage/wisata/create.php"
[Method: GET, Route: wisata/create]
in SYSTEMPATH\Exceptions\FrameworkException.php on line 41.
 1 SYSTEMPATH\View\View.php(222): CodeIgniter\Exceptions\FrameworkException::forInvalidFile('adminpage/wisata/create.php')
 2 SYSTEMPATH\Common.php(1171): CodeIgniter\View\View->render('adminpage/wisata/create', [], true)
 3 APPPATH\Controllers\Wisata.php(32): view('adminpage/wisata/create')
 4 SYSTEMPATH\CodeIgniter.php(933): App\Controllers\Wisata->create()
 5 SYSTEMPATH\CodeIgniter.php(509): CodeIgniter\CodeIgniter->runController(Object(App\Controllers\Wisata))
 6 SYSTEMPATH\CodeIgniter.php(355): CodeIgniter\CodeIgniter->handleRequest(null, Object(Config\Cache), false)
 7 SYSTEMPATH\Boot.php(312): CodeIgniter\CodeIgniter->run()
 8 SYSTEMPATH\Boot.php(67): CodeIgniter\Boot::runCodeIgniter(Object(CodeIgniter\CodeIgniter))
 9 FCPATH\index.php(56): CodeIgniter\Boot::bootWeb(Object(Config\Paths))
10 SYSTEMPATH\Commands\Server\rewrite.php(49): require_once('C:\\APK\\xampp-8.2\\htdocs\\SafeToTrip\\public\\index.php')
INFO - 2024-06-02 21:16:00 --> Session: Class initialized using 'CodeIgniter\Session\Handlers\FileHandler' driver.
WARNING - 2024-06-02 21:16:00 --> [DEPRECATED] Creation of dynamic property App\Controllers\Wisata::$session is deprecated in APPPATH\Controllers\Wisata.php on line 12.
 1 SYSTEMPATH\CodeIgniter.php(903): App\Controllers\Wisata->__construct()
 2 SYSTEMPATH\CodeIgniter.php(500): CodeIgniter\CodeIgniter->createController()
 3 SYSTEMPATH\CodeIgniter.php(355): CodeIgniter\CodeIgniter->handleRequest(null, Object(Config\Cache), false)
 4 SYSTEMPATH\Boot.php(312): CodeIgniter\CodeIgniter->run()
 5 SYSTEMPATH\Boot.php(67): CodeIgniter\Boot::runCodeIgniter(Object(CodeIgniter\CodeIgniter))
 6 FCPATH\index.php(56): CodeIgniter\Boot::bootWeb(Object(Config\Paths))
 7 SYSTEMPATH\Commands\Server\rewrite.php(49): require_once('C:\\APK\\xampp-8.2\\htdocs\\SafeToTrip\\public\\index.php')
WARNING - 2024-06-02 21:16:00 --> [DEPRECATED] Creation of dynamic property App\Controllers\Home::$session is deprecated in APPPATH\Controllers\Home.php on line 9.
 1 APPPATH\Controllers\Wisata.php(13): App\Controllers\Home->__construct()
 2 SYSTEMPATH\CodeIgniter.php(903): App\Controllers\Wisata->__construct()
 3 SYSTEMPATH\CodeIgniter.php(500): CodeIgniter\CodeIgniter->createController()
 4 SYSTEMPATH\CodeIgniter.php(355): CodeIgniter\CodeIgniter->handleRequest(null, Object(Config\Cache), false)
 5 SYSTEMPATH\Boot.php(312): CodeIgniter\CodeIgniter->run()
 6 SYSTEMPATH\Boot.php(67): CodeIgniter\Boot::runCodeIgniter(Object(CodeIgniter\CodeIgniter))
 7 FCPATH\index.php(56): CodeIgniter\Boot::bootWeb(Object(Config\Paths))
 8 SYSTEMPATH\Commands\Server\rewrite.php(49): require_once('C:\\APK\\xampp-8.2\\htdocs\\SafeToTrip\\public\\index.php')
WARNING - 2024-06-02 21:16:00 --> [DEPRECATED] Creation of dynamic property App\Controllers\Wisata::$home is deprecated in APPPATH\Controllers\Wisata.php on line 13.
 1 SYSTEMPATH\CodeIgniter.php(903): App\Controllers\Wisata->__construct()
 2 SYSTEMPATH\CodeIgniter.php(500): CodeIgniter\CodeIgniter->createController()
 3 SYSTEMPATH\CodeIgniter.php(355): CodeIgniter\CodeIgniter->handleRequest(null, Object(Config\Cache), false)
 4 SYSTEMPATH\Boot.php(312): CodeIgniter\CodeIgniter->run()
 5 SYSTEMPATH\Boot.php(67): CodeIgniter\Boot::runCodeIgniter(Object(CodeIgniter\CodeIgniter))
 6 FCPATH\index.php(56): CodeIgniter\Boot::bootWeb(Object(Config\Paths))
 7 SYSTEMPATH\Commands\Server\rewrite.php(49): require_once('C:\\APK\\xampp-8.2\\htdocs\\SafeToTrip\\public\\index.php')
WARNING - 2024-06-02 21:16:00 --> [DEPRECATED] Creation of dynamic property App\Controllers\Wisata::$wisata is deprecated in APPPATH\Controllers\Wisata.php on line 14.
 1 SYSTEMPATH\CodeIgniter.php(903): App\Controllers\Wisata->__construct()
 2 SYSTEMPATH\CodeIgniter.php(500): CodeIgniter\CodeIgniter->createController()
 3 SYSTEMPATH\CodeIgniter.php(355): CodeIgniter\CodeIgniter->handleRequest(null, Object(Config\Cache), false)
 4 SYSTEMPATH\Boot.php(312): CodeIgniter\CodeIgniter->run()
 5 SYSTEMPATH\Boot.php(67): CodeIgniter\Boot::runCodeIgniter(Object(CodeIgniter\CodeIgniter))
 6 FCPATH\index.php(56): CodeIgniter\Boot::bootWeb(Object(Config\Paths))
 7 SYSTEMPATH\Commands\Server\rewrite.php(49): require_once('C:\\APK\\xampp-8.2\\htdocs\\SafeToTrip\\public\\index.php')
CRITICAL - 2024-06-02 21:16:00 --> ErrorException: Undefined variable $nama
[Method: GET, Route: wisata/create]
in APPPATH\Views\temp_adminpage\sidebar.php on line 4.
 1 APPPATH\Views\temp_adminpage\sidebar.php(4): CodeIgniter\Debug\Exceptions->errorHandler(2, 'Undefined variable $nama', 'C:\\APK\\xampp-8.2\\htdocs\\SafeToTrip\\app\\Views\\temp_adminpage\\sidebar.php', 4)
 2 SYSTEMPATH\View\View.php(234): include('C:\\APK\\xampp-8.2\\htdocs\\SafeToTrip\\app\\Views\\temp_adminpage\\sidebar.php')
 3 SYSTEMPATH\View\View.php(237): CodeIgniter\View\View->CodeIgniter\View\{closure}()
 4 SYSTEMPATH\View\View.php(484): CodeIgniter\View\View->render('temp_adminpage/sidebar', null, true)
 5 APPPATH\Views\adminpage\wisata\create.php(2): CodeIgniter\View\View->include('temp_adminpage/sidebar')
 6 SYSTEMPATH\View\View.php(234): include('C:\\APK\\xampp-8.2\\htdocs\\SafeToTrip\\app\\Views\\adminpage\\wisata\\create.php')
 7 SYSTEMPATH\View\View.php(237): CodeIgniter\View\View->CodeIgniter\View\{closure}()
 8 SYSTEMPATH\Common.php(1171): CodeIgniter\View\View->render('adminpage/wisata/create', [], true)
 9 APPPATH\Controllers\Wisata.php(32): view('adminpage/wisata/create')
10 SYSTEMPATH\CodeIgniter.php(933): App\Controllers\Wisata->create()
11 SYSTEMPATH\CodeIgniter.php(509): CodeIgniter\CodeIgniter->runController(Object(App\Controllers\Wisata))
12 SYSTEMPATH\CodeIgniter.php(355): CodeIgniter\CodeIgniter->handleRequest(null, Object(Config\Cache), false)
13 SYSTEMPATH\Boot.php(312): CodeIgniter\CodeIgniter->run()
14 SYSTEMPATH\Boot.php(67): CodeIgniter\Boot::runCodeIgniter(Object(CodeIgniter\CodeIgniter))
15 FCPATH\index.php(56): CodeIgniter\Boot::bootWeb(Object(Config\Paths))
16 SYSTEMPATH\Commands\Server\rewrite.php(49): require_once('C:\\APK\\xampp-8.2\\htdocs\\SafeToTrip\\public\\index.php')
INFO - 2024-06-02 21:20:57 --> Session: Class initialized using 'CodeIgniter\Session\Handlers\FileHandler' driver.
WARNING - 2024-06-02 21:20:57 --> [DEPRECATED] Creation of dynamic property App\Controllers\Wisata::$session is deprecated in APPPATH\Controllers\Wisata.php on line 12.
 1 SYSTEMPATH\CodeIgniter.php(903): App\Controllers\Wisata->__construct()
 2 SYSTEMPATH\CodeIgniter.php(500): CodeIgniter\CodeIgniter->createController()
 3 SYSTEMPATH\CodeIgniter.php(355): CodeIgniter\CodeIgniter->handleRequest(null, Object(Config\Cache), false)
 4 SYSTEMPATH\Boot.php(312): CodeIgniter\CodeIgniter->run()
 5 SYSTEMPATH\Boot.php(67): CodeIgniter\Boot::runCodeIgniter(Object(CodeIgniter\CodeIgniter))
 6 FCPATH\index.php(56): CodeIgniter\Boot::bootWeb(Object(Config\Paths))
 7 SYSTEMPATH\Commands\Server\rewrite.php(49): require_once('C:\\APK\\xampp-8.2\\htdocs\\SafeToTrip\\public\\index.php')
WARNING - 2024-06-02 21:20:57 --> [DEPRECATED] Creation of dynamic property App\Controllers\Home::$session is deprecated in APPPATH\Controllers\Home.php on line 9.
 1 APPPATH\Controllers\Wisata.php(13): App\Controllers\Home->__construct()
 2 SYSTEMPATH\CodeIgniter.php(903): App\Controllers\Wisata->__construct()
 3 SYSTEMPATH\CodeIgniter.php(500): CodeIgniter\CodeIgniter->createController()
 4 SYSTEMPATH\CodeIgniter.php(355): CodeIgniter\CodeIgniter->handleRequest(null, Object(Config\Cache), false)
 5 SYSTEMPATH\Boot.php(312): CodeIgniter\CodeIgniter->run()
 6 SYSTEMPATH\Boot.php(67): CodeIgniter\Boot::runCodeIgniter(Object(CodeIgniter\CodeIgniter))
 7 FCPATH\index.php(56): CodeIgniter\Boot::bootWeb(Object(Config\Paths))
 8 SYSTEMPATH\Commands\Server\rewrite.php(49): require_once('C:\\APK\\xampp-8.2\\htdocs\\SafeToTrip\\public\\index.php')
WARNING - 2024-06-02 21:20:57 --> [DEPRECATED] Creation of dynamic property App\Controllers\Wisata::$home is deprecated in APPPATH\Controllers\Wisata.php on line 13.
 1 SYSTEMPATH\CodeIgniter.php(903): App\Controllers\Wisata->__construct()
 2 SYSTEMPATH\CodeIgniter.php(500): CodeIgniter\CodeIgniter->createController()
 3 SYSTEMPATH\CodeIgniter.php(355): CodeIgniter\CodeIgniter->handleRequest(null, Object(Config\Cache), false)
 4 SYSTEMPATH\Boot.php(312): CodeIgniter\CodeIgniter->run()
 5 SYSTEMPATH\Boot.php(67): CodeIgniter\Boot::runCodeIgniter(Object(CodeIgniter\CodeIgniter))
 6 FCPATH\index.php(56): CodeIgniter\Boot::bootWeb(Object(Config\Paths))
 7 SYSTEMPATH\Commands\Server\rewrite.php(49): require_once('C:\\APK\\xampp-8.2\\htdocs\\SafeToTrip\\public\\index.php')
WARNING - 2024-06-02 21:20:57 --> [DEPRECATED] Creation of dynamic property App\Controllers\Wisata::$wisata is deprecated in APPPATH\Controllers\Wisata.php on line 14.
 1 SYSTEMPATH\CodeIgniter.php(903): App\Controllers\Wisata->__construct()
 2 SYSTEMPATH\CodeIgniter.php(500): CodeIgniter\CodeIgniter->createController()
 3 SYSTEMPATH\CodeIgniter.php(355): CodeIgniter\CodeIgniter->handleRequest(null, Object(Config\Cache), false)
 4 SYSTEMPATH\Boot.php(312): CodeIgniter\CodeIgniter->run()
 5 SYSTEMPATH\Boot.php(67): CodeIgniter\Boot::runCodeIgniter(Object(CodeIgniter\CodeIgniter))
 6 FCPATH\index.php(56): CodeIgniter\Boot::bootWeb(Object(Config\Paths))
 7 SYSTEMPATH\Commands\Server\rewrite.php(49): require_once('C:\\APK\\xampp-8.2\\htdocs\\SafeToTrip\\public\\index.php')
CRITICAL - 2024-06-02 21:20:57 --> Error: Class "App\Controllers\FasilitasModel" not found
[Method: GET, Route: wisata]
in APPPATH\Controllers\Wisata.php on line 15.
 1 SYSTEMPATH\CodeIgniter.php(903): App\Controllers\Wisata->__construct()
 2 SYSTEMPATH\CodeIgniter.php(500): CodeIgniter\CodeIgniter->createController()
 3 SYSTEMPATH\CodeIgniter.php(355): CodeIgniter\CodeIgniter->handleRequest(null, Object(Config\Cache), false)
 4 SYSTEMPATH\Boot.php(312): CodeIgniter\CodeIgniter->run()
 5 SYSTEMPATH\Boot.php(67): CodeIgniter\Boot::runCodeIgniter(Object(CodeIgniter\CodeIgniter))
 6 FCPATH\index.php(56): CodeIgniter\Boot::bootWeb(Object(Config\Paths))
 7 SYSTEMPATH\Commands\Server\rewrite.php(49): require_once('C:\\APK\\xampp-8.2\\htdocs\\SafeToTrip\\public\\index.php')
INFO - 2024-06-02 21:21:09 --> Session: Class initialized using 'CodeIgniter\Session\Handlers\FileHandler' driver.
WARNING - 2024-06-02 21:21:09 --> [DEPRECATED] Creation of dynamic property App\Controllers\Wisata::$session is deprecated in APPPATH\Controllers\Wisata.php on line 13.
 1 SYSTEMPATH\CodeIgniter.php(903): App\Controllers\Wisata->__construct()
 2 SYSTEMPATH\CodeIgniter.php(500): CodeIgniter\CodeIgniter->createController()
 3 SYSTEMPATH\CodeIgniter.php(355): CodeIgniter\CodeIgniter->handleRequest(null, Object(Config\Cache), false)
 4 SYSTEMPATH\Boot.php(312): CodeIgniter\CodeIgniter->run()
 5 SYSTEMPATH\Boot.php(67): CodeIgniter\Boot::runCodeIgniter(Object(CodeIgniter\CodeIgniter))
 6 FCPATH\index.php(56): CodeIgniter\Boot::bootWeb(Object(Config\Paths))
 7 SYSTEMPATH\Commands\Server\rewrite.php(49): require_once('C:\\APK\\xampp-8.2\\htdocs\\SafeToTrip\\public\\index.php')
WARNING - 2024-06-02 21:21:09 --> [DEPRECATED] Creation of dynamic property App\Controllers\Home::$session is deprecated in APPPATH\Controllers\Home.php on line 9.
 1 APPPATH\Controllers\Wisata.php(14): App\Controllers\Home->__construct()
 2 SYSTEMPATH\CodeIgniter.php(903): App\Controllers\Wisata->__construct()
 3 SYSTEMPATH\CodeIgniter.php(500): CodeIgniter\CodeIgniter->createController()
 4 SYSTEMPATH\CodeIgniter.php(355): CodeIgniter\CodeIgniter->handleRequest(null, Object(Config\Cache), false)
 5 SYSTEMPATH\Boot.php(312): CodeIgniter\CodeIgniter->run()
 6 SYSTEMPATH\Boot.php(67): CodeIgniter\Boot::runCodeIgniter(Object(CodeIgniter\CodeIgniter))
 7 FCPATH\index.php(56): CodeIgniter\Boot::bootWeb(Object(Config\Paths))
 8 SYSTEMPATH\Commands\Server\rewrite.php(49): require_once('C:\\APK\\xampp-8.2\\htdocs\\SafeToTrip\\public\\index.php')
WARNING - 2024-06-02 21:21:09 --> [DEPRECATED] Creation of dynamic property App\Controllers\Wisata::$home is deprecated in APPPATH\Controllers\Wisata.php on line 14.
 1 SYSTEMPATH\CodeIgniter.php(903): App\Controllers\Wisata->__construct()
 2 SYSTEMPATH\CodeIgniter.php(500): CodeIgniter\CodeIgniter->createController()
 3 SYSTEMPATH\CodeIgniter.php(355): CodeIgniter\CodeIgniter->handleRequest(null, Object(Config\Cache), false)
 4 SYSTEMPATH\Boot.php(312): CodeIgniter\CodeIgniter->run()
 5 SYSTEMPATH\Boot.php(67): CodeIgniter\Boot::runCodeIgniter(Object(CodeIgniter\CodeIgniter))
 6 FCPATH\index.php(56): CodeIgniter\Boot::bootWeb(Object(Config\Paths))
 7 SYSTEMPATH\Commands\Server\rewrite.php(49): require_once('C:\\APK\\xampp-8.2\\htdocs\\SafeToTrip\\public\\index.php')
WARNING - 2024-06-02 21:21:09 --> [DEPRECATED] Creation of dynamic property App\Controllers\Wisata::$wisata is deprecated in APPPATH\Controllers\Wisata.php on line 15.
 1 SYSTEMPATH\CodeIgniter.php(903): App\Controllers\Wisata->__construct()
 2 SYSTEMPATH\CodeIgniter.php(500): CodeIgniter\CodeIgniter->createController()
 3 SYSTEMPATH\CodeIgniter.php(355): CodeIgniter\CodeIgniter->handleRequest(null, Object(Config\Cache), false)
 4 SYSTEMPATH\Boot.php(312): CodeIgniter\CodeIgniter->run()
 5 SYSTEMPATH\Boot.php(67): CodeIgniter\Boot::runCodeIgniter(Object(CodeIgniter\CodeIgniter))
 6 FCPATH\index.php(56): CodeIgniter\Boot::bootWeb(Object(Config\Paths))
 7 SYSTEMPATH\Commands\Server\rewrite.php(49): require_once('C:\\APK\\xampp-8.2\\htdocs\\SafeToTrip\\public\\index.php')
WARNING - 2024-06-02 21:21:09 --> [DEPRECATED] Creation of dynamic property App\Controllers\Wisata::$fasilitas is deprecated in APPPATH\Controllers\Wisata.php on line 16.
 1 SYSTEMPATH\CodeIgniter.php(903): App\Controllers\Wisata->__construct()
 2 SYSTEMPATH\CodeIgniter.php(500): CodeIgniter\CodeIgniter->createController()
 3 SYSTEMPATH\CodeIgniter.php(355): CodeIgniter\CodeIgniter->handleRequest(null, Object(Config\Cache), false)
 4 SYSTEMPATH\Boot.php(312): CodeIgniter\CodeIgniter->run()
 5 SYSTEMPATH\Boot.php(67): CodeIgniter\Boot::runCodeIgniter(Object(CodeIgniter\CodeIgniter))
 6 FCPATH\index.php(56): CodeIgniter\Boot::bootWeb(Object(Config\Paths))
 7 SYSTEMPATH\Commands\Server\rewrite.php(49): require_once('C:\\APK\\xampp-8.2\\htdocs\\SafeToTrip\\public\\index.php')
CRITICAL - 2024-06-02 21:21:09 --> ErrorException: Undefined variable $nama
[Method: GET, Route: wisata]
in APPPATH\Views\temp_adminpage\sidebar.php on line 4.
 1 APPPATH\Views\temp_adminpage\sidebar.php(4): CodeIgniter\Debug\Exceptions->errorHandler(2, 'Undefined variable $nama', 'C:\\APK\\xampp-8.2\\htdocs\\SafeToTrip\\app\\Views\\temp_adminpage\\sidebar.php', 4)
 2 SYSTEMPATH\View\View.php(234): include('C:\\APK\\xampp-8.2\\htdocs\\SafeToTrip\\app\\Views\\temp_adminpage\\sidebar.php')
 3 SYSTEMPATH\View\View.php(237): CodeIgniter\View\View->CodeIgniter\View\{closure}()
 4 SYSTEMPATH\View\View.php(484): CodeIgniter\View\View->render('temp_adminpage/sidebar', null, true)
 5 APPPATH\Views\adminpage\wisata\index.php(2): CodeIgniter\View\View->include('temp_adminpage/sidebar')
 6 SYSTEMPATH\View\View.php(234): include('C:\\APK\\xampp-8.2\\htdocs\\SafeToTrip\\app\\Views\\adminpage\\wisata\\index.php')
 7 SYSTEMPATH\View\View.php(237): CodeIgniter\View\View->CodeIgniter\View\{closure}()
 8 SYSTEMPATH\Common.php(1171): CodeIgniter\View\View->render('adminpage/wisata/index', [], true)
 9 APPPATH\Controllers\Wisata.php(35): view('adminpage/wisata/index', [...])
10 SYSTEMPATH\CodeIgniter.php(933): App\Controllers\Wisata->index()
11 SYSTEMPATH\CodeIgniter.php(509): CodeIgniter\CodeIgniter->runController(Object(App\Controllers\Wisata))
12 SYSTEMPATH\CodeIgniter.php(355): CodeIgniter\CodeIgniter->handleRequest(null, Object(Config\Cache), false)
13 SYSTEMPATH\Boot.php(312): CodeIgniter\CodeIgniter->run()
14 SYSTEMPATH\Boot.php(67): CodeIgniter\Boot::runCodeIgniter(Object(CodeIgniter\CodeIgniter))
15 FCPATH\index.php(56): CodeIgniter\Boot::bootWeb(Object(Config\Paths))
16 SYSTEMPATH\Commands\Server\rewrite.php(49): require_once('C:\\APK\\xampp-8.2\\htdocs\\SafeToTrip\\public\\index.php')
INFO - 2024-06-02 21:21:23 --> Session: Class initialized using 'CodeIgniter\Session\Handlers\FileHandler' driver.
WARNING - 2024-06-02 21:21:23 --> [DEPRECATED] Creation of dynamic property App\Controllers\Wisata::$session is deprecated in APPPATH\Controllers\Wisata.php on line 13.
 1 SYSTEMPATH\CodeIgniter.php(903): App\Controllers\Wisata->__construct()
 2 SYSTEMPATH\CodeIgniter.php(500): CodeIgniter\CodeIgniter->createController()
 3 SYSTEMPATH\CodeIgniter.php(355): CodeIgniter\CodeIgniter->handleRequest(null, Object(Config\Cache), false)
 4 SYSTEMPATH\Boot.php(312): CodeIgniter\CodeIgniter->run()
 5 SYSTEMPATH\Boot.php(67): CodeIgniter\Boot::runCodeIgniter(Object(CodeIgniter\CodeIgniter))
 6 FCPATH\index.php(56): CodeIgniter\Boot::bootWeb(Object(Config\Paths))
 7 SYSTEMPATH\Commands\Server\rewrite.php(49): require_once('C:\\APK\\xampp-8.2\\htdocs\\SafeToTrip\\public\\index.php')
WARNING - 2024-06-02 21:21:23 --> [DEPRECATED] Creation of dynamic property App\Controllers\Home::$session is deprecated in APPPATH\Controllers\Home.php on line 9.
 1 APPPATH\Controllers\Wisata.php(14): App\Controllers\Home->__construct()
 2 SYSTEMPATH\CodeIgniter.php(903): App\Controllers\Wisata->__construct()
 3 SYSTEMPATH\CodeIgniter.php(500): CodeIgniter\CodeIgniter->createController()
 4 SYSTEMPATH\CodeIgniter.php(355): CodeIgniter\CodeIgniter->handleRequest(null, Object(Config\Cache), false)
 5 SYSTEMPATH\Boot.php(312): CodeIgniter\CodeIgniter->run()
 6 SYSTEMPATH\Boot.php(67): CodeIgniter\Boot::runCodeIgniter(Object(CodeIgniter\CodeIgniter))
 7 FCPATH\index.php(56): CodeIgniter\Boot::bootWeb(Object(Config\Paths))
 8 SYSTEMPATH\Commands\Server\rewrite.php(49): require_once('C:\\APK\\xampp-8.2\\htdocs\\SafeToTrip\\public\\index.php')
WARNING - 2024-06-02 21:21:23 --> [DEPRECATED] Creation of dynamic property App\Controllers\Wisata::$home is deprecated in APPPATH\Controllers\Wisata.php on line 14.
 1 SYSTEMPATH\CodeIgniter.php(903): App\Controllers\Wisata->__construct()
 2 SYSTEMPATH\CodeIgniter.php(500): CodeIgniter\CodeIgniter->createController()
 3 SYSTEMPATH\CodeIgniter.php(355): CodeIgniter\CodeIgniter->handleRequest(null, Object(Config\Cache), false)
 4 SYSTEMPATH\Boot.php(312): CodeIgniter\CodeIgniter->run()
 5 SYSTEMPATH\Boot.php(67): CodeIgniter\Boot::runCodeIgniter(Object(CodeIgniter\CodeIgniter))
 6 FCPATH\index.php(56): CodeIgniter\Boot::bootWeb(Object(Config\Paths))
 7 SYSTEMPATH\Commands\Server\rewrite.php(49): require_once('C:\\APK\\xampp-8.2\\htdocs\\SafeToTrip\\public\\index.php')
WARNING - 2024-06-02 21:21:23 --> [DEPRECATED] Creation of dynamic property App\Controllers\Wisata::$wisata is deprecated in APPPATH\Controllers\Wisata.php on line 15.
 1 SYSTEMPATH\CodeIgniter.php(903): App\Controllers\Wisata->__construct()
 2 SYSTEMPATH\CodeIgniter.php(500): CodeIgniter\CodeIgniter->createController()
 3 SYSTEMPATH\CodeIgniter.php(355): CodeIgniter\CodeIgniter->handleRequest(null, Object(Config\Cache), false)
 4 SYSTEMPATH\Boot.php(312): CodeIgniter\CodeIgniter->run()
 5 SYSTEMPATH\Boot.php(67): CodeIgniter\Boot::runCodeIgniter(Object(CodeIgniter\CodeIgniter))
 6 FCPATH\index.php(56): CodeIgniter\Boot::bootWeb(Object(Config\Paths))
 7 SYSTEMPATH\Commands\Server\rewrite.php(49): require_once('C:\\APK\\xampp-8.2\\htdocs\\SafeToTrip\\public\\index.php')
WARNING - 2024-06-02 21:21:23 --> [DEPRECATED] Creation of dynamic property App\Controllers\Wisata::$fasilitas is deprecated in APPPATH\Controllers\Wisata.php on line 16.
 1 SYSTEMPATH\CodeIgniter.php(903): App\Controllers\Wisata->__construct()
 2 SYSTEMPATH\CodeIgniter.php(500): CodeIgniter\CodeIgniter->createController()
 3 SYSTEMPATH\CodeIgniter.php(355): CodeIgniter\CodeIgniter->handleRequest(null, Object(Config\Cache), false)
 4 SYSTEMPATH\Boot.php(312): CodeIgniter\CodeIgniter->run()
 5 SYSTEMPATH\Boot.php(67): CodeIgniter\Boot::runCodeIgniter(Object(CodeIgniter\CodeIgniter))
 6 FCPATH\index.php(56): CodeIgniter\Boot::bootWeb(Object(Config\Paths))
 7 SYSTEMPATH\Commands\Server\rewrite.php(49): require_once('C:\\APK\\xampp-8.2\\htdocs\\SafeToTrip\\public\\index.php')
INFO - 2024-06-02 21:22:49 --> Session: Class initialized using 'CodeIgniter\Session\Handlers\FileHandler' driver.
WARNING - 2024-06-02 21:22:49 --> [DEPRECATED] Creation of dynamic property App\Controllers\Wisata::$session is deprecated in APPPATH\Controllers\Wisata.php on line 13.
 1 SYSTEMPATH\CodeIgniter.php(903): App\Controllers\Wisata->__construct()
 2 SYSTEMPATH\CodeIgniter.php(500): CodeIgniter\CodeIgniter->createController()
 3 SYSTEMPATH\CodeIgniter.php(355): CodeIgniter\CodeIgniter->handleRequest(null, Object(Config\Cache), false)
 4 SYSTEMPATH\Boot.php(312): CodeIgniter\CodeIgniter->run()
 5 SYSTEMPATH\Boot.php(67): CodeIgniter\Boot::runCodeIgniter(Object(CodeIgniter\CodeIgniter))
 6 FCPATH\index.php(56): CodeIgniter\Boot::bootWeb(Object(Config\Paths))
 7 SYSTEMPATH\Commands\Server\rewrite.php(49): require_once('C:\\APK\\xampp-8.2\\htdocs\\SafeToTrip\\public\\index.php')
WARNING - 2024-06-02 21:22:49 --> [DEPRECATED] Creation of dynamic property App\Controllers\Home::$session is deprecated in APPPATH\Controllers\Home.php on line 9.
 1 APPPATH\Controllers\Wisata.php(14): App\Controllers\Home->__construct()
 2 SYSTEMPATH\CodeIgniter.php(903): App\Controllers\Wisata->__construct()
 3 SYSTEMPATH\CodeIgniter.php(500): CodeIgniter\CodeIgniter->createController()
 4 SYSTEMPATH\CodeIgniter.php(355): CodeIgniter\CodeIgniter->handleRequest(null, Object(Config\Cache), false)
 5 SYSTEMPATH\Boot.php(312): CodeIgniter\CodeIgniter->run()
 6 SYSTEMPATH\Boot.php(67): CodeIgniter\Boot::runCodeIgniter(Object(CodeIgniter\CodeIgniter))
 7 FCPATH\index.php(56): CodeIgniter\Boot::bootWeb(Object(Config\Paths))
 8 SYSTEMPATH\Commands\Server\rewrite.php(49): require_once('C:\\APK\\xampp-8.2\\htdocs\\SafeToTrip\\public\\index.php')
WARNING - 2024-06-02 21:22:49 --> [DEPRECATED] Creation of dynamic property App\Controllers\Wisata::$home is deprecated in APPPATH\Controllers\Wisata.php on line 14.
 1 SYSTEMPATH\CodeIgniter.php(903): App\Controllers\Wisata->__construct()
 2 SYSTEMPATH\CodeIgniter.php(500): CodeIgniter\CodeIgniter->createController()
 3 SYSTEMPATH\CodeIgniter.php(355): CodeIgniter\CodeIgniter->handleRequest(null, Object(Config\Cache), false)
 4 SYSTEMPATH\Boot.php(312): CodeIgniter\CodeIgniter->run()
 5 SYSTEMPATH\Boot.php(67): CodeIgniter\Boot::runCodeIgniter(Object(CodeIgniter\CodeIgniter))
 6 FCPATH\index.php(56): CodeIgniter\Boot::bootWeb(Object(Config\Paths))
 7 SYSTEMPATH\Commands\Server\rewrite.php(49): require_once('C:\\APK\\xampp-8.2\\htdocs\\SafeToTrip\\public\\index.php')
WARNING - 2024-06-02 21:22:49 --> [DEPRECATED] Creation of dynamic property App\Controllers\Wisata::$wisata is deprecated in APPPATH\Controllers\Wisata.php on line 15.
 1 SYSTEMPATH\CodeIgniter.php(903): App\Controllers\Wisata->__construct()
 2 SYSTEMPATH\CodeIgniter.php(500): CodeIgniter\CodeIgniter->createController()
 3 SYSTEMPATH\CodeIgniter.php(355): CodeIgniter\CodeIgniter->handleRequest(null, Object(Config\Cache), false)
 4 SYSTEMPATH\Boot.php(312): CodeIgniter\CodeIgniter->run()
 5 SYSTEMPATH\Boot.php(67): CodeIgniter\Boot::runCodeIgniter(Object(CodeIgniter\CodeIgniter))
 6 FCPATH\index.php(56): CodeIgniter\Boot::bootWeb(Object(Config\Paths))
 7 SYSTEMPATH\Commands\Server\rewrite.php(49): require_once('C:\\APK\\xampp-8.2\\htdocs\\SafeToTrip\\public\\index.php')
WARNING - 2024-06-02 21:22:49 --> [DEPRECATED] Creation of dynamic property App\Controllers\Wisata::$fasilitas is deprecated in APPPATH\Controllers\Wisata.php on line 16.
 1 SYSTEMPATH\CodeIgniter.php(903): App\Controllers\Wisata->__construct()
 2 SYSTEMPATH\CodeIgniter.php(500): CodeIgniter\CodeIgniter->createController()
 3 SYSTEMPATH\CodeIgniter.php(355): CodeIgniter\CodeIgniter->handleRequest(null, Object(Config\Cache), false)
 4 SYSTEMPATH\Boot.php(312): CodeIgniter\CodeIgniter->run()
 5 SYSTEMPATH\Boot.php(67): CodeIgniter\Boot::runCodeIgniter(Object(CodeIgniter\CodeIgniter))
 6 FCPATH\index.php(56): CodeIgniter\Boot::bootWeb(Object(Config\Paths))
 7 SYSTEMPATH\Commands\Server\rewrite.php(49): require_once('C:\\APK\\xampp-8.2\\htdocs\\SafeToTrip\\public\\index.php')
INFO - 2024-06-02 21:24:02 --> Session: Class initialized using 'CodeIgniter\Session\Handlers\FileHandler' driver.
WARNING - 2024-06-02 21:24:02 --> [DEPRECATED] Creation of dynamic property App\Controllers\Wisata::$session is deprecated in APPPATH\Controllers\Wisata.php on line 13.
 1 SYSTEMPATH\CodeIgniter.php(903): App\Controllers\Wisata->__construct()
 2 SYSTEMPATH\CodeIgniter.php(500): CodeIgniter\CodeIgniter->createController()
 3 SYSTEMPATH\CodeIgniter.php(355): CodeIgniter\CodeIgniter->handleRequest(null, Object(Config\Cache), false)
 4 SYSTEMPATH\Boot.php(312): CodeIgniter\CodeIgniter->run()
 5 SYSTEMPATH\Boot.php(67): CodeIgniter\Boot::runCodeIgniter(Object(CodeIgniter\CodeIgniter))
 6 FCPATH\index.php(56): CodeIgniter\Boot::bootWeb(Object(Config\Paths))
 7 SYSTEMPATH\Commands\Server\rewrite.php(49): require_once('C:\\APK\\xampp-8.2\\htdocs\\SafeToTrip\\public\\index.php')
WARNING - 2024-06-02 21:24:02 --> [DEPRECATED] Creation of dynamic property App\Controllers\Home::$session is deprecated in APPPATH\Controllers\Home.php on line 9.
 1 APPPATH\Controllers\Wisata.php(14): App\Controllers\Home->__construct()
 2 SYSTEMPATH\CodeIgniter.php(903): App\Controllers\Wisata->__construct()
 3 SYSTEMPATH\CodeIgniter.php(500): CodeIgniter\CodeIgniter->createController()
 4 SYSTEMPATH\CodeIgniter.php(355): CodeIgniter\CodeIgniter->handleRequest(null, Object(Config\Cache), false)
 5 SYSTEMPATH\Boot.php(312): CodeIgniter\CodeIgniter->run()
 6 SYSTEMPATH\Boot.php(67): CodeIgniter\Boot::runCodeIgniter(Object(CodeIgniter\CodeIgniter))
 7 FCPATH\index.php(56): CodeIgniter\Boot::bootWeb(Object(Config\Paths))
 8 SYSTEMPATH\Commands\Server\rewrite.php(49): require_once('C:\\APK\\xampp-8.2\\htdocs\\SafeToTrip\\public\\index.php')
WARNING - 2024-06-02 21:24:02 --> [DEPRECATED] Creation of dynamic property App\Controllers\Wisata::$home is deprecated in APPPATH\Controllers\Wisata.php on line 14.
 1 SYSTEMPATH\CodeIgniter.php(903): App\Controllers\Wisata->__construct()
 2 SYSTEMPATH\CodeIgniter.php(500): CodeIgniter\CodeIgniter->createController()
 3 SYSTEMPATH\CodeIgniter.php(355): CodeIgniter\CodeIgniter->handleRequest(null, Object(Config\Cache), false)
 4 SYSTEMPATH\Boot.php(312): CodeIgniter\CodeIgniter->run()
 5 SYSTEMPATH\Boot.php(67): CodeIgniter\Boot::runCodeIgniter(Object(CodeIgniter\CodeIgniter))
 6 FCPATH\index.php(56): CodeIgniter\Boot::bootWeb(Object(Config\Paths))
 7 SYSTEMPATH\Commands\Server\rewrite.php(49): require_once('C:\\APK\\xampp-8.2\\htdocs\\SafeToTrip\\public\\index.php')
WARNING - 2024-06-02 21:24:02 --> [DEPRECATED] Creation of dynamic property App\Controllers\Wisata::$wisata is deprecated in APPPATH\Controllers\Wisata.php on line 15.
 1 SYSTEMPATH\CodeIgniter.php(903): App\Controllers\Wisata->__construct()
 2 SYSTEMPATH\CodeIgniter.php(500): CodeIgniter\CodeIgniter->createController()
 3 SYSTEMPATH\CodeIgniter.php(355): CodeIgniter\CodeIgniter->handleRequest(null, Object(Config\Cache), false)
 4 SYSTEMPATH\Boot.php(312): CodeIgniter\CodeIgniter->run()
 5 SYSTEMPATH\Boot.php(67): CodeIgniter\Boot::runCodeIgniter(Object(CodeIgniter\CodeIgniter))
 6 FCPATH\index.php(56): CodeIgniter\Boot::bootWeb(Object(Config\Paths))
 7 SYSTEMPATH\Commands\Server\rewrite.php(49): require_once('C:\\APK\\xampp-8.2\\htdocs\\SafeToTrip\\public\\index.php')
WARNING - 2024-06-02 21:24:02 --> [DEPRECATED] Creation of dynamic property App\Controllers\Wisata::$fasilitas is deprecated in APPPATH\Controllers\Wisata.php on line 16.
 1 SYSTEMPATH\CodeIgniter.php(903): App\Controllers\Wisata->__construct()
 2 SYSTEMPATH\CodeIgniter.php(500): CodeIgniter\CodeIgniter->createController()
 3 SYSTEMPATH\CodeIgniter.php(355): CodeIgniter\CodeIgniter->handleRequest(null, Object(Config\Cache), false)
 4 SYSTEMPATH\Boot.php(312): CodeIgniter\CodeIgniter->run()
 5 SYSTEMPATH\Boot.php(67): CodeIgniter\Boot::runCodeIgniter(Object(CodeIgniter\CodeIgniter))
 6 FCPATH\index.php(56): CodeIgniter\Boot::bootWeb(Object(Config\Paths))
 7 SYSTEMPATH\Commands\Server\rewrite.php(49): require_once('C:\\APK\\xampp-8.2\\htdocs\\SafeToTrip\\public\\index.php')
INFO - 2024-06-02 21:24:04 --> Session: Class initialized using 'CodeIgniter\Session\Handlers\FileHandler' driver.
WARNING - 2024-06-02 21:24:04 --> [DEPRECATED] Creation of dynamic property App\Controllers\Wisata::$session is deprecated in APPPATH\Controllers\Wisata.php on line 13.
 1 SYSTEMPATH\CodeIgniter.php(903): App\Controllers\Wisata->__construct()
 2 SYSTEMPATH\CodeIgniter.php(500): CodeIgniter\CodeIgniter->createController()
 3 SYSTEMPATH\CodeIgniter.php(355): CodeIgniter\CodeIgniter->handleRequest(null, Object(Config\Cache), false)
 4 SYSTEMPATH\Boot.php(312): CodeIgniter\CodeIgniter->run()
 5 SYSTEMPATH\Boot.php(67): CodeIgniter\Boot::runCodeIgniter(Object(CodeIgniter\CodeIgniter))
 6 FCPATH\index.php(56): CodeIgniter\Boot::bootWeb(Object(Config\Paths))
 7 SYSTEMPATH\Commands\Server\rewrite.php(49): require_once('C:\\APK\\xampp-8.2\\htdocs\\SafeToTrip\\public\\index.php')
WARNING - 2024-06-02 21:24:04 --> [DEPRECATED] Creation of dynamic property App\Controllers\Home::$session is deprecated in APPPATH\Controllers\Home.php on line 9.
 1 APPPATH\Controllers\Wisata.php(14): App\Controllers\Home->__construct()
 2 SYSTEMPATH\CodeIgniter.php(903): App\Controllers\Wisata->__construct()
 3 SYSTEMPATH\CodeIgniter.php(500): CodeIgniter\CodeIgniter->createController()
 4 SYSTEMPATH\CodeIgniter.php(355): CodeIgniter\CodeIgniter->handleRequest(null, Object(Config\Cache), false)
 5 SYSTEMPATH\Boot.php(312): CodeIgniter\CodeIgniter->run()
 6 SYSTEMPATH\Boot.php(67): CodeIgniter\Boot::runCodeIgniter(Object(CodeIgniter\CodeIgniter))
 7 FCPATH\index.php(56): CodeIgniter\Boot::bootWeb(Object(Config\Paths))
 8 SYSTEMPATH\Commands\Server\rewrite.php(49): require_once('C:\\APK\\xampp-8.2\\htdocs\\SafeToTrip\\public\\index.php')
WARNING - 2024-06-02 21:24:04 --> [DEPRECATED] Creation of dynamic property App\Controllers\Wisata::$home is deprecated in APPPATH\Controllers\Wisata.php on line 14.
 1 SYSTEMPATH\CodeIgniter.php(903): App\Controllers\Wisata->__construct()
 2 SYSTEMPATH\CodeIgniter.php(500): CodeIgniter\CodeIgniter->createController()
 3 SYSTEMPATH\CodeIgniter.php(355): CodeIgniter\CodeIgniter->handleRequest(null, Object(Config\Cache), false)
 4 SYSTEMPATH\Boot.php(312): CodeIgniter\CodeIgniter->run()
 5 SYSTEMPATH\Boot.php(67): CodeIgniter\Boot::runCodeIgniter(Object(CodeIgniter\CodeIgniter))
 6 FCPATH\index.php(56): CodeIgniter\Boot::bootWeb(Object(Config\Paths))
 7 SYSTEMPATH\Commands\Server\rewrite.php(49): require_once('C:\\APK\\xampp-8.2\\htdocs\\SafeToTrip\\public\\index.php')
WARNING - 2024-06-02 21:24:04 --> [DEPRECATED] Creation of dynamic property App\Controllers\Wisata::$wisata is deprecated in APPPATH\Controllers\Wisata.php on line 15.
 1 SYSTEMPATH\CodeIgniter.php(903): App\Controllers\Wisata->__construct()
 2 SYSTEMPATH\CodeIgniter.php(500): CodeIgniter\CodeIgniter->createController()
 3 SYSTEMPATH\CodeIgniter.php(355): CodeIgniter\CodeIgniter->handleRequest(null, Object(Config\Cache), false)
 4 SYSTEMPATH\Boot.php(312): CodeIgniter\CodeIgniter->run()
 5 SYSTEMPATH\Boot.php(67): CodeIgniter\Boot::runCodeIgniter(Object(CodeIgniter\CodeIgniter))
 6 FCPATH\index.php(56): CodeIgniter\Boot::bootWeb(Object(Config\Paths))
 7 SYSTEMPATH\Commands\Server\rewrite.php(49): require_once('C:\\APK\\xampp-8.2\\htdocs\\SafeToTrip\\public\\index.php')
WARNING - 2024-06-02 21:24:04 --> [DEPRECATED] Creation of dynamic property App\Controllers\Wisata::$fasilitas is deprecated in APPPATH\Controllers\Wisata.php on line 16.
 1 SYSTEMPATH\CodeIgniter.php(903): App\Controllers\Wisata->__construct()
 2 SYSTEMPATH\CodeIgniter.php(500): CodeIgniter\CodeIgniter->createController()
 3 SYSTEMPATH\CodeIgniter.php(355): CodeIgniter\CodeIgniter->handleRequest(null, Object(Config\Cache), false)
 4 SYSTEMPATH\Boot.php(312): CodeIgniter\CodeIgniter->run()
 5 SYSTEMPATH\Boot.php(67): CodeIgniter\Boot::runCodeIgniter(Object(CodeIgniter\CodeIgniter))
 6 FCPATH\index.php(56): CodeIgniter\Boot::bootWeb(Object(Config\Paths))
 7 SYSTEMPATH\Commands\Server\rewrite.php(49): require_once('C:\\APK\\xampp-8.2\\htdocs\\SafeToTrip\\public\\index.php')
INFO - 2024-06-02 21:26:00 --> Session: Class initialized using 'CodeIgniter\Session\Handlers\FileHandler' driver.
WARNING - 2024-06-02 21:26:00 --> [DEPRECATED] Creation of dynamic property App\Controllers\Wisata::$session is deprecated in APPPATH\Controllers\Wisata.php on line 13.
 1 SYSTEMPATH\CodeIgniter.php(903): App\Controllers\Wisata->__construct()
 2 SYSTEMPATH\CodeIgniter.php(500): CodeIgniter\CodeIgniter->createController()
 3 SYSTEMPATH\CodeIgniter.php(355): CodeIgniter\CodeIgniter->handleRequest(null, Object(Config\Cache), false)
 4 SYSTEMPATH\Boot.php(312): CodeIgniter\CodeIgniter->run()
 5 SYSTEMPATH\Boot.php(67): CodeIgniter\Boot::runCodeIgniter(Object(CodeIgniter\CodeIgniter))
 6 FCPATH\index.php(56): CodeIgniter\Boot::bootWeb(Object(Config\Paths))
 7 SYSTEMPATH\Commands\Server\rewrite.php(49): require_once('C:\\APK\\xampp-8.2\\htdocs\\SafeToTrip\\public\\index.php')
WARNING - 2024-06-02 21:26:00 --> [DEPRECATED] Creation of dynamic property App\Controllers\Home::$session is deprecated in APPPATH\Controllers\Home.php on line 9.
 1 APPPATH\Controllers\Wisata.php(14): App\Controllers\Home->__construct()
 2 SYSTEMPATH\CodeIgniter.php(903): App\Controllers\Wisata->__construct()
 3 SYSTEMPATH\CodeIgniter.php(500): CodeIgniter\CodeIgniter->createController()
 4 SYSTEMPATH\CodeIgniter.php(355): CodeIgniter\CodeIgniter->handleRequest(null, Object(Config\Cache), false)
 5 SYSTEMPATH\Boot.php(312): CodeIgniter\CodeIgniter->run()
 6 SYSTEMPATH\Boot.php(67): CodeIgniter\Boot::runCodeIgniter(Object(CodeIgniter\CodeIgniter))
 7 FCPATH\index.php(56): CodeIgniter\Boot::bootWeb(Object(Config\Paths))
 8 SYSTEMPATH\Commands\Server\rewrite.php(49): require_once('C:\\APK\\xampp-8.2\\htdocs\\SafeToTrip\\public\\index.php')
WARNING - 2024-06-02 21:26:00 --> [DEPRECATED] Creation of dynamic property App\Controllers\Wisata::$home is deprecated in APPPATH\Controllers\Wisata.php on line 14.
 1 SYSTEMPATH\CodeIgniter.php(903): App\Controllers\Wisata->__construct()
 2 SYSTEMPATH\CodeIgniter.php(500): CodeIgniter\CodeIgniter->createController()
 3 SYSTEMPATH\CodeIgniter.php(355): CodeIgniter\CodeIgniter->handleRequest(null, Object(Config\Cache), false)
 4 SYSTEMPATH\Boot.php(312): CodeIgniter\CodeIgniter->run()
 5 SYSTEMPATH\Boot.php(67): CodeIgniter\Boot::runCodeIgniter(Object(CodeIgniter\CodeIgniter))
 6 FCPATH\index.php(56): CodeIgniter\Boot::bootWeb(Object(Config\Paths))
 7 SYSTEMPATH\Commands\Server\rewrite.php(49): require_once('C:\\APK\\xampp-8.2\\htdocs\\SafeToTrip\\public\\index.php')
WARNING - 2024-06-02 21:26:01 --> [DEPRECATED] Creation of dynamic property App\Controllers\Wisata::$wisata is deprecated in APPPATH\Controllers\Wisata.php on line 15.
 1 SYSTEMPATH\CodeIgniter.php(903): App\Controllers\Wisata->__construct()
 2 SYSTEMPATH\CodeIgniter.php(500): CodeIgniter\CodeIgniter->createController()
 3 SYSTEMPATH\CodeIgniter.php(355): CodeIgniter\CodeIgniter->handleRequest(null, Object(Config\Cache), false)
 4 SYSTEMPATH\Boot.php(312): CodeIgniter\CodeIgniter->run()
 5 SYSTEMPATH\Boot.php(67): CodeIgniter\Boot::runCodeIgniter(Object(CodeIgniter\CodeIgniter))
 6 FCPATH\index.php(56): CodeIgniter\Boot::bootWeb(Object(Config\Paths))
 7 SYSTEMPATH\Commands\Server\rewrite.php(49): require_once('C:\\APK\\xampp-8.2\\htdocs\\SafeToTrip\\public\\index.php')
WARNING - 2024-06-02 21:26:01 --> [DEPRECATED] Creation of dynamic property App\Controllers\Wisata::$fasilitas is deprecated in APPPATH\Controllers\Wisata.php on line 16.
 1 SYSTEMPATH\CodeIgniter.php(903): App\Controllers\Wisata->__construct()
 2 SYSTEMPATH\CodeIgniter.php(500): CodeIgniter\CodeIgniter->createController()
 3 SYSTEMPATH\CodeIgniter.php(355): CodeIgniter\CodeIgniter->handleRequest(null, Object(Config\Cache), false)
 4 SYSTEMPATH\Boot.php(312): CodeIgniter\CodeIgniter->run()
 5 SYSTEMPATH\Boot.php(67): CodeIgniter\Boot::runCodeIgniter(Object(CodeIgniter\CodeIgniter))
 6 FCPATH\index.php(56): CodeIgniter\Boot::bootWeb(Object(Config\Paths))
 7 SYSTEMPATH\Commands\Server\rewrite.php(49): require_once('C:\\APK\\xampp-8.2\\htdocs\\SafeToTrip\\public\\index.php')
INFO - 2024-06-02 21:26:02 --> Session: Class initialized using 'CodeIgniter\Session\Handlers\FileHandler' driver.
WARNING - 2024-06-02 21:26:02 --> [DEPRECATED] Creation of dynamic property App\Controllers\Wisata::$session is deprecated in APPPATH\Controllers\Wisata.php on line 13.
 1 SYSTEMPATH\CodeIgniter.php(903): App\Controllers\Wisata->__construct()
 2 SYSTEMPATH\CodeIgniter.php(500): CodeIgniter\CodeIgniter->createController()
 3 SYSTEMPATH\CodeIgniter.php(355): CodeIgniter\CodeIgniter->handleRequest(null, Object(Config\Cache), false)
 4 SYSTEMPATH\Boot.php(312): CodeIgniter\CodeIgniter->run()
 5 SYSTEMPATH\Boot.php(67): CodeIgniter\Boot::runCodeIgniter(Object(CodeIgniter\CodeIgniter))
 6 FCPATH\index.php(56): CodeIgniter\Boot::bootWeb(Object(Config\Paths))
 7 SYSTEMPATH\Commands\Server\rewrite.php(49): require_once('C:\\APK\\xampp-8.2\\htdocs\\SafeToTrip\\public\\index.php')
WARNING - 2024-06-02 21:26:02 --> [DEPRECATED] Creation of dynamic property App\Controllers\Home::$session is deprecated in APPPATH\Controllers\Home.php on line 9.
 1 APPPATH\Controllers\Wisata.php(14): App\Controllers\Home->__construct()
 2 SYSTEMPATH\CodeIgniter.php(903): App\Controllers\Wisata->__construct()
 3 SYSTEMPATH\CodeIgniter.php(500): CodeIgniter\CodeIgniter->createController()
 4 SYSTEMPATH\CodeIgniter.php(355): CodeIgniter\CodeIgniter->handleRequest(null, Object(Config\Cache), false)
 5 SYSTEMPATH\Boot.php(312): CodeIgniter\CodeIgniter->run()
 6 SYSTEMPATH\Boot.php(67): CodeIgniter\Boot::runCodeIgniter(Object(CodeIgniter\CodeIgniter))
 7 FCPATH\index.php(56): CodeIgniter\Boot::bootWeb(Object(Config\Paths))
 8 SYSTEMPATH\Commands\Server\rewrite.php(49): require_once('C:\\APK\\xampp-8.2\\htdocs\\SafeToTrip\\public\\index.php')
WARNING - 2024-06-02 21:26:02 --> [DEPRECATED] Creation of dynamic property App\Controllers\Wisata::$home is deprecated in APPPATH\Controllers\Wisata.php on line 14.
 1 SYSTEMPATH\CodeIgniter.php(903): App\Controllers\Wisata->__construct()
 2 SYSTEMPATH\CodeIgniter.php(500): CodeIgniter\CodeIgniter->createController()
 3 SYSTEMPATH\CodeIgniter.php(355): CodeIgniter\CodeIgniter->handleRequest(null, Object(Config\Cache), false)
 4 SYSTEMPATH\Boot.php(312): CodeIgniter\CodeIgniter->run()
 5 SYSTEMPATH\Boot.php(67): CodeIgniter\Boot::runCodeIgniter(Object(CodeIgniter\CodeIgniter))
 6 FCPATH\index.php(56): CodeIgniter\Boot::bootWeb(Object(Config\Paths))
 7 SYSTEMPATH\Commands\Server\rewrite.php(49): require_once('C:\\APK\\xampp-8.2\\htdocs\\SafeToTrip\\public\\index.php')
WARNING - 2024-06-02 21:26:02 --> [DEPRECATED] Creation of dynamic property App\Controllers\Wisata::$wisata is deprecated in APPPATH\Controllers\Wisata.php on line 15.
 1 SYSTEMPATH\CodeIgniter.php(903): App\Controllers\Wisata->__construct()
 2 SYSTEMPATH\CodeIgniter.php(500): CodeIgniter\CodeIgniter->createController()
 3 SYSTEMPATH\CodeIgniter.php(355): CodeIgniter\CodeIgniter->handleRequest(null, Object(Config\Cache), false)
 4 SYSTEMPATH\Boot.php(312): CodeIgniter\CodeIgniter->run()
 5 SYSTEMPATH\Boot.php(67): CodeIgniter\Boot::runCodeIgniter(Object(CodeIgniter\CodeIgniter))
 6 FCPATH\index.php(56): CodeIgniter\Boot::bootWeb(Object(Config\Paths))
 7 SYSTEMPATH\Commands\Server\rewrite.php(49): require_once('C:\\APK\\xampp-8.2\\htdocs\\SafeToTrip\\public\\index.php')
WARNING - 2024-06-02 21:26:02 --> [DEPRECATED] Creation of dynamic property App\Controllers\Wisata::$fasilitas is deprecated in APPPATH\Controllers\Wisata.php on line 16.
 1 SYSTEMPATH\CodeIgniter.php(903): App\Controllers\Wisata->__construct()
 2 SYSTEMPATH\CodeIgniter.php(500): CodeIgniter\CodeIgniter->createController()
 3 SYSTEMPATH\CodeIgniter.php(355): CodeIgniter\CodeIgniter->handleRequest(null, Object(Config\Cache), false)
 4 SYSTEMPATH\Boot.php(312): CodeIgniter\CodeIgniter->run()
 5 SYSTEMPATH\Boot.php(67): CodeIgniter\Boot::runCodeIgniter(Object(CodeIgniter\CodeIgniter))
 6 FCPATH\index.php(56): CodeIgniter\Boot::bootWeb(Object(Config\Paths))
 7 SYSTEMPATH\Commands\Server\rewrite.php(49): require_once('C:\\APK\\xampp-8.2\\htdocs\\SafeToTrip\\public\\index.php')
INFO - 2024-06-02 21:26:50 --> Session: Class initialized using 'CodeIgniter\Session\Handlers\FileHandler' driver.
WARNING - 2024-06-02 21:26:50 --> [DEPRECATED] Creation of dynamic property App\Controllers\Wisata::$session is deprecated in APPPATH\Controllers\Wisata.php on line 13.
 1 SYSTEMPATH\CodeIgniter.php(903): App\Controllers\Wisata->__construct()
 2 SYSTEMPATH\CodeIgniter.php(500): CodeIgniter\CodeIgniter->createController()
 3 SYSTEMPATH\CodeIgniter.php(355): CodeIgniter\CodeIgniter->handleRequest(null, Object(Config\Cache), false)
 4 SYSTEMPATH\Boot.php(312): CodeIgniter\CodeIgniter->run()
 5 SYSTEMPATH\Boot.php(67): CodeIgniter\Boot::runCodeIgniter(Object(CodeIgniter\CodeIgniter))
 6 FCPATH\index.php(56): CodeIgniter\Boot::bootWeb(Object(Config\Paths))
 7 SYSTEMPATH\Commands\Server\rewrite.php(49): require_once('C:\\APK\\xampp-8.2\\htdocs\\SafeToTrip\\public\\index.php')
WARNING - 2024-06-02 21:26:50 --> [DEPRECATED] Creation of dynamic property App\Controllers\Home::$session is deprecated in APPPATH\Controllers\Home.php on line 9.
 1 APPPATH\Controllers\Wisata.php(14): App\Controllers\Home->__construct()
 2 SYSTEMPATH\CodeIgniter.php(903): App\Controllers\Wisata->__construct()
 3 SYSTEMPATH\CodeIgniter.php(500): CodeIgniter\CodeIgniter->createController()
 4 SYSTEMPATH\CodeIgniter.php(355): CodeIgniter\CodeIgniter->handleRequest(null, Object(Config\Cache), false)
 5 SYSTEMPATH\Boot.php(312): CodeIgniter\CodeIgniter->run()
 6 SYSTEMPATH\Boot.php(67): CodeIgniter\Boot::runCodeIgniter(Object(CodeIgniter\CodeIgniter))
 7 FCPATH\index.php(56): CodeIgniter\Boot::bootWeb(Object(Config\Paths))
 8 SYSTEMPATH\Commands\Server\rewrite.php(49): require_once('C:\\APK\\xampp-8.2\\htdocs\\SafeToTrip\\public\\index.php')
WARNING - 2024-06-02 21:26:50 --> [DEPRECATED] Creation of dynamic property App\Controllers\Wisata::$home is deprecated in APPPATH\Controllers\Wisata.php on line 14.
 1 SYSTEMPATH\CodeIgniter.php(903): App\Controllers\Wisata->__construct()
 2 SYSTEMPATH\CodeIgniter.php(500): CodeIgniter\CodeIgniter->createController()
 3 SYSTEMPATH\CodeIgniter.php(355): CodeIgniter\CodeIgniter->handleRequest(null, Object(Config\Cache), false)
 4 SYSTEMPATH\Boot.php(312): CodeIgniter\CodeIgniter->run()
 5 SYSTEMPATH\Boot.php(67): CodeIgniter\Boot::runCodeIgniter(Object(CodeIgniter\CodeIgniter))
 6 FCPATH\index.php(56): CodeIgniter\Boot::bootWeb(Object(Config\Paths))
 7 SYSTEMPATH\Commands\Server\rewrite.php(49): require_once('C:\\APK\\xampp-8.2\\htdocs\\SafeToTrip\\public\\index.php')
WARNING - 2024-06-02 21:26:50 --> [DEPRECATED] Creation of dynamic property App\Controllers\Wisata::$wisata is deprecated in APPPATH\Controllers\Wisata.php on line 15.
 1 SYSTEMPATH\CodeIgniter.php(903): App\Controllers\Wisata->__construct()
 2 SYSTEMPATH\CodeIgniter.php(500): CodeIgniter\CodeIgniter->createController()
 3 SYSTEMPATH\CodeIgniter.php(355): CodeIgniter\CodeIgniter->handleRequest(null, Object(Config\Cache), false)
 4 SYSTEMPATH\Boot.php(312): CodeIgniter\CodeIgniter->run()
 5 SYSTEMPATH\Boot.php(67): CodeIgniter\Boot::runCodeIgniter(Object(CodeIgniter\CodeIgniter))
 6 FCPATH\index.php(56): CodeIgniter\Boot::bootWeb(Object(Config\Paths))
 7 SYSTEMPATH\Commands\Server\rewrite.php(49): require_once('C:\\APK\\xampp-8.2\\htdocs\\SafeToTrip\\public\\index.php')
WARNING - 2024-06-02 21:26:50 --> [DEPRECATED] Creation of dynamic property App\Controllers\Wisata::$fasilitas is deprecated in APPPATH\Controllers\Wisata.php on line 16.
 1 SYSTEMPATH\CodeIgniter.php(903): App\Controllers\Wisata->__construct()
 2 SYSTEMPATH\CodeIgniter.php(500): CodeIgniter\CodeIgniter->createController()
 3 SYSTEMPATH\CodeIgniter.php(355): CodeIgniter\CodeIgniter->handleRequest(null, Object(Config\Cache), false)
 4 SYSTEMPATH\Boot.php(312): CodeIgniter\CodeIgniter->run()
 5 SYSTEMPATH\Boot.php(67): CodeIgniter\Boot::runCodeIgniter(Object(CodeIgniter\CodeIgniter))
 6 FCPATH\index.php(56): CodeIgniter\Boot::bootWeb(Object(Config\Paths))
 7 SYSTEMPATH\Commands\Server\rewrite.php(49): require_once('C:\\APK\\xampp-8.2\\htdocs\\SafeToTrip\\public\\index.php')
INFO - 2024-06-02 21:26:52 --> Session: Class initialized using 'CodeIgniter\Session\Handlers\FileHandler' driver.
WARNING - 2024-06-02 21:26:52 --> [DEPRECATED] Creation of dynamic property App\Controllers\Wisata::$session is deprecated in APPPATH\Controllers\Wisata.php on line 13.
 1 SYSTEMPATH\CodeIgniter.php(903): App\Controllers\Wisata->__construct()
 2 SYSTEMPATH\CodeIgniter.php(500): CodeIgniter\CodeIgniter->createController()
 3 SYSTEMPATH\CodeIgniter.php(355): CodeIgniter\CodeIgniter->handleRequest(null, Object(Config\Cache), false)
 4 SYSTEMPATH\Boot.php(312): CodeIgniter\CodeIgniter->run()
 5 SYSTEMPATH\Boot.php(67): CodeIgniter\Boot::runCodeIgniter(Object(CodeIgniter\CodeIgniter))
 6 FCPATH\index.php(56): CodeIgniter\Boot::bootWeb(Object(Config\Paths))
 7 SYSTEMPATH\Commands\Server\rewrite.php(49): require_once('C:\\APK\\xampp-8.2\\htdocs\\SafeToTrip\\public\\index.php')
WARNING - 2024-06-02 21:26:52 --> [DEPRECATED] Creation of dynamic property App\Controllers\Home::$session is deprecated in APPPATH\Controllers\Home.php on line 9.
 1 APPPATH\Controllers\Wisata.php(14): App\Controllers\Home->__construct()
 2 SYSTEMPATH\CodeIgniter.php(903): App\Controllers\Wisata->__construct()
 3 SYSTEMPATH\CodeIgniter.php(500): CodeIgniter\CodeIgniter->createController()
 4 SYSTEMPATH\CodeIgniter.php(355): CodeIgniter\CodeIgniter->handleRequest(null, Object(Config\Cache), false)
 5 SYSTEMPATH\Boot.php(312): CodeIgniter\CodeIgniter->run()
 6 SYSTEMPATH\Boot.php(67): CodeIgniter\Boot::runCodeIgniter(Object(CodeIgniter\CodeIgniter))
 7 FCPATH\index.php(56): CodeIgniter\Boot::bootWeb(Object(Config\Paths))
 8 SYSTEMPATH\Commands\Server\rewrite.php(49): require_once('C:\\APK\\xampp-8.2\\htdocs\\SafeToTrip\\public\\index.php')
WARNING - 2024-06-02 21:26:52 --> [DEPRECATED] Creation of dynamic property App\Controllers\Wisata::$home is deprecated in APPPATH\Controllers\Wisata.php on line 14.
 1 SYSTEMPATH\CodeIgniter.php(903): App\Controllers\Wisata->__construct()
 2 SYSTEMPATH\CodeIgniter.php(500): CodeIgniter\CodeIgniter->createController()
 3 SYSTEMPATH\CodeIgniter.php(355): CodeIgniter\CodeIgniter->handleRequest(null, Object(Config\Cache), false)
 4 SYSTEMPATH\Boot.php(312): CodeIgniter\CodeIgniter->run()
 5 SYSTEMPATH\Boot.php(67): CodeIgniter\Boot::runCodeIgniter(Object(CodeIgniter\CodeIgniter))
 6 FCPATH\index.php(56): CodeIgniter\Boot::bootWeb(Object(Config\Paths))
 7 SYSTEMPATH\Commands\Server\rewrite.php(49): require_once('C:\\APK\\xampp-8.2\\htdocs\\SafeToTrip\\public\\index.php')
WARNING - 2024-06-02 21:26:52 --> [DEPRECATED] Creation of dynamic property App\Controllers\Wisata::$wisata is deprecated in APPPATH\Controllers\Wisata.php on line 15.
 1 SYSTEMPATH\CodeIgniter.php(903): App\Controllers\Wisata->__construct()
 2 SYSTEMPATH\CodeIgniter.php(500): CodeIgniter\CodeIgniter->createController()
 3 SYSTEMPATH\CodeIgniter.php(355): CodeIgniter\CodeIgniter->handleRequest(null, Object(Config\Cache), false)
 4 SYSTEMPATH\Boot.php(312): CodeIgniter\CodeIgniter->run()
 5 SYSTEMPATH\Boot.php(67): CodeIgniter\Boot::runCodeIgniter(Object(CodeIgniter\CodeIgniter))
 6 FCPATH\index.php(56): CodeIgniter\Boot::bootWeb(Object(Config\Paths))
 7 SYSTEMPATH\Commands\Server\rewrite.php(49): require_once('C:\\APK\\xampp-8.2\\htdocs\\SafeToTrip\\public\\index.php')
WARNING - 2024-06-02 21:26:52 --> [DEPRECATED] Creation of dynamic property App\Controllers\Wisata::$fasilitas is deprecated in APPPATH\Controllers\Wisata.php on line 16.
 1 SYSTEMPATH\CodeIgniter.php(903): App\Controllers\Wisata->__construct()
 2 SYSTEMPATH\CodeIgniter.php(500): CodeIgniter\CodeIgniter->createController()
 3 SYSTEMPATH\CodeIgniter.php(355): CodeIgniter\CodeIgniter->handleRequest(null, Object(Config\Cache), false)
 4 SYSTEMPATH\Boot.php(312): CodeIgniter\CodeIgniter->run()
 5 SYSTEMPATH\Boot.php(67): CodeIgniter\Boot::runCodeIgniter(Object(CodeIgniter\CodeIgniter))
 6 FCPATH\index.php(56): CodeIgniter\Boot::bootWeb(Object(Config\Paths))
 7 SYSTEMPATH\Commands\Server\rewrite.php(49): require_once('C:\\APK\\xampp-8.2\\htdocs\\SafeToTrip\\public\\index.php')
INFO - 2024-06-02 21:26:56 --> Session: Class initialized using 'CodeIgniter\Session\Handlers\FileHandler' driver.
WARNING - 2024-06-02 21:26:56 --> [DEPRECATED] Creation of dynamic property App\Controllers\Wisata::$session is deprecated in APPPATH\Controllers\Wisata.php on line 13.
 1 SYSTEMPATH\CodeIgniter.php(903): App\Controllers\Wisata->__construct()
 2 SYSTEMPATH\CodeIgniter.php(500): CodeIgniter\CodeIgniter->createController()
 3 SYSTEMPATH\CodeIgniter.php(355): CodeIgniter\CodeIgniter->handleRequest(null, Object(Config\Cache), false)
 4 SYSTEMPATH\Boot.php(312): CodeIgniter\CodeIgniter->run()
 5 SYSTEMPATH\Boot.php(67): CodeIgniter\Boot::runCodeIgniter(Object(CodeIgniter\CodeIgniter))
 6 FCPATH\index.php(56): CodeIgniter\Boot::bootWeb(Object(Config\Paths))
 7 SYSTEMPATH\Commands\Server\rewrite.php(49): require_once('C:\\APK\\xampp-8.2\\htdocs\\SafeToTrip\\public\\index.php')
WARNING - 2024-06-02 21:26:56 --> [DEPRECATED] Creation of dynamic property App\Controllers\Home::$session is deprecated in APPPATH\Controllers\Home.php on line 9.
 1 APPPATH\Controllers\Wisata.php(14): App\Controllers\Home->__construct()
 2 SYSTEMPATH\CodeIgniter.php(903): App\Controllers\Wisata->__construct()
 3 SYSTEMPATH\CodeIgniter.php(500): CodeIgniter\CodeIgniter->createController()
 4 SYSTEMPATH\CodeIgniter.php(355): CodeIgniter\CodeIgniter->handleRequest(null, Object(Config\Cache), false)
 5 SYSTEMPATH\Boot.php(312): CodeIgniter\CodeIgniter->run()
 6 SYSTEMPATH\Boot.php(67): CodeIgniter\Boot::runCodeIgniter(Object(CodeIgniter\CodeIgniter))
 7 FCPATH\index.php(56): CodeIgniter\Boot::bootWeb(Object(Config\Paths))
 8 SYSTEMPATH\Commands\Server\rewrite.php(49): require_once('C:\\APK\\xampp-8.2\\htdocs\\SafeToTrip\\public\\index.php')
WARNING - 2024-06-02 21:26:56 --> [DEPRECATED] Creation of dynamic property App\Controllers\Wisata::$home is deprecated in APPPATH\Controllers\Wisata.php on line 14.
 1 SYSTEMPATH\CodeIgniter.php(903): App\Controllers\Wisata->__construct()
 2 SYSTEMPATH\CodeIgniter.php(500): CodeIgniter\CodeIgniter->createController()
 3 SYSTEMPATH\CodeIgniter.php(355): CodeIgniter\CodeIgniter->handleRequest(null, Object(Config\Cache), false)
 4 SYSTEMPATH\Boot.php(312): CodeIgniter\CodeIgniter->run()
 5 SYSTEMPATH\Boot.php(67): CodeIgniter\Boot::runCodeIgniter(Object(CodeIgniter\CodeIgniter))
 6 FCPATH\index.php(56): CodeIgniter\Boot::bootWeb(Object(Config\Paths))
 7 SYSTEMPATH\Commands\Server\rewrite.php(49): require_once('C:\\APK\\xampp-8.2\\htdocs\\SafeToTrip\\public\\index.php')
WARNING - 2024-06-02 21:26:56 --> [DEPRECATED] Creation of dynamic property App\Controllers\Wisata::$wisata is deprecated in APPPATH\Controllers\Wisata.php on line 15.
 1 SYSTEMPATH\CodeIgniter.php(903): App\Controllers\Wisata->__construct()
 2 SYSTEMPATH\CodeIgniter.php(500): CodeIgniter\CodeIgniter->createController()
 3 SYSTEMPATH\CodeIgniter.php(355): CodeIgniter\CodeIgniter->handleRequest(null, Object(Config\Cache), false)
 4 SYSTEMPATH\Boot.php(312): CodeIgniter\CodeIgniter->run()
 5 SYSTEMPATH\Boot.php(67): CodeIgniter\Boot::runCodeIgniter(Object(CodeIgniter\CodeIgniter))
 6 FCPATH\index.php(56): CodeIgniter\Boot::bootWeb(Object(Config\Paths))
 7 SYSTEMPATH\Commands\Server\rewrite.php(49): require_once('C:\\APK\\xampp-8.2\\htdocs\\SafeToTrip\\public\\index.php')
WARNING - 2024-06-02 21:26:56 --> [DEPRECATED] Creation of dynamic property App\Controllers\Wisata::$fasilitas is deprecated in APPPATH\Controllers\Wisata.php on line 16.
 1 SYSTEMPATH\CodeIgniter.php(903): App\Controllers\Wisata->__construct()
 2 SYSTEMPATH\CodeIgniter.php(500): CodeIgniter\CodeIgniter->createController()
 3 SYSTEMPATH\CodeIgniter.php(355): CodeIgniter\CodeIgniter->handleRequest(null, Object(Config\Cache), false)
 4 SYSTEMPATH\Boot.php(312): CodeIgniter\CodeIgniter->run()
 5 SYSTEMPATH\Boot.php(67): CodeIgniter\Boot::runCodeIgniter(Object(CodeIgniter\CodeIgniter))
 6 FCPATH\index.php(56): CodeIgniter\Boot::bootWeb(Object(Config\Paths))
 7 SYSTEMPATH\Commands\Server\rewrite.php(49): require_once('C:\\APK\\xampp-8.2\\htdocs\\SafeToTrip\\public\\index.php')
INFO - 2024-06-02 21:27:48 --> Session: Class initialized using 'CodeIgniter\Session\Handlers\FileHandler' driver.
WARNING - 2024-06-02 21:27:48 --> [DEPRECATED] Creation of dynamic property App\Controllers\Wisata::$session is deprecated in APPPATH\Controllers\Wisata.php on line 13.
 1 SYSTEMPATH\CodeIgniter.php(903): App\Controllers\Wisata->__construct()
 2 SYSTEMPATH\CodeIgniter.php(500): CodeIgniter\CodeIgniter->createController()
 3 SYSTEMPATH\CodeIgniter.php(355): CodeIgniter\CodeIgniter->handleRequest(null, Object(Config\Cache), false)
 4 SYSTEMPATH\Boot.php(312): CodeIgniter\CodeIgniter->run()
 5 SYSTEMPATH\Boot.php(67): CodeIgniter\Boot::runCodeIgniter(Object(CodeIgniter\CodeIgniter))
 6 FCPATH\index.php(56): CodeIgniter\Boot::bootWeb(Object(Config\Paths))
 7 SYSTEMPATH\Commands\Server\rewrite.php(49): require_once('C:\\APK\\xampp-8.2\\htdocs\\SafeToTrip\\public\\index.php')
WARNING - 2024-06-02 21:27:48 --> [DEPRECATED] Creation of dynamic property App\Controllers\Home::$session is deprecated in APPPATH\Controllers\Home.php on line 9.
 1 APPPATH\Controllers\Wisata.php(14): App\Controllers\Home->__construct()
 2 SYSTEMPATH\CodeIgniter.php(903): App\Controllers\Wisata->__construct()
 3 SYSTEMPATH\CodeIgniter.php(500): CodeIgniter\CodeIgniter->createController()
 4 SYSTEMPATH\CodeIgniter.php(355): CodeIgniter\CodeIgniter->handleRequest(null, Object(Config\Cache), false)
 5 SYSTEMPATH\Boot.php(312): CodeIgniter\CodeIgniter->run()
 6 SYSTEMPATH\Boot.php(67): CodeIgniter\Boot::runCodeIgniter(Object(CodeIgniter\CodeIgniter))
 7 FCPATH\index.php(56): CodeIgniter\Boot::bootWeb(Object(Config\Paths))
 8 SYSTEMPATH\Commands\Server\rewrite.php(49): require_once('C:\\APK\\xampp-8.2\\htdocs\\SafeToTrip\\public\\index.php')
WARNING - 2024-06-02 21:27:48 --> [DEPRECATED] Creation of dynamic property App\Controllers\Wisata::$home is deprecated in APPPATH\Controllers\Wisata.php on line 14.
 1 SYSTEMPATH\CodeIgniter.php(903): App\Controllers\Wisata->__construct()
 2 SYSTEMPATH\CodeIgniter.php(500): CodeIgniter\CodeIgniter->createController()
 3 SYSTEMPATH\CodeIgniter.php(355): CodeIgniter\CodeIgniter->handleRequest(null, Object(Config\Cache), false)
 4 SYSTEMPATH\Boot.php(312): CodeIgniter\CodeIgniter->run()
 5 SYSTEMPATH\Boot.php(67): CodeIgniter\Boot::runCodeIgniter(Object(CodeIgniter\CodeIgniter))
 6 FCPATH\index.php(56): CodeIgniter\Boot::bootWeb(Object(Config\Paths))
 7 SYSTEMPATH\Commands\Server\rewrite.php(49): require_once('C:\\APK\\xampp-8.2\\htdocs\\SafeToTrip\\public\\index.php')
WARNING - 2024-06-02 21:27:48 --> [DEPRECATED] Creation of dynamic property App\Controllers\Wisata::$wisata is deprecated in APPPATH\Controllers\Wisata.php on line 15.
 1 SYSTEMPATH\CodeIgniter.php(903): App\Controllers\Wisata->__construct()
 2 SYSTEMPATH\CodeIgniter.php(500): CodeIgniter\CodeIgniter->createController()
 3 SYSTEMPATH\CodeIgniter.php(355): CodeIgniter\CodeIgniter->handleRequest(null, Object(Config\Cache), false)
 4 SYSTEMPATH\Boot.php(312): CodeIgniter\CodeIgniter->run()
 5 SYSTEMPATH\Boot.php(67): CodeIgniter\Boot::runCodeIgniter(Object(CodeIgniter\CodeIgniter))
 6 FCPATH\index.php(56): CodeIgniter\Boot::bootWeb(Object(Config\Paths))
 7 SYSTEMPATH\Commands\Server\rewrite.php(49): require_once('C:\\APK\\xampp-8.2\\htdocs\\SafeToTrip\\public\\index.php')
WARNING - 2024-06-02 21:27:48 --> [DEPRECATED] Creation of dynamic property App\Controllers\Wisata::$fasilitas is deprecated in APPPATH\Controllers\Wisata.php on line 16.
 1 SYSTEMPATH\CodeIgniter.php(903): App\Controllers\Wisata->__construct()
 2 SYSTEMPATH\CodeIgniter.php(500): CodeIgniter\CodeIgniter->createController()
 3 SYSTEMPATH\CodeIgniter.php(355): CodeIgniter\CodeIgniter->handleRequest(null, Object(Config\Cache), false)
 4 SYSTEMPATH\Boot.php(312): CodeIgniter\CodeIgniter->run()
 5 SYSTEMPATH\Boot.php(67): CodeIgniter\Boot::runCodeIgniter(Object(CodeIgniter\CodeIgniter))
 6 FCPATH\index.php(56): CodeIgniter\Boot::bootWeb(Object(Config\Paths))
 7 SYSTEMPATH\Commands\Server\rewrite.php(49): require_once('C:\\APK\\xampp-8.2\\htdocs\\SafeToTrip\\public\\index.php')
INFO - 2024-06-02 21:36:46 --> Session: Class initialized using 'CodeIgniter\Session\Handlers\FileHandler' driver.
WARNING - 2024-06-02 21:36:46 --> [DEPRECATED] Creation of dynamic property App\Controllers\Wisata::$session is deprecated in APPPATH\Controllers\Wisata.php on line 13.
 1 SYSTEMPATH\CodeIgniter.php(903): App\Controllers\Wisata->__construct()
 2 SYSTEMPATH\CodeIgniter.php(500): CodeIgniter\CodeIgniter->createController()
 3 SYSTEMPATH\CodeIgniter.php(355): CodeIgniter\CodeIgniter->handleRequest(null, Object(Config\Cache), false)
 4 SYSTEMPATH\Boot.php(312): CodeIgniter\CodeIgniter->run()
 5 SYSTEMPATH\Boot.php(67): CodeIgniter\Boot::runCodeIgniter(Object(CodeIgniter\CodeIgniter))
 6 FCPATH\index.php(56): CodeIgniter\Boot::bootWeb(Object(Config\Paths))
 7 SYSTEMPATH\Commands\Server\rewrite.php(49): require_once('C:\\APK\\xampp-8.2\\htdocs\\SafeToTrip\\public\\index.php')
WARNING - 2024-06-02 21:36:46 --> [DEPRECATED] Creation of dynamic property App\Controllers\Home::$session is deprecated in APPPATH\Controllers\Home.php on line 9.
 1 APPPATH\Controllers\Wisata.php(14): App\Controllers\Home->__construct()
 2 SYSTEMPATH\CodeIgniter.php(903): App\Controllers\Wisata->__construct()
 3 SYSTEMPATH\CodeIgniter.php(500): CodeIgniter\CodeIgniter->createController()
 4 SYSTEMPATH\CodeIgniter.php(355): CodeIgniter\CodeIgniter->handleRequest(null, Object(Config\Cache), false)
 5 SYSTEMPATH\Boot.php(312): CodeIgniter\CodeIgniter->run()
 6 SYSTEMPATH\Boot.php(67): CodeIgniter\Boot::runCodeIgniter(Object(CodeIgniter\CodeIgniter))
 7 FCPATH\index.php(56): CodeIgniter\Boot::bootWeb(Object(Config\Paths))
 8 SYSTEMPATH\Commands\Server\rewrite.php(49): require_once('C:\\APK\\xampp-8.2\\htdocs\\SafeToTrip\\public\\index.php')
WARNING - 2024-06-02 21:36:46 --> [DEPRECATED] Creation of dynamic property App\Controllers\Wisata::$home is deprecated in APPPATH\Controllers\Wisata.php on line 14.
 1 SYSTEMPATH\CodeIgniter.php(903): App\Controllers\Wisata->__construct()
 2 SYSTEMPATH\CodeIgniter.php(500): CodeIgniter\CodeIgniter->createController()
 3 SYSTEMPATH\CodeIgniter.php(355): CodeIgniter\CodeIgniter->handleRequest(null, Object(Config\Cache), false)
 4 SYSTEMPATH\Boot.php(312): CodeIgniter\CodeIgniter->run()
 5 SYSTEMPATH\Boot.php(67): CodeIgniter\Boot::runCodeIgniter(Object(CodeIgniter\CodeIgniter))
 6 FCPATH\index.php(56): CodeIgniter\Boot::bootWeb(Object(Config\Paths))
 7 SYSTEMPATH\Commands\Server\rewrite.php(49): require_once('C:\\APK\\xampp-8.2\\htdocs\\SafeToTrip\\public\\index.php')
WARNING - 2024-06-02 21:36:46 --> [DEPRECATED] Creation of dynamic property App\Controllers\Wisata::$wisata is deprecated in APPPATH\Controllers\Wisata.php on line 15.
 1 SYSTEMPATH\CodeIgniter.php(903): App\Controllers\Wisata->__construct()
 2 SYSTEMPATH\CodeIgniter.php(500): CodeIgniter\CodeIgniter->createController()
 3 SYSTEMPATH\CodeIgniter.php(355): CodeIgniter\CodeIgniter->handleRequest(null, Object(Config\Cache), false)
 4 SYSTEMPATH\Boot.php(312): CodeIgniter\CodeIgniter->run()
 5 SYSTEMPATH\Boot.php(67): CodeIgniter\Boot::runCodeIgniter(Object(CodeIgniter\CodeIgniter))
 6 FCPATH\index.php(56): CodeIgniter\Boot::bootWeb(Object(Config\Paths))
 7 SYSTEMPATH\Commands\Server\rewrite.php(49): require_once('C:\\APK\\xampp-8.2\\htdocs\\SafeToTrip\\public\\index.php')
WARNING - 2024-06-02 21:36:46 --> [DEPRECATED] Creation of dynamic property App\Controllers\Wisata::$fasilitas is deprecated in APPPATH\Controllers\Wisata.php on line 16.
 1 SYSTEMPATH\CodeIgniter.php(903): App\Controllers\Wisata->__construct()
 2 SYSTEMPATH\CodeIgniter.php(500): CodeIgniter\CodeIgniter->createController()
 3 SYSTEMPATH\CodeIgniter.php(355): CodeIgniter\CodeIgniter->handleRequest(null, Object(Config\Cache), false)
 4 SYSTEMPATH\Boot.php(312): CodeIgniter\CodeIgniter->run()
 5 SYSTEMPATH\Boot.php(67): CodeIgniter\Boot::runCodeIgniter(Object(CodeIgniter\CodeIgniter))
 6 FCPATH\index.php(56): CodeIgniter\Boot::bootWeb(Object(Config\Paths))
 7 SYSTEMPATH\Commands\Server\rewrite.php(49): require_once('C:\\APK\\xampp-8.2\\htdocs\\SafeToTrip\\public\\index.php')
CRITICAL - 2024-06-02 21:36:46 --> ErrorException: Undefined property: App\Controllers\Wisata::$admin
[Method: GET, Route: wisata/create]
in APPPATH\Controllers\Wisata.php on line 38.
 1 APPPATH\Controllers\Wisata.php(38): CodeIgniter\Debug\Exceptions->errorHandler(2, 'Undefined property: App\\Controllers\\Wisata::$admin', 'C:\\APK\\xampp-8.2\\htdocs\\SafeToTrip\\app\\Controllers\\Wisata.php', 38)
 2 SYSTEMPATH\CodeIgniter.php(933): App\Controllers\Wisata->create()
 3 SYSTEMPATH\CodeIgniter.php(509): CodeIgniter\CodeIgniter->runController(Object(App\Controllers\Wisata))
 4 SYSTEMPATH\CodeIgniter.php(355): CodeIgniter\CodeIgniter->handleRequest(null, Object(Config\Cache), false)
 5 SYSTEMPATH\Boot.php(312): CodeIgniter\CodeIgniter->run()
 6 SYSTEMPATH\Boot.php(67): CodeIgniter\Boot::runCodeIgniter(Object(CodeIgniter\CodeIgniter))
 7 FCPATH\index.php(56): CodeIgniter\Boot::bootWeb(Object(Config\Paths))
 8 SYSTEMPATH\Commands\Server\rewrite.php(49): require_once('C:\\APK\\xampp-8.2\\htdocs\\SafeToTrip\\public\\index.php')
INFO - 2024-06-02 21:37:26 --> Session: Class initialized using 'CodeIgniter\Session\Handlers\FileHandler' driver.
WARNING - 2024-06-02 21:37:26 --> [DEPRECATED] Creation of dynamic property App\Controllers\Wisata::$session is deprecated in APPPATH\Controllers\Wisata.php on line 14.
 1 SYSTEMPATH\CodeIgniter.php(903): App\Controllers\Wisata->__construct()
 2 SYSTEMPATH\CodeIgniter.php(500): CodeIgniter\CodeIgniter->createController()
 3 SYSTEMPATH\CodeIgniter.php(355): CodeIgniter\CodeIgniter->handleRequest(null, Object(Config\Cache), false)
 4 SYSTEMPATH\Boot.php(312): CodeIgniter\CodeIgniter->run()
 5 SYSTEMPATH\Boot.php(67): CodeIgniter\Boot::runCodeIgniter(Object(CodeIgniter\CodeIgniter))
 6 FCPATH\index.php(56): CodeIgniter\Boot::bootWeb(Object(Config\Paths))
 7 SYSTEMPATH\Commands\Server\rewrite.php(49): require_once('C:\\APK\\xampp-8.2\\htdocs\\SafeToTrip\\public\\index.php')
WARNING - 2024-06-02 21:37:26 --> [DEPRECATED] Creation of dynamic property App\Controllers\Home::$session is deprecated in APPPATH\Controllers\Home.php on line 9.
 1 APPPATH\Controllers\Wisata.php(15): App\Controllers\Home->__construct()
 2 SYSTEMPATH\CodeIgniter.php(903): App\Controllers\Wisata->__construct()
 3 SYSTEMPATH\CodeIgniter.php(500): CodeIgniter\CodeIgniter->createController()
 4 SYSTEMPATH\CodeIgniter.php(355): CodeIgniter\CodeIgniter->handleRequest(null, Object(Config\Cache), false)
 5 SYSTEMPATH\Boot.php(312): CodeIgniter\CodeIgniter->run()
 6 SYSTEMPATH\Boot.php(67): CodeIgniter\Boot::runCodeIgniter(Object(CodeIgniter\CodeIgniter))
 7 FCPATH\index.php(56): CodeIgniter\Boot::bootWeb(Object(Config\Paths))
 8 SYSTEMPATH\Commands\Server\rewrite.php(49): require_once('C:\\APK\\xampp-8.2\\htdocs\\SafeToTrip\\public\\index.php')
WARNING - 2024-06-02 21:37:26 --> [DEPRECATED] Creation of dynamic property App\Controllers\Wisata::$home is deprecated in APPPATH\Controllers\Wisata.php on line 15.
 1 SYSTEMPATH\CodeIgniter.php(903): App\Controllers\Wisata->__construct()
 2 SYSTEMPATH\CodeIgniter.php(500): CodeIgniter\CodeIgniter->createController()
 3 SYSTEMPATH\CodeIgniter.php(355): CodeIgniter\CodeIgniter->handleRequest(null, Object(Config\Cache), false)
 4 SYSTEMPATH\Boot.php(312): CodeIgniter\CodeIgniter->run()
 5 SYSTEMPATH\Boot.php(67): CodeIgniter\Boot::runCodeIgniter(Object(CodeIgniter\CodeIgniter))
 6 FCPATH\index.php(56): CodeIgniter\Boot::bootWeb(Object(Config\Paths))
 7 SYSTEMPATH\Commands\Server\rewrite.php(49): require_once('C:\\APK\\xampp-8.2\\htdocs\\SafeToTrip\\public\\index.php')
WARNING - 2024-06-02 21:37:26 --> [DEPRECATED] Creation of dynamic property App\Controllers\Wisata::$admin is deprecated in APPPATH\Controllers\Wisata.php on line 16.
 1 SYSTEMPATH\CodeIgniter.php(903): App\Controllers\Wisata->__construct()
 2 SYSTEMPATH\CodeIgniter.php(500): CodeIgniter\CodeIgniter->createController()
 3 SYSTEMPATH\CodeIgniter.php(355): CodeIgniter\CodeIgniter->handleRequest(null, Object(Config\Cache), false)
 4 SYSTEMPATH\Boot.php(312): CodeIgniter\CodeIgniter->run()
 5 SYSTEMPATH\Boot.php(67): CodeIgniter\Boot::runCodeIgniter(Object(CodeIgniter\CodeIgniter))
 6 FCPATH\index.php(56): CodeIgniter\Boot::bootWeb(Object(Config\Paths))
 7 SYSTEMPATH\Commands\Server\rewrite.php(49): require_once('C:\\APK\\xampp-8.2\\htdocs\\SafeToTrip\\public\\index.php')
WARNING - 2024-06-02 21:37:26 --> [DEPRECATED] Creation of dynamic property App\Controllers\Wisata::$wisata is deprecated in APPPATH\Controllers\Wisata.php on line 17.
 1 SYSTEMPATH\CodeIgniter.php(903): App\Controllers\Wisata->__construct()
 2 SYSTEMPATH\CodeIgniter.php(500): CodeIgniter\CodeIgniter->createController()
 3 SYSTEMPATH\CodeIgniter.php(355): CodeIgniter\CodeIgniter->handleRequest(null, Object(Config\Cache), false)
 4 SYSTEMPATH\Boot.php(312): CodeIgniter\CodeIgniter->run()
 5 SYSTEMPATH\Boot.php(67): CodeIgniter\Boot::runCodeIgniter(Object(CodeIgniter\CodeIgniter))
 6 FCPATH\index.php(56): CodeIgniter\Boot::bootWeb(Object(Config\Paths))
 7 SYSTEMPATH\Commands\Server\rewrite.php(49): require_once('C:\\APK\\xampp-8.2\\htdocs\\SafeToTrip\\public\\index.php')
WARNING - 2024-06-02 21:37:26 --> [DEPRECATED] Creation of dynamic property App\Controllers\Wisata::$fasilitas is deprecated in APPPATH\Controllers\Wisata.php on line 18.
 1 SYSTEMPATH\CodeIgniter.php(903): App\Controllers\Wisata->__construct()
 2 SYSTEMPATH\CodeIgniter.php(500): CodeIgniter\CodeIgniter->createController()
 3 SYSTEMPATH\CodeIgniter.php(355): CodeIgniter\CodeIgniter->handleRequest(null, Object(Config\Cache), false)
 4 SYSTEMPATH\Boot.php(312): CodeIgniter\CodeIgniter->run()
 5 SYSTEMPATH\Boot.php(67): CodeIgniter\Boot::runCodeIgniter(Object(CodeIgniter\CodeIgniter))
 6 FCPATH\index.php(56): CodeIgniter\Boot::bootWeb(Object(Config\Paths))
 7 SYSTEMPATH\Commands\Server\rewrite.php(49): require_once('C:\\APK\\xampp-8.2\\htdocs\\SafeToTrip\\public\\index.php')
INFO - 2024-06-02 21:37:56 --> Session: Class initialized using 'CodeIgniter\Session\Handlers\FileHandler' driver.
WARNING - 2024-06-02 21:37:56 --> [DEPRECATED] Creation of dynamic property App\Controllers\Wisata::$session is deprecated in APPPATH\Controllers\Wisata.php on line 14.
 1 SYSTEMPATH\CodeIgniter.php(903): App\Controllers\Wisata->__construct()
 2 SYSTEMPATH\CodeIgniter.php(500): CodeIgniter\CodeIgniter->createController()
 3 SYSTEMPATH\CodeIgniter.php(355): CodeIgniter\CodeIgniter->handleRequest(null, Object(Config\Cache), false)
 4 SYSTEMPATH\Boot.php(312): CodeIgniter\CodeIgniter->run()
 5 SYSTEMPATH\Boot.php(67): CodeIgniter\Boot::runCodeIgniter(Object(CodeIgniter\CodeIgniter))
 6 FCPATH\index.php(56): CodeIgniter\Boot::bootWeb(Object(Config\Paths))
 7 SYSTEMPATH\Commands\Server\rewrite.php(49): require_once('C:\\APK\\xampp-8.2\\htdocs\\SafeToTrip\\public\\index.php')
WARNING - 2024-06-02 21:37:56 --> [DEPRECATED] Creation of dynamic property App\Controllers\Home::$session is deprecated in APPPATH\Controllers\Home.php on line 9.
 1 APPPATH\Controllers\Wisata.php(15): App\Controllers\Home->__construct()
 2 SYSTEMPATH\CodeIgniter.php(903): App\Controllers\Wisata->__construct()
 3 SYSTEMPATH\CodeIgniter.php(500): CodeIgniter\CodeIgniter->createController()
 4 SYSTEMPATH\CodeIgniter.php(355): CodeIgniter\CodeIgniter->handleRequest(null, Object(Config\Cache), false)
 5 SYSTEMPATH\Boot.php(312): CodeIgniter\CodeIgniter->run()
 6 SYSTEMPATH\Boot.php(67): CodeIgniter\Boot::runCodeIgniter(Object(CodeIgniter\CodeIgniter))
 7 FCPATH\index.php(56): CodeIgniter\Boot::bootWeb(Object(Config\Paths))
 8 SYSTEMPATH\Commands\Server\rewrite.php(49): require_once('C:\\APK\\xampp-8.2\\htdocs\\SafeToTrip\\public\\index.php')
WARNING - 2024-06-02 21:37:56 --> [DEPRECATED] Creation of dynamic property App\Controllers\Wisata::$home is deprecated in APPPATH\Controllers\Wisata.php on line 15.
 1 SYSTEMPATH\CodeIgniter.php(903): App\Controllers\Wisata->__construct()
 2 SYSTEMPATH\CodeIgniter.php(500): CodeIgniter\CodeIgniter->createController()
 3 SYSTEMPATH\CodeIgniter.php(355): CodeIgniter\CodeIgniter->handleRequest(null, Object(Config\Cache), false)
 4 SYSTEMPATH\Boot.php(312): CodeIgniter\CodeIgniter->run()
 5 SYSTEMPATH\Boot.php(67): CodeIgniter\Boot::runCodeIgniter(Object(CodeIgniter\CodeIgniter))
 6 FCPATH\index.php(56): CodeIgniter\Boot::bootWeb(Object(Config\Paths))
 7 SYSTEMPATH\Commands\Server\rewrite.php(49): require_once('C:\\APK\\xampp-8.2\\htdocs\\SafeToTrip\\public\\index.php')
WARNING - 2024-06-02 21:37:56 --> [DEPRECATED] Creation of dynamic property App\Controllers\Wisata::$admin is deprecated in APPPATH\Controllers\Wisata.php on line 16.
 1 SYSTEMPATH\CodeIgniter.php(903): App\Controllers\Wisata->__construct()
 2 SYSTEMPATH\CodeIgniter.php(500): CodeIgniter\CodeIgniter->createController()
 3 SYSTEMPATH\CodeIgniter.php(355): CodeIgniter\CodeIgniter->handleRequest(null, Object(Config\Cache), false)
 4 SYSTEMPATH\Boot.php(312): CodeIgniter\CodeIgniter->run()
 5 SYSTEMPATH\Boot.php(67): CodeIgniter\Boot::runCodeIgniter(Object(CodeIgniter\CodeIgniter))
 6 FCPATH\index.php(56): CodeIgniter\Boot::bootWeb(Object(Config\Paths))
 7 SYSTEMPATH\Commands\Server\rewrite.php(49): require_once('C:\\APK\\xampp-8.2\\htdocs\\SafeToTrip\\public\\index.php')
WARNING - 2024-06-02 21:37:56 --> [DEPRECATED] Creation of dynamic property App\Controllers\Wisata::$wisata is deprecated in APPPATH\Controllers\Wisata.php on line 17.
 1 SYSTEMPATH\CodeIgniter.php(903): App\Controllers\Wisata->__construct()
 2 SYSTEMPATH\CodeIgniter.php(500): CodeIgniter\CodeIgniter->createController()
 3 SYSTEMPATH\CodeIgniter.php(355): CodeIgniter\CodeIgniter->handleRequest(null, Object(Config\Cache), false)
 4 SYSTEMPATH\Boot.php(312): CodeIgniter\CodeIgniter->run()
 5 SYSTEMPATH\Boot.php(67): CodeIgniter\Boot::runCodeIgniter(Object(CodeIgniter\CodeIgniter))
 6 FCPATH\index.php(56): CodeIgniter\Boot::bootWeb(Object(Config\Paths))
 7 SYSTEMPATH\Commands\Server\rewrite.php(49): require_once('C:\\APK\\xampp-8.2\\htdocs\\SafeToTrip\\public\\index.php')
WARNING - 2024-06-02 21:37:56 --> [DEPRECATED] Creation of dynamic property App\Controllers\Wisata::$fasilitas is deprecated in APPPATH\Controllers\Wisata.php on line 18.
 1 SYSTEMPATH\CodeIgniter.php(903): App\Controllers\Wisata->__construct()
 2 SYSTEMPATH\CodeIgniter.php(500): CodeIgniter\CodeIgniter->createController()
 3 SYSTEMPATH\CodeIgniter.php(355): CodeIgniter\CodeIgniter->handleRequest(null, Object(Config\Cache), false)
 4 SYSTEMPATH\Boot.php(312): CodeIgniter\CodeIgniter->run()
 5 SYSTEMPATH\Boot.php(67): CodeIgniter\Boot::runCodeIgniter(Object(CodeIgniter\CodeIgniter))
 6 FCPATH\index.php(56): CodeIgniter\Boot::bootWeb(Object(Config\Paths))
 7 SYSTEMPATH\Commands\Server\rewrite.php(49): require_once('C:\\APK\\xampp-8.2\\htdocs\\SafeToTrip\\public\\index.php')
INFO - 2024-06-02 21:38:36 --> Session: Class initialized using 'CodeIgniter\Session\Handlers\FileHandler' driver.
WARNING - 2024-06-02 21:38:36 --> [DEPRECATED] Creation of dynamic property App\Controllers\Wisata::$session is deprecated in APPPATH\Controllers\Wisata.php on line 14.
 1 SYSTEMPATH\CodeIgniter.php(903): App\Controllers\Wisata->__construct()
 2 SYSTEMPATH\CodeIgniter.php(500): CodeIgniter\CodeIgniter->createController()
 3 SYSTEMPATH\CodeIgniter.php(355): CodeIgniter\CodeIgniter->handleRequest(null, Object(Config\Cache), false)
 4 SYSTEMPATH\Boot.php(312): CodeIgniter\CodeIgniter->run()
 5 SYSTEMPATH\Boot.php(67): CodeIgniter\Boot::runCodeIgniter(Object(CodeIgniter\CodeIgniter))
 6 FCPATH\index.php(56): CodeIgniter\Boot::bootWeb(Object(Config\Paths))
 7 SYSTEMPATH\Commands\Server\rewrite.php(49): require_once('C:\\APK\\xampp-8.2\\htdocs\\SafeToTrip\\public\\index.php')
WARNING - 2024-06-02 21:38:36 --> [DEPRECATED] Creation of dynamic property App\Controllers\Home::$session is deprecated in APPPATH\Controllers\Home.php on line 9.
 1 APPPATH\Controllers\Wisata.php(15): App\Controllers\Home->__construct()
 2 SYSTEMPATH\CodeIgniter.php(903): App\Controllers\Wisata->__construct()
 3 SYSTEMPATH\CodeIgniter.php(500): CodeIgniter\CodeIgniter->createController()
 4 SYSTEMPATH\CodeIgniter.php(355): CodeIgniter\CodeIgniter->handleRequest(null, Object(Config\Cache), false)
 5 SYSTEMPATH\Boot.php(312): CodeIgniter\CodeIgniter->run()
 6 SYSTEMPATH\Boot.php(67): CodeIgniter\Boot::runCodeIgniter(Object(CodeIgniter\CodeIgniter))
 7 FCPATH\index.php(56): CodeIgniter\Boot::bootWeb(Object(Config\Paths))
 8 SYSTEMPATH\Commands\Server\rewrite.php(49): require_once('C:\\APK\\xampp-8.2\\htdocs\\SafeToTrip\\public\\index.php')
WARNING - 2024-06-02 21:38:36 --> [DEPRECATED] Creation of dynamic property App\Controllers\Wisata::$home is deprecated in APPPATH\Controllers\Wisata.php on line 15.
 1 SYSTEMPATH\CodeIgniter.php(903): App\Controllers\Wisata->__construct()
 2 SYSTEMPATH\CodeIgniter.php(500): CodeIgniter\CodeIgniter->createController()
 3 SYSTEMPATH\CodeIgniter.php(355): CodeIgniter\CodeIgniter->handleRequest(null, Object(Config\Cache), false)
 4 SYSTEMPATH\Boot.php(312): CodeIgniter\CodeIgniter->run()
 5 SYSTEMPATH\Boot.php(67): CodeIgniter\Boot::runCodeIgniter(Object(CodeIgniter\CodeIgniter))
 6 FCPATH\index.php(56): CodeIgniter\Boot::bootWeb(Object(Config\Paths))
 7 SYSTEMPATH\Commands\Server\rewrite.php(49): require_once('C:\\APK\\xampp-8.2\\htdocs\\SafeToTrip\\public\\index.php')
WARNING - 2024-06-02 21:38:36 --> [DEPRECATED] Creation of dynamic property App\Controllers\Wisata::$admin is deprecated in APPPATH\Controllers\Wisata.php on line 16.
 1 SYSTEMPATH\CodeIgniter.php(903): App\Controllers\Wisata->__construct()
 2 SYSTEMPATH\CodeIgniter.php(500): CodeIgniter\CodeIgniter->createController()
 3 SYSTEMPATH\CodeIgniter.php(355): CodeIgniter\CodeIgniter->handleRequest(null, Object(Config\Cache), false)
 4 SYSTEMPATH\Boot.php(312): CodeIgniter\CodeIgniter->run()
 5 SYSTEMPATH\Boot.php(67): CodeIgniter\Boot::runCodeIgniter(Object(CodeIgniter\CodeIgniter))
 6 FCPATH\index.php(56): CodeIgniter\Boot::bootWeb(Object(Config\Paths))
 7 SYSTEMPATH\Commands\Server\rewrite.php(49): require_once('C:\\APK\\xampp-8.2\\htdocs\\SafeToTrip\\public\\index.php')
WARNING - 2024-06-02 21:38:36 --> [DEPRECATED] Creation of dynamic property App\Controllers\Wisata::$wisata is deprecated in APPPATH\Controllers\Wisata.php on line 17.
 1 SYSTEMPATH\CodeIgniter.php(903): App\Controllers\Wisata->__construct()
 2 SYSTEMPATH\CodeIgniter.php(500): CodeIgniter\CodeIgniter->createController()
 3 SYSTEMPATH\CodeIgniter.php(355): CodeIgniter\CodeIgniter->handleRequest(null, Object(Config\Cache), false)
 4 SYSTEMPATH\Boot.php(312): CodeIgniter\CodeIgniter->run()
 5 SYSTEMPATH\Boot.php(67): CodeIgniter\Boot::runCodeIgniter(Object(CodeIgniter\CodeIgniter))
 6 FCPATH\index.php(56): CodeIgniter\Boot::bootWeb(Object(Config\Paths))
 7 SYSTEMPATH\Commands\Server\rewrite.php(49): require_once('C:\\APK\\xampp-8.2\\htdocs\\SafeToTrip\\public\\index.php')
WARNING - 2024-06-02 21:38:36 --> [DEPRECATED] Creation of dynamic property App\Controllers\Wisata::$fasilitas is deprecated in APPPATH\Controllers\Wisata.php on line 18.
 1 SYSTEMPATH\CodeIgniter.php(903): App\Controllers\Wisata->__construct()
 2 SYSTEMPATH\CodeIgniter.php(500): CodeIgniter\CodeIgniter->createController()
 3 SYSTEMPATH\CodeIgniter.php(355): CodeIgniter\CodeIgniter->handleRequest(null, Object(Config\Cache), false)
 4 SYSTEMPATH\Boot.php(312): CodeIgniter\CodeIgniter->run()
 5 SYSTEMPATH\Boot.php(67): CodeIgniter\Boot::runCodeIgniter(Object(CodeIgniter\CodeIgniter))
 6 FCPATH\index.php(56): CodeIgniter\Boot::bootWeb(Object(Config\Paths))
 7 SYSTEMPATH\Commands\Server\rewrite.php(49): require_once('C:\\APK\\xampp-8.2\\htdocs\\SafeToTrip\\public\\index.php')
INFO - 2024-06-02 21:38:40 --> Session: Class initialized using 'CodeIgniter\Session\Handlers\FileHandler' driver.
WARNING - 2024-06-02 21:38:40 --> [DEPRECATED] Creation of dynamic property App\Controllers\Wisata::$session is deprecated in APPPATH\Controllers\Wisata.php on line 14.
 1 SYSTEMPATH\CodeIgniter.php(903): App\Controllers\Wisata->__construct()
 2 SYSTEMPATH\CodeIgniter.php(500): CodeIgniter\CodeIgniter->createController()
 3 SYSTEMPATH\CodeIgniter.php(355): CodeIgniter\CodeIgniter->handleRequest(null, Object(Config\Cache), false)
 4 SYSTEMPATH\Boot.php(312): CodeIgniter\CodeIgniter->run()
 5 SYSTEMPATH\Boot.php(67): CodeIgniter\Boot::runCodeIgniter(Object(CodeIgniter\CodeIgniter))
 6 FCPATH\index.php(56): CodeIgniter\Boot::bootWeb(Object(Config\Paths))
 7 SYSTEMPATH\Commands\Server\rewrite.php(49): require_once('C:\\APK\\xampp-8.2\\htdocs\\SafeToTrip\\public\\index.php')
WARNING - 2024-06-02 21:38:40 --> [DEPRECATED] Creation of dynamic property App\Controllers\Home::$session is deprecated in APPPATH\Controllers\Home.php on line 9.
 1 APPPATH\Controllers\Wisata.php(15): App\Controllers\Home->__construct()
 2 SYSTEMPATH\CodeIgniter.php(903): App\Controllers\Wisata->__construct()
 3 SYSTEMPATH\CodeIgniter.php(500): CodeIgniter\CodeIgniter->createController()
 4 SYSTEMPATH\CodeIgniter.php(355): CodeIgniter\CodeIgniter->handleRequest(null, Object(Config\Cache), false)
 5 SYSTEMPATH\Boot.php(312): CodeIgniter\CodeIgniter->run()
 6 SYSTEMPATH\Boot.php(67): CodeIgniter\Boot::runCodeIgniter(Object(CodeIgniter\CodeIgniter))
 7 FCPATH\index.php(56): CodeIgniter\Boot::bootWeb(Object(Config\Paths))
 8 SYSTEMPATH\Commands\Server\rewrite.php(49): require_once('C:\\APK\\xampp-8.2\\htdocs\\SafeToTrip\\public\\index.php')
WARNING - 2024-06-02 21:38:40 --> [DEPRECATED] Creation of dynamic property App\Controllers\Wisata::$home is deprecated in APPPATH\Controllers\Wisata.php on line 15.
 1 SYSTEMPATH\CodeIgniter.php(903): App\Controllers\Wisata->__construct()
 2 SYSTEMPATH\CodeIgniter.php(500): CodeIgniter\CodeIgniter->createController()
 3 SYSTEMPATH\CodeIgniter.php(355): CodeIgniter\CodeIgniter->handleRequest(null, Object(Config\Cache), false)
 4 SYSTEMPATH\Boot.php(312): CodeIgniter\CodeIgniter->run()
 5 SYSTEMPATH\Boot.php(67): CodeIgniter\Boot::runCodeIgniter(Object(CodeIgniter\CodeIgniter))
 6 FCPATH\index.php(56): CodeIgniter\Boot::bootWeb(Object(Config\Paths))
 7 SYSTEMPATH\Commands\Server\rewrite.php(49): require_once('C:\\APK\\xampp-8.2\\htdocs\\SafeToTrip\\public\\index.php')
WARNING - 2024-06-02 21:38:40 --> [DEPRECATED] Creation of dynamic property App\Controllers\Wisata::$admin is deprecated in APPPATH\Controllers\Wisata.php on line 16.
 1 SYSTEMPATH\CodeIgniter.php(903): App\Controllers\Wisata->__construct()
 2 SYSTEMPATH\CodeIgniter.php(500): CodeIgniter\CodeIgniter->createController()
 3 SYSTEMPATH\CodeIgniter.php(355): CodeIgniter\CodeIgniter->handleRequest(null, Object(Config\Cache), false)
 4 SYSTEMPATH\Boot.php(312): CodeIgniter\CodeIgniter->run()
 5 SYSTEMPATH\Boot.php(67): CodeIgniter\Boot::runCodeIgniter(Object(CodeIgniter\CodeIgniter))
 6 FCPATH\index.php(56): CodeIgniter\Boot::bootWeb(Object(Config\Paths))
 7 SYSTEMPATH\Commands\Server\rewrite.php(49): require_once('C:\\APK\\xampp-8.2\\htdocs\\SafeToTrip\\public\\index.php')
WARNING - 2024-06-02 21:38:40 --> [DEPRECATED] Creation of dynamic property App\Controllers\Wisata::$wisata is deprecated in APPPATH\Controllers\Wisata.php on line 17.
 1 SYSTEMPATH\CodeIgniter.php(903): App\Controllers\Wisata->__construct()
 2 SYSTEMPATH\CodeIgniter.php(500): CodeIgniter\CodeIgniter->createController()
 3 SYSTEMPATH\CodeIgniter.php(355): CodeIgniter\CodeIgniter->handleRequest(null, Object(Config\Cache), false)
 4 SYSTEMPATH\Boot.php(312): CodeIgniter\CodeIgniter->run()
 5 SYSTEMPATH\Boot.php(67): CodeIgniter\Boot::runCodeIgniter(Object(CodeIgniter\CodeIgniter))
 6 FCPATH\index.php(56): CodeIgniter\Boot::bootWeb(Object(Config\Paths))
 7 SYSTEMPATH\Commands\Server\rewrite.php(49): require_once('C:\\APK\\xampp-8.2\\htdocs\\SafeToTrip\\public\\index.php')
WARNING - 2024-06-02 21:38:40 --> [DEPRECATED] Creation of dynamic property App\Controllers\Wisata::$fasilitas is deprecated in APPPATH\Controllers\Wisata.php on line 18.
 1 SYSTEMPATH\CodeIgniter.php(903): App\Controllers\Wisata->__construct()
 2 SYSTEMPATH\CodeIgniter.php(500): CodeIgniter\CodeIgniter->createController()
 3 SYSTEMPATH\CodeIgniter.php(355): CodeIgniter\CodeIgniter->handleRequest(null, Object(Config\Cache), false)
 4 SYSTEMPATH\Boot.php(312): CodeIgniter\CodeIgniter->run()
 5 SYSTEMPATH\Boot.php(67): CodeIgniter\Boot::runCodeIgniter(Object(CodeIgniter\CodeIgniter))
 6 FCPATH\index.php(56): CodeIgniter\Boot::bootWeb(Object(Config\Paths))
 7 SYSTEMPATH\Commands\Server\rewrite.php(49): require_once('C:\\APK\\xampp-8.2\\htdocs\\SafeToTrip\\public\\index.php')
INFO - 2024-06-02 21:39:39 --> Session: Class initialized using 'CodeIgniter\Session\Handlers\FileHandler' driver.
WARNING - 2024-06-02 21:39:39 --> [DEPRECATED] Creation of dynamic property App\Controllers\Wisata::$session is deprecated in APPPATH\Controllers\Wisata.php on line 14.
 1 SYSTEMPATH\CodeIgniter.php(903): App\Controllers\Wisata->__construct()
 2 SYSTEMPATH\CodeIgniter.php(500): CodeIgniter\CodeIgniter->createController()
 3 SYSTEMPATH\CodeIgniter.php(355): CodeIgniter\CodeIgniter->handleRequest(null, Object(Config\Cache), false)
 4 SYSTEMPATH\Boot.php(312): CodeIgniter\CodeIgniter->run()
 5 SYSTEMPATH\Boot.php(67): CodeIgniter\Boot::runCodeIgniter(Object(CodeIgniter\CodeIgniter))
 6 FCPATH\index.php(56): CodeIgniter\Boot::bootWeb(Object(Config\Paths))
 7 SYSTEMPATH\Commands\Server\rewrite.php(49): require_once('C:\\APK\\xampp-8.2\\htdocs\\SafeToTrip\\public\\index.php')
WARNING - 2024-06-02 21:39:39 --> [DEPRECATED] Creation of dynamic property App\Controllers\Home::$session is deprecated in APPPATH\Controllers\Home.php on line 9.
 1 APPPATH\Controllers\Wisata.php(15): App\Controllers\Home->__construct()
 2 SYSTEMPATH\CodeIgniter.php(903): App\Controllers\Wisata->__construct()
 3 SYSTEMPATH\CodeIgniter.php(500): CodeIgniter\CodeIgniter->createController()
 4 SYSTEMPATH\CodeIgniter.php(355): CodeIgniter\CodeIgniter->handleRequest(null, Object(Config\Cache), false)
 5 SYSTEMPATH\Boot.php(312): CodeIgniter\CodeIgniter->run()
 6 SYSTEMPATH\Boot.php(67): CodeIgniter\Boot::runCodeIgniter(Object(CodeIgniter\CodeIgniter))
 7 FCPATH\index.php(56): CodeIgniter\Boot::bootWeb(Object(Config\Paths))
 8 SYSTEMPATH\Commands\Server\rewrite.php(49): require_once('C:\\APK\\xampp-8.2\\htdocs\\SafeToTrip\\public\\index.php')
WARNING - 2024-06-02 21:39:39 --> [DEPRECATED] Creation of dynamic property App\Controllers\Wisata::$home is deprecated in APPPATH\Controllers\Wisata.php on line 15.
 1 SYSTEMPATH\CodeIgniter.php(903): App\Controllers\Wisata->__construct()
 2 SYSTEMPATH\CodeIgniter.php(500): CodeIgniter\CodeIgniter->createController()
 3 SYSTEMPATH\CodeIgniter.php(355): CodeIgniter\CodeIgniter->handleRequest(null, Object(Config\Cache), false)
 4 SYSTEMPATH\Boot.php(312): CodeIgniter\CodeIgniter->run()
 5 SYSTEMPATH\Boot.php(67): CodeIgniter\Boot::runCodeIgniter(Object(CodeIgniter\CodeIgniter))
 6 FCPATH\index.php(56): CodeIgniter\Boot::bootWeb(Object(Config\Paths))
 7 SYSTEMPATH\Commands\Server\rewrite.php(49): require_once('C:\\APK\\xampp-8.2\\htdocs\\SafeToTrip\\public\\index.php')
WARNING - 2024-06-02 21:39:39 --> [DEPRECATED] Creation of dynamic property App\Controllers\Wisata::$admin is deprecated in APPPATH\Controllers\Wisata.php on line 16.
 1 SYSTEMPATH\CodeIgniter.php(903): App\Controllers\Wisata->__construct()
 2 SYSTEMPATH\CodeIgniter.php(500): CodeIgniter\CodeIgniter->createController()
 3 SYSTEMPATH\CodeIgniter.php(355): CodeIgniter\CodeIgniter->handleRequest(null, Object(Config\Cache), false)
 4 SYSTEMPATH\Boot.php(312): CodeIgniter\CodeIgniter->run()
 5 SYSTEMPATH\Boot.php(67): CodeIgniter\Boot::runCodeIgniter(Object(CodeIgniter\CodeIgniter))
 6 FCPATH\index.php(56): CodeIgniter\Boot::bootWeb(Object(Config\Paths))
 7 SYSTEMPATH\Commands\Server\rewrite.php(49): require_once('C:\\APK\\xampp-8.2\\htdocs\\SafeToTrip\\public\\index.php')
WARNING - 2024-06-02 21:39:39 --> [DEPRECATED] Creation of dynamic property App\Controllers\Wisata::$wisata is deprecated in APPPATH\Controllers\Wisata.php on line 17.
 1 SYSTEMPATH\CodeIgniter.php(903): App\Controllers\Wisata->__construct()
 2 SYSTEMPATH\CodeIgniter.php(500): CodeIgniter\CodeIgniter->createController()
 3 SYSTEMPATH\CodeIgniter.php(355): CodeIgniter\CodeIgniter->handleRequest(null, Object(Config\Cache), false)
 4 SYSTEMPATH\Boot.php(312): CodeIgniter\CodeIgniter->run()
 5 SYSTEMPATH\Boot.php(67): CodeIgniter\Boot::runCodeIgniter(Object(CodeIgniter\CodeIgniter))
 6 FCPATH\index.php(56): CodeIgniter\Boot::bootWeb(Object(Config\Paths))
 7 SYSTEMPATH\Commands\Server\rewrite.php(49): require_once('C:\\APK\\xampp-8.2\\htdocs\\SafeToTrip\\public\\index.php')
WARNING - 2024-06-02 21:39:39 --> [DEPRECATED] Creation of dynamic property App\Controllers\Wisata::$fasilitas is deprecated in APPPATH\Controllers\Wisata.php on line 18.
 1 SYSTEMPATH\CodeIgniter.php(903): App\Controllers\Wisata->__construct()
 2 SYSTEMPATH\CodeIgniter.php(500): CodeIgniter\CodeIgniter->createController()
 3 SYSTEMPATH\CodeIgniter.php(355): CodeIgniter\CodeIgniter->handleRequest(null, Object(Config\Cache), false)
 4 SYSTEMPATH\Boot.php(312): CodeIgniter\CodeIgniter->run()
 5 SYSTEMPATH\Boot.php(67): CodeIgniter\Boot::runCodeIgniter(Object(CodeIgniter\CodeIgniter))
 6 FCPATH\index.php(56): CodeIgniter\Boot::bootWeb(Object(Config\Paths))
 7 SYSTEMPATH\Commands\Server\rewrite.php(49): require_once('C:\\APK\\xampp-8.2\\htdocs\\SafeToTrip\\public\\index.php')
INFO - 2024-06-02 21:40:16 --> Session: Class initialized using 'CodeIgniter\Session\Handlers\FileHandler' driver.
WARNING - 2024-06-02 21:40:16 --> [DEPRECATED] Creation of dynamic property App\Controllers\Wisata::$session is deprecated in APPPATH\Controllers\Wisata.php on line 14.
 1 SYSTEMPATH\CodeIgniter.php(903): App\Controllers\Wisata->__construct()
 2 SYSTEMPATH\CodeIgniter.php(500): CodeIgniter\CodeIgniter->createController()
 3 SYSTEMPATH\CodeIgniter.php(355): CodeIgniter\CodeIgniter->handleRequest(null, Object(Config\Cache), false)
 4 SYSTEMPATH\Boot.php(312): CodeIgniter\CodeIgniter->run()
 5 SYSTEMPATH\Boot.php(67): CodeIgniter\Boot::runCodeIgniter(Object(CodeIgniter\CodeIgniter))
 6 FCPATH\index.php(56): CodeIgniter\Boot::bootWeb(Object(Config\Paths))
 7 SYSTEMPATH\Commands\Server\rewrite.php(49): require_once('C:\\APK\\xampp-8.2\\htdocs\\SafeToTrip\\public\\index.php')
WARNING - 2024-06-02 21:40:16 --> [DEPRECATED] Creation of dynamic property App\Controllers\Home::$session is deprecated in APPPATH\Controllers\Home.php on line 9.
 1 APPPATH\Controllers\Wisata.php(15): App\Controllers\Home->__construct()
 2 SYSTEMPATH\CodeIgniter.php(903): App\Controllers\Wisata->__construct()
 3 SYSTEMPATH\CodeIgniter.php(500): CodeIgniter\CodeIgniter->createController()
 4 SYSTEMPATH\CodeIgniter.php(355): CodeIgniter\CodeIgniter->handleRequest(null, Object(Config\Cache), false)
 5 SYSTEMPATH\Boot.php(312): CodeIgniter\CodeIgniter->run()
 6 SYSTEMPATH\Boot.php(67): CodeIgniter\Boot::runCodeIgniter(Object(CodeIgniter\CodeIgniter))
 7 FCPATH\index.php(56): CodeIgniter\Boot::bootWeb(Object(Config\Paths))
 8 SYSTEMPATH\Commands\Server\rewrite.php(49): require_once('C:\\APK\\xampp-8.2\\htdocs\\SafeToTrip\\public\\index.php')
WARNING - 2024-06-02 21:40:16 --> [DEPRECATED] Creation of dynamic property App\Controllers\Wisata::$home is deprecated in APPPATH\Controllers\Wisata.php on line 15.
 1 SYSTEMPATH\CodeIgniter.php(903): App\Controllers\Wisata->__construct()
 2 SYSTEMPATH\CodeIgniter.php(500): CodeIgniter\CodeIgniter->createController()
 3 SYSTEMPATH\CodeIgniter.php(355): CodeIgniter\CodeIgniter->handleRequest(null, Object(Config\Cache), false)
 4 SYSTEMPATH\Boot.php(312): CodeIgniter\CodeIgniter->run()
 5 SYSTEMPATH\Boot.php(67): CodeIgniter\Boot::runCodeIgniter(Object(CodeIgniter\CodeIgniter))
 6 FCPATH\index.php(56): CodeIgniter\Boot::bootWeb(Object(Config\Paths))
 7 SYSTEMPATH\Commands\Server\rewrite.php(49): require_once('C:\\APK\\xampp-8.2\\htdocs\\SafeToTrip\\public\\index.php')
WARNING - 2024-06-02 21:40:16 --> [DEPRECATED] Creation of dynamic property App\Controllers\Wisata::$admin is deprecated in APPPATH\Controllers\Wisata.php on line 16.
 1 SYSTEMPATH\CodeIgniter.php(903): App\Controllers\Wisata->__construct()
 2 SYSTEMPATH\CodeIgniter.php(500): CodeIgniter\CodeIgniter->createController()
 3 SYSTEMPATH\CodeIgniter.php(355): CodeIgniter\CodeIgniter->handleRequest(null, Object(Config\Cache), false)
 4 SYSTEMPATH\Boot.php(312): CodeIgniter\CodeIgniter->run()
 5 SYSTEMPATH\Boot.php(67): CodeIgniter\Boot::runCodeIgniter(Object(CodeIgniter\CodeIgniter))
 6 FCPATH\index.php(56): CodeIgniter\Boot::bootWeb(Object(Config\Paths))
 7 SYSTEMPATH\Commands\Server\rewrite.php(49): require_once('C:\\APK\\xampp-8.2\\htdocs\\SafeToTrip\\public\\index.php')
WARNING - 2024-06-02 21:40:16 --> [DEPRECATED] Creation of dynamic property App\Controllers\Wisata::$wisata is deprecated in APPPATH\Controllers\Wisata.php on line 17.
 1 SYSTEMPATH\CodeIgniter.php(903): App\Controllers\Wisata->__construct()
 2 SYSTEMPATH\CodeIgniter.php(500): CodeIgniter\CodeIgniter->createController()
 3 SYSTEMPATH\CodeIgniter.php(355): CodeIgniter\CodeIgniter->handleRequest(null, Object(Config\Cache), false)
 4 SYSTEMPATH\Boot.php(312): CodeIgniter\CodeIgniter->run()
 5 SYSTEMPATH\Boot.php(67): CodeIgniter\Boot::runCodeIgniter(Object(CodeIgniter\CodeIgniter))
 6 FCPATH\index.php(56): CodeIgniter\Boot::bootWeb(Object(Config\Paths))
 7 SYSTEMPATH\Commands\Server\rewrite.php(49): require_once('C:\\APK\\xampp-8.2\\htdocs\\SafeToTrip\\public\\index.php')
WARNING - 2024-06-02 21:40:16 --> [DEPRECATED] Creation of dynamic property App\Controllers\Wisata::$fasilitas is deprecated in APPPATH\Controllers\Wisata.php on line 18.
 1 SYSTEMPATH\CodeIgniter.php(903): App\Controllers\Wisata->__construct()
 2 SYSTEMPATH\CodeIgniter.php(500): CodeIgniter\CodeIgniter->createController()
 3 SYSTEMPATH\CodeIgniter.php(355): CodeIgniter\CodeIgniter->handleRequest(null, Object(Config\Cache), false)
 4 SYSTEMPATH\Boot.php(312): CodeIgniter\CodeIgniter->run()
 5 SYSTEMPATH\Boot.php(67): CodeIgniter\Boot::runCodeIgniter(Object(CodeIgniter\CodeIgniter))
 6 FCPATH\index.php(56): CodeIgniter\Boot::bootWeb(Object(Config\Paths))
 7 SYSTEMPATH\Commands\Server\rewrite.php(49): require_once('C:\\APK\\xampp-8.2\\htdocs\\SafeToTrip\\public\\index.php')
INFO - 2024-06-02 21:46:05 --> Session: Class initialized using 'CodeIgniter\Session\Handlers\FileHandler' driver.
WARNING - 2024-06-02 21:46:05 --> [DEPRECATED] Creation of dynamic property App\Controllers\Wisata::$session is deprecated in APPPATH\Controllers\Wisata.php on line 14.
 1 SYSTEMPATH\CodeIgniter.php(903): App\Controllers\Wisata->__construct()
 2 SYSTEMPATH\CodeIgniter.php(500): CodeIgniter\CodeIgniter->createController()
 3 SYSTEMPATH\CodeIgniter.php(355): CodeIgniter\CodeIgniter->handleRequest(null, Object(Config\Cache), false)
 4 SYSTEMPATH\Boot.php(312): CodeIgniter\CodeIgniter->run()
 5 SYSTEMPATH\Boot.php(67): CodeIgniter\Boot::runCodeIgniter(Object(CodeIgniter\CodeIgniter))
 6 FCPATH\index.php(56): CodeIgniter\Boot::bootWeb(Object(Config\Paths))
 7 SYSTEMPATH\Commands\Server\rewrite.php(49): require_once('C:\\APK\\xampp-8.2\\htdocs\\SafeToTrip\\public\\index.php')
WARNING - 2024-06-02 21:46:05 --> [DEPRECATED] Creation of dynamic property App\Controllers\Home::$session is deprecated in APPPATH\Controllers\Home.php on line 9.
 1 APPPATH\Controllers\Wisata.php(15): App\Controllers\Home->__construct()
 2 SYSTEMPATH\CodeIgniter.php(903): App\Controllers\Wisata->__construct()
 3 SYSTEMPATH\CodeIgniter.php(500): CodeIgniter\CodeIgniter->createController()
 4 SYSTEMPATH\CodeIgniter.php(355): CodeIgniter\CodeIgniter->handleRequest(null, Object(Config\Cache), false)
 5 SYSTEMPATH\Boot.php(312): CodeIgniter\CodeIgniter->run()
 6 SYSTEMPATH\Boot.php(67): CodeIgniter\Boot::runCodeIgniter(Object(CodeIgniter\CodeIgniter))
 7 FCPATH\index.php(56): CodeIgniter\Boot::bootWeb(Object(Config\Paths))
 8 SYSTEMPATH\Commands\Server\rewrite.php(49): require_once('C:\\APK\\xampp-8.2\\htdocs\\SafeToTrip\\public\\index.php')
CRITICAL - 2024-06-02 21:46:05 --> Error: Class "App\Controllers\UserModel" not found
[Method: GET, Route: wisata/create]
in APPPATH\Controllers\Home.php on line 10.
 1 APPPATH\Controllers\Wisata.php(15): App\Controllers\Home->__construct()
 2 SYSTEMPATH\CodeIgniter.php(903): App\Controllers\Wisata->__construct()
 3 SYSTEMPATH\CodeIgniter.php(500): CodeIgniter\CodeIgniter->createController()
 4 SYSTEMPATH\CodeIgniter.php(355): CodeIgniter\CodeIgniter->handleRequest(null, Object(Config\Cache), false)
 5 SYSTEMPATH\Boot.php(312): CodeIgniter\CodeIgniter->run()
 6 SYSTEMPATH\Boot.php(67): CodeIgniter\Boot::runCodeIgniter(Object(CodeIgniter\CodeIgniter))
 7 FCPATH\index.php(56): CodeIgniter\Boot::bootWeb(Object(Config\Paths))
 8 SYSTEMPATH\Commands\Server\rewrite.php(49): require_once('C:\\APK\\xampp-8.2\\htdocs\\SafeToTrip\\public\\index.php')
INFO - 2024-06-02 21:46:48 --> Session: Class initialized using 'CodeIgniter\Session\Handlers\FileHandler' driver.
WARNING - 2024-06-02 21:46:48 --> [DEPRECATED] Creation of dynamic property App\Controllers\Wisata::$session is deprecated in APPPATH\Controllers\Wisata.php on line 14.
 1 SYSTEMPATH\CodeIgniter.php(903): App\Controllers\Wisata->__construct()
 2 SYSTEMPATH\CodeIgniter.php(500): CodeIgniter\CodeIgniter->createController()
 3 SYSTEMPATH\CodeIgniter.php(355): CodeIgniter\CodeIgniter->handleRequest(null, Object(Config\Cache), false)
 4 SYSTEMPATH\Boot.php(312): CodeIgniter\CodeIgniter->run()
 5 SYSTEMPATH\Boot.php(67): CodeIgniter\Boot::runCodeIgniter(Object(CodeIgniter\CodeIgniter))
 6 FCPATH\index.php(56): CodeIgniter\Boot::bootWeb(Object(Config\Paths))
 7 SYSTEMPATH\Commands\Server\rewrite.php(49): require_once('C:\\APK\\xampp-8.2\\htdocs\\SafeToTrip\\public\\index.php')
WARNING - 2024-06-02 21:46:48 --> [DEPRECATED] Creation of dynamic property App\Controllers\Home::$session is deprecated in APPPATH\Controllers\Home.php on line 9.
 1 APPPATH\Controllers\Wisata.php(15): App\Controllers\Home->__construct()
 2 SYSTEMPATH\CodeIgniter.php(903): App\Controllers\Wisata->__construct()
 3 SYSTEMPATH\CodeIgniter.php(500): CodeIgniter\CodeIgniter->createController()
 4 SYSTEMPATH\CodeIgniter.php(355): CodeIgniter\CodeIgniter->handleRequest(null, Object(Config\Cache), false)
 5 SYSTEMPATH\Boot.php(312): CodeIgniter\CodeIgniter->run()
 6 SYSTEMPATH\Boot.php(67): CodeIgniter\Boot::runCodeIgniter(Object(CodeIgniter\CodeIgniter))
 7 FCPATH\index.php(56): CodeIgniter\Boot::bootWeb(Object(Config\Paths))
 8 SYSTEMPATH\Commands\Server\rewrite.php(49): require_once('C:\\APK\\xampp-8.2\\htdocs\\SafeToTrip\\public\\index.php')
WARNING - 2024-06-02 21:46:48 --> [DEPRECATED] Creation of dynamic property App\Controllers\Wisata::$home is deprecated in APPPATH\Controllers\Wisata.php on line 15.
 1 SYSTEMPATH\CodeIgniter.php(903): App\Controllers\Wisata->__construct()
 2 SYSTEMPATH\CodeIgniter.php(500): CodeIgniter\CodeIgniter->createController()
 3 SYSTEMPATH\CodeIgniter.php(355): CodeIgniter\CodeIgniter->handleRequest(null, Object(Config\Cache), false)
 4 SYSTEMPATH\Boot.php(312): CodeIgniter\CodeIgniter->run()
 5 SYSTEMPATH\Boot.php(67): CodeIgniter\Boot::runCodeIgniter(Object(CodeIgniter\CodeIgniter))
 6 FCPATH\index.php(56): CodeIgniter\Boot::bootWeb(Object(Config\Paths))
 7 SYSTEMPATH\Commands\Server\rewrite.php(49): require_once('C:\\APK\\xampp-8.2\\htdocs\\SafeToTrip\\public\\index.php')
WARNING - 2024-06-02 21:46:48 --> [DEPRECATED] Creation of dynamic property App\Controllers\Wisata::$admin is deprecated in APPPATH\Controllers\Wisata.php on line 16.
 1 SYSTEMPATH\CodeIgniter.php(903): App\Controllers\Wisata->__construct()
 2 SYSTEMPATH\CodeIgniter.php(500): CodeIgniter\CodeIgniter->createController()
 3 SYSTEMPATH\CodeIgniter.php(355): CodeIgniter\CodeIgniter->handleRequest(null, Object(Config\Cache), false)
 4 SYSTEMPATH\Boot.php(312): CodeIgniter\CodeIgniter->run()
 5 SYSTEMPATH\Boot.php(67): CodeIgniter\Boot::runCodeIgniter(Object(CodeIgniter\CodeIgniter))
 6 FCPATH\index.php(56): CodeIgniter\Boot::bootWeb(Object(Config\Paths))
 7 SYSTEMPATH\Commands\Server\rewrite.php(49): require_once('C:\\APK\\xampp-8.2\\htdocs\\SafeToTrip\\public\\index.php')
WARNING - 2024-06-02 21:46:48 --> [DEPRECATED] Creation of dynamic property App\Controllers\Wisata::$wisata is deprecated in APPPATH\Controllers\Wisata.php on line 17.
 1 SYSTEMPATH\CodeIgniter.php(903): App\Controllers\Wisata->__construct()
 2 SYSTEMPATH\CodeIgniter.php(500): CodeIgniter\CodeIgniter->createController()
 3 SYSTEMPATH\CodeIgniter.php(355): CodeIgniter\CodeIgniter->handleRequest(null, Object(Config\Cache), false)
 4 SYSTEMPATH\Boot.php(312): CodeIgniter\CodeIgniter->run()
 5 SYSTEMPATH\Boot.php(67): CodeIgniter\Boot::runCodeIgniter(Object(CodeIgniter\CodeIgniter))
 6 FCPATH\index.php(56): CodeIgniter\Boot::bootWeb(Object(Config\Paths))
 7 SYSTEMPATH\Commands\Server\rewrite.php(49): require_once('C:\\APK\\xampp-8.2\\htdocs\\SafeToTrip\\public\\index.php')
WARNING - 2024-06-02 21:46:48 --> [DEPRECATED] Creation of dynamic property App\Controllers\Wisata::$fasilitas is deprecated in APPPATH\Controllers\Wisata.php on line 18.
 1 SYSTEMPATH\CodeIgniter.php(903): App\Controllers\Wisata->__construct()
 2 SYSTEMPATH\CodeIgniter.php(500): CodeIgniter\CodeIgniter->createController()
 3 SYSTEMPATH\CodeIgniter.php(355): CodeIgniter\CodeIgniter->handleRequest(null, Object(Config\Cache), false)
 4 SYSTEMPATH\Boot.php(312): CodeIgniter\CodeIgniter->run()
 5 SYSTEMPATH\Boot.php(67): CodeIgniter\Boot::runCodeIgniter(Object(CodeIgniter\CodeIgniter))
 6 FCPATH\index.php(56): CodeIgniter\Boot::bootWeb(Object(Config\Paths))
 7 SYSTEMPATH\Commands\Server\rewrite.php(49): require_once('C:\\APK\\xampp-8.2\\htdocs\\SafeToTrip\\public\\index.php')
CRITICAL - 2024-06-02 21:46:48 --> Error: Call to protected method App\Controllers\Home::getData() from scope App\Controllers\Wisata
[Method: GET, Route: wisata/create]
in APPPATH\Controllers\Wisata.php on line 38.
 1 SYSTEMPATH\CodeIgniter.php(933): App\Controllers\Wisata->create()
 2 SYSTEMPATH\CodeIgniter.php(509): CodeIgniter\CodeIgniter->runController(Object(App\Controllers\Wisata))
 3 SYSTEMPATH\CodeIgniter.php(355): CodeIgniter\CodeIgniter->handleRequest(null, Object(Config\Cache), false)
 4 SYSTEMPATH\Boot.php(312): CodeIgniter\CodeIgniter->run()
 5 SYSTEMPATH\Boot.php(67): CodeIgniter\Boot::runCodeIgniter(Object(CodeIgniter\CodeIgniter))
 6 FCPATH\index.php(56): CodeIgniter\Boot::bootWeb(Object(Config\Paths))
 7 SYSTEMPATH\Commands\Server\rewrite.php(49): require_once('C:\\APK\\xampp-8.2\\htdocs\\SafeToTrip\\public\\index.php')
INFO - 2024-06-02 21:47:10 --> Session: Class initialized using 'CodeIgniter\Session\Handlers\FileHandler' driver.
WARNING - 2024-06-02 21:47:10 --> [DEPRECATED] Creation of dynamic property App\Controllers\Wisata::$session is deprecated in APPPATH\Controllers\Wisata.php on line 14.
 1 SYSTEMPATH\CodeIgniter.php(903): App\Controllers\Wisata->__construct()
 2 SYSTEMPATH\CodeIgniter.php(500): CodeIgniter\CodeIgniter->createController()
 3 SYSTEMPATH\CodeIgniter.php(355): CodeIgniter\CodeIgniter->handleRequest(null, Object(Config\Cache), false)
 4 SYSTEMPATH\Boot.php(312): CodeIgniter\CodeIgniter->run()
 5 SYSTEMPATH\Boot.php(67): CodeIgniter\Boot::runCodeIgniter(Object(CodeIgniter\CodeIgniter))
 6 FCPATH\index.php(56): CodeIgniter\Boot::bootWeb(Object(Config\Paths))
 7 SYSTEMPATH\Commands\Server\rewrite.php(49): require_once('C:\\APK\\xampp-8.2\\htdocs\\SafeToTrip\\public\\index.php')
WARNING - 2024-06-02 21:47:10 --> [DEPRECATED] Creation of dynamic property App\Controllers\Home::$session is deprecated in APPPATH\Controllers\Home.php on line 9.
 1 APPPATH\Controllers\Wisata.php(15): App\Controllers\Home->__construct()
 2 SYSTEMPATH\CodeIgniter.php(903): App\Controllers\Wisata->__construct()
 3 SYSTEMPATH\CodeIgniter.php(500): CodeIgniter\CodeIgniter->createController()
 4 SYSTEMPATH\CodeIgniter.php(355): CodeIgniter\CodeIgniter->handleRequest(null, Object(Config\Cache), false)
 5 SYSTEMPATH\Boot.php(312): CodeIgniter\CodeIgniter->run()
 6 SYSTEMPATH\Boot.php(67): CodeIgniter\Boot::runCodeIgniter(Object(CodeIgniter\CodeIgniter))
 7 FCPATH\index.php(56): CodeIgniter\Boot::bootWeb(Object(Config\Paths))
 8 SYSTEMPATH\Commands\Server\rewrite.php(49): require_once('C:\\APK\\xampp-8.2\\htdocs\\SafeToTrip\\public\\index.php')
WARNING - 2024-06-02 21:47:10 --> [DEPRECATED] Creation of dynamic property App\Controllers\Wisata::$home is deprecated in APPPATH\Controllers\Wisata.php on line 15.
 1 SYSTEMPATH\CodeIgniter.php(903): App\Controllers\Wisata->__construct()
 2 SYSTEMPATH\CodeIgniter.php(500): CodeIgniter\CodeIgniter->createController()
 3 SYSTEMPATH\CodeIgniter.php(355): CodeIgniter\CodeIgniter->handleRequest(null, Object(Config\Cache), false)
 4 SYSTEMPATH\Boot.php(312): CodeIgniter\CodeIgniter->run()
 5 SYSTEMPATH\Boot.php(67): CodeIgniter\Boot::runCodeIgniter(Object(CodeIgniter\CodeIgniter))
 6 FCPATH\index.php(56): CodeIgniter\Boot::bootWeb(Object(Config\Paths))
 7 SYSTEMPATH\Commands\Server\rewrite.php(49): require_once('C:\\APK\\xampp-8.2\\htdocs\\SafeToTrip\\public\\index.php')
WARNING - 2024-06-02 21:47:10 --> [DEPRECATED] Creation of dynamic property App\Controllers\Wisata::$admin is deprecated in APPPATH\Controllers\Wisata.php on line 16.
 1 SYSTEMPATH\CodeIgniter.php(903): App\Controllers\Wisata->__construct()
 2 SYSTEMPATH\CodeIgniter.php(500): CodeIgniter\CodeIgniter->createController()
 3 SYSTEMPATH\CodeIgniter.php(355): CodeIgniter\CodeIgniter->handleRequest(null, Object(Config\Cache), false)
 4 SYSTEMPATH\Boot.php(312): CodeIgniter\CodeIgniter->run()
 5 SYSTEMPATH\Boot.php(67): CodeIgniter\Boot::runCodeIgniter(Object(CodeIgniter\CodeIgniter))
 6 FCPATH\index.php(56): CodeIgniter\Boot::bootWeb(Object(Config\Paths))
 7 SYSTEMPATH\Commands\Server\rewrite.php(49): require_once('C:\\APK\\xampp-8.2\\htdocs\\SafeToTrip\\public\\index.php')
WARNING - 2024-06-02 21:47:10 --> [DEPRECATED] Creation of dynamic property App\Controllers\Wisata::$wisata is deprecated in APPPATH\Controllers\Wisata.php on line 17.
 1 SYSTEMPATH\CodeIgniter.php(903): App\Controllers\Wisata->__construct()
 2 SYSTEMPATH\CodeIgniter.php(500): CodeIgniter\CodeIgniter->createController()
 3 SYSTEMPATH\CodeIgniter.php(355): CodeIgniter\CodeIgniter->handleRequest(null, Object(Config\Cache), false)
 4 SYSTEMPATH\Boot.php(312): CodeIgniter\CodeIgniter->run()
 5 SYSTEMPATH\Boot.php(67): CodeIgniter\Boot::runCodeIgniter(Object(CodeIgniter\CodeIgniter))
 6 FCPATH\index.php(56): CodeIgniter\Boot::bootWeb(Object(Config\Paths))
 7 SYSTEMPATH\Commands\Server\rewrite.php(49): require_once('C:\\APK\\xampp-8.2\\htdocs\\SafeToTrip\\public\\index.php')
WARNING - 2024-06-02 21:47:10 --> [DEPRECATED] Creation of dynamic property App\Controllers\Wisata::$fasilitas is deprecated in APPPATH\Controllers\Wisata.php on line 18.
 1 SYSTEMPATH\CodeIgniter.php(903): App\Controllers\Wisata->__construct()
 2 SYSTEMPATH\CodeIgniter.php(500): CodeIgniter\CodeIgniter->createController()
 3 SYSTEMPATH\CodeIgniter.php(355): CodeIgniter\CodeIgniter->handleRequest(null, Object(Config\Cache), false)
 4 SYSTEMPATH\Boot.php(312): CodeIgniter\CodeIgniter->run()
 5 SYSTEMPATH\Boot.php(67): CodeIgniter\Boot::runCodeIgniter(Object(CodeIgniter\CodeIgniter))
 6 FCPATH\index.php(56): CodeIgniter\Boot::bootWeb(Object(Config\Paths))
 7 SYSTEMPATH\Commands\Server\rewrite.php(49): require_once('C:\\APK\\xampp-8.2\\htdocs\\SafeToTrip\\public\\index.php')
INFO - 2024-06-02 21:48:35 --> Session: Class initialized using 'CodeIgniter\Session\Handlers\FileHandler' driver.
WARNING - 2024-06-02 21:48:35 --> [DEPRECATED] Creation of dynamic property App\Controllers\Wisata::$session is deprecated in APPPATH\Controllers\Wisata.php on line 14.
 1 SYSTEMPATH\CodeIgniter.php(903): App\Controllers\Wisata->__construct()
 2 SYSTEMPATH\CodeIgniter.php(500): CodeIgniter\CodeIgniter->createController()
 3 SYSTEMPATH\CodeIgniter.php(355): CodeIgniter\CodeIgniter->handleRequest(null, Object(Config\Cache), false)
 4 SYSTEMPATH\Boot.php(312): CodeIgniter\CodeIgniter->run()
 5 SYSTEMPATH\Boot.php(67): CodeIgniter\Boot::runCodeIgniter(Object(CodeIgniter\CodeIgniter))
 6 FCPATH\index.php(56): CodeIgniter\Boot::bootWeb(Object(Config\Paths))
 7 SYSTEMPATH\Commands\Server\rewrite.php(49): require_once('C:\\APK\\xampp-8.2\\htdocs\\SafeToTrip\\public\\index.php')
WARNING - 2024-06-02 21:48:35 --> [DEPRECATED] Creation of dynamic property App\Controllers\Home::$session is deprecated in APPPATH\Controllers\Home.php on line 9.
 1 APPPATH\Controllers\Wisata.php(15): App\Controllers\Home->__construct()
 2 SYSTEMPATH\CodeIgniter.php(903): App\Controllers\Wisata->__construct()
 3 SYSTEMPATH\CodeIgniter.php(500): CodeIgniter\CodeIgniter->createController()
 4 SYSTEMPATH\CodeIgniter.php(355): CodeIgniter\CodeIgniter->handleRequest(null, Object(Config\Cache), false)
 5 SYSTEMPATH\Boot.php(312): CodeIgniter\CodeIgniter->run()
 6 SYSTEMPATH\Boot.php(67): CodeIgniter\Boot::runCodeIgniter(Object(CodeIgniter\CodeIgniter))
 7 FCPATH\index.php(56): CodeIgniter\Boot::bootWeb(Object(Config\Paths))
 8 SYSTEMPATH\Commands\Server\rewrite.php(49): require_once('C:\\APK\\xampp-8.2\\htdocs\\SafeToTrip\\public\\index.php')
WARNING - 2024-06-02 21:48:35 --> [DEPRECATED] Creation of dynamic property App\Controllers\Wisata::$home is deprecated in APPPATH\Controllers\Wisata.php on line 15.
 1 SYSTEMPATH\CodeIgniter.php(903): App\Controllers\Wisata->__construct()
 2 SYSTEMPATH\CodeIgniter.php(500): CodeIgniter\CodeIgniter->createController()
 3 SYSTEMPATH\CodeIgniter.php(355): CodeIgniter\CodeIgniter->handleRequest(null, Object(Config\Cache), false)
 4 SYSTEMPATH\Boot.php(312): CodeIgniter\CodeIgniter->run()
 5 SYSTEMPATH\Boot.php(67): CodeIgniter\Boot::runCodeIgniter(Object(CodeIgniter\CodeIgniter))
 6 FCPATH\index.php(56): CodeIgniter\Boot::bootWeb(Object(Config\Paths))
 7 SYSTEMPATH\Commands\Server\rewrite.php(49): require_once('C:\\APK\\xampp-8.2\\htdocs\\SafeToTrip\\public\\index.php')
WARNING - 2024-06-02 21:48:35 --> [DEPRECATED] Creation of dynamic property App\Controllers\Wisata::$admin is deprecated in APPPATH\Controllers\Wisata.php on line 16.
 1 SYSTEMPATH\CodeIgniter.php(903): App\Controllers\Wisata->__construct()
 2 SYSTEMPATH\CodeIgniter.php(500): CodeIgniter\CodeIgniter->createController()
 3 SYSTEMPATH\CodeIgniter.php(355): CodeIgniter\CodeIgniter->handleRequest(null, Object(Config\Cache), false)
 4 SYSTEMPATH\Boot.php(312): CodeIgniter\CodeIgniter->run()
 5 SYSTEMPATH\Boot.php(67): CodeIgniter\Boot::runCodeIgniter(Object(CodeIgniter\CodeIgniter))
 6 FCPATH\index.php(56): CodeIgniter\Boot::bootWeb(Object(Config\Paths))
 7 SYSTEMPATH\Commands\Server\rewrite.php(49): require_once('C:\\APK\\xampp-8.2\\htdocs\\SafeToTrip\\public\\index.php')
WARNING - 2024-06-02 21:48:35 --> [DEPRECATED] Creation of dynamic property App\Controllers\Wisata::$wisata is deprecated in APPPATH\Controllers\Wisata.php on line 17.
 1 SYSTEMPATH\CodeIgniter.php(903): App\Controllers\Wisata->__construct()
 2 SYSTEMPATH\CodeIgniter.php(500): CodeIgniter\CodeIgniter->createController()
 3 SYSTEMPATH\CodeIgniter.php(355): CodeIgniter\CodeIgniter->handleRequest(null, Object(Config\Cache), false)
 4 SYSTEMPATH\Boot.php(312): CodeIgniter\CodeIgniter->run()
 5 SYSTEMPATH\Boot.php(67): CodeIgniter\Boot::runCodeIgniter(Object(CodeIgniter\CodeIgniter))
 6 FCPATH\index.php(56): CodeIgniter\Boot::bootWeb(Object(Config\Paths))
 7 SYSTEMPATH\Commands\Server\rewrite.php(49): require_once('C:\\APK\\xampp-8.2\\htdocs\\SafeToTrip\\public\\index.php')
WARNING - 2024-06-02 21:48:35 --> [DEPRECATED] Creation of dynamic property App\Controllers\Wisata::$fasilitas is deprecated in APPPATH\Controllers\Wisata.php on line 18.
 1 SYSTEMPATH\CodeIgniter.php(903): App\Controllers\Wisata->__construct()
 2 SYSTEMPATH\CodeIgniter.php(500): CodeIgniter\CodeIgniter->createController()
 3 SYSTEMPATH\CodeIgniter.php(355): CodeIgniter\CodeIgniter->handleRequest(null, Object(Config\Cache), false)
 4 SYSTEMPATH\Boot.php(312): CodeIgniter\CodeIgniter->run()
 5 SYSTEMPATH\Boot.php(67): CodeIgniter\Boot::runCodeIgniter(Object(CodeIgniter\CodeIgniter))
 6 FCPATH\index.php(56): CodeIgniter\Boot::bootWeb(Object(Config\Paths))
 7 SYSTEMPATH\Commands\Server\rewrite.php(49): require_once('C:\\APK\\xampp-8.2\\htdocs\\SafeToTrip\\public\\index.php')
INFO - 2024-06-02 21:48:37 --> Session: Class initialized using 'CodeIgniter\Session\Handlers\FileHandler' driver.
WARNING - 2024-06-02 21:48:37 --> [DEPRECATED] Creation of dynamic property App\Controllers\Home::$session is deprecated in APPPATH\Controllers\Home.php on line 9.
 1 APPPATH\Controllers\Fasilitas.php(13): App\Controllers\Home->__construct()
 2 SYSTEMPATH\CodeIgniter.php(903): App\Controllers\Fasilitas->__construct()
 3 SYSTEMPATH\CodeIgniter.php(500): CodeIgniter\CodeIgniter->createController()
 4 SYSTEMPATH\CodeIgniter.php(355): CodeIgniter\CodeIgniter->handleRequest(null, Object(Config\Cache), false)
 5 SYSTEMPATH\Boot.php(312): CodeIgniter\CodeIgniter->run()
 6 SYSTEMPATH\Boot.php(67): CodeIgniter\Boot::runCodeIgniter(Object(CodeIgniter\CodeIgniter))
 7 FCPATH\index.php(56): CodeIgniter\Boot::bootWeb(Object(Config\Paths))
 8 SYSTEMPATH\Commands\Server\rewrite.php(49): require_once('C:\\APK\\xampp-8.2\\htdocs\\SafeToTrip\\public\\index.php')
WARNING - 2024-06-02 21:48:37 --> [DEPRECATED] Creation of dynamic property App\Controllers\Fasilitas::$home is deprecated in APPPATH\Controllers\Fasilitas.php on line 13.
 1 SYSTEMPATH\CodeIgniter.php(903): App\Controllers\Fasilitas->__construct()
 2 SYSTEMPATH\CodeIgniter.php(500): CodeIgniter\CodeIgniter->createController()
 3 SYSTEMPATH\CodeIgniter.php(355): CodeIgniter\CodeIgniter->handleRequest(null, Object(Config\Cache), false)
 4 SYSTEMPATH\Boot.php(312): CodeIgniter\CodeIgniter->run()
 5 SYSTEMPATH\Boot.php(67): CodeIgniter\Boot::runCodeIgniter(Object(CodeIgniter\CodeIgniter))
 6 FCPATH\index.php(56): CodeIgniter\Boot::bootWeb(Object(Config\Paths))
 7 SYSTEMPATH\Commands\Server\rewrite.php(49): require_once('C:\\APK\\xampp-8.2\\htdocs\\SafeToTrip\\public\\index.php')
WARNING - 2024-06-02 21:48:37 --> [DEPRECATED] Creation of dynamic property App\Controllers\Fasilitas::$fasilitas is deprecated in APPPATH\Controllers\Fasilitas.php on line 14.
 1 SYSTEMPATH\CodeIgniter.php(903): App\Controllers\Fasilitas->__construct()
 2 SYSTEMPATH\CodeIgniter.php(500): CodeIgniter\CodeIgniter->createController()
 3 SYSTEMPATH\CodeIgniter.php(355): CodeIgniter\CodeIgniter->handleRequest(null, Object(Config\Cache), false)
 4 SYSTEMPATH\Boot.php(312): CodeIgniter\CodeIgniter->run()
 5 SYSTEMPATH\Boot.php(67): CodeIgniter\Boot::runCodeIgniter(Object(CodeIgniter\CodeIgniter))
 6 FCPATH\index.php(56): CodeIgniter\Boot::bootWeb(Object(Config\Paths))
 7 SYSTEMPATH\Commands\Server\rewrite.php(49): require_once('C:\\APK\\xampp-8.2\\htdocs\\SafeToTrip\\public\\index.php')
CRITICAL - 2024-06-02 21:48:37 --> ErrorException: Undefined variable $fasilitas
[Method: GET, Route: fasilitas]
in APPPATH\Controllers\Fasilitas.php on line 19.
 1 APPPATH\Controllers\Fasilitas.php(19): CodeIgniter\Debug\Exceptions->errorHandler(2, 'Undefined variable $fasilitas', 'C:\\APK\\xampp-8.2\\htdocs\\SafeToTrip\\app\\Controllers\\Fasilitas.php', 19)
 2 SYSTEMPATH\CodeIgniter.php(933): App\Controllers\Fasilitas->index()
 3 SYSTEMPATH\CodeIgniter.php(509): CodeIgniter\CodeIgniter->runController(Object(App\Controllers\Fasilitas))
 4 SYSTEMPATH\CodeIgniter.php(355): CodeIgniter\CodeIgniter->handleRequest(null, Object(Config\Cache), false)
 5 SYSTEMPATH\Boot.php(312): CodeIgniter\CodeIgniter->run()
 6 SYSTEMPATH\Boot.php(67): CodeIgniter\Boot::runCodeIgniter(Object(CodeIgniter\CodeIgniter))
 7 FCPATH\index.php(56): CodeIgniter\Boot::bootWeb(Object(Config\Paths))
 8 SYSTEMPATH\Commands\Server\rewrite.php(49): require_once('C:\\APK\\xampp-8.2\\htdocs\\SafeToTrip\\public\\index.php')
INFO - 2024-06-02 21:50:34 --> Session: Class initialized using 'CodeIgniter\Session\Handlers\FileHandler' driver.
WARNING - 2024-06-02 21:50:34 --> [DEPRECATED] Creation of dynamic property App\Controllers\Home::$session is deprecated in APPPATH\Controllers\Home.php on line 9.
 1 APPPATH\Controllers\Fasilitas.php(13): App\Controllers\Home->__construct()
 2 SYSTEMPATH\CodeIgniter.php(903): App\Controllers\Fasilitas->__construct()
 3 SYSTEMPATH\CodeIgniter.php(500): CodeIgniter\CodeIgniter->createController()
 4 SYSTEMPATH\CodeIgniter.php(355): CodeIgniter\CodeIgniter->handleRequest(null, Object(Config\Cache), false)
 5 SYSTEMPATH\Boot.php(312): CodeIgniter\CodeIgniter->run()
 6 SYSTEMPATH\Boot.php(67): CodeIgniter\Boot::runCodeIgniter(Object(CodeIgniter\CodeIgniter))
 7 FCPATH\index.php(56): CodeIgniter\Boot::bootWeb(Object(Config\Paths))
 8 SYSTEMPATH\Commands\Server\rewrite.php(49): require_once('C:\\APK\\xampp-8.2\\htdocs\\SafeToTrip\\public\\index.php')
WARNING - 2024-06-02 21:50:34 --> [DEPRECATED] Creation of dynamic property App\Controllers\Fasilitas::$home is deprecated in APPPATH\Controllers\Fasilitas.php on line 13.
 1 SYSTEMPATH\CodeIgniter.php(903): App\Controllers\Fasilitas->__construct()
 2 SYSTEMPATH\CodeIgniter.php(500): CodeIgniter\CodeIgniter->createController()
 3 SYSTEMPATH\CodeIgniter.php(355): CodeIgniter\CodeIgniter->handleRequest(null, Object(Config\Cache), false)
 4 SYSTEMPATH\Boot.php(312): CodeIgniter\CodeIgniter->run()
 5 SYSTEMPATH\Boot.php(67): CodeIgniter\Boot::runCodeIgniter(Object(CodeIgniter\CodeIgniter))
 6 FCPATH\index.php(56): CodeIgniter\Boot::bootWeb(Object(Config\Paths))
 7 SYSTEMPATH\Commands\Server\rewrite.php(49): require_once('C:\\APK\\xampp-8.2\\htdocs\\SafeToTrip\\public\\index.php')
WARNING - 2024-06-02 21:50:34 --> [DEPRECATED] Creation of dynamic property App\Controllers\Fasilitas::$fasilitas is deprecated in APPPATH\Controllers\Fasilitas.php on line 14.
 1 SYSTEMPATH\CodeIgniter.php(903): App\Controllers\Fasilitas->__construct()
 2 SYSTEMPATH\CodeIgniter.php(500): CodeIgniter\CodeIgniter->createController()
 3 SYSTEMPATH\CodeIgniter.php(355): CodeIgniter\CodeIgniter->handleRequest(null, Object(Config\Cache), false)
 4 SYSTEMPATH\Boot.php(312): CodeIgniter\CodeIgniter->run()
 5 SYSTEMPATH\Boot.php(67): CodeIgniter\Boot::runCodeIgniter(Object(CodeIgniter\CodeIgniter))
 6 FCPATH\index.php(56): CodeIgniter\Boot::bootWeb(Object(Config\Paths))
 7 SYSTEMPATH\Commands\Server\rewrite.php(49): require_once('C:\\APK\\xampp-8.2\\htdocs\\SafeToTrip\\public\\index.php')
INFO - 2024-06-02 21:53:54 --> Session: Class initialized using 'CodeIgniter\Session\Handlers\FileHandler' driver.
WARNING - 2024-06-02 21:53:54 --> [DEPRECATED] Creation of dynamic property App\Controllers\Home::$session is deprecated in APPPATH\Controllers\Home.php on line 9.
 1 APPPATH\Controllers\Fasilitas.php(13): App\Controllers\Home->__construct()
 2 SYSTEMPATH\CodeIgniter.php(903): App\Controllers\Fasilitas->__construct()
 3 SYSTEMPATH\CodeIgniter.php(500): CodeIgniter\CodeIgniter->createController()
 4 SYSTEMPATH\CodeIgniter.php(355): CodeIgniter\CodeIgniter->handleRequest(null, Object(Config\Cache), false)
 5 SYSTEMPATH\Boot.php(312): CodeIgniter\CodeIgniter->run()
 6 SYSTEMPATH\Boot.php(67): CodeIgniter\Boot::runCodeIgniter(Object(CodeIgniter\CodeIgniter))
 7 FCPATH\index.php(56): CodeIgniter\Boot::bootWeb(Object(Config\Paths))
 8 SYSTEMPATH\Commands\Server\rewrite.php(49): require_once('C:\\APK\\xampp-8.2\\htdocs\\SafeToTrip\\public\\index.php')
WARNING - 2024-06-02 21:53:54 --> [DEPRECATED] Creation of dynamic property App\Controllers\Fasilitas::$home is deprecated in APPPATH\Controllers\Fasilitas.php on line 13.
 1 SYSTEMPATH\CodeIgniter.php(903): App\Controllers\Fasilitas->__construct()
 2 SYSTEMPATH\CodeIgniter.php(500): CodeIgniter\CodeIgniter->createController()
 3 SYSTEMPATH\CodeIgniter.php(355): CodeIgniter\CodeIgniter->handleRequest(null, Object(Config\Cache), false)
 4 SYSTEMPATH\Boot.php(312): CodeIgniter\CodeIgniter->run()
 5 SYSTEMPATH\Boot.php(67): CodeIgniter\Boot::runCodeIgniter(Object(CodeIgniter\CodeIgniter))
 6 FCPATH\index.php(56): CodeIgniter\Boot::bootWeb(Object(Config\Paths))
 7 SYSTEMPATH\Commands\Server\rewrite.php(49): require_once('C:\\APK\\xampp-8.2\\htdocs\\SafeToTrip\\public\\index.php')
WARNING - 2024-06-02 21:53:54 --> [DEPRECATED] Creation of dynamic property App\Controllers\Fasilitas::$fasilitas is deprecated in APPPATH\Controllers\Fasilitas.php on line 14.
 1 SYSTEMPATH\CodeIgniter.php(903): App\Controllers\Fasilitas->__construct()
 2 SYSTEMPATH\CodeIgniter.php(500): CodeIgniter\CodeIgniter->createController()
 3 SYSTEMPATH\CodeIgniter.php(355): CodeIgniter\CodeIgniter->handleRequest(null, Object(Config\Cache), false)
 4 SYSTEMPATH\Boot.php(312): CodeIgniter\CodeIgniter->run()
 5 SYSTEMPATH\Boot.php(67): CodeIgniter\Boot::runCodeIgniter(Object(CodeIgniter\CodeIgniter))
 6 FCPATH\index.php(56): CodeIgniter\Boot::bootWeb(Object(Config\Paths))
 7 SYSTEMPATH\Commands\Server\rewrite.php(49): require_once('C:\\APK\\xampp-8.2\\htdocs\\SafeToTrip\\public\\index.php')
CRITICAL - 2024-06-02 22:00:59 --> ErrorException: Type of Config\Filters::$filters must be array (as in class CodeIgniter\Config\Filters)
[Method: CLI, Route: make:controller/UnauthorizedController]
in APPPATH\Config\Filters.php on line 16.
 1 [internal function]: CodeIgniter\Debug\Exceptions->shutdownHandler()
CRITICAL - 2024-06-02 22:09:41 --> ErrorException: Type of Config\Filters::$filters must be array (as in class CodeIgniter\Config\Filters)
[Method: CLI, Route: make:controller/UnauthorizedController]
in APPPATH\Config\Filters.php on line 16.
 1 [internal function]: CodeIgniter\Debug\Exceptions->shutdownHandler()
CRITICAL - 2024-06-02 22:10:04 --> ErrorException: Type of Config\Filters::$filters must be array (as in class CodeIgniter\Config\Filters)
[Method: CLI, Route: make:controller/UnauthorizedController]
in APPPATH\Config\Filters.php on line 16.
 1 [internal function]: CodeIgniter\Debug\Exceptions->shutdownHandler()
CRITICAL - 2024-06-02 22:13:02 --> ErrorException: Type of Config\Filters::$filters must be array (as in class CodeIgniter\Config\Filters)
[Method: CLI, Route: make:controller/Test]
in APPPATH\Config\Filters.php on line 16.
 1 [internal function]: CodeIgniter\Debug\Exceptions->shutdownHandler()
CRITICAL - 2024-06-02 22:14:08 --> ErrorException: Type of Config\Filters::$filters must be array (as in class CodeIgniter\Config\Filters)
[Method: CLI, Route: make:controller/Test]
in APPPATH\Config\Filters.php on line 16.
 1 [internal function]: CodeIgniter\Debug\Exceptions->shutdownHandler()
CRITICAL - 2024-06-02 22:29:03 --> ErrorException: Type of Config\Filters::$filters must be array (as in class CodeIgniter\Config\Filters)
[Method: GET, Route: fasilitas]
in APPPATH\Config\Filters.php on line 16.
 1 [internal function]: CodeIgniter\Debug\Exceptions->shutdownHandler()
CRITICAL - 2024-06-02 22:29:04 --> ErrorException: Type of Config\Filters::$filters must be array (as in class CodeIgniter\Config\Filters)
[Method: GET, Route: fasilitas]
in APPPATH\Config\Filters.php on line 16.
 1 [internal function]: CodeIgniter\Debug\Exceptions->shutdownHandler()
CRITICAL - 2024-06-02 22:31:23 --> ErrorException: Type of Config\Filters::$filters must be array (as in class CodeIgniter\Config\Filters)
[Method: GET, Route: fasilitas]
in APPPATH\Config\Filters.php on line 18.
 1 [internal function]: CodeIgniter\Debug\Exceptions->shutdownHandler()
CRITICAL - 2024-06-02 22:31:24 --> ErrorException: Type of Config\Filters::$filters must be array (as in class CodeIgniter\Config\Filters)
[Method: GET, Route: fasilitas]
in APPPATH\Config\Filters.php on line 18.
 1 [internal function]: CodeIgniter\Debug\Exceptions->shutdownHandler()
CRITICAL - 2024-06-02 22:32:43 --> ErrorException: Type of Config\Filters::$filters must be array (as in class CodeIgniter\Config\Filters)
[Method: GET, Route: fasilitas]
in APPPATH\Config\Filters.php on line 18.
 1 [internal function]: CodeIgniter\Debug\Exceptions->shutdownHandler()
CRITICAL - 2024-06-02 22:32:44 --> ErrorException: Type of Config\Filters::$filters must be array (as in class CodeIgniter\Config\Filters)
[Method: GET, Route: fasilitas]
in APPPATH\Config\Filters.php on line 18.
 1 [internal function]: CodeIgniter\Debug\Exceptions->shutdownHandler()
CRITICAL - 2024-06-02 22:32:44 --> ErrorException: Type of Config\Filters::$filters must be array (as in class CodeIgniter\Config\Filters)
[Method: GET, Route: fasilitas]
in APPPATH\Config\Filters.php on line 18.
 1 [internal function]: CodeIgniter\Debug\Exceptions->shutdownHandler()
CRITICAL - 2024-06-02 22:32:44 --> ErrorException: Type of Config\Filters::$filters must be array (as in class CodeIgniter\Config\Filters)
[Method: GET, Route: fasilitas]
in APPPATH\Config\Filters.php on line 18.
 1 [internal function]: CodeIgniter\Debug\Exceptions->shutdownHandler()
CRITICAL - 2024-06-02 22:32:45 --> ErrorException: Type of Config\Filters::$filters must be array (as in class CodeIgniter\Config\Filters)
[Method: GET, Route: fasilitas]
in APPPATH\Config\Filters.php on line 18.
 1 [internal function]: CodeIgniter\Debug\Exceptions->shutdownHandler()
CRITICAL - 2024-06-02 22:32:45 --> ErrorException: Type of Config\Filters::$filters must be array (as in class CodeIgniter\Config\Filters)
[Method: GET, Route: fasilitas]
in APPPATH\Config\Filters.php on line 18.
 1 [internal function]: CodeIgniter\Debug\Exceptions->shutdownHandler()
CRITICAL - 2024-06-02 22:32:45 --> ErrorException: Type of Config\Filters::$filters must be array (as in class CodeIgniter\Config\Filters)
[Method: GET, Route: fasilitas]
in APPPATH\Config\Filters.php on line 18.
 1 [internal function]: CodeIgniter\Debug\Exceptions->shutdownHandler()
CRITICAL - 2024-06-02 22:32:45 --> ErrorException: Type of Config\Filters::$filters must be array (as in class CodeIgniter\Config\Filters)
[Method: GET, Route: fasilitas]
in APPPATH\Config\Filters.php on line 18.
 1 [internal function]: CodeIgniter\Debug\Exceptions->shutdownHandler()
CRITICAL - 2024-06-02 22:32:45 --> ErrorException: Type of Config\Filters::$filters must be array (as in class CodeIgniter\Config\Filters)
[Method: GET, Route: fasilitas]
in APPPATH\Config\Filters.php on line 18.
 1 [internal function]: CodeIgniter\Debug\Exceptions->shutdownHandler()
CRITICAL - 2024-06-02 22:34:08 --> ErrorException: Type of Config\Filters::$filters must be array (as in class CodeIgniter\Config\Filters)
[Method: GET, Route: fasilitas]
in APPPATH\Config\Filters.php on line 18.
 1 [internal function]: CodeIgniter\Debug\Exceptions->shutdownHandler()
CRITICAL - 2024-06-02 22:34:11 --> ErrorException: Type of Config\Filters::$filters must be array (as in class CodeIgniter\Config\Filters)
[Method: GET, Route: logout]
in APPPATH\Config\Filters.php on line 18.
 1 [internal function]: CodeIgniter\Debug\Exceptions->shutdownHandler()
INFO - 2024-06-02 22:34:59 --> Session: Class initialized using 'CodeIgniter\Session\Handlers\FileHandler' driver.
WARNING - 2024-06-02 22:34:59 --> [DEPRECATED] Creation of dynamic property App\Controllers\Login::$session is deprecated in APPPATH\Controllers\Login.php on line 12.
 1 SYSTEMPATH\CodeIgniter.php(903): App\Controllers\Login->__construct()
 2 SYSTEMPATH\CodeIgniter.php(500): CodeIgniter\CodeIgniter->createController()
 3 SYSTEMPATH\CodeIgniter.php(355): CodeIgniter\CodeIgniter->handleRequest(null, Object(Config\Cache), false)
 4 SYSTEMPATH\Boot.php(312): CodeIgniter\CodeIgniter->run()
 5 SYSTEMPATH\Boot.php(67): CodeIgniter\Boot::runCodeIgniter(Object(CodeIgniter\CodeIgniter))
 6 FCPATH\index.php(56): CodeIgniter\Boot::bootWeb(Object(Config\Paths))
 7 SYSTEMPATH\Commands\Server\rewrite.php(49): require_once('C:\\APK\\xampp-8.2\\htdocs\\SafeToTrip\\public\\index.php')
INFO - 2024-06-02 22:34:59 --> Session: Class initialized using 'CodeIgniter\Session\Handlers\FileHandler' driver.
WARNING - 2024-06-02 22:34:59 --> [DEPRECATED] Creation of dynamic property App\Controllers\Login::$session is deprecated in APPPATH\Controllers\Login.php on line 12.
 1 SYSTEMPATH\CodeIgniter.php(903): App\Controllers\Login->__construct()
 2 SYSTEMPATH\CodeIgniter.php(500): CodeIgniter\CodeIgniter->createController()
 3 SYSTEMPATH\CodeIgniter.php(355): CodeIgniter\CodeIgniter->handleRequest(null, Object(Config\Cache), false)
 4 SYSTEMPATH\Boot.php(312): CodeIgniter\CodeIgniter->run()
 5 SYSTEMPATH\Boot.php(67): CodeIgniter\Boot::runCodeIgniter(Object(CodeIgniter\CodeIgniter))
 6 FCPATH\index.php(56): CodeIgniter\Boot::bootWeb(Object(Config\Paths))
 7 SYSTEMPATH\Commands\Server\rewrite.php(49): require_once('C:\\APK\\xampp-8.2\\htdocs\\SafeToTrip\\public\\index.php')
INFO - 2024-06-02 22:35:10 --> Session: Class initialized using 'CodeIgniter\Session\Handlers\FileHandler' driver.
WARNING - 2024-06-02 22:35:10 --> [DEPRECATED] Creation of dynamic property App\Controllers\Login::$session is deprecated in APPPATH\Controllers\Login.php on line 12.
 1 SYSTEMPATH\CodeIgniter.php(903): App\Controllers\Login->__construct()
 2 SYSTEMPATH\CodeIgniter.php(500): CodeIgniter\CodeIgniter->createController()
 3 SYSTEMPATH\CodeIgniter.php(355): CodeIgniter\CodeIgniter->handleRequest(null, Object(Config\Cache), false)
 4 SYSTEMPATH\Boot.php(312): CodeIgniter\CodeIgniter->run()
 5 SYSTEMPATH\Boot.php(67): CodeIgniter\Boot::runCodeIgniter(Object(CodeIgniter\CodeIgniter))
 6 FCPATH\index.php(56): CodeIgniter\Boot::bootWeb(Object(Config\Paths))
 7 SYSTEMPATH\Commands\Server\rewrite.php(49): require_once('C:\\APK\\xampp-8.2\\htdocs\\SafeToTrip\\public\\index.php')
INFO - 2024-06-02 22:35:11 --> Session: Class initialized using 'CodeIgniter\Session\Handlers\FileHandler' driver.
WARNING - 2024-06-02 22:35:11 --> [DEPRECATED] Creation of dynamic property App\Controllers\Home::$session is deprecated in APPPATH\Controllers\Home.php on line 9.
 1 SYSTEMPATH\CodeIgniter.php(903): App\Controllers\Home->__construct()
 2 SYSTEMPATH\CodeIgniter.php(500): CodeIgniter\CodeIgniter->createController()
 3 SYSTEMPATH\CodeIgniter.php(355): CodeIgniter\CodeIgniter->handleRequest(null, Object(Config\Cache), false)
 4 SYSTEMPATH\Boot.php(312): CodeIgniter\CodeIgniter->run()
 5 SYSTEMPATH\Boot.php(67): CodeIgniter\Boot::runCodeIgniter(Object(CodeIgniter\CodeIgniter))
 6 FCPATH\index.php(56): CodeIgniter\Boot::bootWeb(Object(Config\Paths))
 7 SYSTEMPATH\Commands\Server\rewrite.php(49): require_once('C:\\APK\\xampp-8.2\\htdocs\\SafeToTrip\\public\\index.php')
CRITICAL - 2024-06-02 22:35:11 --> TypeError: CodeIgniter\HTTP\SiteURI::stringifyRelativePath(): Return value must be of type string, bool returned
[Method: GET, Route: dashboard]
in SYSTEMPATH\HTTP\SiteURI.php on line 407.
 1 SYSTEMPATH\HTTP\SiteURI.php(381): CodeIgniter\HTTP\SiteURI->stringifyRelativePath(false)
 2 SYSTEMPATH\Helpers\url_helper.php(59): CodeIgniter\HTTP\SiteURI->baseUrl(false, null)
 3 APPPATH\Views\temp_adminpage\sidebar.php(18): base_url(false)
 4 SYSTEMPATH\View\View.php(234): include('C:\\APK\\xampp-8.2\\htdocs\\SafeToTrip\\app\\Views\\temp_adminpage\\sidebar.php')
 5 SYSTEMPATH\View\View.php(237): CodeIgniter\View\View->CodeIgniter\View\{closure}()
 6 SYSTEMPATH\View\View.php(484): CodeIgniter\View\View->render('temp_adminpage/sidebar', null, true)
 7 APPPATH\Views\adminpage\index.php(2): CodeIgniter\View\View->include('temp_adminpage/sidebar')
 8 SYSTEMPATH\View\View.php(234): include('C:\\APK\\xampp-8.2\\htdocs\\SafeToTrip\\app\\Views\\adminpage\\index.php')
 9 SYSTEMPATH\View\View.php(237): CodeIgniter\View\View->CodeIgniter\View\{closure}()
10 SYSTEMPATH\Common.php(1171): CodeIgniter\View\View->render('adminpage/index', [], true)
11 APPPATH\Controllers\Home.php(36): view('adminpage/index', [...])
12 SYSTEMPATH\CodeIgniter.php(933): App\Controllers\Home->adminpage()
13 SYSTEMPATH\CodeIgniter.php(509): CodeIgniter\CodeIgniter->runController(Object(App\Controllers\Home))
14 SYSTEMPATH\CodeIgniter.php(355): CodeIgniter\CodeIgniter->handleRequest(null, Object(Config\Cache), false)
15 SYSTEMPATH\Boot.php(312): CodeIgniter\CodeIgniter->run()
16 SYSTEMPATH\Boot.php(67): CodeIgniter\Boot::runCodeIgniter(Object(CodeIgniter\CodeIgniter))
17 FCPATH\index.php(56): CodeIgniter\Boot::bootWeb(Object(Config\Paths))
18 SYSTEMPATH\Commands\Server\rewrite.php(49): require_once('C:\\APK\\xampp-8.2\\htdocs\\SafeToTrip\\public\\index.php')
CRITICAL - 2024-06-02 22:35:45 --> ErrorException: Type of Config\Filters::$filters must be array (as in class CodeIgniter\Config\Filters)
[Method: GET, Route: dashboard]
in APPPATH\Config\Filters.php on line 18.
 1 [internal function]: CodeIgniter\Debug\Exceptions->shutdownHandler()
CRITICAL - 2024-06-02 22:35:46 --> ErrorException: Type of Config\Filters::$filters must be array (as in class CodeIgniter\Config\Filters)
[Method: GET, Route: dashboard]
in APPPATH\Config\Filters.php on line 18.
 1 [internal function]: CodeIgniter\Debug\Exceptions->shutdownHandler()
INFO - 2024-06-02 22:35:51 --> Session: Class initialized using 'CodeIgniter\Session\Handlers\FileHandler' driver.
WARNING - 2024-06-02 22:35:51 --> [DEPRECATED] Creation of dynamic property App\Controllers\Home::$session is deprecated in APPPATH\Controllers\Home.php on line 9.
 1 SYSTEMPATH\CodeIgniter.php(903): App\Controllers\Home->__construct()
 2 SYSTEMPATH\CodeIgniter.php(500): CodeIgniter\CodeIgniter->createController()
 3 SYSTEMPATH\CodeIgniter.php(355): CodeIgniter\CodeIgniter->handleRequest(null, Object(Config\Cache), false)
 4 SYSTEMPATH\Boot.php(312): CodeIgniter\CodeIgniter->run()
 5 SYSTEMPATH\Boot.php(67): CodeIgniter\Boot::runCodeIgniter(Object(CodeIgniter\CodeIgniter))
 6 FCPATH\index.php(56): CodeIgniter\Boot::bootWeb(Object(Config\Paths))
 7 SYSTEMPATH\Commands\Server\rewrite.php(49): require_once('C:\\APK\\xampp-8.2\\htdocs\\SafeToTrip\\public\\index.php')
CRITICAL - 2024-06-02 22:35:51 --> TypeError: CodeIgniter\HTTP\SiteURI::stringifyRelativePath(): Return value must be of type string, bool returned
[Method: GET, Route: dashboard]
in SYSTEMPATH\HTTP\SiteURI.php on line 407.
 1 SYSTEMPATH\HTTP\SiteURI.php(381): CodeIgniter\HTTP\SiteURI->stringifyRelativePath(false)
 2 SYSTEMPATH\Helpers\url_helper.php(59): CodeIgniter\HTTP\SiteURI->baseUrl(false, null)
 3 APPPATH\Views\temp_adminpage\sidebar.php(18): base_url(false)
 4 SYSTEMPATH\View\View.php(234): include('C:\\APK\\xampp-8.2\\htdocs\\SafeToTrip\\app\\Views\\temp_adminpage\\sidebar.php')
 5 SYSTEMPATH\View\View.php(237): CodeIgniter\View\View->CodeIgniter\View\{closure}()
 6 SYSTEMPATH\View\View.php(484): CodeIgniter\View\View->render('temp_adminpage/sidebar', null, true)
 7 APPPATH\Views\adminpage\index.php(2): CodeIgniter\View\View->include('temp_adminpage/sidebar')
 8 SYSTEMPATH\View\View.php(234): include('C:\\APK\\xampp-8.2\\htdocs\\SafeToTrip\\app\\Views\\adminpage\\index.php')
 9 SYSTEMPATH\View\View.php(237): CodeIgniter\View\View->CodeIgniter\View\{closure}()
10 SYSTEMPATH\Common.php(1171): CodeIgniter\View\View->render('adminpage/index', [], true)
11 APPPATH\Controllers\Home.php(36): view('adminpage/index', [...])
12 SYSTEMPATH\CodeIgniter.php(933): App\Controllers\Home->adminpage()
13 SYSTEMPATH\CodeIgniter.php(509): CodeIgniter\CodeIgniter->runController(Object(App\Controllers\Home))
14 SYSTEMPATH\CodeIgniter.php(355): CodeIgniter\CodeIgniter->handleRequest(null, Object(Config\Cache), false)
15 SYSTEMPATH\Boot.php(312): CodeIgniter\CodeIgniter->run()
16 SYSTEMPATH\Boot.php(67): CodeIgniter\Boot::runCodeIgniter(Object(CodeIgniter\CodeIgniter))
17 FCPATH\index.php(56): CodeIgniter\Boot::bootWeb(Object(Config\Paths))
18 SYSTEMPATH\Commands\Server\rewrite.php(49): require_once('C:\\APK\\xampp-8.2\\htdocs\\SafeToTrip\\public\\index.php')
INFO - 2024-06-02 22:35:52 --> Session: Class initialized using 'CodeIgniter\Session\Handlers\FileHandler' driver.
WARNING - 2024-06-02 22:35:52 --> [DEPRECATED] Creation of dynamic property App\Controllers\Home::$session is deprecated in APPPATH\Controllers\Home.php on line 9.
 1 SYSTEMPATH\CodeIgniter.php(903): App\Controllers\Home->__construct()
 2 SYSTEMPATH\CodeIgniter.php(500): CodeIgniter\CodeIgniter->createController()
 3 SYSTEMPATH\CodeIgniter.php(355): CodeIgniter\CodeIgniter->handleRequest(null, Object(Config\Cache), false)
 4 SYSTEMPATH\Boot.php(312): CodeIgniter\CodeIgniter->run()
 5 SYSTEMPATH\Boot.php(67): CodeIgniter\Boot::runCodeIgniter(Object(CodeIgniter\CodeIgniter))
 6 FCPATH\index.php(56): CodeIgniter\Boot::bootWeb(Object(Config\Paths))
 7 SYSTEMPATH\Commands\Server\rewrite.php(49): require_once('C:\\APK\\xampp-8.2\\htdocs\\SafeToTrip\\public\\index.php')
CRITICAL - 2024-06-02 22:35:52 --> TypeError: CodeIgniter\HTTP\SiteURI::stringifyRelativePath(): Return value must be of type string, bool returned
[Method: GET, Route: dashboard]
in SYSTEMPATH\HTTP\SiteURI.php on line 407.
 1 SYSTEMPATH\HTTP\SiteURI.php(381): CodeIgniter\HTTP\SiteURI->stringifyRelativePath(false)
 2 SYSTEMPATH\Helpers\url_helper.php(59): CodeIgniter\HTTP\SiteURI->baseUrl(false, null)
 3 APPPATH\Views\temp_adminpage\sidebar.php(18): base_url(false)
 4 SYSTEMPATH\View\View.php(234): include('C:\\APK\\xampp-8.2\\htdocs\\SafeToTrip\\app\\Views\\temp_adminpage\\sidebar.php')
 5 SYSTEMPATH\View\View.php(237): CodeIgniter\View\View->CodeIgniter\View\{closure}()
 6 SYSTEMPATH\View\View.php(484): CodeIgniter\View\View->render('temp_adminpage/sidebar', null, true)
 7 APPPATH\Views\adminpage\index.php(2): CodeIgniter\View\View->include('temp_adminpage/sidebar')
 8 SYSTEMPATH\View\View.php(234): include('C:\\APK\\xampp-8.2\\htdocs\\SafeToTrip\\app\\Views\\adminpage\\index.php')
 9 SYSTEMPATH\View\View.php(237): CodeIgniter\View\View->CodeIgniter\View\{closure}()
10 SYSTEMPATH\Common.php(1171): CodeIgniter\View\View->render('adminpage/index', [], true)
11 APPPATH\Controllers\Home.php(36): view('adminpage/index', [...])
12 SYSTEMPATH\CodeIgniter.php(933): App\Controllers\Home->adminpage()
13 SYSTEMPATH\CodeIgniter.php(509): CodeIgniter\CodeIgniter->runController(Object(App\Controllers\Home))
14 SYSTEMPATH\CodeIgniter.php(355): CodeIgniter\CodeIgniter->handleRequest(null, Object(Config\Cache), false)
15 SYSTEMPATH\Boot.php(312): CodeIgniter\CodeIgniter->run()
16 SYSTEMPATH\Boot.php(67): CodeIgniter\Boot::runCodeIgniter(Object(CodeIgniter\CodeIgniter))
17 FCPATH\index.php(56): CodeIgniter\Boot::bootWeb(Object(Config\Paths))
18 SYSTEMPATH\Commands\Server\rewrite.php(49): require_once('C:\\APK\\xampp-8.2\\htdocs\\SafeToTrip\\public\\index.php')
INFO - 2024-06-02 22:37:11 --> Session: Class initialized using 'CodeIgniter\Session\Handlers\FileHandler' driver.
WARNING - 2024-06-02 22:37:11 --> [DEPRECATED] Creation of dynamic property App\Controllers\Home::$session is deprecated in APPPATH\Controllers\Home.php on line 9.
 1 SYSTEMPATH\CodeIgniter.php(903): App\Controllers\Home->__construct()
 2 SYSTEMPATH\CodeIgniter.php(500): CodeIgniter\CodeIgniter->createController()
 3 SYSTEMPATH\CodeIgniter.php(355): CodeIgniter\CodeIgniter->handleRequest(null, Object(Config\Cache), false)
 4 SYSTEMPATH\Boot.php(312): CodeIgniter\CodeIgniter->run()
 5 SYSTEMPATH\Boot.php(67): CodeIgniter\Boot::runCodeIgniter(Object(CodeIgniter\CodeIgniter))
 6 FCPATH\index.php(56): CodeIgniter\Boot::bootWeb(Object(Config\Paths))
 7 SYSTEMPATH\Commands\Server\rewrite.php(49): require_once('C:\\APK\\xampp-8.2\\htdocs\\SafeToTrip\\public\\index.php')
CRITICAL - 2024-06-02 22:37:11 --> TypeError: CodeIgniter\HTTP\SiteURI::stringifyRelativePath(): Return value must be of type string, bool returned
[Method: GET, Route: dashboard]
in SYSTEMPATH\HTTP\SiteURI.php on line 407.
 1 SYSTEMPATH\HTTP\SiteURI.php(381): CodeIgniter\HTTP\SiteURI->stringifyRelativePath(false)
 2 SYSTEMPATH\Helpers\url_helper.php(59): CodeIgniter\HTTP\SiteURI->baseUrl(false, null)
 3 APPPATH\Views\temp_adminpage\sidebar.php(18): base_url(false)
 4 SYSTEMPATH\View\View.php(234): include('C:\\APK\\xampp-8.2\\htdocs\\SafeToTrip\\app\\Views\\temp_adminpage\\sidebar.php')
 5 SYSTEMPATH\View\View.php(237): CodeIgniter\View\View->CodeIgniter\View\{closure}()
 6 SYSTEMPATH\View\View.php(484): CodeIgniter\View\View->render('temp_adminpage/sidebar', null, true)
 7 APPPATH\Views\adminpage\index.php(2): CodeIgniter\View\View->include('temp_adminpage/sidebar')
 8 SYSTEMPATH\View\View.php(234): include('C:\\APK\\xampp-8.2\\htdocs\\SafeToTrip\\app\\Views\\adminpage\\index.php')
 9 SYSTEMPATH\View\View.php(237): CodeIgniter\View\View->CodeIgniter\View\{closure}()
10 SYSTEMPATH\Common.php(1171): CodeIgniter\View\View->render('adminpage/index', [], true)
11 APPPATH\Controllers\Home.php(36): view('adminpage/index', [...])
12 SYSTEMPATH\CodeIgniter.php(933): App\Controllers\Home->adminpage()
13 SYSTEMPATH\CodeIgniter.php(509): CodeIgniter\CodeIgniter->runController(Object(App\Controllers\Home))
14 SYSTEMPATH\CodeIgniter.php(355): CodeIgniter\CodeIgniter->handleRequest(null, Object(Config\Cache), false)
15 SYSTEMPATH\Boot.php(312): CodeIgniter\CodeIgniter->run()
16 SYSTEMPATH\Boot.php(67): CodeIgniter\Boot::runCodeIgniter(Object(CodeIgniter\CodeIgniter))
17 FCPATH\index.php(56): CodeIgniter\Boot::bootWeb(Object(Config\Paths))
18 SYSTEMPATH\Commands\Server\rewrite.php(49): require_once('C:\\APK\\xampp-8.2\\htdocs\\SafeToTrip\\public\\index.php')
INFO - 2024-06-02 22:37:12 --> Session: Class initialized using 'CodeIgniter\Session\Handlers\FileHandler' driver.
WARNING - 2024-06-02 22:37:12 --> [DEPRECATED] Creation of dynamic property App\Controllers\Home::$session is deprecated in APPPATH\Controllers\Home.php on line 9.
 1 SYSTEMPATH\CodeIgniter.php(903): App\Controllers\Home->__construct()
 2 SYSTEMPATH\CodeIgniter.php(500): CodeIgniter\CodeIgniter->createController()
 3 SYSTEMPATH\CodeIgniter.php(355): CodeIgniter\CodeIgniter->handleRequest(null, Object(Config\Cache), false)
 4 SYSTEMPATH\Boot.php(312): CodeIgniter\CodeIgniter->run()
 5 SYSTEMPATH\Boot.php(67): CodeIgniter\Boot::runCodeIgniter(Object(CodeIgniter\CodeIgniter))
 6 FCPATH\index.php(56): CodeIgniter\Boot::bootWeb(Object(Config\Paths))
 7 SYSTEMPATH\Commands\Server\rewrite.php(49): require_once('C:\\APK\\xampp-8.2\\htdocs\\SafeToTrip\\public\\index.php')
CRITICAL - 2024-06-02 22:37:12 --> TypeError: CodeIgniter\HTTP\SiteURI::stringifyRelativePath(): Return value must be of type string, bool returned
[Method: GET, Route: dashboard]
in SYSTEMPATH\HTTP\SiteURI.php on line 407.
 1 SYSTEMPATH\HTTP\SiteURI.php(381): CodeIgniter\HTTP\SiteURI->stringifyRelativePath(false)
 2 SYSTEMPATH\Helpers\url_helper.php(59): CodeIgniter\HTTP\SiteURI->baseUrl(false, null)
 3 APPPATH\Views\temp_adminpage\sidebar.php(18): base_url(false)
 4 SYSTEMPATH\View\View.php(234): include('C:\\APK\\xampp-8.2\\htdocs\\SafeToTrip\\app\\Views\\temp_adminpage\\sidebar.php')
 5 SYSTEMPATH\View\View.php(237): CodeIgniter\View\View->CodeIgniter\View\{closure}()
 6 SYSTEMPATH\View\View.php(484): CodeIgniter\View\View->render('temp_adminpage/sidebar', null, true)
 7 APPPATH\Views\adminpage\index.php(2): CodeIgniter\View\View->include('temp_adminpage/sidebar')
 8 SYSTEMPATH\View\View.php(234): include('C:\\APK\\xampp-8.2\\htdocs\\SafeToTrip\\app\\Views\\adminpage\\index.php')
 9 SYSTEMPATH\View\View.php(237): CodeIgniter\View\View->CodeIgniter\View\{closure}()
10 SYSTEMPATH\Common.php(1171): CodeIgniter\View\View->render('adminpage/index', [], true)
11 APPPATH\Controllers\Home.php(36): view('adminpage/index', [...])
12 SYSTEMPATH\CodeIgniter.php(933): App\Controllers\Home->adminpage()
13 SYSTEMPATH\CodeIgniter.php(509): CodeIgniter\CodeIgniter->runController(Object(App\Controllers\Home))
14 SYSTEMPATH\CodeIgniter.php(355): CodeIgniter\CodeIgniter->handleRequest(null, Object(Config\Cache), false)
15 SYSTEMPATH\Boot.php(312): CodeIgniter\CodeIgniter->run()
16 SYSTEMPATH\Boot.php(67): CodeIgniter\Boot::runCodeIgniter(Object(CodeIgniter\CodeIgniter))
17 FCPATH\index.php(56): CodeIgniter\Boot::bootWeb(Object(Config\Paths))
18 SYSTEMPATH\Commands\Server\rewrite.php(49): require_once('C:\\APK\\xampp-8.2\\htdocs\\SafeToTrip\\public\\index.php')
INFO - 2024-06-02 22:37:58 --> Session: Class initialized using 'CodeIgniter\Session\Handlers\FileHandler' driver.
WARNING - 2024-06-02 22:37:58 --> [DEPRECATED] Creation of dynamic property App\Controllers\Home::$session is deprecated in APPPATH\Controllers\Home.php on line 9.
 1 SYSTEMPATH\CodeIgniter.php(903): App\Controllers\Home->__construct()
 2 SYSTEMPATH\CodeIgniter.php(500): CodeIgniter\CodeIgniter->createController()
 3 SYSTEMPATH\CodeIgniter.php(355): CodeIgniter\CodeIgniter->handleRequest(null, Object(Config\Cache), false)
 4 SYSTEMPATH\Boot.php(312): CodeIgniter\CodeIgniter->run()
 5 SYSTEMPATH\Boot.php(67): CodeIgniter\Boot::runCodeIgniter(Object(CodeIgniter\CodeIgniter))
 6 FCPATH\index.php(56): CodeIgniter\Boot::bootWeb(Object(Config\Paths))
 7 SYSTEMPATH\Commands\Server\rewrite.php(49): require_once('C:\\APK\\xampp-8.2\\htdocs\\SafeToTrip\\public\\index.php')
INFO - 2024-06-02 22:38:26 --> Session: Class initialized using 'CodeIgniter\Session\Handlers\FileHandler' driver.
WARNING - 2024-06-02 22:38:26 --> [DEPRECATED] Creation of dynamic property App\Controllers\Home::$session is deprecated in APPPATH\Controllers\Home.php on line 9.
 1 SYSTEMPATH\CodeIgniter.php(903): App\Controllers\Home->__construct()
 2 SYSTEMPATH\CodeIgniter.php(500): CodeIgniter\CodeIgniter->createController()
 3 SYSTEMPATH\CodeIgniter.php(355): CodeIgniter\CodeIgniter->handleRequest(null, Object(Config\Cache), false)
 4 SYSTEMPATH\Boot.php(312): CodeIgniter\CodeIgniter->run()
 5 SYSTEMPATH\Boot.php(67): CodeIgniter\Boot::runCodeIgniter(Object(CodeIgniter\CodeIgniter))
 6 FCPATH\index.php(56): CodeIgniter\Boot::bootWeb(Object(Config\Paths))
 7 SYSTEMPATH\Commands\Server\rewrite.php(49): require_once('C:\\APK\\xampp-8.2\\htdocs\\SafeToTrip\\public\\index.php')
CRITICAL - 2024-06-02 22:38:26 --> TypeError: CodeIgniter\HTTP\SiteURI::stringifyRelativePath(): Return value must be of type string, bool returned
[Method: GET, Route: dashboard]
in SYSTEMPATH\HTTP\SiteURI.php on line 407.
 1 SYSTEMPATH\HTTP\SiteURI.php(381): CodeIgniter\HTTP\SiteURI->stringifyRelativePath(false)
 2 SYSTEMPATH\Helpers\url_helper.php(59): CodeIgniter\HTTP\SiteURI->baseUrl(false, null)
 3 APPPATH\Views\temp_adminpage\sidebar.php(18): base_url(false)
 4 SYSTEMPATH\View\View.php(234): include('C:\\APK\\xampp-8.2\\htdocs\\SafeToTrip\\app\\Views\\temp_adminpage\\sidebar.php')
 5 SYSTEMPATH\View\View.php(237): CodeIgniter\View\View->CodeIgniter\View\{closure}()
 6 SYSTEMPATH\View\View.php(484): CodeIgniter\View\View->render('temp_adminpage/sidebar', null, true)
 7 APPPATH\Views\adminpage\index.php(2): CodeIgniter\View\View->include('temp_adminpage/sidebar')
 8 SYSTEMPATH\View\View.php(234): include('C:\\APK\\xampp-8.2\\htdocs\\SafeToTrip\\app\\Views\\adminpage\\index.php')
 9 SYSTEMPATH\View\View.php(237): CodeIgniter\View\View->CodeIgniter\View\{closure}()
10 SYSTEMPATH\Common.php(1171): CodeIgniter\View\View->render('adminpage/index', [], true)
11 APPPATH\Controllers\Home.php(36): view('adminpage/index', [...])
12 SYSTEMPATH\CodeIgniter.php(933): App\Controllers\Home->adminpage()
13 SYSTEMPATH\CodeIgniter.php(509): CodeIgniter\CodeIgniter->runController(Object(App\Controllers\Home))
14 SYSTEMPATH\CodeIgniter.php(355): CodeIgniter\CodeIgniter->handleRequest(null, Object(Config\Cache), false)
15 SYSTEMPATH\Boot.php(312): CodeIgniter\CodeIgniter->run()
16 SYSTEMPATH\Boot.php(67): CodeIgniter\Boot::runCodeIgniter(Object(CodeIgniter\CodeIgniter))
17 FCPATH\index.php(56): CodeIgniter\Boot::bootWeb(Object(Config\Paths))
18 SYSTEMPATH\Commands\Server\rewrite.php(49): require_once('C:\\APK\\xampp-8.2\\htdocs\\SafeToTrip\\public\\index.php')
INFO - 2024-06-02 22:44:30 --> Session: Class initialized using 'CodeIgniter\Session\Handlers\FileHandler' driver.
WARNING - 2024-06-02 22:44:30 --> [DEPRECATED] Creation of dynamic property App\Controllers\Home::$session is deprecated in APPPATH\Controllers\Home.php on line 9.
 1 SYSTEMPATH\CodeIgniter.php(903): App\Controllers\Home->__construct()
 2 SYSTEMPATH\CodeIgniter.php(500): CodeIgniter\CodeIgniter->createController()
 3 SYSTEMPATH\CodeIgniter.php(355): CodeIgniter\CodeIgniter->handleRequest(null, Object(Config\Cache), false)
 4 SYSTEMPATH\Boot.php(312): CodeIgniter\CodeIgniter->run()
 5 SYSTEMPATH\Boot.php(67): CodeIgniter\Boot::runCodeIgniter(Object(CodeIgniter\CodeIgniter))
 6 FCPATH\index.php(56): CodeIgniter\Boot::bootWeb(Object(Config\Paths))
 7 SYSTEMPATH\Commands\Server\rewrite.php(49): require_once('C:\\APK\\xampp-8.2\\htdocs\\SafeToTrip\\public\\index.php')
CRITICAL - 2024-06-02 22:44:30 --> TypeError: CodeIgniter\HTTP\SiteURI::stringifyRelativePath(): Return value must be of type string, bool returned
[Method: GET, Route: dashboard]
in SYSTEMPATH\HTTP\SiteURI.php on line 407.
 1 SYSTEMPATH\HTTP\SiteURI.php(381): CodeIgniter\HTTP\SiteURI->stringifyRelativePath(false)
 2 SYSTEMPATH\Helpers\url_helper.php(59): CodeIgniter\HTTP\SiteURI->baseUrl(false, null)
 3 APPPATH\Views\temp_adminpage\sidebar.php(18): base_url(false)
 4 SYSTEMPATH\View\View.php(234): include('C:\\APK\\xampp-8.2\\htdocs\\SafeToTrip\\app\\Views\\temp_adminpage\\sidebar.php')
 5 SYSTEMPATH\View\View.php(237): CodeIgniter\View\View->CodeIgniter\View\{closure}()
 6 SYSTEMPATH\View\View.php(484): CodeIgniter\View\View->render('temp_adminpage/sidebar', null, true)
 7 APPPATH\Views\adminpage\index.php(2): CodeIgniter\View\View->include('temp_adminpage/sidebar')
 8 SYSTEMPATH\View\View.php(234): include('C:\\APK\\xampp-8.2\\htdocs\\SafeToTrip\\app\\Views\\adminpage\\index.php')
 9 SYSTEMPATH\View\View.php(237): CodeIgniter\View\View->CodeIgniter\View\{closure}()
10 SYSTEMPATH\Common.php(1171): CodeIgniter\View\View->render('adminpage/index', [], true)
11 APPPATH\Controllers\Home.php(36): view('adminpage/index', [...])
12 SYSTEMPATH\CodeIgniter.php(933): App\Controllers\Home->adminpage()
13 SYSTEMPATH\CodeIgniter.php(509): CodeIgniter\CodeIgniter->runController(Object(App\Controllers\Home))
14 SYSTEMPATH\CodeIgniter.php(355): CodeIgniter\CodeIgniter->handleRequest(null, Object(Config\Cache), false)
15 SYSTEMPATH\Boot.php(312): CodeIgniter\CodeIgniter->run()
16 SYSTEMPATH\Boot.php(67): CodeIgniter\Boot::runCodeIgniter(Object(CodeIgniter\CodeIgniter))
17 FCPATH\index.php(56): CodeIgniter\Boot::bootWeb(Object(Config\Paths))
18 SYSTEMPATH\Commands\Server\rewrite.php(49): require_once('C:\\APK\\xampp-8.2\\htdocs\\SafeToTrip\\public\\index.php')
INFO - 2024-06-02 22:44:31 --> Session: Class initialized using 'CodeIgniter\Session\Handlers\FileHandler' driver.
WARNING - 2024-06-02 22:44:31 --> [DEPRECATED] Creation of dynamic property App\Controllers\Home::$session is deprecated in APPPATH\Controllers\Home.php on line 9.
 1 SYSTEMPATH\CodeIgniter.php(903): App\Controllers\Home->__construct()
 2 SYSTEMPATH\CodeIgniter.php(500): CodeIgniter\CodeIgniter->createController()
 3 SYSTEMPATH\CodeIgniter.php(355): CodeIgniter\CodeIgniter->handleRequest(null, Object(Config\Cache), false)
 4 SYSTEMPATH\Boot.php(312): CodeIgniter\CodeIgniter->run()
 5 SYSTEMPATH\Boot.php(67): CodeIgniter\Boot::runCodeIgniter(Object(CodeIgniter\CodeIgniter))
 6 FCPATH\index.php(56): CodeIgniter\Boot::bootWeb(Object(Config\Paths))
 7 SYSTEMPATH\Commands\Server\rewrite.php(49): require_once('C:\\APK\\xampp-8.2\\htdocs\\SafeToTrip\\public\\index.php')
CRITICAL - 2024-06-02 22:44:31 --> TypeError: CodeIgniter\HTTP\SiteURI::stringifyRelativePath(): Return value must be of type string, bool returned
[Method: GET, Route: dashboard]
in SYSTEMPATH\HTTP\SiteURI.php on line 407.
 1 SYSTEMPATH\HTTP\SiteURI.php(381): CodeIgniter\HTTP\SiteURI->stringifyRelativePath(false)
 2 SYSTEMPATH\Helpers\url_helper.php(59): CodeIgniter\HTTP\SiteURI->baseUrl(false, null)
 3 APPPATH\Views\temp_adminpage\sidebar.php(18): base_url(false)
 4 SYSTEMPATH\View\View.php(234): include('C:\\APK\\xampp-8.2\\htdocs\\SafeToTrip\\app\\Views\\temp_adminpage\\sidebar.php')
 5 SYSTEMPATH\View\View.php(237): CodeIgniter\View\View->CodeIgniter\View\{closure}()
 6 SYSTEMPATH\View\View.php(484): CodeIgniter\View\View->render('temp_adminpage/sidebar', null, true)
 7 APPPATH\Views\adminpage\index.php(2): CodeIgniter\View\View->include('temp_adminpage/sidebar')
 8 SYSTEMPATH\View\View.php(234): include('C:\\APK\\xampp-8.2\\htdocs\\SafeToTrip\\app\\Views\\adminpage\\index.php')
 9 SYSTEMPATH\View\View.php(237): CodeIgniter\View\View->CodeIgniter\View\{closure}()
10 SYSTEMPATH\Common.php(1171): CodeIgniter\View\View->render('adminpage/index', [], true)
11 APPPATH\Controllers\Home.php(36): view('adminpage/index', [...])
12 SYSTEMPATH\CodeIgniter.php(933): App\Controllers\Home->adminpage()
13 SYSTEMPATH\CodeIgniter.php(509): CodeIgniter\CodeIgniter->runController(Object(App\Controllers\Home))
14 SYSTEMPATH\CodeIgniter.php(355): CodeIgniter\CodeIgniter->handleRequest(null, Object(Config\Cache), false)
15 SYSTEMPATH\Boot.php(312): CodeIgniter\CodeIgniter->run()
16 SYSTEMPATH\Boot.php(67): CodeIgniter\Boot::runCodeIgniter(Object(CodeIgniter\CodeIgniter))
17 FCPATH\index.php(56): CodeIgniter\Boot::bootWeb(Object(Config\Paths))
18 SYSTEMPATH\Commands\Server\rewrite.php(49): require_once('C:\\APK\\xampp-8.2\\htdocs\\SafeToTrip\\public\\index.php')
INFO - 2024-06-02 22:44:32 --> Session: Class initialized using 'CodeIgniter\Session\Handlers\FileHandler' driver.
WARNING - 2024-06-02 22:44:32 --> [DEPRECATED] Creation of dynamic property App\Controllers\Home::$session is deprecated in APPPATH\Controllers\Home.php on line 9.
 1 SYSTEMPATH\CodeIgniter.php(903): App\Controllers\Home->__construct()
 2 SYSTEMPATH\CodeIgniter.php(500): CodeIgniter\CodeIgniter->createController()
 3 SYSTEMPATH\CodeIgniter.php(355): CodeIgniter\CodeIgniter->handleRequest(null, Object(Config\Cache), false)
 4 SYSTEMPATH\Boot.php(312): CodeIgniter\CodeIgniter->run()
 5 SYSTEMPATH\Boot.php(67): CodeIgniter\Boot::runCodeIgniter(Object(CodeIgniter\CodeIgniter))
 6 FCPATH\index.php(56): CodeIgniter\Boot::bootWeb(Object(Config\Paths))
 7 SYSTEMPATH\Commands\Server\rewrite.php(49): require_once('C:\\APK\\xampp-8.2\\htdocs\\SafeToTrip\\public\\index.php')
CRITICAL - 2024-06-02 22:44:32 --> TypeError: CodeIgniter\HTTP\SiteURI::stringifyRelativePath(): Return value must be of type string, bool returned
[Method: GET, Route: dashboard]
in SYSTEMPATH\HTTP\SiteURI.php on line 407.
 1 SYSTEMPATH\HTTP\SiteURI.php(381): CodeIgniter\HTTP\SiteURI->stringifyRelativePath(false)
 2 SYSTEMPATH\Helpers\url_helper.php(59): CodeIgniter\HTTP\SiteURI->baseUrl(false, null)
 3 APPPATH\Views\temp_adminpage\sidebar.php(18): base_url(false)
 4 SYSTEMPATH\View\View.php(234): include('C:\\APK\\xampp-8.2\\htdocs\\SafeToTrip\\app\\Views\\temp_adminpage\\sidebar.php')
 5 SYSTEMPATH\View\View.php(237): CodeIgniter\View\View->CodeIgniter\View\{closure}()
 6 SYSTEMPATH\View\View.php(484): CodeIgniter\View\View->render('temp_adminpage/sidebar', null, true)
 7 APPPATH\Views\adminpage\index.php(2): CodeIgniter\View\View->include('temp_adminpage/sidebar')
 8 SYSTEMPATH\View\View.php(234): include('C:\\APK\\xampp-8.2\\htdocs\\SafeToTrip\\app\\Views\\adminpage\\index.php')
 9 SYSTEMPATH\View\View.php(237): CodeIgniter\View\View->CodeIgniter\View\{closure}()
10 SYSTEMPATH\Common.php(1171): CodeIgniter\View\View->render('adminpage/index', [], true)
11 APPPATH\Controllers\Home.php(36): view('adminpage/index', [...])
12 SYSTEMPATH\CodeIgniter.php(933): App\Controllers\Home->adminpage()
13 SYSTEMPATH\CodeIgniter.php(509): CodeIgniter\CodeIgniter->runController(Object(App\Controllers\Home))
14 SYSTEMPATH\CodeIgniter.php(355): CodeIgniter\CodeIgniter->handleRequest(null, Object(Config\Cache), false)
15 SYSTEMPATH\Boot.php(312): CodeIgniter\CodeIgniter->run()
16 SYSTEMPATH\Boot.php(67): CodeIgniter\Boot::runCodeIgniter(Object(CodeIgniter\CodeIgniter))
17 FCPATH\index.php(56): CodeIgniter\Boot::bootWeb(Object(Config\Paths))
18 SYSTEMPATH\Commands\Server\rewrite.php(49): require_once('C:\\APK\\xampp-8.2\\htdocs\\SafeToTrip\\public\\index.php')
INFO - 2024-06-02 22:44:32 --> Session: Class initialized using 'CodeIgniter\Session\Handlers\FileHandler' driver.
WARNING - 2024-06-02 22:44:32 --> [DEPRECATED] Creation of dynamic property App\Controllers\Home::$session is deprecated in APPPATH\Controllers\Home.php on line 9.
 1 SYSTEMPATH\CodeIgniter.php(903): App\Controllers\Home->__construct()
 2 SYSTEMPATH\CodeIgniter.php(500): CodeIgniter\CodeIgniter->createController()
 3 SYSTEMPATH\CodeIgniter.php(355): CodeIgniter\CodeIgniter->handleRequest(null, Object(Config\Cache), false)
 4 SYSTEMPATH\Boot.php(312): CodeIgniter\CodeIgniter->run()
 5 SYSTEMPATH\Boot.php(67): CodeIgniter\Boot::runCodeIgniter(Object(CodeIgniter\CodeIgniter))
 6 FCPATH\index.php(56): CodeIgniter\Boot::bootWeb(Object(Config\Paths))
 7 SYSTEMPATH\Commands\Server\rewrite.php(49): require_once('C:\\APK\\xampp-8.2\\htdocs\\SafeToTrip\\public\\index.php')
CRITICAL - 2024-06-02 22:44:32 --> TypeError: CodeIgniter\HTTP\SiteURI::stringifyRelativePath(): Return value must be of type string, bool returned
[Method: GET, Route: dashboard]
in SYSTEMPATH\HTTP\SiteURI.php on line 407.
 1 SYSTEMPATH\HTTP\SiteURI.php(381): CodeIgniter\HTTP\SiteURI->stringifyRelativePath(false)
 2 SYSTEMPATH\Helpers\url_helper.php(59): CodeIgniter\HTTP\SiteURI->baseUrl(false, null)
 3 APPPATH\Views\temp_adminpage\sidebar.php(18): base_url(false)
 4 SYSTEMPATH\View\View.php(234): include('C:\\APK\\xampp-8.2\\htdocs\\SafeToTrip\\app\\Views\\temp_adminpage\\sidebar.php')
 5 SYSTEMPATH\View\View.php(237): CodeIgniter\View\View->CodeIgniter\View\{closure}()
 6 SYSTEMPATH\View\View.php(484): CodeIgniter\View\View->render('temp_adminpage/sidebar', null, true)
 7 APPPATH\Views\adminpage\index.php(2): CodeIgniter\View\View->include('temp_adminpage/sidebar')
 8 SYSTEMPATH\View\View.php(234): include('C:\\APK\\xampp-8.2\\htdocs\\SafeToTrip\\app\\Views\\adminpage\\index.php')
 9 SYSTEMPATH\View\View.php(237): CodeIgniter\View\View->CodeIgniter\View\{closure}()
10 SYSTEMPATH\Common.php(1171): CodeIgniter\View\View->render('adminpage/index', [], true)
11 APPPATH\Controllers\Home.php(36): view('adminpage/index', [...])
12 SYSTEMPATH\CodeIgniter.php(933): App\Controllers\Home->adminpage()
13 SYSTEMPATH\CodeIgniter.php(509): CodeIgniter\CodeIgniter->runController(Object(App\Controllers\Home))
14 SYSTEMPATH\CodeIgniter.php(355): CodeIgniter\CodeIgniter->handleRequest(null, Object(Config\Cache), false)
15 SYSTEMPATH\Boot.php(312): CodeIgniter\CodeIgniter->run()
16 SYSTEMPATH\Boot.php(67): CodeIgniter\Boot::runCodeIgniter(Object(CodeIgniter\CodeIgniter))
17 FCPATH\index.php(56): CodeIgniter\Boot::bootWeb(Object(Config\Paths))
18 SYSTEMPATH\Commands\Server\rewrite.php(49): require_once('C:\\APK\\xampp-8.2\\htdocs\\SafeToTrip\\public\\index.php')
INFO - 2024-06-02 22:44:32 --> Session: Class initialized using 'CodeIgniter\Session\Handlers\FileHandler' driver.
WARNING - 2024-06-02 22:44:32 --> [DEPRECATED] Creation of dynamic property App\Controllers\Home::$session is deprecated in APPPATH\Controllers\Home.php on line 9.
 1 SYSTEMPATH\CodeIgniter.php(903): App\Controllers\Home->__construct()
 2 SYSTEMPATH\CodeIgniter.php(500): CodeIgniter\CodeIgniter->createController()
 3 SYSTEMPATH\CodeIgniter.php(355): CodeIgniter\CodeIgniter->handleRequest(null, Object(Config\Cache), false)
 4 SYSTEMPATH\Boot.php(312): CodeIgniter\CodeIgniter->run()
 5 SYSTEMPATH\Boot.php(67): CodeIgniter\Boot::runCodeIgniter(Object(CodeIgniter\CodeIgniter))
 6 FCPATH\index.php(56): CodeIgniter\Boot::bootWeb(Object(Config\Paths))
 7 SYSTEMPATH\Commands\Server\rewrite.php(49): require_once('C:\\APK\\xampp-8.2\\htdocs\\SafeToTrip\\public\\index.php')
CRITICAL - 2024-06-02 22:44:32 --> TypeError: CodeIgniter\HTTP\SiteURI::stringifyRelativePath(): Return value must be of type string, bool returned
[Method: GET, Route: dashboard]
in SYSTEMPATH\HTTP\SiteURI.php on line 407.
 1 SYSTEMPATH\HTTP\SiteURI.php(381): CodeIgniter\HTTP\SiteURI->stringifyRelativePath(false)
 2 SYSTEMPATH\Helpers\url_helper.php(59): CodeIgniter\HTTP\SiteURI->baseUrl(false, null)
 3 APPPATH\Views\temp_adminpage\sidebar.php(18): base_url(false)
 4 SYSTEMPATH\View\View.php(234): include('C:\\APK\\xampp-8.2\\htdocs\\SafeToTrip\\app\\Views\\temp_adminpage\\sidebar.php')
 5 SYSTEMPATH\View\View.php(237): CodeIgniter\View\View->CodeIgniter\View\{closure}()
 6 SYSTEMPATH\View\View.php(484): CodeIgniter\View\View->render('temp_adminpage/sidebar', null, true)
 7 APPPATH\Views\adminpage\index.php(2): CodeIgniter\View\View->include('temp_adminpage/sidebar')
 8 SYSTEMPATH\View\View.php(234): include('C:\\APK\\xampp-8.2\\htdocs\\SafeToTrip\\app\\Views\\adminpage\\index.php')
 9 SYSTEMPATH\View\View.php(237): CodeIgniter\View\View->CodeIgniter\View\{closure}()
10 SYSTEMPATH\Common.php(1171): CodeIgniter\View\View->render('adminpage/index', [], true)
11 APPPATH\Controllers\Home.php(36): view('adminpage/index', [...])
12 SYSTEMPATH\CodeIgniter.php(933): App\Controllers\Home->adminpage()
13 SYSTEMPATH\CodeIgniter.php(509): CodeIgniter\CodeIgniter->runController(Object(App\Controllers\Home))
14 SYSTEMPATH\CodeIgniter.php(355): CodeIgniter\CodeIgniter->handleRequest(null, Object(Config\Cache), false)
15 SYSTEMPATH\Boot.php(312): CodeIgniter\CodeIgniter->run()
16 SYSTEMPATH\Boot.php(67): CodeIgniter\Boot::runCodeIgniter(Object(CodeIgniter\CodeIgniter))
17 FCPATH\index.php(56): CodeIgniter\Boot::bootWeb(Object(Config\Paths))
18 SYSTEMPATH\Commands\Server\rewrite.php(49): require_once('C:\\APK\\xampp-8.2\\htdocs\\SafeToTrip\\public\\index.php')
INFO - 2024-06-02 22:44:32 --> Session: Class initialized using 'CodeIgniter\Session\Handlers\FileHandler' driver.
WARNING - 2024-06-02 22:44:32 --> [DEPRECATED] Creation of dynamic property App\Controllers\Home::$session is deprecated in APPPATH\Controllers\Home.php on line 9.
 1 SYSTEMPATH\CodeIgniter.php(903): App\Controllers\Home->__construct()
 2 SYSTEMPATH\CodeIgniter.php(500): CodeIgniter\CodeIgniter->createController()
 3 SYSTEMPATH\CodeIgniter.php(355): CodeIgniter\CodeIgniter->handleRequest(null, Object(Config\Cache), false)
 4 SYSTEMPATH\Boot.php(312): CodeIgniter\CodeIgniter->run()
 5 SYSTEMPATH\Boot.php(67): CodeIgniter\Boot::runCodeIgniter(Object(CodeIgniter\CodeIgniter))
 6 FCPATH\index.php(56): CodeIgniter\Boot::bootWeb(Object(Config\Paths))
 7 SYSTEMPATH\Commands\Server\rewrite.php(49): require_once('C:\\APK\\xampp-8.2\\htdocs\\SafeToTrip\\public\\index.php')
CRITICAL - 2024-06-02 22:44:32 --> TypeError: CodeIgniter\HTTP\SiteURI::stringifyRelativePath(): Return value must be of type string, bool returned
[Method: GET, Route: dashboard]
in SYSTEMPATH\HTTP\SiteURI.php on line 407.
 1 SYSTEMPATH\HTTP\SiteURI.php(381): CodeIgniter\HTTP\SiteURI->stringifyRelativePath(false)
 2 SYSTEMPATH\Helpers\url_helper.php(59): CodeIgniter\HTTP\SiteURI->baseUrl(false, null)
 3 APPPATH\Views\temp_adminpage\sidebar.php(18): base_url(false)
 4 SYSTEMPATH\View\View.php(234): include('C:\\APK\\xampp-8.2\\htdocs\\SafeToTrip\\app\\Views\\temp_adminpage\\sidebar.php')
 5 SYSTEMPATH\View\View.php(237): CodeIgniter\View\View->CodeIgniter\View\{closure}()
 6 SYSTEMPATH\View\View.php(484): CodeIgniter\View\View->render('temp_adminpage/sidebar', null, true)
 7 APPPATH\Views\adminpage\index.php(2): CodeIgniter\View\View->include('temp_adminpage/sidebar')
 8 SYSTEMPATH\View\View.php(234): include('C:\\APK\\xampp-8.2\\htdocs\\SafeToTrip\\app\\Views\\adminpage\\index.php')
 9 SYSTEMPATH\View\View.php(237): CodeIgniter\View\View->CodeIgniter\View\{closure}()
10 SYSTEMPATH\Common.php(1171): CodeIgniter\View\View->render('adminpage/index', [], true)
11 APPPATH\Controllers\Home.php(36): view('adminpage/index', [...])
12 SYSTEMPATH\CodeIgniter.php(933): App\Controllers\Home->adminpage()
13 SYSTEMPATH\CodeIgniter.php(509): CodeIgniter\CodeIgniter->runController(Object(App\Controllers\Home))
14 SYSTEMPATH\CodeIgniter.php(355): CodeIgniter\CodeIgniter->handleRequest(null, Object(Config\Cache), false)
15 SYSTEMPATH\Boot.php(312): CodeIgniter\CodeIgniter->run()
16 SYSTEMPATH\Boot.php(67): CodeIgniter\Boot::runCodeIgniter(Object(CodeIgniter\CodeIgniter))
17 FCPATH\index.php(56): CodeIgniter\Boot::bootWeb(Object(Config\Paths))
18 SYSTEMPATH\Commands\Server\rewrite.php(49): require_once('C:\\APK\\xampp-8.2\\htdocs\\SafeToTrip\\public\\index.php')
INFO - 2024-06-02 22:44:32 --> Session: Class initialized using 'CodeIgniter\Session\Handlers\FileHandler' driver.
WARNING - 2024-06-02 22:44:32 --> [DEPRECATED] Creation of dynamic property App\Controllers\Home::$session is deprecated in APPPATH\Controllers\Home.php on line 9.
 1 SYSTEMPATH\CodeIgniter.php(903): App\Controllers\Home->__construct()
 2 SYSTEMPATH\CodeIgniter.php(500): CodeIgniter\CodeIgniter->createController()
 3 SYSTEMPATH\CodeIgniter.php(355): CodeIgniter\CodeIgniter->handleRequest(null, Object(Config\Cache), false)
 4 SYSTEMPATH\Boot.php(312): CodeIgniter\CodeIgniter->run()
 5 SYSTEMPATH\Boot.php(67): CodeIgniter\Boot::runCodeIgniter(Object(CodeIgniter\CodeIgniter))
 6 FCPATH\index.php(56): CodeIgniter\Boot::bootWeb(Object(Config\Paths))
 7 SYSTEMPATH\Commands\Server\rewrite.php(49): require_once('C:\\APK\\xampp-8.2\\htdocs\\SafeToTrip\\public\\index.php')
CRITICAL - 2024-06-02 22:44:32 --> TypeError: CodeIgniter\HTTP\SiteURI::stringifyRelativePath(): Return value must be of type string, bool returned
[Method: GET, Route: dashboard]
in SYSTEMPATH\HTTP\SiteURI.php on line 407.
 1 SYSTEMPATH\HTTP\SiteURI.php(381): CodeIgniter\HTTP\SiteURI->stringifyRelativePath(false)
 2 SYSTEMPATH\Helpers\url_helper.php(59): CodeIgniter\HTTP\SiteURI->baseUrl(false, null)
 3 APPPATH\Views\temp_adminpage\sidebar.php(18): base_url(false)
 4 SYSTEMPATH\View\View.php(234): include('C:\\APK\\xampp-8.2\\htdocs\\SafeToTrip\\app\\Views\\temp_adminpage\\sidebar.php')
 5 SYSTEMPATH\View\View.php(237): CodeIgniter\View\View->CodeIgniter\View\{closure}()
 6 SYSTEMPATH\View\View.php(484): CodeIgniter\View\View->render('temp_adminpage/sidebar', null, true)
 7 APPPATH\Views\adminpage\index.php(2): CodeIgniter\View\View->include('temp_adminpage/sidebar')
 8 SYSTEMPATH\View\View.php(234): include('C:\\APK\\xampp-8.2\\htdocs\\SafeToTrip\\app\\Views\\adminpage\\index.php')
 9 SYSTEMPATH\View\View.php(237): CodeIgniter\View\View->CodeIgniter\View\{closure}()
10 SYSTEMPATH\Common.php(1171): CodeIgniter\View\View->render('adminpage/index', [], true)
11 APPPATH\Controllers\Home.php(36): view('adminpage/index', [...])
12 SYSTEMPATH\CodeIgniter.php(933): App\Controllers\Home->adminpage()
13 SYSTEMPATH\CodeIgniter.php(509): CodeIgniter\CodeIgniter->runController(Object(App\Controllers\Home))
14 SYSTEMPATH\CodeIgniter.php(355): CodeIgniter\CodeIgniter->handleRequest(null, Object(Config\Cache), false)
15 SYSTEMPATH\Boot.php(312): CodeIgniter\CodeIgniter->run()
16 SYSTEMPATH\Boot.php(67): CodeIgniter\Boot::runCodeIgniter(Object(CodeIgniter\CodeIgniter))
17 FCPATH\index.php(56): CodeIgniter\Boot::bootWeb(Object(Config\Paths))
18 SYSTEMPATH\Commands\Server\rewrite.php(49): require_once('C:\\APK\\xampp-8.2\\htdocs\\SafeToTrip\\public\\index.php')
INFO - 2024-06-02 22:44:33 --> Session: Class initialized using 'CodeIgniter\Session\Handlers\FileHandler' driver.
WARNING - 2024-06-02 22:44:33 --> [DEPRECATED] Creation of dynamic property App\Controllers\Home::$session is deprecated in APPPATH\Controllers\Home.php on line 9.
 1 SYSTEMPATH\CodeIgniter.php(903): App\Controllers\Home->__construct()
 2 SYSTEMPATH\CodeIgniter.php(500): CodeIgniter\CodeIgniter->createController()
 3 SYSTEMPATH\CodeIgniter.php(355): CodeIgniter\CodeIgniter->handleRequest(null, Object(Config\Cache), false)
 4 SYSTEMPATH\Boot.php(312): CodeIgniter\CodeIgniter->run()
 5 SYSTEMPATH\Boot.php(67): CodeIgniter\Boot::runCodeIgniter(Object(CodeIgniter\CodeIgniter))
 6 FCPATH\index.php(56): CodeIgniter\Boot::bootWeb(Object(Config\Paths))
 7 SYSTEMPATH\Commands\Server\rewrite.php(49): require_once('C:\\APK\\xampp-8.2\\htdocs\\SafeToTrip\\public\\index.php')
CRITICAL - 2024-06-02 22:44:33 --> TypeError: CodeIgniter\HTTP\SiteURI::stringifyRelativePath(): Return value must be of type string, bool returned
[Method: GET, Route: dashboard]
in SYSTEMPATH\HTTP\SiteURI.php on line 407.
 1 SYSTEMPATH\HTTP\SiteURI.php(381): CodeIgniter\HTTP\SiteURI->stringifyRelativePath(false)
 2 SYSTEMPATH\Helpers\url_helper.php(59): CodeIgniter\HTTP\SiteURI->baseUrl(false, null)
 3 APPPATH\Views\temp_adminpage\sidebar.php(18): base_url(false)
 4 SYSTEMPATH\View\View.php(234): include('C:\\APK\\xampp-8.2\\htdocs\\SafeToTrip\\app\\Views\\temp_adminpage\\sidebar.php')
 5 SYSTEMPATH\View\View.php(237): CodeIgniter\View\View->CodeIgniter\View\{closure}()
 6 SYSTEMPATH\View\View.php(484): CodeIgniter\View\View->render('temp_adminpage/sidebar', null, true)
 7 APPPATH\Views\adminpage\index.php(2): CodeIgniter\View\View->include('temp_adminpage/sidebar')
 8 SYSTEMPATH\View\View.php(234): include('C:\\APK\\xampp-8.2\\htdocs\\SafeToTrip\\app\\Views\\adminpage\\index.php')
 9 SYSTEMPATH\View\View.php(237): CodeIgniter\View\View->CodeIgniter\View\{closure}()
10 SYSTEMPATH\Common.php(1171): CodeIgniter\View\View->render('adminpage/index', [], true)
11 APPPATH\Controllers\Home.php(36): view('adminpage/index', [...])
12 SYSTEMPATH\CodeIgniter.php(933): App\Controllers\Home->adminpage()
13 SYSTEMPATH\CodeIgniter.php(509): CodeIgniter\CodeIgniter->runController(Object(App\Controllers\Home))
14 SYSTEMPATH\CodeIgniter.php(355): CodeIgniter\CodeIgniter->handleRequest(null, Object(Config\Cache), false)
15 SYSTEMPATH\Boot.php(312): CodeIgniter\CodeIgniter->run()
16 SYSTEMPATH\Boot.php(67): CodeIgniter\Boot::runCodeIgniter(Object(CodeIgniter\CodeIgniter))
17 FCPATH\index.php(56): CodeIgniter\Boot::bootWeb(Object(Config\Paths))
18 SYSTEMPATH\Commands\Server\rewrite.php(49): require_once('C:\\APK\\xampp-8.2\\htdocs\\SafeToTrip\\public\\index.php')
INFO - 2024-06-02 22:44:33 --> Session: Class initialized using 'CodeIgniter\Session\Handlers\FileHandler' driver.
WARNING - 2024-06-02 22:44:33 --> [DEPRECATED] Creation of dynamic property App\Controllers\Home::$session is deprecated in APPPATH\Controllers\Home.php on line 9.
 1 SYSTEMPATH\CodeIgniter.php(903): App\Controllers\Home->__construct()
 2 SYSTEMPATH\CodeIgniter.php(500): CodeIgniter\CodeIgniter->createController()
 3 SYSTEMPATH\CodeIgniter.php(355): CodeIgniter\CodeIgniter->handleRequest(null, Object(Config\Cache), false)
 4 SYSTEMPATH\Boot.php(312): CodeIgniter\CodeIgniter->run()
 5 SYSTEMPATH\Boot.php(67): CodeIgniter\Boot::runCodeIgniter(Object(CodeIgniter\CodeIgniter))
 6 FCPATH\index.php(56): CodeIgniter\Boot::bootWeb(Object(Config\Paths))
 7 SYSTEMPATH\Commands\Server\rewrite.php(49): require_once('C:\\APK\\xampp-8.2\\htdocs\\SafeToTrip\\public\\index.php')
CRITICAL - 2024-06-02 22:44:33 --> TypeError: CodeIgniter\HTTP\SiteURI::stringifyRelativePath(): Return value must be of type string, bool returned
[Method: GET, Route: dashboard]
in SYSTEMPATH\HTTP\SiteURI.php on line 407.
 1 SYSTEMPATH\HTTP\SiteURI.php(381): CodeIgniter\HTTP\SiteURI->stringifyRelativePath(false)
 2 SYSTEMPATH\Helpers\url_helper.php(59): CodeIgniter\HTTP\SiteURI->baseUrl(false, null)
 3 APPPATH\Views\temp_adminpage\sidebar.php(18): base_url(false)
 4 SYSTEMPATH\View\View.php(234): include('C:\\APK\\xampp-8.2\\htdocs\\SafeToTrip\\app\\Views\\temp_adminpage\\sidebar.php')
 5 SYSTEMPATH\View\View.php(237): CodeIgniter\View\View->CodeIgniter\View\{closure}()
 6 SYSTEMPATH\View\View.php(484): CodeIgniter\View\View->render('temp_adminpage/sidebar', null, true)
 7 APPPATH\Views\adminpage\index.php(2): CodeIgniter\View\View->include('temp_adminpage/sidebar')
 8 SYSTEMPATH\View\View.php(234): include('C:\\APK\\xampp-8.2\\htdocs\\SafeToTrip\\app\\Views\\adminpage\\index.php')
 9 SYSTEMPATH\View\View.php(237): CodeIgniter\View\View->CodeIgniter\View\{closure}()
10 SYSTEMPATH\Common.php(1171): CodeIgniter\View\View->render('adminpage/index', [], true)
11 APPPATH\Controllers\Home.php(36): view('adminpage/index', [...])
12 SYSTEMPATH\CodeIgniter.php(933): App\Controllers\Home->adminpage()
13 SYSTEMPATH\CodeIgniter.php(509): CodeIgniter\CodeIgniter->runController(Object(App\Controllers\Home))
14 SYSTEMPATH\CodeIgniter.php(355): CodeIgniter\CodeIgniter->handleRequest(null, Object(Config\Cache), false)
15 SYSTEMPATH\Boot.php(312): CodeIgniter\CodeIgniter->run()
16 SYSTEMPATH\Boot.php(67): CodeIgniter\Boot::runCodeIgniter(Object(CodeIgniter\CodeIgniter))
17 FCPATH\index.php(56): CodeIgniter\Boot::bootWeb(Object(Config\Paths))
18 SYSTEMPATH\Commands\Server\rewrite.php(49): require_once('C:\\APK\\xampp-8.2\\htdocs\\SafeToTrip\\public\\index.php')
INFO - 2024-06-02 22:44:33 --> Session: Class initialized using 'CodeIgniter\Session\Handlers\FileHandler' driver.
WARNING - 2024-06-02 22:44:33 --> [DEPRECATED] Creation of dynamic property App\Controllers\Home::$session is deprecated in APPPATH\Controllers\Home.php on line 9.
 1 SYSTEMPATH\CodeIgniter.php(903): App\Controllers\Home->__construct()
 2 SYSTEMPATH\CodeIgniter.php(500): CodeIgniter\CodeIgniter->createController()
 3 SYSTEMPATH\CodeIgniter.php(355): CodeIgniter\CodeIgniter->handleRequest(null, Object(Config\Cache), false)
 4 SYSTEMPATH\Boot.php(312): CodeIgniter\CodeIgniter->run()
 5 SYSTEMPATH\Boot.php(67): CodeIgniter\Boot::runCodeIgniter(Object(CodeIgniter\CodeIgniter))
 6 FCPATH\index.php(56): CodeIgniter\Boot::bootWeb(Object(Config\Paths))
 7 SYSTEMPATH\Commands\Server\rewrite.php(49): require_once('C:\\APK\\xampp-8.2\\htdocs\\SafeToTrip\\public\\index.php')
CRITICAL - 2024-06-02 22:44:33 --> TypeError: CodeIgniter\HTTP\SiteURI::stringifyRelativePath(): Return value must be of type string, bool returned
[Method: GET, Route: dashboard]
in SYSTEMPATH\HTTP\SiteURI.php on line 407.
 1 SYSTEMPATH\HTTP\SiteURI.php(381): CodeIgniter\HTTP\SiteURI->stringifyRelativePath(false)
 2 SYSTEMPATH\Helpers\url_helper.php(59): CodeIgniter\HTTP\SiteURI->baseUrl(false, null)
 3 APPPATH\Views\temp_adminpage\sidebar.php(18): base_url(false)
 4 SYSTEMPATH\View\View.php(234): include('C:\\APK\\xampp-8.2\\htdocs\\SafeToTrip\\app\\Views\\temp_adminpage\\sidebar.php')
 5 SYSTEMPATH\View\View.php(237): CodeIgniter\View\View->CodeIgniter\View\{closure}()
 6 SYSTEMPATH\View\View.php(484): CodeIgniter\View\View->render('temp_adminpage/sidebar', null, true)
 7 APPPATH\Views\adminpage\index.php(2): CodeIgniter\View\View->include('temp_adminpage/sidebar')
 8 SYSTEMPATH\View\View.php(234): include('C:\\APK\\xampp-8.2\\htdocs\\SafeToTrip\\app\\Views\\adminpage\\index.php')
 9 SYSTEMPATH\View\View.php(237): CodeIgniter\View\View->CodeIgniter\View\{closure}()
10 SYSTEMPATH\Common.php(1171): CodeIgniter\View\View->render('adminpage/index', [], true)
11 APPPATH\Controllers\Home.php(36): view('adminpage/index', [...])
12 SYSTEMPATH\CodeIgniter.php(933): App\Controllers\Home->adminpage()
13 SYSTEMPATH\CodeIgniter.php(509): CodeIgniter\CodeIgniter->runController(Object(App\Controllers\Home))
14 SYSTEMPATH\CodeIgniter.php(355): CodeIgniter\CodeIgniter->handleRequest(null, Object(Config\Cache), false)
15 SYSTEMPATH\Boot.php(312): CodeIgniter\CodeIgniter->run()
16 SYSTEMPATH\Boot.php(67): CodeIgniter\Boot::runCodeIgniter(Object(CodeIgniter\CodeIgniter))
17 FCPATH\index.php(56): CodeIgniter\Boot::bootWeb(Object(Config\Paths))
18 SYSTEMPATH\Commands\Server\rewrite.php(49): require_once('C:\\APK\\xampp-8.2\\htdocs\\SafeToTrip\\public\\index.php')
INFO - 2024-06-02 22:44:34 --> Session: Class initialized using 'CodeIgniter\Session\Handlers\FileHandler' driver.
WARNING - 2024-06-02 22:44:34 --> [DEPRECATED] Creation of dynamic property App\Controllers\Home::$session is deprecated in APPPATH\Controllers\Home.php on line 9.
 1 SYSTEMPATH\CodeIgniter.php(903): App\Controllers\Home->__construct()
 2 SYSTEMPATH\CodeIgniter.php(500): CodeIgniter\CodeIgniter->createController()
 3 SYSTEMPATH\CodeIgniter.php(355): CodeIgniter\CodeIgniter->handleRequest(null, Object(Config\Cache), false)
 4 SYSTEMPATH\Boot.php(312): CodeIgniter\CodeIgniter->run()
 5 SYSTEMPATH\Boot.php(67): CodeIgniter\Boot::runCodeIgniter(Object(CodeIgniter\CodeIgniter))
 6 FCPATH\index.php(56): CodeIgniter\Boot::bootWeb(Object(Config\Paths))
 7 SYSTEMPATH\Commands\Server\rewrite.php(49): require_once('C:\\APK\\xampp-8.2\\htdocs\\SafeToTrip\\public\\index.php')
CRITICAL - 2024-06-02 22:44:34 --> TypeError: CodeIgniter\HTTP\SiteURI::stringifyRelativePath(): Return value must be of type string, bool returned
[Method: GET, Route: dashboard]
in SYSTEMPATH\HTTP\SiteURI.php on line 407.
 1 SYSTEMPATH\HTTP\SiteURI.php(381): CodeIgniter\HTTP\SiteURI->stringifyRelativePath(false)
 2 SYSTEMPATH\Helpers\url_helper.php(59): CodeIgniter\HTTP\SiteURI->baseUrl(false, null)
 3 APPPATH\Views\temp_adminpage\sidebar.php(18): base_url(false)
 4 SYSTEMPATH\View\View.php(234): include('C:\\APK\\xampp-8.2\\htdocs\\SafeToTrip\\app\\Views\\temp_adminpage\\sidebar.php')
 5 SYSTEMPATH\View\View.php(237): CodeIgniter\View\View->CodeIgniter\View\{closure}()
 6 SYSTEMPATH\View\View.php(484): CodeIgniter\View\View->render('temp_adminpage/sidebar', null, true)
 7 APPPATH\Views\adminpage\index.php(2): CodeIgniter\View\View->include('temp_adminpage/sidebar')
 8 SYSTEMPATH\View\View.php(234): include('C:\\APK\\xampp-8.2\\htdocs\\SafeToTrip\\app\\Views\\adminpage\\index.php')
 9 SYSTEMPATH\View\View.php(237): CodeIgniter\View\View->CodeIgniter\View\{closure}()
10 SYSTEMPATH\Common.php(1171): CodeIgniter\View\View->render('adminpage/index', [], true)
11 APPPATH\Controllers\Home.php(36): view('adminpage/index', [...])
12 SYSTEMPATH\CodeIgniter.php(933): App\Controllers\Home->adminpage()
13 SYSTEMPATH\CodeIgniter.php(509): CodeIgniter\CodeIgniter->runController(Object(App\Controllers\Home))
14 SYSTEMPATH\CodeIgniter.php(355): CodeIgniter\CodeIgniter->handleRequest(null, Object(Config\Cache), false)
15 SYSTEMPATH\Boot.php(312): CodeIgniter\CodeIgniter->run()
16 SYSTEMPATH\Boot.php(67): CodeIgniter\Boot::runCodeIgniter(Object(CodeIgniter\CodeIgniter))
17 FCPATH\index.php(56): CodeIgniter\Boot::bootWeb(Object(Config\Paths))
18 SYSTEMPATH\Commands\Server\rewrite.php(49): require_once('C:\\APK\\xampp-8.2\\htdocs\\SafeToTrip\\public\\index.php')
INFO - 2024-06-02 22:44:34 --> Session: Class initialized using 'CodeIgniter\Session\Handlers\FileHandler' driver.
WARNING - 2024-06-02 22:44:34 --> [DEPRECATED] Creation of dynamic property App\Controllers\Home::$session is deprecated in APPPATH\Controllers\Home.php on line 9.
 1 SYSTEMPATH\CodeIgniter.php(903): App\Controllers\Home->__construct()
 2 SYSTEMPATH\CodeIgniter.php(500): CodeIgniter\CodeIgniter->createController()
 3 SYSTEMPATH\CodeIgniter.php(355): CodeIgniter\CodeIgniter->handleRequest(null, Object(Config\Cache), false)
 4 SYSTEMPATH\Boot.php(312): CodeIgniter\CodeIgniter->run()
 5 SYSTEMPATH\Boot.php(67): CodeIgniter\Boot::runCodeIgniter(Object(CodeIgniter\CodeIgniter))
 6 FCPATH\index.php(56): CodeIgniter\Boot::bootWeb(Object(Config\Paths))
 7 SYSTEMPATH\Commands\Server\rewrite.php(49): require_once('C:\\APK\\xampp-8.2\\htdocs\\SafeToTrip\\public\\index.php')
CRITICAL - 2024-06-02 22:44:34 --> TypeError: CodeIgniter\HTTP\SiteURI::stringifyRelativePath(): Return value must be of type string, bool returned
[Method: GET, Route: dashboard]
in SYSTEMPATH\HTTP\SiteURI.php on line 407.
 1 SYSTEMPATH\HTTP\SiteURI.php(381): CodeIgniter\HTTP\SiteURI->stringifyRelativePath(false)
 2 SYSTEMPATH\Helpers\url_helper.php(59): CodeIgniter\HTTP\SiteURI->baseUrl(false, null)
 3 APPPATH\Views\temp_adminpage\sidebar.php(18): base_url(false)
 4 SYSTEMPATH\View\View.php(234): include('C:\\APK\\xampp-8.2\\htdocs\\SafeToTrip\\app\\Views\\temp_adminpage\\sidebar.php')
 5 SYSTEMPATH\View\View.php(237): CodeIgniter\View\View->CodeIgniter\View\{closure}()
 6 SYSTEMPATH\View\View.php(484): CodeIgniter\View\View->render('temp_adminpage/sidebar', null, true)
 7 APPPATH\Views\adminpage\index.php(2): CodeIgniter\View\View->include('temp_adminpage/sidebar')
 8 SYSTEMPATH\View\View.php(234): include('C:\\APK\\xampp-8.2\\htdocs\\SafeToTrip\\app\\Views\\adminpage\\index.php')
 9 SYSTEMPATH\View\View.php(237): CodeIgniter\View\View->CodeIgniter\View\{closure}()
10 SYSTEMPATH\Common.php(1171): CodeIgniter\View\View->render('adminpage/index', [], true)
11 APPPATH\Controllers\Home.php(36): view('adminpage/index', [...])
12 SYSTEMPATH\CodeIgniter.php(933): App\Controllers\Home->adminpage()
13 SYSTEMPATH\CodeIgniter.php(509): CodeIgniter\CodeIgniter->runController(Object(App\Controllers\Home))
14 SYSTEMPATH\CodeIgniter.php(355): CodeIgniter\CodeIgniter->handleRequest(null, Object(Config\Cache), false)
15 SYSTEMPATH\Boot.php(312): CodeIgniter\CodeIgniter->run()
16 SYSTEMPATH\Boot.php(67): CodeIgniter\Boot::runCodeIgniter(Object(CodeIgniter\CodeIgniter))
17 FCPATH\index.php(56): CodeIgniter\Boot::bootWeb(Object(Config\Paths))
18 SYSTEMPATH\Commands\Server\rewrite.php(49): require_once('C:\\APK\\xampp-8.2\\htdocs\\SafeToTrip\\public\\index.php')
INFO - 2024-06-02 22:45:17 --> Session: Class initialized using 'CodeIgniter\Session\Handlers\FileHandler' driver.
WARNING - 2024-06-02 22:45:17 --> [DEPRECATED] Creation of dynamic property App\Controllers\Home::$session is deprecated in APPPATH\Controllers\Home.php on line 9.
 1 SYSTEMPATH\CodeIgniter.php(903): App\Controllers\Home->__construct()
 2 SYSTEMPATH\CodeIgniter.php(500): CodeIgniter\CodeIgniter->createController()
 3 SYSTEMPATH\CodeIgniter.php(355): CodeIgniter\CodeIgniter->handleRequest(null, Object(Config\Cache), false)
 4 SYSTEMPATH\Boot.php(312): CodeIgniter\CodeIgniter->run()
 5 SYSTEMPATH\Boot.php(67): CodeIgniter\Boot::runCodeIgniter(Object(CodeIgniter\CodeIgniter))
 6 FCPATH\index.php(56): CodeIgniter\Boot::bootWeb(Object(Config\Paths))
 7 SYSTEMPATH\Commands\Server\rewrite.php(49): require_once('C:\\APK\\xampp-8.2\\htdocs\\SafeToTrip\\public\\index.php')
CRITICAL - 2024-06-02 22:45:17 --> TypeError: CodeIgniter\HTTP\SiteURI::stringifyRelativePath(): Return value must be of type string, bool returned
[Method: GET, Route: dashboard]
in SYSTEMPATH\HTTP\SiteURI.php on line 407.
 1 SYSTEMPATH\HTTP\SiteURI.php(381): CodeIgniter\HTTP\SiteURI->stringifyRelativePath(false)
 2 SYSTEMPATH\Helpers\url_helper.php(59): CodeIgniter\HTTP\SiteURI->baseUrl(false, null)
 3 APPPATH\Views\temp_adminpage\sidebar.php(18): base_url(false)
 4 SYSTEMPATH\View\View.php(234): include('C:\\APK\\xampp-8.2\\htdocs\\SafeToTrip\\app\\Views\\temp_adminpage\\sidebar.php')
 5 SYSTEMPATH\View\View.php(237): CodeIgniter\View\View->CodeIgniter\View\{closure}()
 6 SYSTEMPATH\View\View.php(484): CodeIgniter\View\View->render('temp_adminpage/sidebar', null, true)
 7 APPPATH\Views\adminpage\index.php(2): CodeIgniter\View\View->include('temp_adminpage/sidebar')
 8 SYSTEMPATH\View\View.php(234): include('C:\\APK\\xampp-8.2\\htdocs\\SafeToTrip\\app\\Views\\adminpage\\index.php')
 9 SYSTEMPATH\View\View.php(237): CodeIgniter\View\View->CodeIgniter\View\{closure}()
10 SYSTEMPATH\Common.php(1171): CodeIgniter\View\View->render('adminpage/index', [], true)
11 APPPATH\Controllers\Home.php(36): view('adminpage/index', [...])
12 SYSTEMPATH\CodeIgniter.php(933): App\Controllers\Home->adminpage()
13 SYSTEMPATH\CodeIgniter.php(509): CodeIgniter\CodeIgniter->runController(Object(App\Controllers\Home))
14 SYSTEMPATH\CodeIgniter.php(355): CodeIgniter\CodeIgniter->handleRequest(null, Object(Config\Cache), false)
15 SYSTEMPATH\Boot.php(312): CodeIgniter\CodeIgniter->run()
16 SYSTEMPATH\Boot.php(67): CodeIgniter\Boot::runCodeIgniter(Object(CodeIgniter\CodeIgniter))
17 FCPATH\index.php(56): CodeIgniter\Boot::bootWeb(Object(Config\Paths))
18 SYSTEMPATH\Commands\Server\rewrite.php(49): require_once('C:\\APK\\xampp-8.2\\htdocs\\SafeToTrip\\public\\index.php')
INFO - 2024-06-02 22:45:18 --> Session: Class initialized using 'CodeIgniter\Session\Handlers\FileHandler' driver.
WARNING - 2024-06-02 22:45:18 --> [DEPRECATED] Creation of dynamic property App\Controllers\Home::$session is deprecated in APPPATH\Controllers\Home.php on line 9.
 1 SYSTEMPATH\CodeIgniter.php(903): App\Controllers\Home->__construct()
 2 SYSTEMPATH\CodeIgniter.php(500): CodeIgniter\CodeIgniter->createController()
 3 SYSTEMPATH\CodeIgniter.php(355): CodeIgniter\CodeIgniter->handleRequest(null, Object(Config\Cache), false)
 4 SYSTEMPATH\Boot.php(312): CodeIgniter\CodeIgniter->run()
 5 SYSTEMPATH\Boot.php(67): CodeIgniter\Boot::runCodeIgniter(Object(CodeIgniter\CodeIgniter))
 6 FCPATH\index.php(56): CodeIgniter\Boot::bootWeb(Object(Config\Paths))
 7 SYSTEMPATH\Commands\Server\rewrite.php(49): require_once('C:\\APK\\xampp-8.2\\htdocs\\SafeToTrip\\public\\index.php')
CRITICAL - 2024-06-02 22:45:18 --> TypeError: CodeIgniter\HTTP\SiteURI::stringifyRelativePath(): Return value must be of type string, bool returned
[Method: GET, Route: dashboard]
in SYSTEMPATH\HTTP\SiteURI.php on line 407.
 1 SYSTEMPATH\HTTP\SiteURI.php(381): CodeIgniter\HTTP\SiteURI->stringifyRelativePath(false)
 2 SYSTEMPATH\Helpers\url_helper.php(59): CodeIgniter\HTTP\SiteURI->baseUrl(false, null)
 3 APPPATH\Views\temp_adminpage\sidebar.php(18): base_url(false)
 4 SYSTEMPATH\View\View.php(234): include('C:\\APK\\xampp-8.2\\htdocs\\SafeToTrip\\app\\Views\\temp_adminpage\\sidebar.php')
 5 SYSTEMPATH\View\View.php(237): CodeIgniter\View\View->CodeIgniter\View\{closure}()
 6 SYSTEMPATH\View\View.php(484): CodeIgniter\View\View->render('temp_adminpage/sidebar', null, true)
 7 APPPATH\Views\adminpage\index.php(2): CodeIgniter\View\View->include('temp_adminpage/sidebar')
 8 SYSTEMPATH\View\View.php(234): include('C:\\APK\\xampp-8.2\\htdocs\\SafeToTrip\\app\\Views\\adminpage\\index.php')
 9 SYSTEMPATH\View\View.php(237): CodeIgniter\View\View->CodeIgniter\View\{closure}()
10 SYSTEMPATH\Common.php(1171): CodeIgniter\View\View->render('adminpage/index', [], true)
11 APPPATH\Controllers\Home.php(36): view('adminpage/index', [...])
12 SYSTEMPATH\CodeIgniter.php(933): App\Controllers\Home->adminpage()
13 SYSTEMPATH\CodeIgniter.php(509): CodeIgniter\CodeIgniter->runController(Object(App\Controllers\Home))
14 SYSTEMPATH\CodeIgniter.php(355): CodeIgniter\CodeIgniter->handleRequest(null, Object(Config\Cache), false)
15 SYSTEMPATH\Boot.php(312): CodeIgniter\CodeIgniter->run()
16 SYSTEMPATH\Boot.php(67): CodeIgniter\Boot::runCodeIgniter(Object(CodeIgniter\CodeIgniter))
17 FCPATH\index.php(56): CodeIgniter\Boot::bootWeb(Object(Config\Paths))
18 SYSTEMPATH\Commands\Server\rewrite.php(49): require_once('C:\\APK\\xampp-8.2\\htdocs\\SafeToTrip\\public\\index.php')
INFO - 2024-06-02 22:45:18 --> Session: Class initialized using 'CodeIgniter\Session\Handlers\FileHandler' driver.
WARNING - 2024-06-02 22:45:18 --> [DEPRECATED] Creation of dynamic property App\Controllers\Home::$session is deprecated in APPPATH\Controllers\Home.php on line 9.
 1 SYSTEMPATH\CodeIgniter.php(903): App\Controllers\Home->__construct()
 2 SYSTEMPATH\CodeIgniter.php(500): CodeIgniter\CodeIgniter->createController()
 3 SYSTEMPATH\CodeIgniter.php(355): CodeIgniter\CodeIgniter->handleRequest(null, Object(Config\Cache), false)
 4 SYSTEMPATH\Boot.php(312): CodeIgniter\CodeIgniter->run()
 5 SYSTEMPATH\Boot.php(67): CodeIgniter\Boot::runCodeIgniter(Object(CodeIgniter\CodeIgniter))
 6 FCPATH\index.php(56): CodeIgniter\Boot::bootWeb(Object(Config\Paths))
 7 SYSTEMPATH\Commands\Server\rewrite.php(49): require_once('C:\\APK\\xampp-8.2\\htdocs\\SafeToTrip\\public\\index.php')
CRITICAL - 2024-06-02 22:45:18 --> TypeError: CodeIgniter\HTTP\SiteURI::stringifyRelativePath(): Return value must be of type string, bool returned
[Method: GET, Route: dashboard]
in SYSTEMPATH\HTTP\SiteURI.php on line 407.
 1 SYSTEMPATH\HTTP\SiteURI.php(381): CodeIgniter\HTTP\SiteURI->stringifyRelativePath(false)
 2 SYSTEMPATH\Helpers\url_helper.php(59): CodeIgniter\HTTP\SiteURI->baseUrl(false, null)
 3 APPPATH\Views\temp_adminpage\sidebar.php(18): base_url(false)
 4 SYSTEMPATH\View\View.php(234): include('C:\\APK\\xampp-8.2\\htdocs\\SafeToTrip\\app\\Views\\temp_adminpage\\sidebar.php')
 5 SYSTEMPATH\View\View.php(237): CodeIgniter\View\View->CodeIgniter\View\{closure}()
 6 SYSTEMPATH\View\View.php(484): CodeIgniter\View\View->render('temp_adminpage/sidebar', null, true)
 7 APPPATH\Views\adminpage\index.php(2): CodeIgniter\View\View->include('temp_adminpage/sidebar')
 8 SYSTEMPATH\View\View.php(234): include('C:\\APK\\xampp-8.2\\htdocs\\SafeToTrip\\app\\Views\\adminpage\\index.php')
 9 SYSTEMPATH\View\View.php(237): CodeIgniter\View\View->CodeIgniter\View\{closure}()
10 SYSTEMPATH\Common.php(1171): CodeIgniter\View\View->render('adminpage/index', [], true)
11 APPPATH\Controllers\Home.php(36): view('adminpage/index', [...])
12 SYSTEMPATH\CodeIgniter.php(933): App\Controllers\Home->adminpage()
13 SYSTEMPATH\CodeIgniter.php(509): CodeIgniter\CodeIgniter->runController(Object(App\Controllers\Home))
14 SYSTEMPATH\CodeIgniter.php(355): CodeIgniter\CodeIgniter->handleRequest(null, Object(Config\Cache), false)
15 SYSTEMPATH\Boot.php(312): CodeIgniter\CodeIgniter->run()
16 SYSTEMPATH\Boot.php(67): CodeIgniter\Boot::runCodeIgniter(Object(CodeIgniter\CodeIgniter))
17 FCPATH\index.php(56): CodeIgniter\Boot::bootWeb(Object(Config\Paths))
18 SYSTEMPATH\Commands\Server\rewrite.php(49): require_once('C:\\APK\\xampp-8.2\\htdocs\\SafeToTrip\\public\\index.php')
INFO - 2024-06-02 22:45:19 --> Session: Class initialized using 'CodeIgniter\Session\Handlers\FileHandler' driver.
WARNING - 2024-06-02 22:45:19 --> [DEPRECATED] Creation of dynamic property App\Controllers\Home::$session is deprecated in APPPATH\Controllers\Home.php on line 9.
 1 SYSTEMPATH\CodeIgniter.php(903): App\Controllers\Home->__construct()
 2 SYSTEMPATH\CodeIgniter.php(500): CodeIgniter\CodeIgniter->createController()
 3 SYSTEMPATH\CodeIgniter.php(355): CodeIgniter\CodeIgniter->handleRequest(null, Object(Config\Cache), false)
 4 SYSTEMPATH\Boot.php(312): CodeIgniter\CodeIgniter->run()
 5 SYSTEMPATH\Boot.php(67): CodeIgniter\Boot::runCodeIgniter(Object(CodeIgniter\CodeIgniter))
 6 FCPATH\index.php(56): CodeIgniter\Boot::bootWeb(Object(Config\Paths))
 7 SYSTEMPATH\Commands\Server\rewrite.php(49): require_once('C:\\APK\\xampp-8.2\\htdocs\\SafeToTrip\\public\\index.php')
CRITICAL - 2024-06-02 22:45:19 --> TypeError: CodeIgniter\HTTP\SiteURI::stringifyRelativePath(): Return value must be of type string, bool returned
[Method: GET, Route: dashboard]
in SYSTEMPATH\HTTP\SiteURI.php on line 407.
 1 SYSTEMPATH\HTTP\SiteURI.php(381): CodeIgniter\HTTP\SiteURI->stringifyRelativePath(false)
 2 SYSTEMPATH\Helpers\url_helper.php(59): CodeIgniter\HTTP\SiteURI->baseUrl(false, null)
 3 APPPATH\Views\temp_adminpage\sidebar.php(18): base_url(false)
 4 SYSTEMPATH\View\View.php(234): include('C:\\APK\\xampp-8.2\\htdocs\\SafeToTrip\\app\\Views\\temp_adminpage\\sidebar.php')
 5 SYSTEMPATH\View\View.php(237): CodeIgniter\View\View->CodeIgniter\View\{closure}()
 6 SYSTEMPATH\View\View.php(484): CodeIgniter\View\View->render('temp_adminpage/sidebar', null, true)
 7 APPPATH\Views\adminpage\index.php(2): CodeIgniter\View\View->include('temp_adminpage/sidebar')
 8 SYSTEMPATH\View\View.php(234): include('C:\\APK\\xampp-8.2\\htdocs\\SafeToTrip\\app\\Views\\adminpage\\index.php')
 9 SYSTEMPATH\View\View.php(237): CodeIgniter\View\View->CodeIgniter\View\{closure}()
10 SYSTEMPATH\Common.php(1171): CodeIgniter\View\View->render('adminpage/index', [], true)
11 APPPATH\Controllers\Home.php(36): view('adminpage/index', [...])
12 SYSTEMPATH\CodeIgniter.php(933): App\Controllers\Home->adminpage()
13 SYSTEMPATH\CodeIgniter.php(509): CodeIgniter\CodeIgniter->runController(Object(App\Controllers\Home))
14 SYSTEMPATH\CodeIgniter.php(355): CodeIgniter\CodeIgniter->handleRequest(null, Object(Config\Cache), false)
15 SYSTEMPATH\Boot.php(312): CodeIgniter\CodeIgniter->run()
16 SYSTEMPATH\Boot.php(67): CodeIgniter\Boot::runCodeIgniter(Object(CodeIgniter\CodeIgniter))
17 FCPATH\index.php(56): CodeIgniter\Boot::bootWeb(Object(Config\Paths))
18 SYSTEMPATH\Commands\Server\rewrite.php(49): require_once('C:\\APK\\xampp-8.2\\htdocs\\SafeToTrip\\public\\index.php')
INFO - 2024-06-02 22:45:19 --> Session: Class initialized using 'CodeIgniter\Session\Handlers\FileHandler' driver.
WARNING - 2024-06-02 22:45:19 --> [DEPRECATED] Creation of dynamic property App\Controllers\Home::$session is deprecated in APPPATH\Controllers\Home.php on line 9.
 1 SYSTEMPATH\CodeIgniter.php(903): App\Controllers\Home->__construct()
 2 SYSTEMPATH\CodeIgniter.php(500): CodeIgniter\CodeIgniter->createController()
 3 SYSTEMPATH\CodeIgniter.php(355): CodeIgniter\CodeIgniter->handleRequest(null, Object(Config\Cache), false)
 4 SYSTEMPATH\Boot.php(312): CodeIgniter\CodeIgniter->run()
 5 SYSTEMPATH\Boot.php(67): CodeIgniter\Boot::runCodeIgniter(Object(CodeIgniter\CodeIgniter))
 6 FCPATH\index.php(56): CodeIgniter\Boot::bootWeb(Object(Config\Paths))
 7 SYSTEMPATH\Commands\Server\rewrite.php(49): require_once('C:\\APK\\xampp-8.2\\htdocs\\SafeToTrip\\public\\index.php')
CRITICAL - 2024-06-02 22:45:19 --> TypeError: CodeIgniter\HTTP\SiteURI::stringifyRelativePath(): Return value must be of type string, bool returned
[Method: GET, Route: dashboard]
in SYSTEMPATH\HTTP\SiteURI.php on line 407.
 1 SYSTEMPATH\HTTP\SiteURI.php(381): CodeIgniter\HTTP\SiteURI->stringifyRelativePath(false)
 2 SYSTEMPATH\Helpers\url_helper.php(59): CodeIgniter\HTTP\SiteURI->baseUrl(false, null)
 3 APPPATH\Views\temp_adminpage\sidebar.php(18): base_url(false)
 4 SYSTEMPATH\View\View.php(234): include('C:\\APK\\xampp-8.2\\htdocs\\SafeToTrip\\app\\Views\\temp_adminpage\\sidebar.php')
 5 SYSTEMPATH\View\View.php(237): CodeIgniter\View\View->CodeIgniter\View\{closure}()
 6 SYSTEMPATH\View\View.php(484): CodeIgniter\View\View->render('temp_adminpage/sidebar', null, true)
 7 APPPATH\Views\adminpage\index.php(2): CodeIgniter\View\View->include('temp_adminpage/sidebar')
 8 SYSTEMPATH\View\View.php(234): include('C:\\APK\\xampp-8.2\\htdocs\\SafeToTrip\\app\\Views\\adminpage\\index.php')
 9 SYSTEMPATH\View\View.php(237): CodeIgniter\View\View->CodeIgniter\View\{closure}()
10 SYSTEMPATH\Common.php(1171): CodeIgniter\View\View->render('adminpage/index', [], true)
11 APPPATH\Controllers\Home.php(36): view('adminpage/index', [...])
12 SYSTEMPATH\CodeIgniter.php(933): App\Controllers\Home->adminpage()
13 SYSTEMPATH\CodeIgniter.php(509): CodeIgniter\CodeIgniter->runController(Object(App\Controllers\Home))
14 SYSTEMPATH\CodeIgniter.php(355): CodeIgniter\CodeIgniter->handleRequest(null, Object(Config\Cache), false)
15 SYSTEMPATH\Boot.php(312): CodeIgniter\CodeIgniter->run()
16 SYSTEMPATH\Boot.php(67): CodeIgniter\Boot::runCodeIgniter(Object(CodeIgniter\CodeIgniter))
17 FCPATH\index.php(56): CodeIgniter\Boot::bootWeb(Object(Config\Paths))
18 SYSTEMPATH\Commands\Server\rewrite.php(49): require_once('C:\\APK\\xampp-8.2\\htdocs\\SafeToTrip\\public\\index.php')
INFO - 2024-06-02 22:45:19 --> Session: Class initialized using 'CodeIgniter\Session\Handlers\FileHandler' driver.
WARNING - 2024-06-02 22:45:19 --> [DEPRECATED] Creation of dynamic property App\Controllers\Home::$session is deprecated in APPPATH\Controllers\Home.php on line 9.
 1 SYSTEMPATH\CodeIgniter.php(903): App\Controllers\Home->__construct()
 2 SYSTEMPATH\CodeIgniter.php(500): CodeIgniter\CodeIgniter->createController()
 3 SYSTEMPATH\CodeIgniter.php(355): CodeIgniter\CodeIgniter->handleRequest(null, Object(Config\Cache), false)
 4 SYSTEMPATH\Boot.php(312): CodeIgniter\CodeIgniter->run()
 5 SYSTEMPATH\Boot.php(67): CodeIgniter\Boot::runCodeIgniter(Object(CodeIgniter\CodeIgniter))
 6 FCPATH\index.php(56): CodeIgniter\Boot::bootWeb(Object(Config\Paths))
 7 SYSTEMPATH\Commands\Server\rewrite.php(49): require_once('C:\\APK\\xampp-8.2\\htdocs\\SafeToTrip\\public\\index.php')
CRITICAL - 2024-06-02 22:45:19 --> TypeError: CodeIgniter\HTTP\SiteURI::stringifyRelativePath(): Return value must be of type string, bool returned
[Method: GET, Route: dashboard]
in SYSTEMPATH\HTTP\SiteURI.php on line 407.
 1 SYSTEMPATH\HTTP\SiteURI.php(381): CodeIgniter\HTTP\SiteURI->stringifyRelativePath(false)
 2 SYSTEMPATH\Helpers\url_helper.php(59): CodeIgniter\HTTP\SiteURI->baseUrl(false, null)
 3 APPPATH\Views\temp_adminpage\sidebar.php(18): base_url(false)
 4 SYSTEMPATH\View\View.php(234): include('C:\\APK\\xampp-8.2\\htdocs\\SafeToTrip\\app\\Views\\temp_adminpage\\sidebar.php')
 5 SYSTEMPATH\View\View.php(237): CodeIgniter\View\View->CodeIgniter\View\{closure}()
 6 SYSTEMPATH\View\View.php(484): CodeIgniter\View\View->render('temp_adminpage/sidebar', null, true)
 7 APPPATH\Views\adminpage\index.php(2): CodeIgniter\View\View->include('temp_adminpage/sidebar')
 8 SYSTEMPATH\View\View.php(234): include('C:\\APK\\xampp-8.2\\htdocs\\SafeToTrip\\app\\Views\\adminpage\\index.php')
 9 SYSTEMPATH\View\View.php(237): CodeIgniter\View\View->CodeIgniter\View\{closure}()
10 SYSTEMPATH\Common.php(1171): CodeIgniter\View\View->render('adminpage/index', [], true)
11 APPPATH\Controllers\Home.php(36): view('adminpage/index', [...])
12 SYSTEMPATH\CodeIgniter.php(933): App\Controllers\Home->adminpage()
13 SYSTEMPATH\CodeIgniter.php(509): CodeIgniter\CodeIgniter->runController(Object(App\Controllers\Home))
14 SYSTEMPATH\CodeIgniter.php(355): CodeIgniter\CodeIgniter->handleRequest(null, Object(Config\Cache), false)
15 SYSTEMPATH\Boot.php(312): CodeIgniter\CodeIgniter->run()
16 SYSTEMPATH\Boot.php(67): CodeIgniter\Boot::runCodeIgniter(Object(CodeIgniter\CodeIgniter))
17 FCPATH\index.php(56): CodeIgniter\Boot::bootWeb(Object(Config\Paths))
18 SYSTEMPATH\Commands\Server\rewrite.php(49): require_once('C:\\APK\\xampp-8.2\\htdocs\\SafeToTrip\\public\\index.php')
INFO - 2024-06-02 22:45:19 --> Session: Class initialized using 'CodeIgniter\Session\Handlers\FileHandler' driver.
WARNING - 2024-06-02 22:45:19 --> [DEPRECATED] Creation of dynamic property App\Controllers\Home::$session is deprecated in APPPATH\Controllers\Home.php on line 9.
 1 SYSTEMPATH\CodeIgniter.php(903): App\Controllers\Home->__construct()
 2 SYSTEMPATH\CodeIgniter.php(500): CodeIgniter\CodeIgniter->createController()
 3 SYSTEMPATH\CodeIgniter.php(355): CodeIgniter\CodeIgniter->handleRequest(null, Object(Config\Cache), false)
 4 SYSTEMPATH\Boot.php(312): CodeIgniter\CodeIgniter->run()
 5 SYSTEMPATH\Boot.php(67): CodeIgniter\Boot::runCodeIgniter(Object(CodeIgniter\CodeIgniter))
 6 FCPATH\index.php(56): CodeIgniter\Boot::bootWeb(Object(Config\Paths))
 7 SYSTEMPATH\Commands\Server\rewrite.php(49): require_once('C:\\APK\\xampp-8.2\\htdocs\\SafeToTrip\\public\\index.php')
CRITICAL - 2024-06-02 22:45:19 --> TypeError: CodeIgniter\HTTP\SiteURI::stringifyRelativePath(): Return value must be of type string, bool returned
[Method: GET, Route: dashboard]
in SYSTEMPATH\HTTP\SiteURI.php on line 407.
 1 SYSTEMPATH\HTTP\SiteURI.php(381): CodeIgniter\HTTP\SiteURI->stringifyRelativePath(false)
 2 SYSTEMPATH\Helpers\url_helper.php(59): CodeIgniter\HTTP\SiteURI->baseUrl(false, null)
 3 APPPATH\Views\temp_adminpage\sidebar.php(18): base_url(false)
 4 SYSTEMPATH\View\View.php(234): include('C:\\APK\\xampp-8.2\\htdocs\\SafeToTrip\\app\\Views\\temp_adminpage\\sidebar.php')
 5 SYSTEMPATH\View\View.php(237): CodeIgniter\View\View->CodeIgniter\View\{closure}()
 6 SYSTEMPATH\View\View.php(484): CodeIgniter\View\View->render('temp_adminpage/sidebar', null, true)
 7 APPPATH\Views\adminpage\index.php(2): CodeIgniter\View\View->include('temp_adminpage/sidebar')
 8 SYSTEMPATH\View\View.php(234): include('C:\\APK\\xampp-8.2\\htdocs\\SafeToTrip\\app\\Views\\adminpage\\index.php')
 9 SYSTEMPATH\View\View.php(237): CodeIgniter\View\View->CodeIgniter\View\{closure}()
10 SYSTEMPATH\Common.php(1171): CodeIgniter\View\View->render('adminpage/index', [], true)
11 APPPATH\Controllers\Home.php(36): view('adminpage/index', [...])
12 SYSTEMPATH\CodeIgniter.php(933): App\Controllers\Home->adminpage()
13 SYSTEMPATH\CodeIgniter.php(509): CodeIgniter\CodeIgniter->runController(Object(App\Controllers\Home))
14 SYSTEMPATH\CodeIgniter.php(355): CodeIgniter\CodeIgniter->handleRequest(null, Object(Config\Cache), false)
15 SYSTEMPATH\Boot.php(312): CodeIgniter\CodeIgniter->run()
16 SYSTEMPATH\Boot.php(67): CodeIgniter\Boot::runCodeIgniter(Object(CodeIgniter\CodeIgniter))
17 FCPATH\index.php(56): CodeIgniter\Boot::bootWeb(Object(Config\Paths))
18 SYSTEMPATH\Commands\Server\rewrite.php(49): require_once('C:\\APK\\xampp-8.2\\htdocs\\SafeToTrip\\public\\index.php')
INFO - 2024-06-02 22:45:19 --> Session: Class initialized using 'CodeIgniter\Session\Handlers\FileHandler' driver.
WARNING - 2024-06-02 22:45:19 --> [DEPRECATED] Creation of dynamic property App\Controllers\Home::$session is deprecated in APPPATH\Controllers\Home.php on line 9.
 1 SYSTEMPATH\CodeIgniter.php(903): App\Controllers\Home->__construct()
 2 SYSTEMPATH\CodeIgniter.php(500): CodeIgniter\CodeIgniter->createController()
 3 SYSTEMPATH\CodeIgniter.php(355): CodeIgniter\CodeIgniter->handleRequest(null, Object(Config\Cache), false)
 4 SYSTEMPATH\Boot.php(312): CodeIgniter\CodeIgniter->run()
 5 SYSTEMPATH\Boot.php(67): CodeIgniter\Boot::runCodeIgniter(Object(CodeIgniter\CodeIgniter))
 6 FCPATH\index.php(56): CodeIgniter\Boot::bootWeb(Object(Config\Paths))
 7 SYSTEMPATH\Commands\Server\rewrite.php(49): require_once('C:\\APK\\xampp-8.2\\htdocs\\SafeToTrip\\public\\index.php')
CRITICAL - 2024-06-02 22:45:19 --> TypeError: CodeIgniter\HTTP\SiteURI::stringifyRelativePath(): Return value must be of type string, bool returned
[Method: GET, Route: dashboard]
in SYSTEMPATH\HTTP\SiteURI.php on line 407.
 1 SYSTEMPATH\HTTP\SiteURI.php(381): CodeIgniter\HTTP\SiteURI->stringifyRelativePath(false)
 2 SYSTEMPATH\Helpers\url_helper.php(59): CodeIgniter\HTTP\SiteURI->baseUrl(false, null)
 3 APPPATH\Views\temp_adminpage\sidebar.php(18): base_url(false)
 4 SYSTEMPATH\View\View.php(234): include('C:\\APK\\xampp-8.2\\htdocs\\SafeToTrip\\app\\Views\\temp_adminpage\\sidebar.php')
 5 SYSTEMPATH\View\View.php(237): CodeIgniter\View\View->CodeIgniter\View\{closure}()
 6 SYSTEMPATH\View\View.php(484): CodeIgniter\View\View->render('temp_adminpage/sidebar', null, true)
 7 APPPATH\Views\adminpage\index.php(2): CodeIgniter\View\View->include('temp_adminpage/sidebar')
 8 SYSTEMPATH\View\View.php(234): include('C:\\APK\\xampp-8.2\\htdocs\\SafeToTrip\\app\\Views\\adminpage\\index.php')
 9 SYSTEMPATH\View\View.php(237): CodeIgniter\View\View->CodeIgniter\View\{closure}()
10 SYSTEMPATH\Common.php(1171): CodeIgniter\View\View->render('adminpage/index', [], true)
11 APPPATH\Controllers\Home.php(36): view('adminpage/index', [...])
12 SYSTEMPATH\CodeIgniter.php(933): App\Controllers\Home->adminpage()
13 SYSTEMPATH\CodeIgniter.php(509): CodeIgniter\CodeIgniter->runController(Object(App\Controllers\Home))
14 SYSTEMPATH\CodeIgniter.php(355): CodeIgniter\CodeIgniter->handleRequest(null, Object(Config\Cache), false)
15 SYSTEMPATH\Boot.php(312): CodeIgniter\CodeIgniter->run()
16 SYSTEMPATH\Boot.php(67): CodeIgniter\Boot::runCodeIgniter(Object(CodeIgniter\CodeIgniter))
17 FCPATH\index.php(56): CodeIgniter\Boot::bootWeb(Object(Config\Paths))
18 SYSTEMPATH\Commands\Server\rewrite.php(49): require_once('C:\\APK\\xampp-8.2\\htdocs\\SafeToTrip\\public\\index.php')
INFO - 2024-06-02 22:45:19 --> Session: Class initialized using 'CodeIgniter\Session\Handlers\FileHandler' driver.
WARNING - 2024-06-02 22:45:19 --> [DEPRECATED] Creation of dynamic property App\Controllers\Home::$session is deprecated in APPPATH\Controllers\Home.php on line 9.
 1 SYSTEMPATH\CodeIgniter.php(903): App\Controllers\Home->__construct()
 2 SYSTEMPATH\CodeIgniter.php(500): CodeIgniter\CodeIgniter->createController()
 3 SYSTEMPATH\CodeIgniter.php(355): CodeIgniter\CodeIgniter->handleRequest(null, Object(Config\Cache), false)
 4 SYSTEMPATH\Boot.php(312): CodeIgniter\CodeIgniter->run()
 5 SYSTEMPATH\Boot.php(67): CodeIgniter\Boot::runCodeIgniter(Object(CodeIgniter\CodeIgniter))
 6 FCPATH\index.php(56): CodeIgniter\Boot::bootWeb(Object(Config\Paths))
 7 SYSTEMPATH\Commands\Server\rewrite.php(49): require_once('C:\\APK\\xampp-8.2\\htdocs\\SafeToTrip\\public\\index.php')
CRITICAL - 2024-06-02 22:45:19 --> TypeError: CodeIgniter\HTTP\SiteURI::stringifyRelativePath(): Return value must be of type string, bool returned
[Method: GET, Route: dashboard]
in SYSTEMPATH\HTTP\SiteURI.php on line 407.
 1 SYSTEMPATH\HTTP\SiteURI.php(381): CodeIgniter\HTTP\SiteURI->stringifyRelativePath(false)
 2 SYSTEMPATH\Helpers\url_helper.php(59): CodeIgniter\HTTP\SiteURI->baseUrl(false, null)
 3 APPPATH\Views\temp_adminpage\sidebar.php(18): base_url(false)
 4 SYSTEMPATH\View\View.php(234): include('C:\\APK\\xampp-8.2\\htdocs\\SafeToTrip\\app\\Views\\temp_adminpage\\sidebar.php')
 5 SYSTEMPATH\View\View.php(237): CodeIgniter\View\View->CodeIgniter\View\{closure}()
 6 SYSTEMPATH\View\View.php(484): CodeIgniter\View\View->render('temp_adminpage/sidebar', null, true)
 7 APPPATH\Views\adminpage\index.php(2): CodeIgniter\View\View->include('temp_adminpage/sidebar')
 8 SYSTEMPATH\View\View.php(234): include('C:\\APK\\xampp-8.2\\htdocs\\SafeToTrip\\app\\Views\\adminpage\\index.php')
 9 SYSTEMPATH\View\View.php(237): CodeIgniter\View\View->CodeIgniter\View\{closure}()
10 SYSTEMPATH\Common.php(1171): CodeIgniter\View\View->render('adminpage/index', [], true)
11 APPPATH\Controllers\Home.php(36): view('adminpage/index', [...])
12 SYSTEMPATH\CodeIgniter.php(933): App\Controllers\Home->adminpage()
13 SYSTEMPATH\CodeIgniter.php(509): CodeIgniter\CodeIgniter->runController(Object(App\Controllers\Home))
14 SYSTEMPATH\CodeIgniter.php(355): CodeIgniter\CodeIgniter->handleRequest(null, Object(Config\Cache), false)
15 SYSTEMPATH\Boot.php(312): CodeIgniter\CodeIgniter->run()
16 SYSTEMPATH\Boot.php(67): CodeIgniter\Boot::runCodeIgniter(Object(CodeIgniter\CodeIgniter))
17 FCPATH\index.php(56): CodeIgniter\Boot::bootWeb(Object(Config\Paths))
18 SYSTEMPATH\Commands\Server\rewrite.php(49): require_once('C:\\APK\\xampp-8.2\\htdocs\\SafeToTrip\\public\\index.php')
INFO - 2024-06-02 22:45:36 --> Session: Class initialized using 'CodeIgniter\Session\Handlers\FileHandler' driver.
WARNING - 2024-06-02 22:45:36 --> [DEPRECATED] Creation of dynamic property App\Controllers\Home::$session is deprecated in APPPATH\Controllers\Home.php on line 9.
 1 SYSTEMPATH\CodeIgniter.php(903): App\Controllers\Home->__construct()
 2 SYSTEMPATH\CodeIgniter.php(500): CodeIgniter\CodeIgniter->createController()
 3 SYSTEMPATH\CodeIgniter.php(355): CodeIgniter\CodeIgniter->handleRequest(null, Object(Config\Cache), false)
 4 SYSTEMPATH\Boot.php(312): CodeIgniter\CodeIgniter->run()
 5 SYSTEMPATH\Boot.php(67): CodeIgniter\Boot::runCodeIgniter(Object(CodeIgniter\CodeIgniter))
 6 FCPATH\index.php(56): CodeIgniter\Boot::bootWeb(Object(Config\Paths))
 7 SYSTEMPATH\Commands\Server\rewrite.php(49): require_once('C:\\APK\\xampp-8.2\\htdocs\\SafeToTrip\\public\\index.php')
CRITICAL - 2024-06-02 22:45:36 --> TypeError: CodeIgniter\HTTP\SiteURI::stringifyRelativePath(): Return value must be of type string, bool returned
[Method: GET, Route: dashboard]
in SYSTEMPATH\HTTP\SiteURI.php on line 407.
 1 SYSTEMPATH\HTTP\SiteURI.php(381): CodeIgniter\HTTP\SiteURI->stringifyRelativePath(false)
 2 SYSTEMPATH\Helpers\url_helper.php(59): CodeIgniter\HTTP\SiteURI->baseUrl(false, null)
 3 APPPATH\Views\temp_adminpage\sidebar.php(18): base_url(false)
 4 SYSTEMPATH\View\View.php(234): include('C:\\APK\\xampp-8.2\\htdocs\\SafeToTrip\\app\\Views\\temp_adminpage\\sidebar.php')
 5 SYSTEMPATH\View\View.php(237): CodeIgniter\View\View->CodeIgniter\View\{closure}()
 6 SYSTEMPATH\View\View.php(484): CodeIgniter\View\View->render('temp_adminpage/sidebar', null, true)
 7 APPPATH\Views\adminpage\index.php(2): CodeIgniter\View\View->include('temp_adminpage/sidebar')
 8 SYSTEMPATH\View\View.php(234): include('C:\\APK\\xampp-8.2\\htdocs\\SafeToTrip\\app\\Views\\adminpage\\index.php')
 9 SYSTEMPATH\View\View.php(237): CodeIgniter\View\View->CodeIgniter\View\{closure}()
10 SYSTEMPATH\Common.php(1171): CodeIgniter\View\View->render('adminpage/index', [], true)
11 APPPATH\Controllers\Home.php(36): view('adminpage/index', [...])
12 SYSTEMPATH\CodeIgniter.php(933): App\Controllers\Home->adminpage()
13 SYSTEMPATH\CodeIgniter.php(509): CodeIgniter\CodeIgniter->runController(Object(App\Controllers\Home))
14 SYSTEMPATH\CodeIgniter.php(355): CodeIgniter\CodeIgniter->handleRequest(null, Object(Config\Cache), false)
15 SYSTEMPATH\Boot.php(312): CodeIgniter\CodeIgniter->run()
16 SYSTEMPATH\Boot.php(67): CodeIgniter\Boot::runCodeIgniter(Object(CodeIgniter\CodeIgniter))
17 FCPATH\index.php(56): CodeIgniter\Boot::bootWeb(Object(Config\Paths))
18 SYSTEMPATH\Commands\Server\rewrite.php(49): require_once('C:\\APK\\xampp-8.2\\htdocs\\SafeToTrip\\public\\index.php')
INFO - 2024-06-02 22:45:37 --> Session: Class initialized using 'CodeIgniter\Session\Handlers\FileHandler' driver.
WARNING - 2024-06-02 22:45:37 --> [DEPRECATED] Creation of dynamic property App\Controllers\Home::$session is deprecated in APPPATH\Controllers\Home.php on line 9.
 1 SYSTEMPATH\CodeIgniter.php(903): App\Controllers\Home->__construct()
 2 SYSTEMPATH\CodeIgniter.php(500): CodeIgniter\CodeIgniter->createController()
 3 SYSTEMPATH\CodeIgniter.php(355): CodeIgniter\CodeIgniter->handleRequest(null, Object(Config\Cache), false)
 4 SYSTEMPATH\Boot.php(312): CodeIgniter\CodeIgniter->run()
 5 SYSTEMPATH\Boot.php(67): CodeIgniter\Boot::runCodeIgniter(Object(CodeIgniter\CodeIgniter))
 6 FCPATH\index.php(56): CodeIgniter\Boot::bootWeb(Object(Config\Paths))
 7 SYSTEMPATH\Commands\Server\rewrite.php(49): require_once('C:\\APK\\xampp-8.2\\htdocs\\SafeToTrip\\public\\index.php')
CRITICAL - 2024-06-02 22:45:37 --> TypeError: CodeIgniter\HTTP\SiteURI::stringifyRelativePath(): Return value must be of type string, bool returned
[Method: GET, Route: dashboard]
in SYSTEMPATH\HTTP\SiteURI.php on line 407.
 1 SYSTEMPATH\HTTP\SiteURI.php(381): CodeIgniter\HTTP\SiteURI->stringifyRelativePath(false)
 2 SYSTEMPATH\Helpers\url_helper.php(59): CodeIgniter\HTTP\SiteURI->baseUrl(false, null)
 3 APPPATH\Views\temp_adminpage\sidebar.php(18): base_url(false)
 4 SYSTEMPATH\View\View.php(234): include('C:\\APK\\xampp-8.2\\htdocs\\SafeToTrip\\app\\Views\\temp_adminpage\\sidebar.php')
 5 SYSTEMPATH\View\View.php(237): CodeIgniter\View\View->CodeIgniter\View\{closure}()
 6 SYSTEMPATH\View\View.php(484): CodeIgniter\View\View->render('temp_adminpage/sidebar', null, true)
 7 APPPATH\Views\adminpage\index.php(2): CodeIgniter\View\View->include('temp_adminpage/sidebar')
 8 SYSTEMPATH\View\View.php(234): include('C:\\APK\\xampp-8.2\\htdocs\\SafeToTrip\\app\\Views\\adminpage\\index.php')
 9 SYSTEMPATH\View\View.php(237): CodeIgniter\View\View->CodeIgniter\View\{closure}()
10 SYSTEMPATH\Common.php(1171): CodeIgniter\View\View->render('adminpage/index', [], true)
11 APPPATH\Controllers\Home.php(36): view('adminpage/index', [...])
12 SYSTEMPATH\CodeIgniter.php(933): App\Controllers\Home->adminpage()
13 SYSTEMPATH\CodeIgniter.php(509): CodeIgniter\CodeIgniter->runController(Object(App\Controllers\Home))
14 SYSTEMPATH\CodeIgniter.php(355): CodeIgniter\CodeIgniter->handleRequest(null, Object(Config\Cache), false)
15 SYSTEMPATH\Boot.php(312): CodeIgniter\CodeIgniter->run()
16 SYSTEMPATH\Boot.php(67): CodeIgniter\Boot::runCodeIgniter(Object(CodeIgniter\CodeIgniter))
17 FCPATH\index.php(56): CodeIgniter\Boot::bootWeb(Object(Config\Paths))
18 SYSTEMPATH\Commands\Server\rewrite.php(49): require_once('C:\\APK\\xampp-8.2\\htdocs\\SafeToTrip\\public\\index.php')
INFO - 2024-06-02 22:45:37 --> Session: Class initialized using 'CodeIgniter\Session\Handlers\FileHandler' driver.
WARNING - 2024-06-02 22:45:37 --> [DEPRECATED] Creation of dynamic property App\Controllers\Home::$session is deprecated in APPPATH\Controllers\Home.php on line 9.
 1 SYSTEMPATH\CodeIgniter.php(903): App\Controllers\Home->__construct()
 2 SYSTEMPATH\CodeIgniter.php(500): CodeIgniter\CodeIgniter->createController()
 3 SYSTEMPATH\CodeIgniter.php(355): CodeIgniter\CodeIgniter->handleRequest(null, Object(Config\Cache), false)
 4 SYSTEMPATH\Boot.php(312): CodeIgniter\CodeIgniter->run()
 5 SYSTEMPATH\Boot.php(67): CodeIgniter\Boot::runCodeIgniter(Object(CodeIgniter\CodeIgniter))
 6 FCPATH\index.php(56): CodeIgniter\Boot::bootWeb(Object(Config\Paths))
 7 SYSTEMPATH\Commands\Server\rewrite.php(49): require_once('C:\\APK\\xampp-8.2\\htdocs\\SafeToTrip\\public\\index.php')
CRITICAL - 2024-06-02 22:45:37 --> TypeError: CodeIgniter\HTTP\SiteURI::stringifyRelativePath(): Return value must be of type string, bool returned
[Method: GET, Route: dashboard]
in SYSTEMPATH\HTTP\SiteURI.php on line 407.
 1 SYSTEMPATH\HTTP\SiteURI.php(381): CodeIgniter\HTTP\SiteURI->stringifyRelativePath(false)
 2 SYSTEMPATH\Helpers\url_helper.php(59): CodeIgniter\HTTP\SiteURI->baseUrl(false, null)
 3 APPPATH\Views\temp_adminpage\sidebar.php(18): base_url(false)
 4 SYSTEMPATH\View\View.php(234): include('C:\\APK\\xampp-8.2\\htdocs\\SafeToTrip\\app\\Views\\temp_adminpage\\sidebar.php')
 5 SYSTEMPATH\View\View.php(237): CodeIgniter\View\View->CodeIgniter\View\{closure}()
 6 SYSTEMPATH\View\View.php(484): CodeIgniter\View\View->render('temp_adminpage/sidebar', null, true)
 7 APPPATH\Views\adminpage\index.php(2): CodeIgniter\View\View->include('temp_adminpage/sidebar')
 8 SYSTEMPATH\View\View.php(234): include('C:\\APK\\xampp-8.2\\htdocs\\SafeToTrip\\app\\Views\\adminpage\\index.php')
 9 SYSTEMPATH\View\View.php(237): CodeIgniter\View\View->CodeIgniter\View\{closure}()
10 SYSTEMPATH\Common.php(1171): CodeIgniter\View\View->render('adminpage/index', [], true)
11 APPPATH\Controllers\Home.php(36): view('adminpage/index', [...])
12 SYSTEMPATH\CodeIgniter.php(933): App\Controllers\Home->adminpage()
13 SYSTEMPATH\CodeIgniter.php(509): CodeIgniter\CodeIgniter->runController(Object(App\Controllers\Home))
14 SYSTEMPATH\CodeIgniter.php(355): CodeIgniter\CodeIgniter->handleRequest(null, Object(Config\Cache), false)
15 SYSTEMPATH\Boot.php(312): CodeIgniter\CodeIgniter->run()
16 SYSTEMPATH\Boot.php(67): CodeIgniter\Boot::runCodeIgniter(Object(CodeIgniter\CodeIgniter))
17 FCPATH\index.php(56): CodeIgniter\Boot::bootWeb(Object(Config\Paths))
18 SYSTEMPATH\Commands\Server\rewrite.php(49): require_once('C:\\APK\\xampp-8.2\\htdocs\\SafeToTrip\\public\\index.php')
INFO - 2024-06-02 22:45:41 --> Session: Class initialized using 'CodeIgniter\Session\Handlers\FileHandler' driver.
WARNING - 2024-06-02 22:45:41 --> [DEPRECATED] Creation of dynamic property App\Controllers\Login::$session is deprecated in APPPATH\Controllers\Login.php on line 12.
 1 SYSTEMPATH\CodeIgniter.php(903): App\Controllers\Login->__construct()
 2 SYSTEMPATH\CodeIgniter.php(500): CodeIgniter\CodeIgniter->createController()
 3 SYSTEMPATH\CodeIgniter.php(355): CodeIgniter\CodeIgniter->handleRequest(null, Object(Config\Cache), false)
 4 SYSTEMPATH\Boot.php(312): CodeIgniter\CodeIgniter->run()
 5 SYSTEMPATH\Boot.php(67): CodeIgniter\Boot::runCodeIgniter(Object(CodeIgniter\CodeIgniter))
 6 FCPATH\index.php(56): CodeIgniter\Boot::bootWeb(Object(Config\Paths))
 7 SYSTEMPATH\Commands\Server\rewrite.php(49): require_once('C:\\APK\\xampp-8.2\\htdocs\\SafeToTrip\\public\\index.php')
INFO - 2024-06-02 22:45:41 --> Session: Class initialized using 'CodeIgniter\Session\Handlers\FileHandler' driver.
WARNING - 2024-06-02 22:45:41 --> [DEPRECATED] Creation of dynamic property App\Controllers\Login::$session is deprecated in APPPATH\Controllers\Login.php on line 12.
 1 SYSTEMPATH\CodeIgniter.php(903): App\Controllers\Login->__construct()
 2 SYSTEMPATH\CodeIgniter.php(500): CodeIgniter\CodeIgniter->createController()
 3 SYSTEMPATH\CodeIgniter.php(355): CodeIgniter\CodeIgniter->handleRequest(null, Object(Config\Cache), false)
 4 SYSTEMPATH\Boot.php(312): CodeIgniter\CodeIgniter->run()
 5 SYSTEMPATH\Boot.php(67): CodeIgniter\Boot::runCodeIgniter(Object(CodeIgniter\CodeIgniter))
 6 FCPATH\index.php(56): CodeIgniter\Boot::bootWeb(Object(Config\Paths))
 7 SYSTEMPATH\Commands\Server\rewrite.php(49): require_once('C:\\APK\\xampp-8.2\\htdocs\\SafeToTrip\\public\\index.php')
INFO - 2024-06-02 22:45:49 --> Session: Class initialized using 'CodeIgniter\Session\Handlers\FileHandler' driver.
WARNING - 2024-06-02 22:45:49 --> [DEPRECATED] Creation of dynamic property App\Controllers\Login::$session is deprecated in APPPATH\Controllers\Login.php on line 12.
 1 SYSTEMPATH\CodeIgniter.php(903): App\Controllers\Login->__construct()
 2 SYSTEMPATH\CodeIgniter.php(500): CodeIgniter\CodeIgniter->createController()
 3 SYSTEMPATH\CodeIgniter.php(355): CodeIgniter\CodeIgniter->handleRequest(null, Object(Config\Cache), false)
 4 SYSTEMPATH\Boot.php(312): CodeIgniter\CodeIgniter->run()
 5 SYSTEMPATH\Boot.php(67): CodeIgniter\Boot::runCodeIgniter(Object(CodeIgniter\CodeIgniter))
 6 FCPATH\index.php(56): CodeIgniter\Boot::bootWeb(Object(Config\Paths))
 7 SYSTEMPATH\Commands\Server\rewrite.php(49): require_once('C:\\APK\\xampp-8.2\\htdocs\\SafeToTrip\\public\\index.php')
INFO - 2024-06-02 22:45:49 --> Session: Class initialized using 'CodeIgniter\Session\Handlers\FileHandler' driver.
WARNING - 2024-06-02 22:45:49 --> [DEPRECATED] Creation of dynamic property App\Controllers\Home::$session is deprecated in APPPATH\Controllers\Home.php on line 9.
 1 SYSTEMPATH\CodeIgniter.php(903): App\Controllers\Home->__construct()
 2 SYSTEMPATH\CodeIgniter.php(500): CodeIgniter\CodeIgniter->createController()
 3 SYSTEMPATH\CodeIgniter.php(355): CodeIgniter\CodeIgniter->handleRequest(null, Object(Config\Cache), false)
 4 SYSTEMPATH\Boot.php(312): CodeIgniter\CodeIgniter->run()
 5 SYSTEMPATH\Boot.php(67): CodeIgniter\Boot::runCodeIgniter(Object(CodeIgniter\CodeIgniter))
 6 FCPATH\index.php(56): CodeIgniter\Boot::bootWeb(Object(Config\Paths))
 7 SYSTEMPATH\Commands\Server\rewrite.php(49): require_once('C:\\APK\\xampp-8.2\\htdocs\\SafeToTrip\\public\\index.php')
CRITICAL - 2024-06-02 22:45:49 --> TypeError: CodeIgniter\HTTP\SiteURI::stringifyRelativePath(): Return value must be of type string, bool returned
[Method: GET, Route: dashboard]
in SYSTEMPATH\HTTP\SiteURI.php on line 407.
 1 SYSTEMPATH\HTTP\SiteURI.php(381): CodeIgniter\HTTP\SiteURI->stringifyRelativePath(false)
 2 SYSTEMPATH\Helpers\url_helper.php(59): CodeIgniter\HTTP\SiteURI->baseUrl(false, null)
 3 APPPATH\Views\temp_adminpage\sidebar.php(18): base_url(false)
 4 SYSTEMPATH\View\View.php(234): include('C:\\APK\\xampp-8.2\\htdocs\\SafeToTrip\\app\\Views\\temp_adminpage\\sidebar.php')
 5 SYSTEMPATH\View\View.php(237): CodeIgniter\View\View->CodeIgniter\View\{closure}()
 6 SYSTEMPATH\View\View.php(484): CodeIgniter\View\View->render('temp_adminpage/sidebar', null, true)
 7 APPPATH\Views\adminpage\index.php(2): CodeIgniter\View\View->include('temp_adminpage/sidebar')
 8 SYSTEMPATH\View\View.php(234): include('C:\\APK\\xampp-8.2\\htdocs\\SafeToTrip\\app\\Views\\adminpage\\index.php')
 9 SYSTEMPATH\View\View.php(237): CodeIgniter\View\View->CodeIgniter\View\{closure}()
10 SYSTEMPATH\Common.php(1171): CodeIgniter\View\View->render('adminpage/index', [], true)
11 APPPATH\Controllers\Home.php(36): view('adminpage/index', [...])
12 SYSTEMPATH\CodeIgniter.php(933): App\Controllers\Home->adminpage()
13 SYSTEMPATH\CodeIgniter.php(509): CodeIgniter\CodeIgniter->runController(Object(App\Controllers\Home))
14 SYSTEMPATH\CodeIgniter.php(355): CodeIgniter\CodeIgniter->handleRequest(null, Object(Config\Cache), false)
15 SYSTEMPATH\Boot.php(312): CodeIgniter\CodeIgniter->run()
16 SYSTEMPATH\Boot.php(67): CodeIgniter\Boot::runCodeIgniter(Object(CodeIgniter\CodeIgniter))
17 FCPATH\index.php(56): CodeIgniter\Boot::bootWeb(Object(Config\Paths))
18 SYSTEMPATH\Commands\Server\rewrite.php(49): require_once('C:\\APK\\xampp-8.2\\htdocs\\SafeToTrip\\public\\index.php')
INFO - 2024-06-02 22:46:14 --> Session: Class initialized using 'CodeIgniter\Session\Handlers\FileHandler' driver.
WARNING - 2024-06-02 22:46:14 --> [DEPRECATED] Creation of dynamic property App\Controllers\Home::$session is deprecated in APPPATH\Controllers\Home.php on line 9.
 1 SYSTEMPATH\CodeIgniter.php(903): App\Controllers\Home->__construct()
 2 SYSTEMPATH\CodeIgniter.php(500): CodeIgniter\CodeIgniter->createController()
 3 SYSTEMPATH\CodeIgniter.php(355): CodeIgniter\CodeIgniter->handleRequest(null, Object(Config\Cache), false)
 4 SYSTEMPATH\Boot.php(312): CodeIgniter\CodeIgniter->run()
 5 SYSTEMPATH\Boot.php(67): CodeIgniter\Boot::runCodeIgniter(Object(CodeIgniter\CodeIgniter))
 6 FCPATH\index.php(56): CodeIgniter\Boot::bootWeb(Object(Config\Paths))
 7 SYSTEMPATH\Commands\Server\rewrite.php(49): require_once('C:\\APK\\xampp-8.2\\htdocs\\SafeToTrip\\public\\index.php')
CRITICAL - 2024-06-02 22:46:14 --> TypeError: CodeIgniter\HTTP\SiteURI::stringifyRelativePath(): Return value must be of type string, bool returned
[Method: GET, Route: dashboard]
in SYSTEMPATH\HTTP\SiteURI.php on line 407.
 1 SYSTEMPATH\HTTP\SiteURI.php(381): CodeIgniter\HTTP\SiteURI->stringifyRelativePath(false)
 2 SYSTEMPATH\Helpers\url_helper.php(59): CodeIgniter\HTTP\SiteURI->baseUrl(false, null)
 3 APPPATH\Views\temp_adminpage\sidebar.php(18): base_url(false)
 4 SYSTEMPATH\View\View.php(234): include('C:\\APK\\xampp-8.2\\htdocs\\SafeToTrip\\app\\Views\\temp_adminpage\\sidebar.php')
 5 SYSTEMPATH\View\View.php(237): CodeIgniter\View\View->CodeIgniter\View\{closure}()
 6 SYSTEMPATH\View\View.php(484): CodeIgniter\View\View->render('temp_adminpage/sidebar', null, true)
 7 APPPATH\Views\adminpage\index.php(2): CodeIgniter\View\View->include('temp_adminpage/sidebar')
 8 SYSTEMPATH\View\View.php(234): include('C:\\APK\\xampp-8.2\\htdocs\\SafeToTrip\\app\\Views\\adminpage\\index.php')
 9 SYSTEMPATH\View\View.php(237): CodeIgniter\View\View->CodeIgniter\View\{closure}()
10 SYSTEMPATH\Common.php(1171): CodeIgniter\View\View->render('adminpage/index', [], true)
11 APPPATH\Controllers\Home.php(36): view('adminpage/index', [...])
12 SYSTEMPATH\CodeIgniter.php(933): App\Controllers\Home->adminpage()
13 SYSTEMPATH\CodeIgniter.php(509): CodeIgniter\CodeIgniter->runController(Object(App\Controllers\Home))
14 SYSTEMPATH\CodeIgniter.php(355): CodeIgniter\CodeIgniter->handleRequest(null, Object(Config\Cache), false)
15 SYSTEMPATH\Boot.php(312): CodeIgniter\CodeIgniter->run()
16 SYSTEMPATH\Boot.php(67): CodeIgniter\Boot::runCodeIgniter(Object(CodeIgniter\CodeIgniter))
17 FCPATH\index.php(56): CodeIgniter\Boot::bootWeb(Object(Config\Paths))
18 SYSTEMPATH\Commands\Server\rewrite.php(49): require_once('C:\\APK\\xampp-8.2\\htdocs\\SafeToTrip\\public\\index.php')
INFO - 2024-06-02 22:46:15 --> Session: Class initialized using 'CodeIgniter\Session\Handlers\FileHandler' driver.
WARNING - 2024-06-02 22:46:15 --> [DEPRECATED] Creation of dynamic property App\Controllers\Home::$session is deprecated in APPPATH\Controllers\Home.php on line 9.
 1 SYSTEMPATH\CodeIgniter.php(903): App\Controllers\Home->__construct()
 2 SYSTEMPATH\CodeIgniter.php(500): CodeIgniter\CodeIgniter->createController()
 3 SYSTEMPATH\CodeIgniter.php(355): CodeIgniter\CodeIgniter->handleRequest(null, Object(Config\Cache), false)
 4 SYSTEMPATH\Boot.php(312): CodeIgniter\CodeIgniter->run()
 5 SYSTEMPATH\Boot.php(67): CodeIgniter\Boot::runCodeIgniter(Object(CodeIgniter\CodeIgniter))
 6 FCPATH\index.php(56): CodeIgniter\Boot::bootWeb(Object(Config\Paths))
 7 SYSTEMPATH\Commands\Server\rewrite.php(49): require_once('C:\\APK\\xampp-8.2\\htdocs\\SafeToTrip\\public\\index.php')
CRITICAL - 2024-06-02 22:46:15 --> TypeError: CodeIgniter\HTTP\SiteURI::stringifyRelativePath(): Return value must be of type string, bool returned
[Method: GET, Route: dashboard]
in SYSTEMPATH\HTTP\SiteURI.php on line 407.
 1 SYSTEMPATH\HTTP\SiteURI.php(381): CodeIgniter\HTTP\SiteURI->stringifyRelativePath(false)
 2 SYSTEMPATH\Helpers\url_helper.php(59): CodeIgniter\HTTP\SiteURI->baseUrl(false, null)
 3 APPPATH\Views\temp_adminpage\sidebar.php(18): base_url(false)
 4 SYSTEMPATH\View\View.php(234): include('C:\\APK\\xampp-8.2\\htdocs\\SafeToTrip\\app\\Views\\temp_adminpage\\sidebar.php')
 5 SYSTEMPATH\View\View.php(237): CodeIgniter\View\View->CodeIgniter\View\{closure}()
 6 SYSTEMPATH\View\View.php(484): CodeIgniter\View\View->render('temp_adminpage/sidebar', null, true)
 7 APPPATH\Views\adminpage\index.php(2): CodeIgniter\View\View->include('temp_adminpage/sidebar')
 8 SYSTEMPATH\View\View.php(234): include('C:\\APK\\xampp-8.2\\htdocs\\SafeToTrip\\app\\Views\\adminpage\\index.php')
 9 SYSTEMPATH\View\View.php(237): CodeIgniter\View\View->CodeIgniter\View\{closure}()
10 SYSTEMPATH\Common.php(1171): CodeIgniter\View\View->render('adminpage/index', [], true)
11 APPPATH\Controllers\Home.php(36): view('adminpage/index', [...])
12 SYSTEMPATH\CodeIgniter.php(933): App\Controllers\Home->adminpage()
13 SYSTEMPATH\CodeIgniter.php(509): CodeIgniter\CodeIgniter->runController(Object(App\Controllers\Home))
14 SYSTEMPATH\CodeIgniter.php(355): CodeIgniter\CodeIgniter->handleRequest(null, Object(Config\Cache), false)
15 SYSTEMPATH\Boot.php(312): CodeIgniter\CodeIgniter->run()
16 SYSTEMPATH\Boot.php(67): CodeIgniter\Boot::runCodeIgniter(Object(CodeIgniter\CodeIgniter))
17 FCPATH\index.php(56): CodeIgniter\Boot::bootWeb(Object(Config\Paths))
18 SYSTEMPATH\Commands\Server\rewrite.php(49): require_once('C:\\APK\\xampp-8.2\\htdocs\\SafeToTrip\\public\\index.php')
INFO - 2024-06-02 22:46:15 --> Session: Class initialized using 'CodeIgniter\Session\Handlers\FileHandler' driver.
WARNING - 2024-06-02 22:46:15 --> [DEPRECATED] Creation of dynamic property App\Controllers\Home::$session is deprecated in APPPATH\Controllers\Home.php on line 9.
 1 SYSTEMPATH\CodeIgniter.php(903): App\Controllers\Home->__construct()
 2 SYSTEMPATH\CodeIgniter.php(500): CodeIgniter\CodeIgniter->createController()
 3 SYSTEMPATH\CodeIgniter.php(355): CodeIgniter\CodeIgniter->handleRequest(null, Object(Config\Cache), false)
 4 SYSTEMPATH\Boot.php(312): CodeIgniter\CodeIgniter->run()
 5 SYSTEMPATH\Boot.php(67): CodeIgniter\Boot::runCodeIgniter(Object(CodeIgniter\CodeIgniter))
 6 FCPATH\index.php(56): CodeIgniter\Boot::bootWeb(Object(Config\Paths))
 7 SYSTEMPATH\Commands\Server\rewrite.php(49): require_once('C:\\APK\\xampp-8.2\\htdocs\\SafeToTrip\\public\\index.php')
CRITICAL - 2024-06-02 22:46:15 --> TypeError: CodeIgniter\HTTP\SiteURI::stringifyRelativePath(): Return value must be of type string, bool returned
[Method: GET, Route: dashboard]
in SYSTEMPATH\HTTP\SiteURI.php on line 407.
 1 SYSTEMPATH\HTTP\SiteURI.php(381): CodeIgniter\HTTP\SiteURI->stringifyRelativePath(false)
 2 SYSTEMPATH\Helpers\url_helper.php(59): CodeIgniter\HTTP\SiteURI->baseUrl(false, null)
 3 APPPATH\Views\temp_adminpage\sidebar.php(18): base_url(false)
 4 SYSTEMPATH\View\View.php(234): include('C:\\APK\\xampp-8.2\\htdocs\\SafeToTrip\\app\\Views\\temp_adminpage\\sidebar.php')
 5 SYSTEMPATH\View\View.php(237): CodeIgniter\View\View->CodeIgniter\View\{closure}()
 6 SYSTEMPATH\View\View.php(484): CodeIgniter\View\View->render('temp_adminpage/sidebar', null, true)
 7 APPPATH\Views\adminpage\index.php(2): CodeIgniter\View\View->include('temp_adminpage/sidebar')
 8 SYSTEMPATH\View\View.php(234): include('C:\\APK\\xampp-8.2\\htdocs\\SafeToTrip\\app\\Views\\adminpage\\index.php')
 9 SYSTEMPATH\View\View.php(237): CodeIgniter\View\View->CodeIgniter\View\{closure}()
10 SYSTEMPATH\Common.php(1171): CodeIgniter\View\View->render('adminpage/index', [], true)
11 APPPATH\Controllers\Home.php(36): view('adminpage/index', [...])
12 SYSTEMPATH\CodeIgniter.php(933): App\Controllers\Home->adminpage()
13 SYSTEMPATH\CodeIgniter.php(509): CodeIgniter\CodeIgniter->runController(Object(App\Controllers\Home))
14 SYSTEMPATH\CodeIgniter.php(355): CodeIgniter\CodeIgniter->handleRequest(null, Object(Config\Cache), false)
15 SYSTEMPATH\Boot.php(312): CodeIgniter\CodeIgniter->run()
16 SYSTEMPATH\Boot.php(67): CodeIgniter\Boot::runCodeIgniter(Object(CodeIgniter\CodeIgniter))
17 FCPATH\index.php(56): CodeIgniter\Boot::bootWeb(Object(Config\Paths))
18 SYSTEMPATH\Commands\Server\rewrite.php(49): require_once('C:\\APK\\xampp-8.2\\htdocs\\SafeToTrip\\public\\index.php')
INFO - 2024-06-02 22:46:15 --> Session: Class initialized using 'CodeIgniter\Session\Handlers\FileHandler' driver.
WARNING - 2024-06-02 22:46:15 --> [DEPRECATED] Creation of dynamic property App\Controllers\Home::$session is deprecated in APPPATH\Controllers\Home.php on line 9.
 1 SYSTEMPATH\CodeIgniter.php(903): App\Controllers\Home->__construct()
 2 SYSTEMPATH\CodeIgniter.php(500): CodeIgniter\CodeIgniter->createController()
 3 SYSTEMPATH\CodeIgniter.php(355): CodeIgniter\CodeIgniter->handleRequest(null, Object(Config\Cache), false)
 4 SYSTEMPATH\Boot.php(312): CodeIgniter\CodeIgniter->run()
 5 SYSTEMPATH\Boot.php(67): CodeIgniter\Boot::runCodeIgniter(Object(CodeIgniter\CodeIgniter))
 6 FCPATH\index.php(56): CodeIgniter\Boot::bootWeb(Object(Config\Paths))
 7 SYSTEMPATH\Commands\Server\rewrite.php(49): require_once('C:\\APK\\xampp-8.2\\htdocs\\SafeToTrip\\public\\index.php')
CRITICAL - 2024-06-02 22:46:15 --> TypeError: CodeIgniter\HTTP\SiteURI::stringifyRelativePath(): Return value must be of type string, bool returned
[Method: GET, Route: dashboard]
in SYSTEMPATH\HTTP\SiteURI.php on line 407.
 1 SYSTEMPATH\HTTP\SiteURI.php(381): CodeIgniter\HTTP\SiteURI->stringifyRelativePath(false)
 2 SYSTEMPATH\Helpers\url_helper.php(59): CodeIgniter\HTTP\SiteURI->baseUrl(false, null)
 3 APPPATH\Views\temp_adminpage\sidebar.php(18): base_url(false)
 4 SYSTEMPATH\View\View.php(234): include('C:\\APK\\xampp-8.2\\htdocs\\SafeToTrip\\app\\Views\\temp_adminpage\\sidebar.php')
 5 SYSTEMPATH\View\View.php(237): CodeIgniter\View\View->CodeIgniter\View\{closure}()
 6 SYSTEMPATH\View\View.php(484): CodeIgniter\View\View->render('temp_adminpage/sidebar', null, true)
 7 APPPATH\Views\adminpage\index.php(2): CodeIgniter\View\View->include('temp_adminpage/sidebar')
 8 SYSTEMPATH\View\View.php(234): include('C:\\APK\\xampp-8.2\\htdocs\\SafeToTrip\\app\\Views\\adminpage\\index.php')
 9 SYSTEMPATH\View\View.php(237): CodeIgniter\View\View->CodeIgniter\View\{closure}()
10 SYSTEMPATH\Common.php(1171): CodeIgniter\View\View->render('adminpage/index', [], true)
11 APPPATH\Controllers\Home.php(36): view('adminpage/index', [...])
12 SYSTEMPATH\CodeIgniter.php(933): App\Controllers\Home->adminpage()
13 SYSTEMPATH\CodeIgniter.php(509): CodeIgniter\CodeIgniter->runController(Object(App\Controllers\Home))
14 SYSTEMPATH\CodeIgniter.php(355): CodeIgniter\CodeIgniter->handleRequest(null, Object(Config\Cache), false)
15 SYSTEMPATH\Boot.php(312): CodeIgniter\CodeIgniter->run()
16 SYSTEMPATH\Boot.php(67): CodeIgniter\Boot::runCodeIgniter(Object(CodeIgniter\CodeIgniter))
17 FCPATH\index.php(56): CodeIgniter\Boot::bootWeb(Object(Config\Paths))
18 SYSTEMPATH\Commands\Server\rewrite.php(49): require_once('C:\\APK\\xampp-8.2\\htdocs\\SafeToTrip\\public\\index.php')
INFO - 2024-06-02 22:46:15 --> Session: Class initialized using 'CodeIgniter\Session\Handlers\FileHandler' driver.
WARNING - 2024-06-02 22:46:15 --> [DEPRECATED] Creation of dynamic property App\Controllers\Home::$session is deprecated in APPPATH\Controllers\Home.php on line 9.
 1 SYSTEMPATH\CodeIgniter.php(903): App\Controllers\Home->__construct()
 2 SYSTEMPATH\CodeIgniter.php(500): CodeIgniter\CodeIgniter->createController()
 3 SYSTEMPATH\CodeIgniter.php(355): CodeIgniter\CodeIgniter->handleRequest(null, Object(Config\Cache), false)
 4 SYSTEMPATH\Boot.php(312): CodeIgniter\CodeIgniter->run()
 5 SYSTEMPATH\Boot.php(67): CodeIgniter\Boot::runCodeIgniter(Object(CodeIgniter\CodeIgniter))
 6 FCPATH\index.php(56): CodeIgniter\Boot::bootWeb(Object(Config\Paths))
 7 SYSTEMPATH\Commands\Server\rewrite.php(49): require_once('C:\\APK\\xampp-8.2\\htdocs\\SafeToTrip\\public\\index.php')
CRITICAL - 2024-06-02 22:46:15 --> TypeError: CodeIgniter\HTTP\SiteURI::stringifyRelativePath(): Return value must be of type string, bool returned
[Method: GET, Route: dashboard]
in SYSTEMPATH\HTTP\SiteURI.php on line 407.
 1 SYSTEMPATH\HTTP\SiteURI.php(381): CodeIgniter\HTTP\SiteURI->stringifyRelativePath(false)
 2 SYSTEMPATH\Helpers\url_helper.php(59): CodeIgniter\HTTP\SiteURI->baseUrl(false, null)
 3 APPPATH\Views\temp_adminpage\sidebar.php(18): base_url(false)
 4 SYSTEMPATH\View\View.php(234): include('C:\\APK\\xampp-8.2\\htdocs\\SafeToTrip\\app\\Views\\temp_adminpage\\sidebar.php')
 5 SYSTEMPATH\View\View.php(237): CodeIgniter\View\View->CodeIgniter\View\{closure}()
 6 SYSTEMPATH\View\View.php(484): CodeIgniter\View\View->render('temp_adminpage/sidebar', null, true)
 7 APPPATH\Views\adminpage\index.php(2): CodeIgniter\View\View->include('temp_adminpage/sidebar')
 8 SYSTEMPATH\View\View.php(234): include('C:\\APK\\xampp-8.2\\htdocs\\SafeToTrip\\app\\Views\\adminpage\\index.php')
 9 SYSTEMPATH\View\View.php(237): CodeIgniter\View\View->CodeIgniter\View\{closure}()
10 SYSTEMPATH\Common.php(1171): CodeIgniter\View\View->render('adminpage/index', [], true)
11 APPPATH\Controllers\Home.php(36): view('adminpage/index', [...])
12 SYSTEMPATH\CodeIgniter.php(933): App\Controllers\Home->adminpage()
13 SYSTEMPATH\CodeIgniter.php(509): CodeIgniter\CodeIgniter->runController(Object(App\Controllers\Home))
14 SYSTEMPATH\CodeIgniter.php(355): CodeIgniter\CodeIgniter->handleRequest(null, Object(Config\Cache), false)
15 SYSTEMPATH\Boot.php(312): CodeIgniter\CodeIgniter->run()
16 SYSTEMPATH\Boot.php(67): CodeIgniter\Boot::runCodeIgniter(Object(CodeIgniter\CodeIgniter))
17 FCPATH\index.php(56): CodeIgniter\Boot::bootWeb(Object(Config\Paths))
18 SYSTEMPATH\Commands\Server\rewrite.php(49): require_once('C:\\APK\\xampp-8.2\\htdocs\\SafeToTrip\\public\\index.php')
INFO - 2024-06-02 22:46:16 --> Session: Class initialized using 'CodeIgniter\Session\Handlers\FileHandler' driver.
WARNING - 2024-06-02 22:46:16 --> [DEPRECATED] Creation of dynamic property App\Controllers\Home::$session is deprecated in APPPATH\Controllers\Home.php on line 9.
 1 SYSTEMPATH\CodeIgniter.php(903): App\Controllers\Home->__construct()
 2 SYSTEMPATH\CodeIgniter.php(500): CodeIgniter\CodeIgniter->createController()
 3 SYSTEMPATH\CodeIgniter.php(355): CodeIgniter\CodeIgniter->handleRequest(null, Object(Config\Cache), false)
 4 SYSTEMPATH\Boot.php(312): CodeIgniter\CodeIgniter->run()
 5 SYSTEMPATH\Boot.php(67): CodeIgniter\Boot::runCodeIgniter(Object(CodeIgniter\CodeIgniter))
 6 FCPATH\index.php(56): CodeIgniter\Boot::bootWeb(Object(Config\Paths))
 7 SYSTEMPATH\Commands\Server\rewrite.php(49): require_once('C:\\APK\\xampp-8.2\\htdocs\\SafeToTrip\\public\\index.php')
CRITICAL - 2024-06-02 22:46:16 --> TypeError: CodeIgniter\HTTP\SiteURI::stringifyRelativePath(): Return value must be of type string, bool returned
[Method: GET, Route: dashboard]
in SYSTEMPATH\HTTP\SiteURI.php on line 407.
 1 SYSTEMPATH\HTTP\SiteURI.php(381): CodeIgniter\HTTP\SiteURI->stringifyRelativePath(false)
 2 SYSTEMPATH\Helpers\url_helper.php(59): CodeIgniter\HTTP\SiteURI->baseUrl(false, null)
 3 APPPATH\Views\temp_adminpage\sidebar.php(18): base_url(false)
 4 SYSTEMPATH\View\View.php(234): include('C:\\APK\\xampp-8.2\\htdocs\\SafeToTrip\\app\\Views\\temp_adminpage\\sidebar.php')
 5 SYSTEMPATH\View\View.php(237): CodeIgniter\View\View->CodeIgniter\View\{closure}()
 6 SYSTEMPATH\View\View.php(484): CodeIgniter\View\View->render('temp_adminpage/sidebar', null, true)
 7 APPPATH\Views\adminpage\index.php(2): CodeIgniter\View\View->include('temp_adminpage/sidebar')
 8 SYSTEMPATH\View\View.php(234): include('C:\\APK\\xampp-8.2\\htdocs\\SafeToTrip\\app\\Views\\adminpage\\index.php')
 9 SYSTEMPATH\View\View.php(237): CodeIgniter\View\View->CodeIgniter\View\{closure}()
10 SYSTEMPATH\Common.php(1171): CodeIgniter\View\View->render('adminpage/index', [], true)
11 APPPATH\Controllers\Home.php(36): view('adminpage/index', [...])
12 SYSTEMPATH\CodeIgniter.php(933): App\Controllers\Home->adminpage()
13 SYSTEMPATH\CodeIgniter.php(509): CodeIgniter\CodeIgniter->runController(Object(App\Controllers\Home))
14 SYSTEMPATH\CodeIgniter.php(355): CodeIgniter\CodeIgniter->handleRequest(null, Object(Config\Cache), false)
15 SYSTEMPATH\Boot.php(312): CodeIgniter\CodeIgniter->run()
16 SYSTEMPATH\Boot.php(67): CodeIgniter\Boot::runCodeIgniter(Object(CodeIgniter\CodeIgniter))
17 FCPATH\index.php(56): CodeIgniter\Boot::bootWeb(Object(Config\Paths))
18 SYSTEMPATH\Commands\Server\rewrite.php(49): require_once('C:\\APK\\xampp-8.2\\htdocs\\SafeToTrip\\public\\index.php')
INFO - 2024-06-02 22:46:16 --> Session: Class initialized using 'CodeIgniter\Session\Handlers\FileHandler' driver.
WARNING - 2024-06-02 22:46:16 --> [DEPRECATED] Creation of dynamic property App\Controllers\Home::$session is deprecated in APPPATH\Controllers\Home.php on line 9.
 1 SYSTEMPATH\CodeIgniter.php(903): App\Controllers\Home->__construct()
 2 SYSTEMPATH\CodeIgniter.php(500): CodeIgniter\CodeIgniter->createController()
 3 SYSTEMPATH\CodeIgniter.php(355): CodeIgniter\CodeIgniter->handleRequest(null, Object(Config\Cache), false)
 4 SYSTEMPATH\Boot.php(312): CodeIgniter\CodeIgniter->run()
 5 SYSTEMPATH\Boot.php(67): CodeIgniter\Boot::runCodeIgniter(Object(CodeIgniter\CodeIgniter))
 6 FCPATH\index.php(56): CodeIgniter\Boot::bootWeb(Object(Config\Paths))
 7 SYSTEMPATH\Commands\Server\rewrite.php(49): require_once('C:\\APK\\xampp-8.2\\htdocs\\SafeToTrip\\public\\index.php')
CRITICAL - 2024-06-02 22:46:16 --> TypeError: CodeIgniter\HTTP\SiteURI::stringifyRelativePath(): Return value must be of type string, bool returned
[Method: GET, Route: dashboard]
in SYSTEMPATH\HTTP\SiteURI.php on line 407.
 1 SYSTEMPATH\HTTP\SiteURI.php(381): CodeIgniter\HTTP\SiteURI->stringifyRelativePath(false)
 2 SYSTEMPATH\Helpers\url_helper.php(59): CodeIgniter\HTTP\SiteURI->baseUrl(false, null)
 3 APPPATH\Views\temp_adminpage\sidebar.php(18): base_url(false)
 4 SYSTEMPATH\View\View.php(234): include('C:\\APK\\xampp-8.2\\htdocs\\SafeToTrip\\app\\Views\\temp_adminpage\\sidebar.php')
 5 SYSTEMPATH\View\View.php(237): CodeIgniter\View\View->CodeIgniter\View\{closure}()
 6 SYSTEMPATH\View\View.php(484): CodeIgniter\View\View->render('temp_adminpage/sidebar', null, true)
 7 APPPATH\Views\adminpage\index.php(2): CodeIgniter\View\View->include('temp_adminpage/sidebar')
 8 SYSTEMPATH\View\View.php(234): include('C:\\APK\\xampp-8.2\\htdocs\\SafeToTrip\\app\\Views\\adminpage\\index.php')
 9 SYSTEMPATH\View\View.php(237): CodeIgniter\View\View->CodeIgniter\View\{closure}()
10 SYSTEMPATH\Common.php(1171): CodeIgniter\View\View->render('adminpage/index', [], true)
11 APPPATH\Controllers\Home.php(36): view('adminpage/index', [...])
12 SYSTEMPATH\CodeIgniter.php(933): App\Controllers\Home->adminpage()
13 SYSTEMPATH\CodeIgniter.php(509): CodeIgniter\CodeIgniter->runController(Object(App\Controllers\Home))
14 SYSTEMPATH\CodeIgniter.php(355): CodeIgniter\CodeIgniter->handleRequest(null, Object(Config\Cache), false)
15 SYSTEMPATH\Boot.php(312): CodeIgniter\CodeIgniter->run()
16 SYSTEMPATH\Boot.php(67): CodeIgniter\Boot::runCodeIgniter(Object(CodeIgniter\CodeIgniter))
17 FCPATH\index.php(56): CodeIgniter\Boot::bootWeb(Object(Config\Paths))
18 SYSTEMPATH\Commands\Server\rewrite.php(49): require_once('C:\\APK\\xampp-8.2\\htdocs\\SafeToTrip\\public\\index.php')
INFO - 2024-06-02 22:46:16 --> Session: Class initialized using 'CodeIgniter\Session\Handlers\FileHandler' driver.
WARNING - 2024-06-02 22:46:16 --> [DEPRECATED] Creation of dynamic property App\Controllers\Home::$session is deprecated in APPPATH\Controllers\Home.php on line 9.
 1 SYSTEMPATH\CodeIgniter.php(903): App\Controllers\Home->__construct()
 2 SYSTEMPATH\CodeIgniter.php(500): CodeIgniter\CodeIgniter->createController()
 3 SYSTEMPATH\CodeIgniter.php(355): CodeIgniter\CodeIgniter->handleRequest(null, Object(Config\Cache), false)
 4 SYSTEMPATH\Boot.php(312): CodeIgniter\CodeIgniter->run()
 5 SYSTEMPATH\Boot.php(67): CodeIgniter\Boot::runCodeIgniter(Object(CodeIgniter\CodeIgniter))
 6 FCPATH\index.php(56): CodeIgniter\Boot::bootWeb(Object(Config\Paths))
 7 SYSTEMPATH\Commands\Server\rewrite.php(49): require_once('C:\\APK\\xampp-8.2\\htdocs\\SafeToTrip\\public\\index.php')
CRITICAL - 2024-06-02 22:46:16 --> TypeError: CodeIgniter\HTTP\SiteURI::stringifyRelativePath(): Return value must be of type string, bool returned
[Method: GET, Route: dashboard]
in SYSTEMPATH\HTTP\SiteURI.php on line 407.
 1 SYSTEMPATH\HTTP\SiteURI.php(381): CodeIgniter\HTTP\SiteURI->stringifyRelativePath(false)
 2 SYSTEMPATH\Helpers\url_helper.php(59): CodeIgniter\HTTP\SiteURI->baseUrl(false, null)
 3 APPPATH\Views\temp_adminpage\sidebar.php(18): base_url(false)
 4 SYSTEMPATH\View\View.php(234): include('C:\\APK\\xampp-8.2\\htdocs\\SafeToTrip\\app\\Views\\temp_adminpage\\sidebar.php')
 5 SYSTEMPATH\View\View.php(237): CodeIgniter\View\View->CodeIgniter\View\{closure}()
 6 SYSTEMPATH\View\View.php(484): CodeIgniter\View\View->render('temp_adminpage/sidebar', null, true)
 7 APPPATH\Views\adminpage\index.php(2): CodeIgniter\View\View->include('temp_adminpage/sidebar')
 8 SYSTEMPATH\View\View.php(234): include('C:\\APK\\xampp-8.2\\htdocs\\SafeToTrip\\app\\Views\\adminpage\\index.php')
 9 SYSTEMPATH\View\View.php(237): CodeIgniter\View\View->CodeIgniter\View\{closure}()
10 SYSTEMPATH\Common.php(1171): CodeIgniter\View\View->render('adminpage/index', [], true)
11 APPPATH\Controllers\Home.php(36): view('adminpage/index', [...])
12 SYSTEMPATH\CodeIgniter.php(933): App\Controllers\Home->adminpage()
13 SYSTEMPATH\CodeIgniter.php(509): CodeIgniter\CodeIgniter->runController(Object(App\Controllers\Home))
14 SYSTEMPATH\CodeIgniter.php(355): CodeIgniter\CodeIgniter->handleRequest(null, Object(Config\Cache), false)
15 SYSTEMPATH\Boot.php(312): CodeIgniter\CodeIgniter->run()
16 SYSTEMPATH\Boot.php(67): CodeIgniter\Boot::runCodeIgniter(Object(CodeIgniter\CodeIgniter))
17 FCPATH\index.php(56): CodeIgniter\Boot::bootWeb(Object(Config\Paths))
18 SYSTEMPATH\Commands\Server\rewrite.php(49): require_once('C:\\APK\\xampp-8.2\\htdocs\\SafeToTrip\\public\\index.php')
INFO - 2024-06-02 22:46:16 --> Session: Class initialized using 'CodeIgniter\Session\Handlers\FileHandler' driver.
WARNING - 2024-06-02 22:46:16 --> [DEPRECATED] Creation of dynamic property App\Controllers\Home::$session is deprecated in APPPATH\Controllers\Home.php on line 9.
 1 SYSTEMPATH\CodeIgniter.php(903): App\Controllers\Home->__construct()
 2 SYSTEMPATH\CodeIgniter.php(500): CodeIgniter\CodeIgniter->createController()
 3 SYSTEMPATH\CodeIgniter.php(355): CodeIgniter\CodeIgniter->handleRequest(null, Object(Config\Cache), false)
 4 SYSTEMPATH\Boot.php(312): CodeIgniter\CodeIgniter->run()
 5 SYSTEMPATH\Boot.php(67): CodeIgniter\Boot::runCodeIgniter(Object(CodeIgniter\CodeIgniter))
 6 FCPATH\index.php(56): CodeIgniter\Boot::bootWeb(Object(Config\Paths))
 7 SYSTEMPATH\Commands\Server\rewrite.php(49): require_once('C:\\APK\\xampp-8.2\\htdocs\\SafeToTrip\\public\\index.php')
CRITICAL - 2024-06-02 22:46:16 --> TypeError: CodeIgniter\HTTP\SiteURI::stringifyRelativePath(): Return value must be of type string, bool returned
[Method: GET, Route: dashboard]
in SYSTEMPATH\HTTP\SiteURI.php on line 407.
 1 SYSTEMPATH\HTTP\SiteURI.php(381): CodeIgniter\HTTP\SiteURI->stringifyRelativePath(false)
 2 SYSTEMPATH\Helpers\url_helper.php(59): CodeIgniter\HTTP\SiteURI->baseUrl(false, null)
 3 APPPATH\Views\temp_adminpage\sidebar.php(18): base_url(false)
 4 SYSTEMPATH\View\View.php(234): include('C:\\APK\\xampp-8.2\\htdocs\\SafeToTrip\\app\\Views\\temp_adminpage\\sidebar.php')
 5 SYSTEMPATH\View\View.php(237): CodeIgniter\View\View->CodeIgniter\View\{closure}()
 6 SYSTEMPATH\View\View.php(484): CodeIgniter\View\View->render('temp_adminpage/sidebar', null, true)
 7 APPPATH\Views\adminpage\index.php(2): CodeIgniter\View\View->include('temp_adminpage/sidebar')
 8 SYSTEMPATH\View\View.php(234): include('C:\\APK\\xampp-8.2\\htdocs\\SafeToTrip\\app\\Views\\adminpage\\index.php')
 9 SYSTEMPATH\View\View.php(237): CodeIgniter\View\View->CodeIgniter\View\{closure}()
10 SYSTEMPATH\Common.php(1171): CodeIgniter\View\View->render('adminpage/index', [], true)
11 APPPATH\Controllers\Home.php(36): view('adminpage/index', [...])
12 SYSTEMPATH\CodeIgniter.php(933): App\Controllers\Home->adminpage()
13 SYSTEMPATH\CodeIgniter.php(509): CodeIgniter\CodeIgniter->runController(Object(App\Controllers\Home))
14 SYSTEMPATH\CodeIgniter.php(355): CodeIgniter\CodeIgniter->handleRequest(null, Object(Config\Cache), false)
15 SYSTEMPATH\Boot.php(312): CodeIgniter\CodeIgniter->run()
16 SYSTEMPATH\Boot.php(67): CodeIgniter\Boot::runCodeIgniter(Object(CodeIgniter\CodeIgniter))
17 FCPATH\index.php(56): CodeIgniter\Boot::bootWeb(Object(Config\Paths))
18 SYSTEMPATH\Commands\Server\rewrite.php(49): require_once('C:\\APK\\xampp-8.2\\htdocs\\SafeToTrip\\public\\index.php')
INFO - 2024-06-02 22:46:16 --> Session: Class initialized using 'CodeIgniter\Session\Handlers\FileHandler' driver.
WARNING - 2024-06-02 22:46:16 --> [DEPRECATED] Creation of dynamic property App\Controllers\Home::$session is deprecated in APPPATH\Controllers\Home.php on line 9.
 1 SYSTEMPATH\CodeIgniter.php(903): App\Controllers\Home->__construct()
 2 SYSTEMPATH\CodeIgniter.php(500): CodeIgniter\CodeIgniter->createController()
 3 SYSTEMPATH\CodeIgniter.php(355): CodeIgniter\CodeIgniter->handleRequest(null, Object(Config\Cache), false)
 4 SYSTEMPATH\Boot.php(312): CodeIgniter\CodeIgniter->run()
 5 SYSTEMPATH\Boot.php(67): CodeIgniter\Boot::runCodeIgniter(Object(CodeIgniter\CodeIgniter))
 6 FCPATH\index.php(56): CodeIgniter\Boot::bootWeb(Object(Config\Paths))
 7 SYSTEMPATH\Commands\Server\rewrite.php(49): require_once('C:\\APK\\xampp-8.2\\htdocs\\SafeToTrip\\public\\index.php')
CRITICAL - 2024-06-02 22:46:16 --> TypeError: CodeIgniter\HTTP\SiteURI::stringifyRelativePath(): Return value must be of type string, bool returned
[Method: GET, Route: dashboard]
in SYSTEMPATH\HTTP\SiteURI.php on line 407.
 1 SYSTEMPATH\HTTP\SiteURI.php(381): CodeIgniter\HTTP\SiteURI->stringifyRelativePath(false)
 2 SYSTEMPATH\Helpers\url_helper.php(59): CodeIgniter\HTTP\SiteURI->baseUrl(false, null)
 3 APPPATH\Views\temp_adminpage\sidebar.php(18): base_url(false)
 4 SYSTEMPATH\View\View.php(234): include('C:\\APK\\xampp-8.2\\htdocs\\SafeToTrip\\app\\Views\\temp_adminpage\\sidebar.php')
 5 SYSTEMPATH\View\View.php(237): CodeIgniter\View\View->CodeIgniter\View\{closure}()
 6 SYSTEMPATH\View\View.php(484): CodeIgniter\View\View->render('temp_adminpage/sidebar', null, true)
 7 APPPATH\Views\adminpage\index.php(2): CodeIgniter\View\View->include('temp_adminpage/sidebar')
 8 SYSTEMPATH\View\View.php(234): include('C:\\APK\\xampp-8.2\\htdocs\\SafeToTrip\\app\\Views\\adminpage\\index.php')
 9 SYSTEMPATH\View\View.php(237): CodeIgniter\View\View->CodeIgniter\View\{closure}()
10 SYSTEMPATH\Common.php(1171): CodeIgniter\View\View->render('adminpage/index', [], true)
11 APPPATH\Controllers\Home.php(36): view('adminpage/index', [...])
12 SYSTEMPATH\CodeIgniter.php(933): App\Controllers\Home->adminpage()
13 SYSTEMPATH\CodeIgniter.php(509): CodeIgniter\CodeIgniter->runController(Object(App\Controllers\Home))
14 SYSTEMPATH\CodeIgniter.php(355): CodeIgniter\CodeIgniter->handleRequest(null, Object(Config\Cache), false)
15 SYSTEMPATH\Boot.php(312): CodeIgniter\CodeIgniter->run()
16 SYSTEMPATH\Boot.php(67): CodeIgniter\Boot::runCodeIgniter(Object(CodeIgniter\CodeIgniter))
17 FCPATH\index.php(56): CodeIgniter\Boot::bootWeb(Object(Config\Paths))
18 SYSTEMPATH\Commands\Server\rewrite.php(49): require_once('C:\\APK\\xampp-8.2\\htdocs\\SafeToTrip\\public\\index.php')
INFO - 2024-06-02 22:46:16 --> Session: Class initialized using 'CodeIgniter\Session\Handlers\FileHandler' driver.
WARNING - 2024-06-02 22:46:16 --> [DEPRECATED] Creation of dynamic property App\Controllers\Home::$session is deprecated in APPPATH\Controllers\Home.php on line 9.
 1 SYSTEMPATH\CodeIgniter.php(903): App\Controllers\Home->__construct()
 2 SYSTEMPATH\CodeIgniter.php(500): CodeIgniter\CodeIgniter->createController()
 3 SYSTEMPATH\CodeIgniter.php(355): CodeIgniter\CodeIgniter->handleRequest(null, Object(Config\Cache), false)
 4 SYSTEMPATH\Boot.php(312): CodeIgniter\CodeIgniter->run()
 5 SYSTEMPATH\Boot.php(67): CodeIgniter\Boot::runCodeIgniter(Object(CodeIgniter\CodeIgniter))
 6 FCPATH\index.php(56): CodeIgniter\Boot::bootWeb(Object(Config\Paths))
 7 SYSTEMPATH\Commands\Server\rewrite.php(49): require_once('C:\\APK\\xampp-8.2\\htdocs\\SafeToTrip\\public\\index.php')
CRITICAL - 2024-06-02 22:46:16 --> TypeError: CodeIgniter\HTTP\SiteURI::stringifyRelativePath(): Return value must be of type string, bool returned
[Method: GET, Route: dashboard]
in SYSTEMPATH\HTTP\SiteURI.php on line 407.
 1 SYSTEMPATH\HTTP\SiteURI.php(381): CodeIgniter\HTTP\SiteURI->stringifyRelativePath(false)
 2 SYSTEMPATH\Helpers\url_helper.php(59): CodeIgniter\HTTP\SiteURI->baseUrl(false, null)
 3 APPPATH\Views\temp_adminpage\sidebar.php(18): base_url(false)
 4 SYSTEMPATH\View\View.php(234): include('C:\\APK\\xampp-8.2\\htdocs\\SafeToTrip\\app\\Views\\temp_adminpage\\sidebar.php')
 5 SYSTEMPATH\View\View.php(237): CodeIgniter\View\View->CodeIgniter\View\{closure}()
 6 SYSTEMPATH\View\View.php(484): CodeIgniter\View\View->render('temp_adminpage/sidebar', null, true)
 7 APPPATH\Views\adminpage\index.php(2): CodeIgniter\View\View->include('temp_adminpage/sidebar')
 8 SYSTEMPATH\View\View.php(234): include('C:\\APK\\xampp-8.2\\htdocs\\SafeToTrip\\app\\Views\\adminpage\\index.php')
 9 SYSTEMPATH\View\View.php(237): CodeIgniter\View\View->CodeIgniter\View\{closure}()
10 SYSTEMPATH\Common.php(1171): CodeIgniter\View\View->render('adminpage/index', [], true)
11 APPPATH\Controllers\Home.php(36): view('adminpage/index', [...])
12 SYSTEMPATH\CodeIgniter.php(933): App\Controllers\Home->adminpage()
13 SYSTEMPATH\CodeIgniter.php(509): CodeIgniter\CodeIgniter->runController(Object(App\Controllers\Home))
14 SYSTEMPATH\CodeIgniter.php(355): CodeIgniter\CodeIgniter->handleRequest(null, Object(Config\Cache), false)
15 SYSTEMPATH\Boot.php(312): CodeIgniter\CodeIgniter->run()
16 SYSTEMPATH\Boot.php(67): CodeIgniter\Boot::runCodeIgniter(Object(CodeIgniter\CodeIgniter))
17 FCPATH\index.php(56): CodeIgniter\Boot::bootWeb(Object(Config\Paths))
18 SYSTEMPATH\Commands\Server\rewrite.php(49): require_once('C:\\APK\\xampp-8.2\\htdocs\\SafeToTrip\\public\\index.php')
INFO - 2024-06-02 22:46:17 --> Session: Class initialized using 'CodeIgniter\Session\Handlers\FileHandler' driver.
WARNING - 2024-06-02 22:46:17 --> [DEPRECATED] Creation of dynamic property App\Controllers\Home::$session is deprecated in APPPATH\Controllers\Home.php on line 9.
 1 SYSTEMPATH\CodeIgniter.php(903): App\Controllers\Home->__construct()
 2 SYSTEMPATH\CodeIgniter.php(500): CodeIgniter\CodeIgniter->createController()
 3 SYSTEMPATH\CodeIgniter.php(355): CodeIgniter\CodeIgniter->handleRequest(null, Object(Config\Cache), false)
 4 SYSTEMPATH\Boot.php(312): CodeIgniter\CodeIgniter->run()
 5 SYSTEMPATH\Boot.php(67): CodeIgniter\Boot::runCodeIgniter(Object(CodeIgniter\CodeIgniter))
 6 FCPATH\index.php(56): CodeIgniter\Boot::bootWeb(Object(Config\Paths))
 7 SYSTEMPATH\Commands\Server\rewrite.php(49): require_once('C:\\APK\\xampp-8.2\\htdocs\\SafeToTrip\\public\\index.php')
CRITICAL - 2024-06-02 22:46:17 --> TypeError: CodeIgniter\HTTP\SiteURI::stringifyRelativePath(): Return value must be of type string, bool returned
[Method: GET, Route: dashboard]
in SYSTEMPATH\HTTP\SiteURI.php on line 407.
 1 SYSTEMPATH\HTTP\SiteURI.php(381): CodeIgniter\HTTP\SiteURI->stringifyRelativePath(false)
 2 SYSTEMPATH\Helpers\url_helper.php(59): CodeIgniter\HTTP\SiteURI->baseUrl(false, null)
 3 APPPATH\Views\temp_adminpage\sidebar.php(18): base_url(false)
 4 SYSTEMPATH\View\View.php(234): include('C:\\APK\\xampp-8.2\\htdocs\\SafeToTrip\\app\\Views\\temp_adminpage\\sidebar.php')
 5 SYSTEMPATH\View\View.php(237): CodeIgniter\View\View->CodeIgniter\View\{closure}()
 6 SYSTEMPATH\View\View.php(484): CodeIgniter\View\View->render('temp_adminpage/sidebar', null, true)
 7 APPPATH\Views\adminpage\index.php(2): CodeIgniter\View\View->include('temp_adminpage/sidebar')
 8 SYSTEMPATH\View\View.php(234): include('C:\\APK\\xampp-8.2\\htdocs\\SafeToTrip\\app\\Views\\adminpage\\index.php')
 9 SYSTEMPATH\View\View.php(237): CodeIgniter\View\View->CodeIgniter\View\{closure}()
10 SYSTEMPATH\Common.php(1171): CodeIgniter\View\View->render('adminpage/index', [], true)
11 APPPATH\Controllers\Home.php(36): view('adminpage/index', [...])
12 SYSTEMPATH\CodeIgniter.php(933): App\Controllers\Home->adminpage()
13 SYSTEMPATH\CodeIgniter.php(509): CodeIgniter\CodeIgniter->runController(Object(App\Controllers\Home))
14 SYSTEMPATH\CodeIgniter.php(355): CodeIgniter\CodeIgniter->handleRequest(null, Object(Config\Cache), false)
15 SYSTEMPATH\Boot.php(312): CodeIgniter\CodeIgniter->run()
16 SYSTEMPATH\Boot.php(67): CodeIgniter\Boot::runCodeIgniter(Object(CodeIgniter\CodeIgniter))
17 FCPATH\index.php(56): CodeIgniter\Boot::bootWeb(Object(Config\Paths))
18 SYSTEMPATH\Commands\Server\rewrite.php(49): require_once('C:\\APK\\xampp-8.2\\htdocs\\SafeToTrip\\public\\index.php')
INFO - 2024-06-02 22:46:17 --> Session: Class initialized using 'CodeIgniter\Session\Handlers\FileHandler' driver.
WARNING - 2024-06-02 22:46:17 --> [DEPRECATED] Creation of dynamic property App\Controllers\Home::$session is deprecated in APPPATH\Controllers\Home.php on line 9.
 1 SYSTEMPATH\CodeIgniter.php(903): App\Controllers\Home->__construct()
 2 SYSTEMPATH\CodeIgniter.php(500): CodeIgniter\CodeIgniter->createController()
 3 SYSTEMPATH\CodeIgniter.php(355): CodeIgniter\CodeIgniter->handleRequest(null, Object(Config\Cache), false)
 4 SYSTEMPATH\Boot.php(312): CodeIgniter\CodeIgniter->run()
 5 SYSTEMPATH\Boot.php(67): CodeIgniter\Boot::runCodeIgniter(Object(CodeIgniter\CodeIgniter))
 6 FCPATH\index.php(56): CodeIgniter\Boot::bootWeb(Object(Config\Paths))
 7 SYSTEMPATH\Commands\Server\rewrite.php(49): require_once('C:\\APK\\xampp-8.2\\htdocs\\SafeToTrip\\public\\index.php')
CRITICAL - 2024-06-02 22:46:17 --> TypeError: CodeIgniter\HTTP\SiteURI::stringifyRelativePath(): Return value must be of type string, bool returned
[Method: GET, Route: dashboard]
in SYSTEMPATH\HTTP\SiteURI.php on line 407.
 1 SYSTEMPATH\HTTP\SiteURI.php(381): CodeIgniter\HTTP\SiteURI->stringifyRelativePath(false)
 2 SYSTEMPATH\Helpers\url_helper.php(59): CodeIgniter\HTTP\SiteURI->baseUrl(false, null)
 3 APPPATH\Views\temp_adminpage\sidebar.php(18): base_url(false)
 4 SYSTEMPATH\View\View.php(234): include('C:\\APK\\xampp-8.2\\htdocs\\SafeToTrip\\app\\Views\\temp_adminpage\\sidebar.php')
 5 SYSTEMPATH\View\View.php(237): CodeIgniter\View\View->CodeIgniter\View\{closure}()
 6 SYSTEMPATH\View\View.php(484): CodeIgniter\View\View->render('temp_adminpage/sidebar', null, true)
 7 APPPATH\Views\adminpage\index.php(2): CodeIgniter\View\View->include('temp_adminpage/sidebar')
 8 SYSTEMPATH\View\View.php(234): include('C:\\APK\\xampp-8.2\\htdocs\\SafeToTrip\\app\\Views\\adminpage\\index.php')
 9 SYSTEMPATH\View\View.php(237): CodeIgniter\View\View->CodeIgniter\View\{closure}()
10 SYSTEMPATH\Common.php(1171): CodeIgniter\View\View->render('adminpage/index', [], true)
11 APPPATH\Controllers\Home.php(36): view('adminpage/index', [...])
12 SYSTEMPATH\CodeIgniter.php(933): App\Controllers\Home->adminpage()
13 SYSTEMPATH\CodeIgniter.php(509): CodeIgniter\CodeIgniter->runController(Object(App\Controllers\Home))
14 SYSTEMPATH\CodeIgniter.php(355): CodeIgniter\CodeIgniter->handleRequest(null, Object(Config\Cache), false)
15 SYSTEMPATH\Boot.php(312): CodeIgniter\CodeIgniter->run()
16 SYSTEMPATH\Boot.php(67): CodeIgniter\Boot::runCodeIgniter(Object(CodeIgniter\CodeIgniter))
17 FCPATH\index.php(56): CodeIgniter\Boot::bootWeb(Object(Config\Paths))
18 SYSTEMPATH\Commands\Server\rewrite.php(49): require_once('C:\\APK\\xampp-8.2\\htdocs\\SafeToTrip\\public\\index.php')
INFO - 2024-06-02 22:46:17 --> Session: Class initialized using 'CodeIgniter\Session\Handlers\FileHandler' driver.
WARNING - 2024-06-02 22:46:17 --> [DEPRECATED] Creation of dynamic property App\Controllers\Home::$session is deprecated in APPPATH\Controllers\Home.php on line 9.
 1 SYSTEMPATH\CodeIgniter.php(903): App\Controllers\Home->__construct()
 2 SYSTEMPATH\CodeIgniter.php(500): CodeIgniter\CodeIgniter->createController()
 3 SYSTEMPATH\CodeIgniter.php(355): CodeIgniter\CodeIgniter->handleRequest(null, Object(Config\Cache), false)
 4 SYSTEMPATH\Boot.php(312): CodeIgniter\CodeIgniter->run()
 5 SYSTEMPATH\Boot.php(67): CodeIgniter\Boot::runCodeIgniter(Object(CodeIgniter\CodeIgniter))
 6 FCPATH\index.php(56): CodeIgniter\Boot::bootWeb(Object(Config\Paths))
 7 SYSTEMPATH\Commands\Server\rewrite.php(49): require_once('C:\\APK\\xampp-8.2\\htdocs\\SafeToTrip\\public\\index.php')
CRITICAL - 2024-06-02 22:46:17 --> TypeError: CodeIgniter\HTTP\SiteURI::stringifyRelativePath(): Return value must be of type string, bool returned
[Method: GET, Route: dashboard]
in SYSTEMPATH\HTTP\SiteURI.php on line 407.
 1 SYSTEMPATH\HTTP\SiteURI.php(381): CodeIgniter\HTTP\SiteURI->stringifyRelativePath(false)
 2 SYSTEMPATH\Helpers\url_helper.php(59): CodeIgniter\HTTP\SiteURI->baseUrl(false, null)
 3 APPPATH\Views\temp_adminpage\sidebar.php(18): base_url(false)
 4 SYSTEMPATH\View\View.php(234): include('C:\\APK\\xampp-8.2\\htdocs\\SafeToTrip\\app\\Views\\temp_adminpage\\sidebar.php')
 5 SYSTEMPATH\View\View.php(237): CodeIgniter\View\View->CodeIgniter\View\{closure}()
 6 SYSTEMPATH\View\View.php(484): CodeIgniter\View\View->render('temp_adminpage/sidebar', null, true)
 7 APPPATH\Views\adminpage\index.php(2): CodeIgniter\View\View->include('temp_adminpage/sidebar')
 8 SYSTEMPATH\View\View.php(234): include('C:\\APK\\xampp-8.2\\htdocs\\SafeToTrip\\app\\Views\\adminpage\\index.php')
 9 SYSTEMPATH\View\View.php(237): CodeIgniter\View\View->CodeIgniter\View\{closure}()
10 SYSTEMPATH\Common.php(1171): CodeIgniter\View\View->render('adminpage/index', [], true)
11 APPPATH\Controllers\Home.php(36): view('adminpage/index', [...])
12 SYSTEMPATH\CodeIgniter.php(933): App\Controllers\Home->adminpage()
13 SYSTEMPATH\CodeIgniter.php(509): CodeIgniter\CodeIgniter->runController(Object(App\Controllers\Home))
14 SYSTEMPATH\CodeIgniter.php(355): CodeIgniter\CodeIgniter->handleRequest(null, Object(Config\Cache), false)
15 SYSTEMPATH\Boot.php(312): CodeIgniter\CodeIgniter->run()
16 SYSTEMPATH\Boot.php(67): CodeIgniter\Boot::runCodeIgniter(Object(CodeIgniter\CodeIgniter))
17 FCPATH\index.php(56): CodeIgniter\Boot::bootWeb(Object(Config\Paths))
18 SYSTEMPATH\Commands\Server\rewrite.php(49): require_once('C:\\APK\\xampp-8.2\\htdocs\\SafeToTrip\\public\\index.php')
INFO - 2024-06-02 22:46:17 --> Session: Class initialized using 'CodeIgniter\Session\Handlers\FileHandler' driver.
WARNING - 2024-06-02 22:46:17 --> [DEPRECATED] Creation of dynamic property App\Controllers\Home::$session is deprecated in APPPATH\Controllers\Home.php on line 9.
 1 SYSTEMPATH\CodeIgniter.php(903): App\Controllers\Home->__construct()
 2 SYSTEMPATH\CodeIgniter.php(500): CodeIgniter\CodeIgniter->createController()
 3 SYSTEMPATH\CodeIgniter.php(355): CodeIgniter\CodeIgniter->handleRequest(null, Object(Config\Cache), false)
 4 SYSTEMPATH\Boot.php(312): CodeIgniter\CodeIgniter->run()
 5 SYSTEMPATH\Boot.php(67): CodeIgniter\Boot::runCodeIgniter(Object(CodeIgniter\CodeIgniter))
 6 FCPATH\index.php(56): CodeIgniter\Boot::bootWeb(Object(Config\Paths))
 7 SYSTEMPATH\Commands\Server\rewrite.php(49): require_once('C:\\APK\\xampp-8.2\\htdocs\\SafeToTrip\\public\\index.php')
CRITICAL - 2024-06-02 22:46:17 --> TypeError: CodeIgniter\HTTP\SiteURI::stringifyRelativePath(): Return value must be of type string, bool returned
[Method: GET, Route: dashboard]
in SYSTEMPATH\HTTP\SiteURI.php on line 407.
 1 SYSTEMPATH\HTTP\SiteURI.php(381): CodeIgniter\HTTP\SiteURI->stringifyRelativePath(false)
 2 SYSTEMPATH\Helpers\url_helper.php(59): CodeIgniter\HTTP\SiteURI->baseUrl(false, null)
 3 APPPATH\Views\temp_adminpage\sidebar.php(18): base_url(false)
 4 SYSTEMPATH\View\View.php(234): include('C:\\APK\\xampp-8.2\\htdocs\\SafeToTrip\\app\\Views\\temp_adminpage\\sidebar.php')
 5 SYSTEMPATH\View\View.php(237): CodeIgniter\View\View->CodeIgniter\View\{closure}()
 6 SYSTEMPATH\View\View.php(484): CodeIgniter\View\View->render('temp_adminpage/sidebar', null, true)
 7 APPPATH\Views\adminpage\index.php(2): CodeIgniter\View\View->include('temp_adminpage/sidebar')
 8 SYSTEMPATH\View\View.php(234): include('C:\\APK\\xampp-8.2\\htdocs\\SafeToTrip\\app\\Views\\adminpage\\index.php')
 9 SYSTEMPATH\View\View.php(237): CodeIgniter\View\View->CodeIgniter\View\{closure}()
10 SYSTEMPATH\Common.php(1171): CodeIgniter\View\View->render('adminpage/index', [], true)
11 APPPATH\Controllers\Home.php(36): view('adminpage/index', [...])
12 SYSTEMPATH\CodeIgniter.php(933): App\Controllers\Home->adminpage()
13 SYSTEMPATH\CodeIgniter.php(509): CodeIgniter\CodeIgniter->runController(Object(App\Controllers\Home))
14 SYSTEMPATH\CodeIgniter.php(355): CodeIgniter\CodeIgniter->handleRequest(null, Object(Config\Cache), false)
15 SYSTEMPATH\Boot.php(312): CodeIgniter\CodeIgniter->run()
16 SYSTEMPATH\Boot.php(67): CodeIgniter\Boot::runCodeIgniter(Object(CodeIgniter\CodeIgniter))
17 FCPATH\index.php(56): CodeIgniter\Boot::bootWeb(Object(Config\Paths))
18 SYSTEMPATH\Commands\Server\rewrite.php(49): require_once('C:\\APK\\xampp-8.2\\htdocs\\SafeToTrip\\public\\index.php')
INFO - 2024-06-02 22:46:24 --> Session: Class initialized using 'CodeIgniter\Session\Handlers\FileHandler' driver.
WARNING - 2024-06-02 22:46:24 --> [DEPRECATED] Creation of dynamic property App\Controllers\Home::$session is deprecated in APPPATH\Controllers\Home.php on line 9.
 1 SYSTEMPATH\CodeIgniter.php(903): App\Controllers\Home->__construct()
 2 SYSTEMPATH\CodeIgniter.php(500): CodeIgniter\CodeIgniter->createController()
 3 SYSTEMPATH\CodeIgniter.php(355): CodeIgniter\CodeIgniter->handleRequest(null, Object(Config\Cache), false)
 4 SYSTEMPATH\Boot.php(312): CodeIgniter\CodeIgniter->run()
 5 SYSTEMPATH\Boot.php(67): CodeIgniter\Boot::runCodeIgniter(Object(CodeIgniter\CodeIgniter))
 6 FCPATH\index.php(56): CodeIgniter\Boot::bootWeb(Object(Config\Paths))
 7 SYSTEMPATH\Commands\Server\rewrite.php(49): require_once('C:\\APK\\xampp-8.2\\htdocs\\SafeToTrip\\public\\index.php')
CRITICAL - 2024-06-02 22:46:24 --> TypeError: CodeIgniter\HTTP\SiteURI::stringifyRelativePath(): Return value must be of type string, bool returned
[Method: GET, Route: dashboard]
in SYSTEMPATH\HTTP\SiteURI.php on line 407.
 1 SYSTEMPATH\HTTP\SiteURI.php(381): CodeIgniter\HTTP\SiteURI->stringifyRelativePath(false)
 2 SYSTEMPATH\Helpers\url_helper.php(59): CodeIgniter\HTTP\SiteURI->baseUrl(false, null)
 3 APPPATH\Views\temp_adminpage\sidebar.php(18): base_url(false)
 4 SYSTEMPATH\View\View.php(234): include('C:\\APK\\xampp-8.2\\htdocs\\SafeToTrip\\app\\Views\\temp_adminpage\\sidebar.php')
 5 SYSTEMPATH\View\View.php(237): CodeIgniter\View\View->CodeIgniter\View\{closure}()
 6 SYSTEMPATH\View\View.php(484): CodeIgniter\View\View->render('temp_adminpage/sidebar', null, true)
 7 APPPATH\Views\adminpage\index.php(2): CodeIgniter\View\View->include('temp_adminpage/sidebar')
 8 SYSTEMPATH\View\View.php(234): include('C:\\APK\\xampp-8.2\\htdocs\\SafeToTrip\\app\\Views\\adminpage\\index.php')
 9 SYSTEMPATH\View\View.php(237): CodeIgniter\View\View->CodeIgniter\View\{closure}()
10 SYSTEMPATH\Common.php(1171): CodeIgniter\View\View->render('adminpage/index', [], true)
11 APPPATH\Controllers\Home.php(35): view('adminpage/index', [...])
12 SYSTEMPATH\CodeIgniter.php(933): App\Controllers\Home->adminpage()
13 SYSTEMPATH\CodeIgniter.php(509): CodeIgniter\CodeIgniter->runController(Object(App\Controllers\Home))
14 SYSTEMPATH\CodeIgniter.php(355): CodeIgniter\CodeIgniter->handleRequest(null, Object(Config\Cache), false)
15 SYSTEMPATH\Boot.php(312): CodeIgniter\CodeIgniter->run()
16 SYSTEMPATH\Boot.php(67): CodeIgniter\Boot::runCodeIgniter(Object(CodeIgniter\CodeIgniter))
17 FCPATH\index.php(56): CodeIgniter\Boot::bootWeb(Object(Config\Paths))
18 SYSTEMPATH\Commands\Server\rewrite.php(49): require_once('C:\\APK\\xampp-8.2\\htdocs\\SafeToTrip\\public\\index.php')
INFO - 2024-06-02 22:46:25 --> Session: Class initialized using 'CodeIgniter\Session\Handlers\FileHandler' driver.
WARNING - 2024-06-02 22:46:25 --> [DEPRECATED] Creation of dynamic property App\Controllers\Home::$session is deprecated in APPPATH\Controllers\Home.php on line 9.
 1 SYSTEMPATH\CodeIgniter.php(903): App\Controllers\Home->__construct()
 2 SYSTEMPATH\CodeIgniter.php(500): CodeIgniter\CodeIgniter->createController()
 3 SYSTEMPATH\CodeIgniter.php(355): CodeIgniter\CodeIgniter->handleRequest(null, Object(Config\Cache), false)
 4 SYSTEMPATH\Boot.php(312): CodeIgniter\CodeIgniter->run()
 5 SYSTEMPATH\Boot.php(67): CodeIgniter\Boot::runCodeIgniter(Object(CodeIgniter\CodeIgniter))
 6 FCPATH\index.php(56): CodeIgniter\Boot::bootWeb(Object(Config\Paths))
 7 SYSTEMPATH\Commands\Server\rewrite.php(49): require_once('C:\\APK\\xampp-8.2\\htdocs\\SafeToTrip\\public\\index.php')
CRITICAL - 2024-06-02 22:46:25 --> TypeError: CodeIgniter\HTTP\SiteURI::stringifyRelativePath(): Return value must be of type string, bool returned
[Method: GET, Route: dashboard]
in SYSTEMPATH\HTTP\SiteURI.php on line 407.
 1 SYSTEMPATH\HTTP\SiteURI.php(381): CodeIgniter\HTTP\SiteURI->stringifyRelativePath(false)
 2 SYSTEMPATH\Helpers\url_helper.php(59): CodeIgniter\HTTP\SiteURI->baseUrl(false, null)
 3 APPPATH\Views\temp_adminpage\sidebar.php(18): base_url(false)
 4 SYSTEMPATH\View\View.php(234): include('C:\\APK\\xampp-8.2\\htdocs\\SafeToTrip\\app\\Views\\temp_adminpage\\sidebar.php')
 5 SYSTEMPATH\View\View.php(237): CodeIgniter\View\View->CodeIgniter\View\{closure}()
 6 SYSTEMPATH\View\View.php(484): CodeIgniter\View\View->render('temp_adminpage/sidebar', null, true)
 7 APPPATH\Views\adminpage\index.php(2): CodeIgniter\View\View->include('temp_adminpage/sidebar')
 8 SYSTEMPATH\View\View.php(234): include('C:\\APK\\xampp-8.2\\htdocs\\SafeToTrip\\app\\Views\\adminpage\\index.php')
 9 SYSTEMPATH\View\View.php(237): CodeIgniter\View\View->CodeIgniter\View\{closure}()
10 SYSTEMPATH\Common.php(1171): CodeIgniter\View\View->render('adminpage/index', [], true)
11 APPPATH\Controllers\Home.php(35): view('adminpage/index', [...])
12 SYSTEMPATH\CodeIgniter.php(933): App\Controllers\Home->adminpage()
13 SYSTEMPATH\CodeIgniter.php(509): CodeIgniter\CodeIgniter->runController(Object(App\Controllers\Home))
14 SYSTEMPATH\CodeIgniter.php(355): CodeIgniter\CodeIgniter->handleRequest(null, Object(Config\Cache), false)
15 SYSTEMPATH\Boot.php(312): CodeIgniter\CodeIgniter->run()
16 SYSTEMPATH\Boot.php(67): CodeIgniter\Boot::runCodeIgniter(Object(CodeIgniter\CodeIgniter))
17 FCPATH\index.php(56): CodeIgniter\Boot::bootWeb(Object(Config\Paths))
18 SYSTEMPATH\Commands\Server\rewrite.php(49): require_once('C:\\APK\\xampp-8.2\\htdocs\\SafeToTrip\\public\\index.php')
INFO - 2024-06-02 22:46:25 --> Session: Class initialized using 'CodeIgniter\Session\Handlers\FileHandler' driver.
WARNING - 2024-06-02 22:46:25 --> [DEPRECATED] Creation of dynamic property App\Controllers\Home::$session is deprecated in APPPATH\Controllers\Home.php on line 9.
 1 SYSTEMPATH\CodeIgniter.php(903): App\Controllers\Home->__construct()
 2 SYSTEMPATH\CodeIgniter.php(500): CodeIgniter\CodeIgniter->createController()
 3 SYSTEMPATH\CodeIgniter.php(355): CodeIgniter\CodeIgniter->handleRequest(null, Object(Config\Cache), false)
 4 SYSTEMPATH\Boot.php(312): CodeIgniter\CodeIgniter->run()
 5 SYSTEMPATH\Boot.php(67): CodeIgniter\Boot::runCodeIgniter(Object(CodeIgniter\CodeIgniter))
 6 FCPATH\index.php(56): CodeIgniter\Boot::bootWeb(Object(Config\Paths))
 7 SYSTEMPATH\Commands\Server\rewrite.php(49): require_once('C:\\APK\\xampp-8.2\\htdocs\\SafeToTrip\\public\\index.php')
CRITICAL - 2024-06-02 22:46:25 --> TypeError: CodeIgniter\HTTP\SiteURI::stringifyRelativePath(): Return value must be of type string, bool returned
[Method: GET, Route: dashboard]
in SYSTEMPATH\HTTP\SiteURI.php on line 407.
 1 SYSTEMPATH\HTTP\SiteURI.php(381): CodeIgniter\HTTP\SiteURI->stringifyRelativePath(false)
 2 SYSTEMPATH\Helpers\url_helper.php(59): CodeIgniter\HTTP\SiteURI->baseUrl(false, null)
 3 APPPATH\Views\temp_adminpage\sidebar.php(18): base_url(false)
 4 SYSTEMPATH\View\View.php(234): include('C:\\APK\\xampp-8.2\\htdocs\\SafeToTrip\\app\\Views\\temp_adminpage\\sidebar.php')
 5 SYSTEMPATH\View\View.php(237): CodeIgniter\View\View->CodeIgniter\View\{closure}()
 6 SYSTEMPATH\View\View.php(484): CodeIgniter\View\View->render('temp_adminpage/sidebar', null, true)
 7 APPPATH\Views\adminpage\index.php(2): CodeIgniter\View\View->include('temp_adminpage/sidebar')
 8 SYSTEMPATH\View\View.php(234): include('C:\\APK\\xampp-8.2\\htdocs\\SafeToTrip\\app\\Views\\adminpage\\index.php')
 9 SYSTEMPATH\View\View.php(237): CodeIgniter\View\View->CodeIgniter\View\{closure}()
10 SYSTEMPATH\Common.php(1171): CodeIgniter\View\View->render('adminpage/index', [], true)
11 APPPATH\Controllers\Home.php(35): view('adminpage/index', [...])
12 SYSTEMPATH\CodeIgniter.php(933): App\Controllers\Home->adminpage()
13 SYSTEMPATH\CodeIgniter.php(509): CodeIgniter\CodeIgniter->runController(Object(App\Controllers\Home))
14 SYSTEMPATH\CodeIgniter.php(355): CodeIgniter\CodeIgniter->handleRequest(null, Object(Config\Cache), false)
15 SYSTEMPATH\Boot.php(312): CodeIgniter\CodeIgniter->run()
16 SYSTEMPATH\Boot.php(67): CodeIgniter\Boot::runCodeIgniter(Object(CodeIgniter\CodeIgniter))
17 FCPATH\index.php(56): CodeIgniter\Boot::bootWeb(Object(Config\Paths))
18 SYSTEMPATH\Commands\Server\rewrite.php(49): require_once('C:\\APK\\xampp-8.2\\htdocs\\SafeToTrip\\public\\index.php')
INFO - 2024-06-02 22:46:25 --> Session: Class initialized using 'CodeIgniter\Session\Handlers\FileHandler' driver.
WARNING - 2024-06-02 22:46:25 --> [DEPRECATED] Creation of dynamic property App\Controllers\Home::$session is deprecated in APPPATH\Controllers\Home.php on line 9.
 1 SYSTEMPATH\CodeIgniter.php(903): App\Controllers\Home->__construct()
 2 SYSTEMPATH\CodeIgniter.php(500): CodeIgniter\CodeIgniter->createController()
 3 SYSTEMPATH\CodeIgniter.php(355): CodeIgniter\CodeIgniter->handleRequest(null, Object(Config\Cache), false)
 4 SYSTEMPATH\Boot.php(312): CodeIgniter\CodeIgniter->run()
 5 SYSTEMPATH\Boot.php(67): CodeIgniter\Boot::runCodeIgniter(Object(CodeIgniter\CodeIgniter))
 6 FCPATH\index.php(56): CodeIgniter\Boot::bootWeb(Object(Config\Paths))
 7 SYSTEMPATH\Commands\Server\rewrite.php(49): require_once('C:\\APK\\xampp-8.2\\htdocs\\SafeToTrip\\public\\index.php')
CRITICAL - 2024-06-02 22:46:25 --> TypeError: CodeIgniter\HTTP\SiteURI::stringifyRelativePath(): Return value must be of type string, bool returned
[Method: GET, Route: dashboard]
in SYSTEMPATH\HTTP\SiteURI.php on line 407.
 1 SYSTEMPATH\HTTP\SiteURI.php(381): CodeIgniter\HTTP\SiteURI->stringifyRelativePath(false)
 2 SYSTEMPATH\Helpers\url_helper.php(59): CodeIgniter\HTTP\SiteURI->baseUrl(false, null)
 3 APPPATH\Views\temp_adminpage\sidebar.php(18): base_url(false)
 4 SYSTEMPATH\View\View.php(234): include('C:\\APK\\xampp-8.2\\htdocs\\SafeToTrip\\app\\Views\\temp_adminpage\\sidebar.php')
 5 SYSTEMPATH\View\View.php(237): CodeIgniter\View\View->CodeIgniter\View\{closure}()
 6 SYSTEMPATH\View\View.php(484): CodeIgniter\View\View->render('temp_adminpage/sidebar', null, true)
 7 APPPATH\Views\adminpage\index.php(2): CodeIgniter\View\View->include('temp_adminpage/sidebar')
 8 SYSTEMPATH\View\View.php(234): include('C:\\APK\\xampp-8.2\\htdocs\\SafeToTrip\\app\\Views\\adminpage\\index.php')
 9 SYSTEMPATH\View\View.php(237): CodeIgniter\View\View->CodeIgniter\View\{closure}()
10 SYSTEMPATH\Common.php(1171): CodeIgniter\View\View->render('adminpage/index', [], true)
11 APPPATH\Controllers\Home.php(35): view('adminpage/index', [...])
12 SYSTEMPATH\CodeIgniter.php(933): App\Controllers\Home->adminpage()
13 SYSTEMPATH\CodeIgniter.php(509): CodeIgniter\CodeIgniter->runController(Object(App\Controllers\Home))
14 SYSTEMPATH\CodeIgniter.php(355): CodeIgniter\CodeIgniter->handleRequest(null, Object(Config\Cache), false)
15 SYSTEMPATH\Boot.php(312): CodeIgniter\CodeIgniter->run()
16 SYSTEMPATH\Boot.php(67): CodeIgniter\Boot::runCodeIgniter(Object(CodeIgniter\CodeIgniter))
17 FCPATH\index.php(56): CodeIgniter\Boot::bootWeb(Object(Config\Paths))
18 SYSTEMPATH\Commands\Server\rewrite.php(49): require_once('C:\\APK\\xampp-8.2\\htdocs\\SafeToTrip\\public\\index.php')
INFO - 2024-06-02 22:46:26 --> Session: Class initialized using 'CodeIgniter\Session\Handlers\FileHandler' driver.
WARNING - 2024-06-02 22:46:26 --> [DEPRECATED] Creation of dynamic property App\Controllers\Home::$session is deprecated in APPPATH\Controllers\Home.php on line 9.
 1 SYSTEMPATH\CodeIgniter.php(903): App\Controllers\Home->__construct()
 2 SYSTEMPATH\CodeIgniter.php(500): CodeIgniter\CodeIgniter->createController()
 3 SYSTEMPATH\CodeIgniter.php(355): CodeIgniter\CodeIgniter->handleRequest(null, Object(Config\Cache), false)
 4 SYSTEMPATH\Boot.php(312): CodeIgniter\CodeIgniter->run()
 5 SYSTEMPATH\Boot.php(67): CodeIgniter\Boot::runCodeIgniter(Object(CodeIgniter\CodeIgniter))
 6 FCPATH\index.php(56): CodeIgniter\Boot::bootWeb(Object(Config\Paths))
 7 SYSTEMPATH\Commands\Server\rewrite.php(49): require_once('C:\\APK\\xampp-8.2\\htdocs\\SafeToTrip\\public\\index.php')
CRITICAL - 2024-06-02 22:46:26 --> TypeError: CodeIgniter\HTTP\SiteURI::stringifyRelativePath(): Return value must be of type string, bool returned
[Method: GET, Route: dashboard]
in SYSTEMPATH\HTTP\SiteURI.php on line 407.
 1 SYSTEMPATH\HTTP\SiteURI.php(381): CodeIgniter\HTTP\SiteURI->stringifyRelativePath(false)
 2 SYSTEMPATH\Helpers\url_helper.php(59): CodeIgniter\HTTP\SiteURI->baseUrl(false, null)
 3 APPPATH\Views\temp_adminpage\sidebar.php(18): base_url(false)
 4 SYSTEMPATH\View\View.php(234): include('C:\\APK\\xampp-8.2\\htdocs\\SafeToTrip\\app\\Views\\temp_adminpage\\sidebar.php')
 5 SYSTEMPATH\View\View.php(237): CodeIgniter\View\View->CodeIgniter\View\{closure}()
 6 SYSTEMPATH\View\View.php(484): CodeIgniter\View\View->render('temp_adminpage/sidebar', null, true)
 7 APPPATH\Views\adminpage\index.php(2): CodeIgniter\View\View->include('temp_adminpage/sidebar')
 8 SYSTEMPATH\View\View.php(234): include('C:\\APK\\xampp-8.2\\htdocs\\SafeToTrip\\app\\Views\\adminpage\\index.php')
 9 SYSTEMPATH\View\View.php(237): CodeIgniter\View\View->CodeIgniter\View\{closure}()
10 SYSTEMPATH\Common.php(1171): CodeIgniter\View\View->render('adminpage/index', [], true)
11 APPPATH\Controllers\Home.php(35): view('adminpage/index', [...])
12 SYSTEMPATH\CodeIgniter.php(933): App\Controllers\Home->adminpage()
13 SYSTEMPATH\CodeIgniter.php(509): CodeIgniter\CodeIgniter->runController(Object(App\Controllers\Home))
14 SYSTEMPATH\CodeIgniter.php(355): CodeIgniter\CodeIgniter->handleRequest(null, Object(Config\Cache), false)
15 SYSTEMPATH\Boot.php(312): CodeIgniter\CodeIgniter->run()
16 SYSTEMPATH\Boot.php(67): CodeIgniter\Boot::runCodeIgniter(Object(CodeIgniter\CodeIgniter))
17 FCPATH\index.php(56): CodeIgniter\Boot::bootWeb(Object(Config\Paths))
18 SYSTEMPATH\Commands\Server\rewrite.php(49): require_once('C:\\APK\\xampp-8.2\\htdocs\\SafeToTrip\\public\\index.php')
INFO - 2024-06-02 22:46:26 --> Session: Class initialized using 'CodeIgniter\Session\Handlers\FileHandler' driver.
WARNING - 2024-06-02 22:46:26 --> [DEPRECATED] Creation of dynamic property App\Controllers\Home::$session is deprecated in APPPATH\Controllers\Home.php on line 9.
 1 SYSTEMPATH\CodeIgniter.php(903): App\Controllers\Home->__construct()
 2 SYSTEMPATH\CodeIgniter.php(500): CodeIgniter\CodeIgniter->createController()
 3 SYSTEMPATH\CodeIgniter.php(355): CodeIgniter\CodeIgniter->handleRequest(null, Object(Config\Cache), false)
 4 SYSTEMPATH\Boot.php(312): CodeIgniter\CodeIgniter->run()
 5 SYSTEMPATH\Boot.php(67): CodeIgniter\Boot::runCodeIgniter(Object(CodeIgniter\CodeIgniter))
 6 FCPATH\index.php(56): CodeIgniter\Boot::bootWeb(Object(Config\Paths))
 7 SYSTEMPATH\Commands\Server\rewrite.php(49): require_once('C:\\APK\\xampp-8.2\\htdocs\\SafeToTrip\\public\\index.php')
CRITICAL - 2024-06-02 22:46:26 --> TypeError: CodeIgniter\HTTP\SiteURI::stringifyRelativePath(): Return value must be of type string, bool returned
[Method: GET, Route: dashboard]
in SYSTEMPATH\HTTP\SiteURI.php on line 407.
 1 SYSTEMPATH\HTTP\SiteURI.php(381): CodeIgniter\HTTP\SiteURI->stringifyRelativePath(false)
 2 SYSTEMPATH\Helpers\url_helper.php(59): CodeIgniter\HTTP\SiteURI->baseUrl(false, null)
 3 APPPATH\Views\temp_adminpage\sidebar.php(18): base_url(false)
 4 SYSTEMPATH\View\View.php(234): include('C:\\APK\\xampp-8.2\\htdocs\\SafeToTrip\\app\\Views\\temp_adminpage\\sidebar.php')
 5 SYSTEMPATH\View\View.php(237): CodeIgniter\View\View->CodeIgniter\View\{closure}()
 6 SYSTEMPATH\View\View.php(484): CodeIgniter\View\View->render('temp_adminpage/sidebar', null, true)
 7 APPPATH\Views\adminpage\index.php(2): CodeIgniter\View\View->include('temp_adminpage/sidebar')
 8 SYSTEMPATH\View\View.php(234): include('C:\\APK\\xampp-8.2\\htdocs\\SafeToTrip\\app\\Views\\adminpage\\index.php')
 9 SYSTEMPATH\View\View.php(237): CodeIgniter\View\View->CodeIgniter\View\{closure}()
10 SYSTEMPATH\Common.php(1171): CodeIgniter\View\View->render('adminpage/index', [], true)
11 APPPATH\Controllers\Home.php(35): view('adminpage/index', [...])
12 SYSTEMPATH\CodeIgniter.php(933): App\Controllers\Home->adminpage()
13 SYSTEMPATH\CodeIgniter.php(509): CodeIgniter\CodeIgniter->runController(Object(App\Controllers\Home))
14 SYSTEMPATH\CodeIgniter.php(355): CodeIgniter\CodeIgniter->handleRequest(null, Object(Config\Cache), false)
15 SYSTEMPATH\Boot.php(312): CodeIgniter\CodeIgniter->run()
16 SYSTEMPATH\Boot.php(67): CodeIgniter\Boot::runCodeIgniter(Object(CodeIgniter\CodeIgniter))
17 FCPATH\index.php(56): CodeIgniter\Boot::bootWeb(Object(Config\Paths))
18 SYSTEMPATH\Commands\Server\rewrite.php(49): require_once('C:\\APK\\xampp-8.2\\htdocs\\SafeToTrip\\public\\index.php')
INFO - 2024-06-02 22:47:08 --> Session: Class initialized using 'CodeIgniter\Session\Handlers\FileHandler' driver.
WARNING - 2024-06-02 22:47:08 --> [DEPRECATED] Creation of dynamic property App\Controllers\Home::$session is deprecated in APPPATH\Controllers\Home.php on line 9.
 1 SYSTEMPATH\CodeIgniter.php(903): App\Controllers\Home->__construct()
 2 SYSTEMPATH\CodeIgniter.php(500): CodeIgniter\CodeIgniter->createController()
 3 SYSTEMPATH\CodeIgniter.php(355): CodeIgniter\CodeIgniter->handleRequest(null, Object(Config\Cache), false)
 4 SYSTEMPATH\Boot.php(312): CodeIgniter\CodeIgniter->run()
 5 SYSTEMPATH\Boot.php(67): CodeIgniter\Boot::runCodeIgniter(Object(CodeIgniter\CodeIgniter))
 6 FCPATH\index.php(56): CodeIgniter\Boot::bootWeb(Object(Config\Paths))
 7 SYSTEMPATH\Commands\Server\rewrite.php(49): require_once('C:\\APK\\xampp-8.2\\htdocs\\SafeToTrip\\public\\index.php')
CRITICAL - 2024-06-02 22:47:08 --> TypeError: CodeIgniter\HTTP\SiteURI::stringifyRelativePath(): Return value must be of type string, bool returned
[Method: GET, Route: dashboard]
in SYSTEMPATH\HTTP\SiteURI.php on line 407.
 1 SYSTEMPATH\HTTP\SiteURI.php(381): CodeIgniter\HTTP\SiteURI->stringifyRelativePath(false)
 2 SYSTEMPATH\Helpers\url_helper.php(59): CodeIgniter\HTTP\SiteURI->baseUrl(false, null)
 3 APPPATH\Views\temp_adminpage\sidebar.php(18): base_url(false)
 4 SYSTEMPATH\View\View.php(234): include('C:\\APK\\xampp-8.2\\htdocs\\SafeToTrip\\app\\Views\\temp_adminpage\\sidebar.php')
 5 SYSTEMPATH\View\View.php(237): CodeIgniter\View\View->CodeIgniter\View\{closure}()
 6 SYSTEMPATH\View\View.php(484): CodeIgniter\View\View->render('temp_adminpage/sidebar', null, true)
 7 APPPATH\Views\adminpage\index.php(2): CodeIgniter\View\View->include('temp_adminpage/sidebar')
 8 SYSTEMPATH\View\View.php(234): include('C:\\APK\\xampp-8.2\\htdocs\\SafeToTrip\\app\\Views\\adminpage\\index.php')
 9 SYSTEMPATH\View\View.php(237): CodeIgniter\View\View->CodeIgniter\View\{closure}()
10 SYSTEMPATH\Common.php(1171): CodeIgniter\View\View->render('adminpage/index', [], true)
11 APPPATH\Controllers\Home.php(35): view('adminpage/index', [...])
12 SYSTEMPATH\CodeIgniter.php(933): App\Controllers\Home->adminpage()
13 SYSTEMPATH\CodeIgniter.php(509): CodeIgniter\CodeIgniter->runController(Object(App\Controllers\Home))
14 SYSTEMPATH\CodeIgniter.php(355): CodeIgniter\CodeIgniter->handleRequest(null, Object(Config\Cache), false)
15 SYSTEMPATH\Boot.php(312): CodeIgniter\CodeIgniter->run()
16 SYSTEMPATH\Boot.php(67): CodeIgniter\Boot::runCodeIgniter(Object(CodeIgniter\CodeIgniter))
17 FCPATH\index.php(56): CodeIgniter\Boot::bootWeb(Object(Config\Paths))
18 SYSTEMPATH\Commands\Server\rewrite.php(49): require_once('C:\\APK\\xampp-8.2\\htdocs\\SafeToTrip\\public\\index.php')
INFO - 2024-06-02 22:47:08 --> Session: Class initialized using 'CodeIgniter\Session\Handlers\FileHandler' driver.
WARNING - 2024-06-02 22:47:08 --> [DEPRECATED] Creation of dynamic property App\Controllers\Home::$session is deprecated in APPPATH\Controllers\Home.php on line 9.
 1 SYSTEMPATH\CodeIgniter.php(903): App\Controllers\Home->__construct()
 2 SYSTEMPATH\CodeIgniter.php(500): CodeIgniter\CodeIgniter->createController()
 3 SYSTEMPATH\CodeIgniter.php(355): CodeIgniter\CodeIgniter->handleRequest(null, Object(Config\Cache), false)
 4 SYSTEMPATH\Boot.php(312): CodeIgniter\CodeIgniter->run()
 5 SYSTEMPATH\Boot.php(67): CodeIgniter\Boot::runCodeIgniter(Object(CodeIgniter\CodeIgniter))
 6 FCPATH\index.php(56): CodeIgniter\Boot::bootWeb(Object(Config\Paths))
 7 SYSTEMPATH\Commands\Server\rewrite.php(49): require_once('C:\\APK\\xampp-8.2\\htdocs\\SafeToTrip\\public\\index.php')
CRITICAL - 2024-06-02 22:47:08 --> TypeError: CodeIgniter\HTTP\SiteURI::stringifyRelativePath(): Return value must be of type string, bool returned
[Method: GET, Route: dashboard]
in SYSTEMPATH\HTTP\SiteURI.php on line 407.
 1 SYSTEMPATH\HTTP\SiteURI.php(381): CodeIgniter\HTTP\SiteURI->stringifyRelativePath(false)
 2 SYSTEMPATH\Helpers\url_helper.php(59): CodeIgniter\HTTP\SiteURI->baseUrl(false, null)
 3 APPPATH\Views\temp_adminpage\sidebar.php(18): base_url(false)
 4 SYSTEMPATH\View\View.php(234): include('C:\\APK\\xampp-8.2\\htdocs\\SafeToTrip\\app\\Views\\temp_adminpage\\sidebar.php')
 5 SYSTEMPATH\View\View.php(237): CodeIgniter\View\View->CodeIgniter\View\{closure}()
 6 SYSTEMPATH\View\View.php(484): CodeIgniter\View\View->render('temp_adminpage/sidebar', null, true)
 7 APPPATH\Views\adminpage\index.php(2): CodeIgniter\View\View->include('temp_adminpage/sidebar')
 8 SYSTEMPATH\View\View.php(234): include('C:\\APK\\xampp-8.2\\htdocs\\SafeToTrip\\app\\Views\\adminpage\\index.php')
 9 SYSTEMPATH\View\View.php(237): CodeIgniter\View\View->CodeIgniter\View\{closure}()
10 SYSTEMPATH\Common.php(1171): CodeIgniter\View\View->render('adminpage/index', [], true)
11 APPPATH\Controllers\Home.php(35): view('adminpage/index', [...])
12 SYSTEMPATH\CodeIgniter.php(933): App\Controllers\Home->adminpage()
13 SYSTEMPATH\CodeIgniter.php(509): CodeIgniter\CodeIgniter->runController(Object(App\Controllers\Home))
14 SYSTEMPATH\CodeIgniter.php(355): CodeIgniter\CodeIgniter->handleRequest(null, Object(Config\Cache), false)
15 SYSTEMPATH\Boot.php(312): CodeIgniter\CodeIgniter->run()
16 SYSTEMPATH\Boot.php(67): CodeIgniter\Boot::runCodeIgniter(Object(CodeIgniter\CodeIgniter))
17 FCPATH\index.php(56): CodeIgniter\Boot::bootWeb(Object(Config\Paths))
18 SYSTEMPATH\Commands\Server\rewrite.php(49): require_once('C:\\APK\\xampp-8.2\\htdocs\\SafeToTrip\\public\\index.php')
INFO - 2024-06-02 22:47:08 --> Session: Class initialized using 'CodeIgniter\Session\Handlers\FileHandler' driver.
WARNING - 2024-06-02 22:47:08 --> [DEPRECATED] Creation of dynamic property App\Controllers\Home::$session is deprecated in APPPATH\Controllers\Home.php on line 9.
 1 SYSTEMPATH\CodeIgniter.php(903): App\Controllers\Home->__construct()
 2 SYSTEMPATH\CodeIgniter.php(500): CodeIgniter\CodeIgniter->createController()
 3 SYSTEMPATH\CodeIgniter.php(355): CodeIgniter\CodeIgniter->handleRequest(null, Object(Config\Cache), false)
 4 SYSTEMPATH\Boot.php(312): CodeIgniter\CodeIgniter->run()
 5 SYSTEMPATH\Boot.php(67): CodeIgniter\Boot::runCodeIgniter(Object(CodeIgniter\CodeIgniter))
 6 FCPATH\index.php(56): CodeIgniter\Boot::bootWeb(Object(Config\Paths))
 7 SYSTEMPATH\Commands\Server\rewrite.php(49): require_once('C:\\APK\\xampp-8.2\\htdocs\\SafeToTrip\\public\\index.php')
CRITICAL - 2024-06-02 22:47:08 --> TypeError: CodeIgniter\HTTP\SiteURI::stringifyRelativePath(): Return value must be of type string, bool returned
[Method: GET, Route: dashboard]
in SYSTEMPATH\HTTP\SiteURI.php on line 407.
 1 SYSTEMPATH\HTTP\SiteURI.php(381): CodeIgniter\HTTP\SiteURI->stringifyRelativePath(false)
 2 SYSTEMPATH\Helpers\url_helper.php(59): CodeIgniter\HTTP\SiteURI->baseUrl(false, null)
 3 APPPATH\Views\temp_adminpage\sidebar.php(18): base_url(false)
 4 SYSTEMPATH\View\View.php(234): include('C:\\APK\\xampp-8.2\\htdocs\\SafeToTrip\\app\\Views\\temp_adminpage\\sidebar.php')
 5 SYSTEMPATH\View\View.php(237): CodeIgniter\View\View->CodeIgniter\View\{closure}()
 6 SYSTEMPATH\View\View.php(484): CodeIgniter\View\View->render('temp_adminpage/sidebar', null, true)
 7 APPPATH\Views\adminpage\index.php(2): CodeIgniter\View\View->include('temp_adminpage/sidebar')
 8 SYSTEMPATH\View\View.php(234): include('C:\\APK\\xampp-8.2\\htdocs\\SafeToTrip\\app\\Views\\adminpage\\index.php')
 9 SYSTEMPATH\View\View.php(237): CodeIgniter\View\View->CodeIgniter\View\{closure}()
10 SYSTEMPATH\Common.php(1171): CodeIgniter\View\View->render('adminpage/index', [], true)
11 APPPATH\Controllers\Home.php(35): view('adminpage/index', [...])
12 SYSTEMPATH\CodeIgniter.php(933): App\Controllers\Home->adminpage()
13 SYSTEMPATH\CodeIgniter.php(509): CodeIgniter\CodeIgniter->runController(Object(App\Controllers\Home))
14 SYSTEMPATH\CodeIgniter.php(355): CodeIgniter\CodeIgniter->handleRequest(null, Object(Config\Cache), false)
15 SYSTEMPATH\Boot.php(312): CodeIgniter\CodeIgniter->run()
16 SYSTEMPATH\Boot.php(67): CodeIgniter\Boot::runCodeIgniter(Object(CodeIgniter\CodeIgniter))
17 FCPATH\index.php(56): CodeIgniter\Boot::bootWeb(Object(Config\Paths))
18 SYSTEMPATH\Commands\Server\rewrite.php(49): require_once('C:\\APK\\xampp-8.2\\htdocs\\SafeToTrip\\public\\index.php')
INFO - 2024-06-02 22:47:09 --> Session: Class initialized using 'CodeIgniter\Session\Handlers\FileHandler' driver.
WARNING - 2024-06-02 22:47:09 --> [DEPRECATED] Creation of dynamic property App\Controllers\Home::$session is deprecated in APPPATH\Controllers\Home.php on line 9.
 1 SYSTEMPATH\CodeIgniter.php(903): App\Controllers\Home->__construct()
 2 SYSTEMPATH\CodeIgniter.php(500): CodeIgniter\CodeIgniter->createController()
 3 SYSTEMPATH\CodeIgniter.php(355): CodeIgniter\CodeIgniter->handleRequest(null, Object(Config\Cache), false)
 4 SYSTEMPATH\Boot.php(312): CodeIgniter\CodeIgniter->run()
 5 SYSTEMPATH\Boot.php(67): CodeIgniter\Boot::runCodeIgniter(Object(CodeIgniter\CodeIgniter))
 6 FCPATH\index.php(56): CodeIgniter\Boot::bootWeb(Object(Config\Paths))
 7 SYSTEMPATH\Commands\Server\rewrite.php(49): require_once('C:\\APK\\xampp-8.2\\htdocs\\SafeToTrip\\public\\index.php')
CRITICAL - 2024-06-02 22:47:09 --> TypeError: CodeIgniter\HTTP\SiteURI::stringifyRelativePath(): Return value must be of type string, bool returned
[Method: GET, Route: dashboard]
in SYSTEMPATH\HTTP\SiteURI.php on line 407.
 1 SYSTEMPATH\HTTP\SiteURI.php(381): CodeIgniter\HTTP\SiteURI->stringifyRelativePath(false)
 2 SYSTEMPATH\Helpers\url_helper.php(59): CodeIgniter\HTTP\SiteURI->baseUrl(false, null)
 3 APPPATH\Views\temp_adminpage\sidebar.php(18): base_url(false)
 4 SYSTEMPATH\View\View.php(234): include('C:\\APK\\xampp-8.2\\htdocs\\SafeToTrip\\app\\Views\\temp_adminpage\\sidebar.php')
 5 SYSTEMPATH\View\View.php(237): CodeIgniter\View\View->CodeIgniter\View\{closure}()
 6 SYSTEMPATH\View\View.php(484): CodeIgniter\View\View->render('temp_adminpage/sidebar', null, true)
 7 APPPATH\Views\adminpage\index.php(2): CodeIgniter\View\View->include('temp_adminpage/sidebar')
 8 SYSTEMPATH\View\View.php(234): include('C:\\APK\\xampp-8.2\\htdocs\\SafeToTrip\\app\\Views\\adminpage\\index.php')
 9 SYSTEMPATH\View\View.php(237): CodeIgniter\View\View->CodeIgniter\View\{closure}()
10 SYSTEMPATH\Common.php(1171): CodeIgniter\View\View->render('adminpage/index', [], true)
11 APPPATH\Controllers\Home.php(35): view('adminpage/index', [...])
12 SYSTEMPATH\CodeIgniter.php(933): App\Controllers\Home->adminpage()
13 SYSTEMPATH\CodeIgniter.php(509): CodeIgniter\CodeIgniter->runController(Object(App\Controllers\Home))
14 SYSTEMPATH\CodeIgniter.php(355): CodeIgniter\CodeIgniter->handleRequest(null, Object(Config\Cache), false)
15 SYSTEMPATH\Boot.php(312): CodeIgniter\CodeIgniter->run()
16 SYSTEMPATH\Boot.php(67): CodeIgniter\Boot::runCodeIgniter(Object(CodeIgniter\CodeIgniter))
17 FCPATH\index.php(56): CodeIgniter\Boot::bootWeb(Object(Config\Paths))
18 SYSTEMPATH\Commands\Server\rewrite.php(49): require_once('C:\\APK\\xampp-8.2\\htdocs\\SafeToTrip\\public\\index.php')
INFO - 2024-06-02 22:47:44 --> Session: Class initialized using 'CodeIgniter\Session\Handlers\FileHandler' driver.
WARNING - 2024-06-02 22:47:44 --> [DEPRECATED] Creation of dynamic property App\Controllers\Home::$session is deprecated in APPPATH\Controllers\Home.php on line 9.
 1 SYSTEMPATH\CodeIgniter.php(903): App\Controllers\Home->__construct()
 2 SYSTEMPATH\CodeIgniter.php(500): CodeIgniter\CodeIgniter->createController()
 3 SYSTEMPATH\CodeIgniter.php(355): CodeIgniter\CodeIgniter->handleRequest(null, Object(Config\Cache), false)
 4 SYSTEMPATH\Boot.php(312): CodeIgniter\CodeIgniter->run()
 5 SYSTEMPATH\Boot.php(67): CodeIgniter\Boot::runCodeIgniter(Object(CodeIgniter\CodeIgniter))
 6 FCPATH\index.php(56): CodeIgniter\Boot::bootWeb(Object(Config\Paths))
 7 SYSTEMPATH\Commands\Server\rewrite.php(49): require_once('C:\\APK\\xampp-8.2\\htdocs\\SafeToTrip\\public\\index.php')
INFO - 2024-06-02 22:49:44 --> Session: Class initialized using 'CodeIgniter\Session\Handlers\FileHandler' driver.
WARNING - 2024-06-02 22:49:44 --> [DEPRECATED] Creation of dynamic property App\Controllers\Home::$session is deprecated in APPPATH\Controllers\Home.php on line 9.
 1 SYSTEMPATH\CodeIgniter.php(903): App\Controllers\Home->__construct()
 2 SYSTEMPATH\CodeIgniter.php(500): CodeIgniter\CodeIgniter->createController()
 3 SYSTEMPATH\CodeIgniter.php(355): CodeIgniter\CodeIgniter->handleRequest(null, Object(Config\Cache), false)
 4 SYSTEMPATH\Boot.php(312): CodeIgniter\CodeIgniter->run()
 5 SYSTEMPATH\Boot.php(67): CodeIgniter\Boot::runCodeIgniter(Object(CodeIgniter\CodeIgniter))
 6 FCPATH\index.php(56): CodeIgniter\Boot::bootWeb(Object(Config\Paths))
 7 SYSTEMPATH\Commands\Server\rewrite.php(49): require_once('C:\\APK\\xampp-8.2\\htdocs\\SafeToTrip\\public\\index.php')
INFO - 2024-06-02 22:49:53 --> Session: Class initialized using 'CodeIgniter\Session\Handlers\FileHandler' driver.
WARNING - 2024-06-02 22:49:53 --> [DEPRECATED] Creation of dynamic property App\Controllers\Home::$session is deprecated in APPPATH\Controllers\Home.php on line 9.
 1 SYSTEMPATH\CodeIgniter.php(903): App\Controllers\Home->__construct()
 2 SYSTEMPATH\CodeIgniter.php(500): CodeIgniter\CodeIgniter->createController()
 3 SYSTEMPATH\CodeIgniter.php(355): CodeIgniter\CodeIgniter->handleRequest(null, Object(Config\Cache), false)
 4 SYSTEMPATH\Boot.php(312): CodeIgniter\CodeIgniter->run()
 5 SYSTEMPATH\Boot.php(67): CodeIgniter\Boot::runCodeIgniter(Object(CodeIgniter\CodeIgniter))
 6 FCPATH\index.php(56): CodeIgniter\Boot::bootWeb(Object(Config\Paths))
 7 SYSTEMPATH\Commands\Server\rewrite.php(49): require_once('C:\\APK\\xampp-8.2\\htdocs\\SafeToTrip\\public\\index.php')
CRITICAL - 2024-06-02 22:49:53 --> TypeError: CodeIgniter\HTTP\SiteURI::stringifyRelativePath(): Return value must be of type string, bool returned
[Method: GET, Route: dashboard]
in SYSTEMPATH\HTTP\SiteURI.php on line 407.
 1 SYSTEMPATH\HTTP\SiteURI.php(381): CodeIgniter\HTTP\SiteURI->stringifyRelativePath(false)
 2 SYSTEMPATH\Helpers\url_helper.php(59): CodeIgniter\HTTP\SiteURI->baseUrl(false, null)
 3 APPPATH\Views\temp_adminpage\sidebar.php(18): base_url(false)
 4 SYSTEMPATH\View\View.php(234): include('C:\\APK\\xampp-8.2\\htdocs\\SafeToTrip\\app\\Views\\temp_adminpage\\sidebar.php')
 5 SYSTEMPATH\View\View.php(237): CodeIgniter\View\View->CodeIgniter\View\{closure}()
 6 SYSTEMPATH\View\View.php(484): CodeIgniter\View\View->render('temp_adminpage/sidebar', null, true)
 7 APPPATH\Views\adminpage\index.php(2): CodeIgniter\View\View->include('temp_adminpage/sidebar')
 8 SYSTEMPATH\View\View.php(234): include('C:\\APK\\xampp-8.2\\htdocs\\SafeToTrip\\app\\Views\\adminpage\\index.php')
 9 SYSTEMPATH\View\View.php(237): CodeIgniter\View\View->CodeIgniter\View\{closure}()
10 SYSTEMPATH\Common.php(1171): CodeIgniter\View\View->render('adminpage/index', [], true)
11 APPPATH\Controllers\Home.php(35): view('adminpage/index', [...])
12 SYSTEMPATH\CodeIgniter.php(933): App\Controllers\Home->adminpage()
13 SYSTEMPATH\CodeIgniter.php(509): CodeIgniter\CodeIgniter->runController(Object(App\Controllers\Home))
14 SYSTEMPATH\CodeIgniter.php(355): CodeIgniter\CodeIgniter->handleRequest(null, Object(Config\Cache), false)
15 SYSTEMPATH\Boot.php(312): CodeIgniter\CodeIgniter->run()
16 SYSTEMPATH\Boot.php(67): CodeIgniter\Boot::runCodeIgniter(Object(CodeIgniter\CodeIgniter))
17 FCPATH\index.php(56): CodeIgniter\Boot::bootWeb(Object(Config\Paths))
18 SYSTEMPATH\Commands\Server\rewrite.php(49): require_once('C:\\APK\\xampp-8.2\\htdocs\\SafeToTrip\\public\\index.php')
INFO - 2024-06-02 22:50:34 --> Session: Class initialized using 'CodeIgniter\Session\Handlers\FileHandler' driver.
WARNING - 2024-06-02 22:50:34 --> [DEPRECATED] Creation of dynamic property App\Controllers\Home::$session is deprecated in APPPATH\Controllers\Home.php on line 9.
 1 SYSTEMPATH\CodeIgniter.php(903): App\Controllers\Home->__construct()
 2 SYSTEMPATH\CodeIgniter.php(500): CodeIgniter\CodeIgniter->createController()
 3 SYSTEMPATH\CodeIgniter.php(355): CodeIgniter\CodeIgniter->handleRequest(null, Object(Config\Cache), false)
 4 SYSTEMPATH\Boot.php(312): CodeIgniter\CodeIgniter->run()
 5 SYSTEMPATH\Boot.php(67): CodeIgniter\Boot::runCodeIgniter(Object(CodeIgniter\CodeIgniter))
 6 FCPATH\index.php(56): CodeIgniter\Boot::bootWeb(Object(Config\Paths))
 7 SYSTEMPATH\Commands\Server\rewrite.php(49): require_once('C:\\APK\\xampp-8.2\\htdocs\\SafeToTrip\\public\\index.php')
INFO - 2024-06-02 22:50:36 --> Session: Class initialized using 'CodeIgniter\Session\Handlers\FileHandler' driver.
WARNING - 2024-06-02 22:50:36 --> [DEPRECATED] Creation of dynamic property App\Controllers\Home::$session is deprecated in APPPATH\Controllers\Home.php on line 9.
 1 SYSTEMPATH\CodeIgniter.php(903): App\Controllers\Home->__construct()
 2 SYSTEMPATH\CodeIgniter.php(500): CodeIgniter\CodeIgniter->createController()
 3 SYSTEMPATH\CodeIgniter.php(355): CodeIgniter\CodeIgniter->handleRequest(null, Object(Config\Cache), false)
 4 SYSTEMPATH\Boot.php(312): CodeIgniter\CodeIgniter->run()
 5 SYSTEMPATH\Boot.php(67): CodeIgniter\Boot::runCodeIgniter(Object(CodeIgniter\CodeIgniter))
 6 FCPATH\index.php(56): CodeIgniter\Boot::bootWeb(Object(Config\Paths))
 7 SYSTEMPATH\Commands\Server\rewrite.php(49): require_once('C:\\APK\\xampp-8.2\\htdocs\\SafeToTrip\\public\\index.php')
INFO - 2024-06-02 22:50:44 --> Session: Class initialized using 'CodeIgniter\Session\Handlers\FileHandler' driver.
WARNING - 2024-06-02 22:50:44 --> [DEPRECATED] Creation of dynamic property App\Controllers\Home::$session is deprecated in APPPATH\Controllers\Home.php on line 9.
 1 SYSTEMPATH\CodeIgniter.php(903): App\Controllers\Home->__construct()
 2 SYSTEMPATH\CodeIgniter.php(500): CodeIgniter\CodeIgniter->createController()
 3 SYSTEMPATH\CodeIgniter.php(355): CodeIgniter\CodeIgniter->handleRequest(null, Object(Config\Cache), false)
 4 SYSTEMPATH\Boot.php(312): CodeIgniter\CodeIgniter->run()
 5 SYSTEMPATH\Boot.php(67): CodeIgniter\Boot::runCodeIgniter(Object(CodeIgniter\CodeIgniter))
 6 FCPATH\index.php(56): CodeIgniter\Boot::bootWeb(Object(Config\Paths))
 7 SYSTEMPATH\Commands\Server\rewrite.php(49): require_once('C:\\APK\\xampp-8.2\\htdocs\\SafeToTrip\\public\\index.php')
INFO - 2024-06-02 22:51:01 --> Session: Class initialized using 'CodeIgniter\Session\Handlers\FileHandler' driver.
WARNING - 2024-06-02 22:51:01 --> [DEPRECATED] Creation of dynamic property App\Controllers\Home::$session is deprecated in APPPATH\Controllers\Home.php on line 9.
 1 SYSTEMPATH\CodeIgniter.php(903): App\Controllers\Home->__construct()
 2 SYSTEMPATH\CodeIgniter.php(500): CodeIgniter\CodeIgniter->createController()
 3 SYSTEMPATH\CodeIgniter.php(355): CodeIgniter\CodeIgniter->handleRequest(null, Object(Config\Cache), false)
 4 SYSTEMPATH\Boot.php(312): CodeIgniter\CodeIgniter->run()
 5 SYSTEMPATH\Boot.php(67): CodeIgniter\Boot::runCodeIgniter(Object(CodeIgniter\CodeIgniter))
 6 FCPATH\index.php(56): CodeIgniter\Boot::bootWeb(Object(Config\Paths))
 7 SYSTEMPATH\Commands\Server\rewrite.php(49): require_once('C:\\APK\\xampp-8.2\\htdocs\\SafeToTrip\\public\\index.php')
CRITICAL - 2024-06-02 22:51:01 --> Error: Call to undefined function route()
[Method: GET, Route: dashboard]
in APPPATH\Views\temp_adminpage\sidebar.php on line 18.
 1 SYSTEMPATH\View\View.php(234): include()
 2 SYSTEMPATH\View\View.php(237): CodeIgniter\View\View->CodeIgniter\View\{closure}()
 3 SYSTEMPATH\View\View.php(484): CodeIgniter\View\View->render('temp_adminpage/sidebar', null, true)
 4 APPPATH\Views\adminpage\index.php(2): CodeIgniter\View\View->include('temp_adminpage/sidebar')
 5 SYSTEMPATH\View\View.php(234): include('C:\\APK\\xampp-8.2\\htdocs\\SafeToTrip\\app\\Views\\adminpage\\index.php')
 6 SYSTEMPATH\View\View.php(237): CodeIgniter\View\View->CodeIgniter\View\{closure}()
 7 SYSTEMPATH\Common.php(1171): CodeIgniter\View\View->render('adminpage/index', [], true)
 8 APPPATH\Controllers\Home.php(35): view('adminpage/index', [...])
 9 SYSTEMPATH\CodeIgniter.php(933): App\Controllers\Home->adminpage()
10 SYSTEMPATH\CodeIgniter.php(509): CodeIgniter\CodeIgniter->runController(Object(App\Controllers\Home))
11 SYSTEMPATH\CodeIgniter.php(355): CodeIgniter\CodeIgniter->handleRequest(null, Object(Config\Cache), false)
12 SYSTEMPATH\Boot.php(312): CodeIgniter\CodeIgniter->run()
13 SYSTEMPATH\Boot.php(67): CodeIgniter\Boot::runCodeIgniter(Object(CodeIgniter\CodeIgniter))
14 FCPATH\index.php(56): CodeIgniter\Boot::bootWeb(Object(Config\Paths))
15 SYSTEMPATH\Commands\Server\rewrite.php(49): require_once('C:\\APK\\xampp-8.2\\htdocs\\SafeToTrip\\public\\index.php')
INFO - 2024-06-02 22:51:51 --> Session: Class initialized using 'CodeIgniter\Session\Handlers\FileHandler' driver.
WARNING - 2024-06-02 22:51:51 --> [DEPRECATED] Creation of dynamic property App\Controllers\Home::$session is deprecated in APPPATH\Controllers\Home.php on line 9.
 1 SYSTEMPATH\CodeIgniter.php(903): App\Controllers\Home->__construct()
 2 SYSTEMPATH\CodeIgniter.php(500): CodeIgniter\CodeIgniter->createController()
 3 SYSTEMPATH\CodeIgniter.php(355): CodeIgniter\CodeIgniter->handleRequest(null, Object(Config\Cache), false)
 4 SYSTEMPATH\Boot.php(312): CodeIgniter\CodeIgniter->run()
 5 SYSTEMPATH\Boot.php(67): CodeIgniter\Boot::runCodeIgniter(Object(CodeIgniter\CodeIgniter))
 6 FCPATH\index.php(56): CodeIgniter\Boot::bootWeb(Object(Config\Paths))
 7 SYSTEMPATH\Commands\Server\rewrite.php(49): require_once('C:\\APK\\xampp-8.2\\htdocs\\SafeToTrip\\public\\index.php')
CRITICAL - 2024-06-02 22:51:51 --> Error: Call to undefined function route()
[Method: GET, Route: dashboard]
in APPPATH\Views\temp_adminpage\sidebar.php on line 18.
 1 SYSTEMPATH\View\View.php(234): include()
 2 SYSTEMPATH\View\View.php(237): CodeIgniter\View\View->CodeIgniter\View\{closure}()
 3 SYSTEMPATH\View\View.php(484): CodeIgniter\View\View->render('temp_adminpage/sidebar', null, true)
 4 APPPATH\Views\adminpage\index.php(2): CodeIgniter\View\View->include('temp_adminpage/sidebar')
 5 SYSTEMPATH\View\View.php(234): include('C:\\APK\\xampp-8.2\\htdocs\\SafeToTrip\\app\\Views\\adminpage\\index.php')
 6 SYSTEMPATH\View\View.php(237): CodeIgniter\View\View->CodeIgniter\View\{closure}()
 7 SYSTEMPATH\Common.php(1171): CodeIgniter\View\View->render('adminpage/index', [], true)
 8 APPPATH\Controllers\Home.php(35): view('adminpage/index', [...])
 9 SYSTEMPATH\CodeIgniter.php(933): App\Controllers\Home->adminpage()
10 SYSTEMPATH\CodeIgniter.php(509): CodeIgniter\CodeIgniter->runController(Object(App\Controllers\Home))
11 SYSTEMPATH\CodeIgniter.php(355): CodeIgniter\CodeIgniter->handleRequest(null, Object(Config\Cache), false)
12 SYSTEMPATH\Boot.php(312): CodeIgniter\CodeIgniter->run()
13 SYSTEMPATH\Boot.php(67): CodeIgniter\Boot::runCodeIgniter(Object(CodeIgniter\CodeIgniter))
14 FCPATH\index.php(56): CodeIgniter\Boot::bootWeb(Object(Config\Paths))
15 SYSTEMPATH\Commands\Server\rewrite.php(49): require_once('C:\\APK\\xampp-8.2\\htdocs\\SafeToTrip\\public\\index.php')
INFO - 2024-06-02 22:51:52 --> Session: Class initialized using 'CodeIgniter\Session\Handlers\FileHandler' driver.
WARNING - 2024-06-02 22:51:52 --> [DEPRECATED] Creation of dynamic property App\Controllers\Home::$session is deprecated in APPPATH\Controllers\Home.php on line 9.
 1 SYSTEMPATH\CodeIgniter.php(903): App\Controllers\Home->__construct()
 2 SYSTEMPATH\CodeIgniter.php(500): CodeIgniter\CodeIgniter->createController()
 3 SYSTEMPATH\CodeIgniter.php(355): CodeIgniter\CodeIgniter->handleRequest(null, Object(Config\Cache), false)
 4 SYSTEMPATH\Boot.php(312): CodeIgniter\CodeIgniter->run()
 5 SYSTEMPATH\Boot.php(67): CodeIgniter\Boot::runCodeIgniter(Object(CodeIgniter\CodeIgniter))
 6 FCPATH\index.php(56): CodeIgniter\Boot::bootWeb(Object(Config\Paths))
 7 SYSTEMPATH\Commands\Server\rewrite.php(49): require_once('C:\\APK\\xampp-8.2\\htdocs\\SafeToTrip\\public\\index.php')
CRITICAL - 2024-06-02 22:51:52 --> Error: Call to undefined function route()
[Method: GET, Route: dashboard]
in APPPATH\Views\temp_adminpage\sidebar.php on line 18.
 1 SYSTEMPATH\View\View.php(234): include()
 2 SYSTEMPATH\View\View.php(237): CodeIgniter\View\View->CodeIgniter\View\{closure}()
 3 SYSTEMPATH\View\View.php(484): CodeIgniter\View\View->render('temp_adminpage/sidebar', null, true)
 4 APPPATH\Views\adminpage\index.php(2): CodeIgniter\View\View->include('temp_adminpage/sidebar')
 5 SYSTEMPATH\View\View.php(234): include('C:\\APK\\xampp-8.2\\htdocs\\SafeToTrip\\app\\Views\\adminpage\\index.php')
 6 SYSTEMPATH\View\View.php(237): CodeIgniter\View\View->CodeIgniter\View\{closure}()
 7 SYSTEMPATH\Common.php(1171): CodeIgniter\View\View->render('adminpage/index', [], true)
 8 APPPATH\Controllers\Home.php(35): view('adminpage/index', [...])
 9 SYSTEMPATH\CodeIgniter.php(933): App\Controllers\Home->adminpage()
10 SYSTEMPATH\CodeIgniter.php(509): CodeIgniter\CodeIgniter->runController(Object(App\Controllers\Home))
11 SYSTEMPATH\CodeIgniter.php(355): CodeIgniter\CodeIgniter->handleRequest(null, Object(Config\Cache), false)
12 SYSTEMPATH\Boot.php(312): CodeIgniter\CodeIgniter->run()
13 SYSTEMPATH\Boot.php(67): CodeIgniter\Boot::runCodeIgniter(Object(CodeIgniter\CodeIgniter))
14 FCPATH\index.php(56): CodeIgniter\Boot::bootWeb(Object(Config\Paths))
15 SYSTEMPATH\Commands\Server\rewrite.php(49): require_once('C:\\APK\\xampp-8.2\\htdocs\\SafeToTrip\\public\\index.php')
INFO - 2024-06-02 22:51:52 --> Session: Class initialized using 'CodeIgniter\Session\Handlers\FileHandler' driver.
WARNING - 2024-06-02 22:51:52 --> [DEPRECATED] Creation of dynamic property App\Controllers\Home::$session is deprecated in APPPATH\Controllers\Home.php on line 9.
 1 SYSTEMPATH\CodeIgniter.php(903): App\Controllers\Home->__construct()
 2 SYSTEMPATH\CodeIgniter.php(500): CodeIgniter\CodeIgniter->createController()
 3 SYSTEMPATH\CodeIgniter.php(355): CodeIgniter\CodeIgniter->handleRequest(null, Object(Config\Cache), false)
 4 SYSTEMPATH\Boot.php(312): CodeIgniter\CodeIgniter->run()
 5 SYSTEMPATH\Boot.php(67): CodeIgniter\Boot::runCodeIgniter(Object(CodeIgniter\CodeIgniter))
 6 FCPATH\index.php(56): CodeIgniter\Boot::bootWeb(Object(Config\Paths))
 7 SYSTEMPATH\Commands\Server\rewrite.php(49): require_once('C:\\APK\\xampp-8.2\\htdocs\\SafeToTrip\\public\\index.php')
CRITICAL - 2024-06-02 22:51:52 --> Error: Call to undefined function route()
[Method: GET, Route: dashboard]
in APPPATH\Views\temp_adminpage\sidebar.php on line 18.
 1 SYSTEMPATH\View\View.php(234): include()
 2 SYSTEMPATH\View\View.php(237): CodeIgniter\View\View->CodeIgniter\View\{closure}()
 3 SYSTEMPATH\View\View.php(484): CodeIgniter\View\View->render('temp_adminpage/sidebar', null, true)
 4 APPPATH\Views\adminpage\index.php(2): CodeIgniter\View\View->include('temp_adminpage/sidebar')
 5 SYSTEMPATH\View\View.php(234): include('C:\\APK\\xampp-8.2\\htdocs\\SafeToTrip\\app\\Views\\adminpage\\index.php')
 6 SYSTEMPATH\View\View.php(237): CodeIgniter\View\View->CodeIgniter\View\{closure}()
 7 SYSTEMPATH\Common.php(1171): CodeIgniter\View\View->render('adminpage/index', [], true)
 8 APPPATH\Controllers\Home.php(35): view('adminpage/index', [...])
 9 SYSTEMPATH\CodeIgniter.php(933): App\Controllers\Home->adminpage()
10 SYSTEMPATH\CodeIgniter.php(509): CodeIgniter\CodeIgniter->runController(Object(App\Controllers\Home))
11 SYSTEMPATH\CodeIgniter.php(355): CodeIgniter\CodeIgniter->handleRequest(null, Object(Config\Cache), false)
12 SYSTEMPATH\Boot.php(312): CodeIgniter\CodeIgniter->run()
13 SYSTEMPATH\Boot.php(67): CodeIgniter\Boot::runCodeIgniter(Object(CodeIgniter\CodeIgniter))
14 FCPATH\index.php(56): CodeIgniter\Boot::bootWeb(Object(Config\Paths))
15 SYSTEMPATH\Commands\Server\rewrite.php(49): require_once('C:\\APK\\xampp-8.2\\htdocs\\SafeToTrip\\public\\index.php')
INFO - 2024-06-02 22:51:52 --> Session: Class initialized using 'CodeIgniter\Session\Handlers\FileHandler' driver.
WARNING - 2024-06-02 22:51:52 --> [DEPRECATED] Creation of dynamic property App\Controllers\Home::$session is deprecated in APPPATH\Controllers\Home.php on line 9.
 1 SYSTEMPATH\CodeIgniter.php(903): App\Controllers\Home->__construct()
 2 SYSTEMPATH\CodeIgniter.php(500): CodeIgniter\CodeIgniter->createController()
 3 SYSTEMPATH\CodeIgniter.php(355): CodeIgniter\CodeIgniter->handleRequest(null, Object(Config\Cache), false)
 4 SYSTEMPATH\Boot.php(312): CodeIgniter\CodeIgniter->run()
 5 SYSTEMPATH\Boot.php(67): CodeIgniter\Boot::runCodeIgniter(Object(CodeIgniter\CodeIgniter))
 6 FCPATH\index.php(56): CodeIgniter\Boot::bootWeb(Object(Config\Paths))
 7 SYSTEMPATH\Commands\Server\rewrite.php(49): require_once('C:\\APK\\xampp-8.2\\htdocs\\SafeToTrip\\public\\index.php')
CRITICAL - 2024-06-02 22:51:52 --> Error: Call to undefined function route()
[Method: GET, Route: dashboard]
in APPPATH\Views\temp_adminpage\sidebar.php on line 18.
 1 SYSTEMPATH\View\View.php(234): include()
 2 SYSTEMPATH\View\View.php(237): CodeIgniter\View\View->CodeIgniter\View\{closure}()
 3 SYSTEMPATH\View\View.php(484): CodeIgniter\View\View->render('temp_adminpage/sidebar', null, true)
 4 APPPATH\Views\adminpage\index.php(2): CodeIgniter\View\View->include('temp_adminpage/sidebar')
 5 SYSTEMPATH\View\View.php(234): include('C:\\APK\\xampp-8.2\\htdocs\\SafeToTrip\\app\\Views\\adminpage\\index.php')
 6 SYSTEMPATH\View\View.php(237): CodeIgniter\View\View->CodeIgniter\View\{closure}()
 7 SYSTEMPATH\Common.php(1171): CodeIgniter\View\View->render('adminpage/index', [], true)
 8 APPPATH\Controllers\Home.php(35): view('adminpage/index', [...])
 9 SYSTEMPATH\CodeIgniter.php(933): App\Controllers\Home->adminpage()
10 SYSTEMPATH\CodeIgniter.php(509): CodeIgniter\CodeIgniter->runController(Object(App\Controllers\Home))
11 SYSTEMPATH\CodeIgniter.php(355): CodeIgniter\CodeIgniter->handleRequest(null, Object(Config\Cache), false)
12 SYSTEMPATH\Boot.php(312): CodeIgniter\CodeIgniter->run()
13 SYSTEMPATH\Boot.php(67): CodeIgniter\Boot::runCodeIgniter(Object(CodeIgniter\CodeIgniter))
14 FCPATH\index.php(56): CodeIgniter\Boot::bootWeb(Object(Config\Paths))
15 SYSTEMPATH\Commands\Server\rewrite.php(49): require_once('C:\\APK\\xampp-8.2\\htdocs\\SafeToTrip\\public\\index.php')
INFO - 2024-06-02 22:52:04 --> Session: Class initialized using 'CodeIgniter\Session\Handlers\FileHandler' driver.
WARNING - 2024-06-02 22:52:04 --> [DEPRECATED] Creation of dynamic property App\Controllers\Home::$session is deprecated in APPPATH\Controllers\Home.php on line 9.
 1 SYSTEMPATH\CodeIgniter.php(903): App\Controllers\Home->__construct()
 2 SYSTEMPATH\CodeIgniter.php(500): CodeIgniter\CodeIgniter->createController()
 3 SYSTEMPATH\CodeIgniter.php(355): CodeIgniter\CodeIgniter->handleRequest(null, Object(Config\Cache), false)
 4 SYSTEMPATH\Boot.php(312): CodeIgniter\CodeIgniter->run()
 5 SYSTEMPATH\Boot.php(67): CodeIgniter\Boot::runCodeIgniter(Object(CodeIgniter\CodeIgniter))
 6 FCPATH\index.php(56): CodeIgniter\Boot::bootWeb(Object(Config\Paths))
 7 SYSTEMPATH\Commands\Server\rewrite.php(49): require_once('C:\\APK\\xampp-8.2\\htdocs\\SafeToTrip\\public\\index.php')
CRITICAL - 2024-06-02 22:52:04 --> Error: Call to undefined function route()
[Method: GET, Route: dashboard]
in APPPATH\Views\temp_adminpage\sidebar.php on line 18.
 1 SYSTEMPATH\View\View.php(234): include()
 2 SYSTEMPATH\View\View.php(237): CodeIgniter\View\View->CodeIgniter\View\{closure}()
 3 SYSTEMPATH\View\View.php(484): CodeIgniter\View\View->render('temp_adminpage/sidebar', null, true)
 4 APPPATH\Views\adminpage\index.php(2): CodeIgniter\View\View->include('temp_adminpage/sidebar')
 5 SYSTEMPATH\View\View.php(234): include('C:\\APK\\xampp-8.2\\htdocs\\SafeToTrip\\app\\Views\\adminpage\\index.php')
 6 SYSTEMPATH\View\View.php(237): CodeIgniter\View\View->CodeIgniter\View\{closure}()
 7 SYSTEMPATH\Common.php(1171): CodeIgniter\View\View->render('adminpage/index', [], true)
 8 APPPATH\Controllers\Home.php(35): view('adminpage/index', [...])
 9 SYSTEMPATH\CodeIgniter.php(933): App\Controllers\Home->adminpage()
10 SYSTEMPATH\CodeIgniter.php(509): CodeIgniter\CodeIgniter->runController(Object(App\Controllers\Home))
11 SYSTEMPATH\CodeIgniter.php(355): CodeIgniter\CodeIgniter->handleRequest(null, Object(Config\Cache), false)
12 SYSTEMPATH\Boot.php(312): CodeIgniter\CodeIgniter->run()
13 SYSTEMPATH\Boot.php(67): CodeIgniter\Boot::runCodeIgniter(Object(CodeIgniter\CodeIgniter))
14 FCPATH\index.php(56): CodeIgniter\Boot::bootWeb(Object(Config\Paths))
15 SYSTEMPATH\Commands\Server\rewrite.php(49): require_once('C:\\APK\\xampp-8.2\\htdocs\\SafeToTrip\\public\\index.php')
INFO - 2024-06-02 22:52:05 --> Session: Class initialized using 'CodeIgniter\Session\Handlers\FileHandler' driver.
WARNING - 2024-06-02 22:52:05 --> [DEPRECATED] Creation of dynamic property App\Controllers\Home::$session is deprecated in APPPATH\Controllers\Home.php on line 9.
 1 SYSTEMPATH\CodeIgniter.php(903): App\Controllers\Home->__construct()
 2 SYSTEMPATH\CodeIgniter.php(500): CodeIgniter\CodeIgniter->createController()
 3 SYSTEMPATH\CodeIgniter.php(355): CodeIgniter\CodeIgniter->handleRequest(null, Object(Config\Cache), false)
 4 SYSTEMPATH\Boot.php(312): CodeIgniter\CodeIgniter->run()
 5 SYSTEMPATH\Boot.php(67): CodeIgniter\Boot::runCodeIgniter(Object(CodeIgniter\CodeIgniter))
 6 FCPATH\index.php(56): CodeIgniter\Boot::bootWeb(Object(Config\Paths))
 7 SYSTEMPATH\Commands\Server\rewrite.php(49): require_once('C:\\APK\\xampp-8.2\\htdocs\\SafeToTrip\\public\\index.php')
CRITICAL - 2024-06-02 22:52:05 --> Error: Call to undefined function route()
[Method: GET, Route: dashboard]
in APPPATH\Views\temp_adminpage\sidebar.php on line 18.
 1 SYSTEMPATH\View\View.php(234): include()
 2 SYSTEMPATH\View\View.php(237): CodeIgniter\View\View->CodeIgniter\View\{closure}()
 3 SYSTEMPATH\View\View.php(484): CodeIgniter\View\View->render('temp_adminpage/sidebar', null, true)
 4 APPPATH\Views\adminpage\index.php(2): CodeIgniter\View\View->include('temp_adminpage/sidebar')
 5 SYSTEMPATH\View\View.php(234): include('C:\\APK\\xampp-8.2\\htdocs\\SafeToTrip\\app\\Views\\adminpage\\index.php')
 6 SYSTEMPATH\View\View.php(237): CodeIgniter\View\View->CodeIgniter\View\{closure}()
 7 SYSTEMPATH\Common.php(1171): CodeIgniter\View\View->render('adminpage/index', [], true)
 8 APPPATH\Controllers\Home.php(35): view('adminpage/index', [...])
 9 SYSTEMPATH\CodeIgniter.php(933): App\Controllers\Home->adminpage()
10 SYSTEMPATH\CodeIgniter.php(509): CodeIgniter\CodeIgniter->runController(Object(App\Controllers\Home))
11 SYSTEMPATH\CodeIgniter.php(355): CodeIgniter\CodeIgniter->handleRequest(null, Object(Config\Cache), false)
12 SYSTEMPATH\Boot.php(312): CodeIgniter\CodeIgniter->run()
13 SYSTEMPATH\Boot.php(67): CodeIgniter\Boot::runCodeIgniter(Object(CodeIgniter\CodeIgniter))
14 FCPATH\index.php(56): CodeIgniter\Boot::bootWeb(Object(Config\Paths))
15 SYSTEMPATH\Commands\Server\rewrite.php(49): require_once('C:\\APK\\xampp-8.2\\htdocs\\SafeToTrip\\public\\index.php')
INFO - 2024-06-02 22:52:06 --> Session: Class initialized using 'CodeIgniter\Session\Handlers\FileHandler' driver.
WARNING - 2024-06-02 22:52:06 --> [DEPRECATED] Creation of dynamic property App\Controllers\Home::$session is deprecated in APPPATH\Controllers\Home.php on line 9.
 1 SYSTEMPATH\CodeIgniter.php(903): App\Controllers\Home->__construct()
 2 SYSTEMPATH\CodeIgniter.php(500): CodeIgniter\CodeIgniter->createController()
 3 SYSTEMPATH\CodeIgniter.php(355): CodeIgniter\CodeIgniter->handleRequest(null, Object(Config\Cache), false)
 4 SYSTEMPATH\Boot.php(312): CodeIgniter\CodeIgniter->run()
 5 SYSTEMPATH\Boot.php(67): CodeIgniter\Boot::runCodeIgniter(Object(CodeIgniter\CodeIgniter))
 6 FCPATH\index.php(56): CodeIgniter\Boot::bootWeb(Object(Config\Paths))
 7 SYSTEMPATH\Commands\Server\rewrite.php(49): require_once('C:\\APK\\xampp-8.2\\htdocs\\SafeToTrip\\public\\index.php')
CRITICAL - 2024-06-02 22:52:06 --> Error: Call to undefined function route()
[Method: GET, Route: dashboard]
in APPPATH\Views\temp_adminpage\sidebar.php on line 18.
 1 SYSTEMPATH\View\View.php(234): include()
 2 SYSTEMPATH\View\View.php(237): CodeIgniter\View\View->CodeIgniter\View\{closure}()
 3 SYSTEMPATH\View\View.php(484): CodeIgniter\View\View->render('temp_adminpage/sidebar', null, true)
 4 APPPATH\Views\adminpage\index.php(2): CodeIgniter\View\View->include('temp_adminpage/sidebar')
 5 SYSTEMPATH\View\View.php(234): include('C:\\APK\\xampp-8.2\\htdocs\\SafeToTrip\\app\\Views\\adminpage\\index.php')
 6 SYSTEMPATH\View\View.php(237): CodeIgniter\View\View->CodeIgniter\View\{closure}()
 7 SYSTEMPATH\Common.php(1171): CodeIgniter\View\View->render('adminpage/index', [], true)
 8 APPPATH\Controllers\Home.php(35): view('adminpage/index', [...])
 9 SYSTEMPATH\CodeIgniter.php(933): App\Controllers\Home->adminpage()
10 SYSTEMPATH\CodeIgniter.php(509): CodeIgniter\CodeIgniter->runController(Object(App\Controllers\Home))
11 SYSTEMPATH\CodeIgniter.php(355): CodeIgniter\CodeIgniter->handleRequest(null, Object(Config\Cache), false)
12 SYSTEMPATH\Boot.php(312): CodeIgniter\CodeIgniter->run()
13 SYSTEMPATH\Boot.php(67): CodeIgniter\Boot::runCodeIgniter(Object(CodeIgniter\CodeIgniter))
14 FCPATH\index.php(56): CodeIgniter\Boot::bootWeb(Object(Config\Paths))
15 SYSTEMPATH\Commands\Server\rewrite.php(49): require_once('C:\\APK\\xampp-8.2\\htdocs\\SafeToTrip\\public\\index.php')
INFO - 2024-06-02 22:52:56 --> Session: Class initialized using 'CodeIgniter\Session\Handlers\FileHandler' driver.
WARNING - 2024-06-02 22:52:56 --> [DEPRECATED] Creation of dynamic property App\Controllers\Home::$session is deprecated in APPPATH\Controllers\Home.php on line 9.
 1 SYSTEMPATH\CodeIgniter.php(903): App\Controllers\Home->__construct()
 2 SYSTEMPATH\CodeIgniter.php(500): CodeIgniter\CodeIgniter->createController()
 3 SYSTEMPATH\CodeIgniter.php(355): CodeIgniter\CodeIgniter->handleRequest(null, Object(Config\Cache), false)
 4 SYSTEMPATH\Boot.php(312): CodeIgniter\CodeIgniter->run()
 5 SYSTEMPATH\Boot.php(67): CodeIgniter\Boot::runCodeIgniter(Object(CodeIgniter\CodeIgniter))
 6 FCPATH\index.php(56): CodeIgniter\Boot::bootWeb(Object(Config\Paths))
 7 SYSTEMPATH\Commands\Server\rewrite.php(49): require_once('C:\\APK\\xampp-8.2\\htdocs\\SafeToTrip\\public\\index.php')
CRITICAL - 2024-06-02 22:52:56 --> TypeError: CodeIgniter\HTTP\SiteURI::stringifyRelativePath(): Return value must be of type string, bool returned
[Method: GET, Route: dashboard]
in SYSTEMPATH\HTTP\SiteURI.php on line 407.
 1 SYSTEMPATH\HTTP\SiteURI.php(381): CodeIgniter\HTTP\SiteURI->stringifyRelativePath(false)
 2 SYSTEMPATH\Helpers\url_helper.php(59): CodeIgniter\HTTP\SiteURI->baseUrl(false, null)
 3 APPPATH\Views\temp_adminpage\sidebar.php(18): base_url(false)
 4 SYSTEMPATH\View\View.php(234): include('C:\\APK\\xampp-8.2\\htdocs\\SafeToTrip\\app\\Views\\temp_adminpage\\sidebar.php')
 5 SYSTEMPATH\View\View.php(237): CodeIgniter\View\View->CodeIgniter\View\{closure}()
 6 SYSTEMPATH\View\View.php(484): CodeIgniter\View\View->render('temp_adminpage/sidebar', null, true)
 7 APPPATH\Views\adminpage\index.php(2): CodeIgniter\View\View->include('temp_adminpage/sidebar')
 8 SYSTEMPATH\View\View.php(234): include('C:\\APK\\xampp-8.2\\htdocs\\SafeToTrip\\app\\Views\\adminpage\\index.php')
 9 SYSTEMPATH\View\View.php(237): CodeIgniter\View\View->CodeIgniter\View\{closure}()
10 SYSTEMPATH\Common.php(1171): CodeIgniter\View\View->render('adminpage/index', [], true)
11 APPPATH\Controllers\Home.php(35): view('adminpage/index', [...])
12 SYSTEMPATH\CodeIgniter.php(933): App\Controllers\Home->adminpage()
13 SYSTEMPATH\CodeIgniter.php(509): CodeIgniter\CodeIgniter->runController(Object(App\Controllers\Home))
14 SYSTEMPATH\CodeIgniter.php(355): CodeIgniter\CodeIgniter->handleRequest(null, Object(Config\Cache), false)
15 SYSTEMPATH\Boot.php(312): CodeIgniter\CodeIgniter->run()
16 SYSTEMPATH\Boot.php(67): CodeIgniter\Boot::runCodeIgniter(Object(CodeIgniter\CodeIgniter))
17 FCPATH\index.php(56): CodeIgniter\Boot::bootWeb(Object(Config\Paths))
18 SYSTEMPATH\Commands\Server\rewrite.php(49): require_once('C:\\APK\\xampp-8.2\\htdocs\\SafeToTrip\\public\\index.php')
INFO - 2024-06-02 22:52:56 --> Session: Class initialized using 'CodeIgniter\Session\Handlers\FileHandler' driver.
WARNING - 2024-06-02 22:52:56 --> [DEPRECATED] Creation of dynamic property App\Controllers\Home::$session is deprecated in APPPATH\Controllers\Home.php on line 9.
 1 SYSTEMPATH\CodeIgniter.php(903): App\Controllers\Home->__construct()
 2 SYSTEMPATH\CodeIgniter.php(500): CodeIgniter\CodeIgniter->createController()
 3 SYSTEMPATH\CodeIgniter.php(355): CodeIgniter\CodeIgniter->handleRequest(null, Object(Config\Cache), false)
 4 SYSTEMPATH\Boot.php(312): CodeIgniter\CodeIgniter->run()
 5 SYSTEMPATH\Boot.php(67): CodeIgniter\Boot::runCodeIgniter(Object(CodeIgniter\CodeIgniter))
 6 FCPATH\index.php(56): CodeIgniter\Boot::bootWeb(Object(Config\Paths))
 7 SYSTEMPATH\Commands\Server\rewrite.php(49): require_once('C:\\APK\\xampp-8.2\\htdocs\\SafeToTrip\\public\\index.php')
CRITICAL - 2024-06-02 22:52:56 --> TypeError: CodeIgniter\HTTP\SiteURI::stringifyRelativePath(): Return value must be of type string, bool returned
[Method: GET, Route: dashboard]
in SYSTEMPATH\HTTP\SiteURI.php on line 407.
 1 SYSTEMPATH\HTTP\SiteURI.php(381): CodeIgniter\HTTP\SiteURI->stringifyRelativePath(false)
 2 SYSTEMPATH\Helpers\url_helper.php(59): CodeIgniter\HTTP\SiteURI->baseUrl(false, null)
 3 APPPATH\Views\temp_adminpage\sidebar.php(18): base_url(false)
 4 SYSTEMPATH\View\View.php(234): include('C:\\APK\\xampp-8.2\\htdocs\\SafeToTrip\\app\\Views\\temp_adminpage\\sidebar.php')
 5 SYSTEMPATH\View\View.php(237): CodeIgniter\View\View->CodeIgniter\View\{closure}()
 6 SYSTEMPATH\View\View.php(484): CodeIgniter\View\View->render('temp_adminpage/sidebar', null, true)
 7 APPPATH\Views\adminpage\index.php(2): CodeIgniter\View\View->include('temp_adminpage/sidebar')
 8 SYSTEMPATH\View\View.php(234): include('C:\\APK\\xampp-8.2\\htdocs\\SafeToTrip\\app\\Views\\adminpage\\index.php')
 9 SYSTEMPATH\View\View.php(237): CodeIgniter\View\View->CodeIgniter\View\{closure}()
10 SYSTEMPATH\Common.php(1171): CodeIgniter\View\View->render('adminpage/index', [], true)
11 APPPATH\Controllers\Home.php(35): view('adminpage/index', [...])
12 SYSTEMPATH\CodeIgniter.php(933): App\Controllers\Home->adminpage()
13 SYSTEMPATH\CodeIgniter.php(509): CodeIgniter\CodeIgniter->runController(Object(App\Controllers\Home))
14 SYSTEMPATH\CodeIgniter.php(355): CodeIgniter\CodeIgniter->handleRequest(null, Object(Config\Cache), false)
15 SYSTEMPATH\Boot.php(312): CodeIgniter\CodeIgniter->run()
16 SYSTEMPATH\Boot.php(67): CodeIgniter\Boot::runCodeIgniter(Object(CodeIgniter\CodeIgniter))
17 FCPATH\index.php(56): CodeIgniter\Boot::bootWeb(Object(Config\Paths))
18 SYSTEMPATH\Commands\Server\rewrite.php(49): require_once('C:\\APK\\xampp-8.2\\htdocs\\SafeToTrip\\public\\index.php')
CRITICAL - 2024-06-02 22:54:39 --> ErrorException: Type of Config\Filters::$filters must be array (as in class CodeIgniter\Config\Filters)
[Method: GET, Route: dashboard]
in APPPATH\Config\Filters.php on line 17.
 1 [internal function]: CodeIgniter\Debug\Exceptions->shutdownHandler()
CRITICAL - 2024-06-02 22:54:40 --> ErrorException: Type of Config\Filters::$filters must be array (as in class CodeIgniter\Config\Filters)
[Method: GET, Route: dashboard]
in APPPATH\Config\Filters.php on line 17.
 1 [internal function]: CodeIgniter\Debug\Exceptions->shutdownHandler()
CRITICAL - 2024-06-02 22:55:10 --> ErrorException: Type of Config\Filters::$filters must be array (as in class CodeIgniter\Config\Filters)
[Method: GET, Route: dashboard]
in APPPATH\Config\Filters.php on line 17.
 1 [internal function]: CodeIgniter\Debug\Exceptions->shutdownHandler()
CRITICAL - 2024-06-02 22:55:11 --> ErrorException: Type of Config\Filters::$filters must be array (as in class CodeIgniter\Config\Filters)
[Method: GET, Route: dashboard]
in APPPATH\Config\Filters.php on line 17.
 1 [internal function]: CodeIgniter\Debug\Exceptions->shutdownHandler()
CRITICAL - 2024-06-02 22:55:11 --> ErrorException: Type of Config\Filters::$filters must be array (as in class CodeIgniter\Config\Filters)
[Method: GET, Route: dashboard]
in APPPATH\Config\Filters.php on line 17.
 1 [internal function]: CodeIgniter\Debug\Exceptions->shutdownHandler()
CRITICAL - 2024-06-02 22:55:11 --> ErrorException: Type of Config\Filters::$filters must be array (as in class CodeIgniter\Config\Filters)
[Method: GET, Route: dashboard]
in APPPATH\Config\Filters.php on line 17.
 1 [internal function]: CodeIgniter\Debug\Exceptions->shutdownHandler()
CRITICAL - 2024-06-02 22:55:12 --> ErrorException: Type of Config\Filters::$filters must be array (as in class CodeIgniter\Config\Filters)
[Method: GET, Route: dashboard]
in APPPATH\Config\Filters.php on line 17.
 1 [internal function]: CodeIgniter\Debug\Exceptions->shutdownHandler()
INFO - 2024-06-02 22:55:48 --> Session: Class initialized using 'CodeIgniter\Session\Handlers\FileHandler' driver.
WARNING - 2024-06-02 22:55:48 --> [DEPRECATED] Creation of dynamic property App\Controllers\Home::$session is deprecated in APPPATH\Controllers\Home.php on line 9.
 1 SYSTEMPATH\CodeIgniter.php(903): App\Controllers\Home->__construct()
 2 SYSTEMPATH\CodeIgniter.php(500): CodeIgniter\CodeIgniter->createController()
 3 SYSTEMPATH\CodeIgniter.php(355): CodeIgniter\CodeIgniter->handleRequest(null, Object(Config\Cache), false)
 4 SYSTEMPATH\Boot.php(312): CodeIgniter\CodeIgniter->run()
 5 SYSTEMPATH\Boot.php(67): CodeIgniter\Boot::runCodeIgniter(Object(CodeIgniter\CodeIgniter))
 6 FCPATH\index.php(56): CodeIgniter\Boot::bootWeb(Object(Config\Paths))
 7 SYSTEMPATH\Commands\Server\rewrite.php(49): require_once('C:\\APK\\xampp-8.2\\htdocs\\SafeToTrip\\public\\index.php')
INFO - 2024-06-02 22:55:51 --> Session: Class initialized using 'CodeIgniter\Session\Handlers\FileHandler' driver.
WARNING - 2024-06-02 22:55:51 --> [DEPRECATED] Creation of dynamic property App\Controllers\Home::$session is deprecated in APPPATH\Controllers\Home.php on line 9.
 1 APPPATH\Controllers\Admin.php(13): App\Controllers\Home->__construct()
 2 SYSTEMPATH\CodeIgniter.php(903): App\Controllers\Admin->__construct()
 3 SYSTEMPATH\CodeIgniter.php(500): CodeIgniter\CodeIgniter->createController()
 4 SYSTEMPATH\CodeIgniter.php(355): CodeIgniter\CodeIgniter->handleRequest(null, Object(Config\Cache), false)
 5 SYSTEMPATH\Boot.php(312): CodeIgniter\CodeIgniter->run()
 6 SYSTEMPATH\Boot.php(67): CodeIgniter\Boot::runCodeIgniter(Object(CodeIgniter\CodeIgniter))
 7 FCPATH\index.php(56): CodeIgniter\Boot::bootWeb(Object(Config\Paths))
 8 SYSTEMPATH\Commands\Server\rewrite.php(49): require_once('C:\\APK\\xampp-8.2\\htdocs\\SafeToTrip\\public\\index.php')
WARNING - 2024-06-02 22:55:51 --> [DEPRECATED] Creation of dynamic property App\Controllers\Admin::$home is deprecated in APPPATH\Controllers\Admin.php on line 13.
 1 SYSTEMPATH\CodeIgniter.php(903): App\Controllers\Admin->__construct()
 2 SYSTEMPATH\CodeIgniter.php(500): CodeIgniter\CodeIgniter->createController()
 3 SYSTEMPATH\CodeIgniter.php(355): CodeIgniter\CodeIgniter->handleRequest(null, Object(Config\Cache), false)
 4 SYSTEMPATH\Boot.php(312): CodeIgniter\CodeIgniter->run()
 5 SYSTEMPATH\Boot.php(67): CodeIgniter\Boot::runCodeIgniter(Object(CodeIgniter\CodeIgniter))
 6 FCPATH\index.php(56): CodeIgniter\Boot::bootWeb(Object(Config\Paths))
 7 SYSTEMPATH\Commands\Server\rewrite.php(49): require_once('C:\\APK\\xampp-8.2\\htdocs\\SafeToTrip\\public\\index.php')
WARNING - 2024-06-02 22:55:51 --> [DEPRECATED] Creation of dynamic property App\Controllers\Admin::$admin is deprecated in APPPATH\Controllers\Admin.php on line 14.
 1 SYSTEMPATH\CodeIgniter.php(903): App\Controllers\Admin->__construct()
 2 SYSTEMPATH\CodeIgniter.php(500): CodeIgniter\CodeIgniter->createController()
 3 SYSTEMPATH\CodeIgniter.php(355): CodeIgniter\CodeIgniter->handleRequest(null, Object(Config\Cache), false)
 4 SYSTEMPATH\Boot.php(312): CodeIgniter\CodeIgniter->run()
 5 SYSTEMPATH\Boot.php(67): CodeIgniter\Boot::runCodeIgniter(Object(CodeIgniter\CodeIgniter))
 6 FCPATH\index.php(56): CodeIgniter\Boot::bootWeb(Object(Config\Paths))
 7 SYSTEMPATH\Commands\Server\rewrite.php(49): require_once('C:\\APK\\xampp-8.2\\htdocs\\SafeToTrip\\public\\index.php')
CRITICAL - 2024-06-02 22:55:51 --> ErrorException: Undefined variable $errors
[Method: GET, Route: data_admin]
in APPPATH\Views\adminpage\admin\index.php on line 3.
 1 APPPATH\Views\adminpage\admin\index.php(3): CodeIgniter\Debug\Exceptions->errorHandler(2, 'Undefined variable $errors', 'C:\\APK\\xampp-8.2\\htdocs\\SafeToTrip\\app\\Views\\adminpage\\admin\\index.php', 3)
 2 SYSTEMPATH\View\View.php(234): include('C:\\APK\\xampp-8.2\\htdocs\\SafeToTrip\\app\\Views\\adminpage\\admin\\index.php')
 3 SYSTEMPATH\View\View.php(237): CodeIgniter\View\View->CodeIgniter\View\{closure}()
 4 SYSTEMPATH\Common.php(1171): CodeIgniter\View\View->render('adminpage/admin/index', [], true)
 5 APPPATH\Controllers\Admin.php(26): view('adminpage/admin/index', [...])
 6 SYSTEMPATH\CodeIgniter.php(933): App\Controllers\Admin->index()
 7 SYSTEMPATH\CodeIgniter.php(509): CodeIgniter\CodeIgniter->runController(Object(App\Controllers\Admin))
 8 SYSTEMPATH\CodeIgniter.php(355): CodeIgniter\CodeIgniter->handleRequest(null, Object(Config\Cache), false)
 9 SYSTEMPATH\Boot.php(312): CodeIgniter\CodeIgniter->run()
10 SYSTEMPATH\Boot.php(67): CodeIgniter\Boot::runCodeIgniter(Object(CodeIgniter\CodeIgniter))
11 FCPATH\index.php(56): CodeIgniter\Boot::bootWeb(Object(Config\Paths))
12 SYSTEMPATH\Commands\Server\rewrite.php(49): require_once('C:\\APK\\xampp-8.2\\htdocs\\SafeToTrip\\public\\index.php')
INFO - 2024-06-02 22:56:40 --> Session: Class initialized using 'CodeIgniter\Session\Handlers\FileHandler' driver.
WARNING - 2024-06-02 22:56:40 --> [DEPRECATED] Creation of dynamic property App\Controllers\Home::$session is deprecated in APPPATH\Controllers\Home.php on line 9.
 1 APPPATH\Controllers\Admin.php(13): App\Controllers\Home->__construct()
 2 SYSTEMPATH\CodeIgniter.php(903): App\Controllers\Admin->__construct()
 3 SYSTEMPATH\CodeIgniter.php(500): CodeIgniter\CodeIgniter->createController()
 4 SYSTEMPATH\CodeIgniter.php(355): CodeIgniter\CodeIgniter->handleRequest(null, Object(Config\Cache), false)
 5 SYSTEMPATH\Boot.php(312): CodeIgniter\CodeIgniter->run()
 6 SYSTEMPATH\Boot.php(67): CodeIgniter\Boot::runCodeIgniter(Object(CodeIgniter\CodeIgniter))
 7 FCPATH\index.php(56): CodeIgniter\Boot::bootWeb(Object(Config\Paths))
 8 SYSTEMPATH\Commands\Server\rewrite.php(49): require_once('C:\\APK\\xampp-8.2\\htdocs\\SafeToTrip\\public\\index.php')
WARNING - 2024-06-02 22:56:40 --> [DEPRECATED] Creation of dynamic property App\Controllers\Admin::$home is deprecated in APPPATH\Controllers\Admin.php on line 13.
 1 SYSTEMPATH\CodeIgniter.php(903): App\Controllers\Admin->__construct()
 2 SYSTEMPATH\CodeIgniter.php(500): CodeIgniter\CodeIgniter->createController()
 3 SYSTEMPATH\CodeIgniter.php(355): CodeIgniter\CodeIgniter->handleRequest(null, Object(Config\Cache), false)
 4 SYSTEMPATH\Boot.php(312): CodeIgniter\CodeIgniter->run()
 5 SYSTEMPATH\Boot.php(67): CodeIgniter\Boot::runCodeIgniter(Object(CodeIgniter\CodeIgniter))
 6 FCPATH\index.php(56): CodeIgniter\Boot::bootWeb(Object(Config\Paths))
 7 SYSTEMPATH\Commands\Server\rewrite.php(49): require_once('C:\\APK\\xampp-8.2\\htdocs\\SafeToTrip\\public\\index.php')
WARNING - 2024-06-02 22:56:40 --> [DEPRECATED] Creation of dynamic property App\Controllers\Admin::$admin is deprecated in APPPATH\Controllers\Admin.php on line 14.
 1 SYSTEMPATH\CodeIgniter.php(903): App\Controllers\Admin->__construct()
 2 SYSTEMPATH\CodeIgniter.php(500): CodeIgniter\CodeIgniter->createController()
 3 SYSTEMPATH\CodeIgniter.php(355): CodeIgniter\CodeIgniter->handleRequest(null, Object(Config\Cache), false)
 4 SYSTEMPATH\Boot.php(312): CodeIgniter\CodeIgniter->run()
 5 SYSTEMPATH\Boot.php(67): CodeIgniter\Boot::runCodeIgniter(Object(CodeIgniter\CodeIgniter))
 6 FCPATH\index.php(56): CodeIgniter\Boot::bootWeb(Object(Config\Paths))
 7 SYSTEMPATH\Commands\Server\rewrite.php(49): require_once('C:\\APK\\xampp-8.2\\htdocs\\SafeToTrip\\public\\index.php')
INFO - 2024-06-02 22:57:02 --> Session: Class initialized using 'CodeIgniter\Session\Handlers\FileHandler' driver.
WARNING - 2024-06-02 22:57:02 --> [DEPRECATED] Creation of dynamic property App\Controllers\Home::$session is deprecated in APPPATH\Controllers\Home.php on line 9.
 1 APPPATH\Controllers\Admin.php(13): App\Controllers\Home->__construct()
 2 SYSTEMPATH\CodeIgniter.php(903): App\Controllers\Admin->__construct()
 3 SYSTEMPATH\CodeIgniter.php(500): CodeIgniter\CodeIgniter->createController()
 4 SYSTEMPATH\CodeIgniter.php(355): CodeIgniter\CodeIgniter->handleRequest(null, Object(Config\Cache), false)
 5 SYSTEMPATH\Boot.php(312): CodeIgniter\CodeIgniter->run()
 6 SYSTEMPATH\Boot.php(67): CodeIgniter\Boot::runCodeIgniter(Object(CodeIgniter\CodeIgniter))
 7 FCPATH\index.php(56): CodeIgniter\Boot::bootWeb(Object(Config\Paths))
 8 SYSTEMPATH\Commands\Server\rewrite.php(49): require_once('C:\\APK\\xampp-8.2\\htdocs\\SafeToTrip\\public\\index.php')
WARNING - 2024-06-02 22:57:02 --> [DEPRECATED] Creation of dynamic property App\Controllers\Admin::$home is deprecated in APPPATH\Controllers\Admin.php on line 13.
 1 SYSTEMPATH\CodeIgniter.php(903): App\Controllers\Admin->__construct()
 2 SYSTEMPATH\CodeIgniter.php(500): CodeIgniter\CodeIgniter->createController()
 3 SYSTEMPATH\CodeIgniter.php(355): CodeIgniter\CodeIgniter->handleRequest(null, Object(Config\Cache), false)
 4 SYSTEMPATH\Boot.php(312): CodeIgniter\CodeIgniter->run()
 5 SYSTEMPATH\Boot.php(67): CodeIgniter\Boot::runCodeIgniter(Object(CodeIgniter\CodeIgniter))
 6 FCPATH\index.php(56): CodeIgniter\Boot::bootWeb(Object(Config\Paths))
 7 SYSTEMPATH\Commands\Server\rewrite.php(49): require_once('C:\\APK\\xampp-8.2\\htdocs\\SafeToTrip\\public\\index.php')
WARNING - 2024-06-02 22:57:02 --> [DEPRECATED] Creation of dynamic property App\Controllers\Admin::$admin is deprecated in APPPATH\Controllers\Admin.php on line 14.
 1 SYSTEMPATH\CodeIgniter.php(903): App\Controllers\Admin->__construct()
 2 SYSTEMPATH\CodeIgniter.php(500): CodeIgniter\CodeIgniter->createController()
 3 SYSTEMPATH\CodeIgniter.php(355): CodeIgniter\CodeIgniter->handleRequest(null, Object(Config\Cache), false)
 4 SYSTEMPATH\Boot.php(312): CodeIgniter\CodeIgniter->run()
 5 SYSTEMPATH\Boot.php(67): CodeIgniter\Boot::runCodeIgniter(Object(CodeIgniter\CodeIgniter))
 6 FCPATH\index.php(56): CodeIgniter\Boot::bootWeb(Object(Config\Paths))
 7 SYSTEMPATH\Commands\Server\rewrite.php(49): require_once('C:\\APK\\xampp-8.2\\htdocs\\SafeToTrip\\public\\index.php')
INFO - 2024-06-02 22:57:09 --> Session: Class initialized using 'CodeIgniter\Session\Handlers\FileHandler' driver.
WARNING - 2024-06-02 22:57:09 --> [DEPRECATED] Creation of dynamic property App\Controllers\Home::$session is deprecated in APPPATH\Controllers\Home.php on line 9.
 1 APPPATH\Controllers\Fasilitas.php(13): App\Controllers\Home->__construct()
 2 SYSTEMPATH\CodeIgniter.php(903): App\Controllers\Fasilitas->__construct()
 3 SYSTEMPATH\CodeIgniter.php(500): CodeIgniter\CodeIgniter->createController()
 4 SYSTEMPATH\CodeIgniter.php(355): CodeIgniter\CodeIgniter->handleRequest(null, Object(Config\Cache), false)
 5 SYSTEMPATH\Boot.php(312): CodeIgniter\CodeIgniter->run()
 6 SYSTEMPATH\Boot.php(67): CodeIgniter\Boot::runCodeIgniter(Object(CodeIgniter\CodeIgniter))
 7 FCPATH\index.php(56): CodeIgniter\Boot::bootWeb(Object(Config\Paths))
 8 SYSTEMPATH\Commands\Server\rewrite.php(49): require_once('C:\\APK\\xampp-8.2\\htdocs\\SafeToTrip\\public\\index.php')
WARNING - 2024-06-02 22:57:09 --> [DEPRECATED] Creation of dynamic property App\Controllers\Fasilitas::$home is deprecated in APPPATH\Controllers\Fasilitas.php on line 13.
 1 SYSTEMPATH\CodeIgniter.php(903): App\Controllers\Fasilitas->__construct()
 2 SYSTEMPATH\CodeIgniter.php(500): CodeIgniter\CodeIgniter->createController()
 3 SYSTEMPATH\CodeIgniter.php(355): CodeIgniter\CodeIgniter->handleRequest(null, Object(Config\Cache), false)
 4 SYSTEMPATH\Boot.php(312): CodeIgniter\CodeIgniter->run()
 5 SYSTEMPATH\Boot.php(67): CodeIgniter\Boot::runCodeIgniter(Object(CodeIgniter\CodeIgniter))
 6 FCPATH\index.php(56): CodeIgniter\Boot::bootWeb(Object(Config\Paths))
 7 SYSTEMPATH\Commands\Server\rewrite.php(49): require_once('C:\\APK\\xampp-8.2\\htdocs\\SafeToTrip\\public\\index.php')
WARNING - 2024-06-02 22:57:09 --> [DEPRECATED] Creation of dynamic property App\Controllers\Fasilitas::$fasilitas is deprecated in APPPATH\Controllers\Fasilitas.php on line 14.
 1 SYSTEMPATH\CodeIgniter.php(903): App\Controllers\Fasilitas->__construct()
 2 SYSTEMPATH\CodeIgniter.php(500): CodeIgniter\CodeIgniter->createController()
 3 SYSTEMPATH\CodeIgniter.php(355): CodeIgniter\CodeIgniter->handleRequest(null, Object(Config\Cache), false)
 4 SYSTEMPATH\Boot.php(312): CodeIgniter\CodeIgniter->run()
 5 SYSTEMPATH\Boot.php(67): CodeIgniter\Boot::runCodeIgniter(Object(CodeIgniter\CodeIgniter))
 6 FCPATH\index.php(56): CodeIgniter\Boot::bootWeb(Object(Config\Paths))
 7 SYSTEMPATH\Commands\Server\rewrite.php(49): require_once('C:\\APK\\xampp-8.2\\htdocs\\SafeToTrip\\public\\index.php')
INFO - 2024-06-02 23:00:52 --> Session: Class initialized using 'CodeIgniter\Session\Handlers\FileHandler' driver.
WARNING - 2024-06-02 23:00:52 --> [DEPRECATED] Creation of dynamic property App\Controllers\Home::$session is deprecated in APPPATH\Controllers\Home.php on line 9.
 1 APPPATH\Controllers\Fasilitas.php(13): App\Controllers\Home->__construct()
 2 SYSTEMPATH\CodeIgniter.php(903): App\Controllers\Fasilitas->__construct()
 3 SYSTEMPATH\CodeIgniter.php(500): CodeIgniter\CodeIgniter->createController()
 4 SYSTEMPATH\CodeIgniter.php(355): CodeIgniter\CodeIgniter->handleRequest(null, Object(Config\Cache), false)
 5 SYSTEMPATH\Boot.php(312): CodeIgniter\CodeIgniter->run()
 6 SYSTEMPATH\Boot.php(67): CodeIgniter\Boot::runCodeIgniter(Object(CodeIgniter\CodeIgniter))
 7 FCPATH\index.php(56): CodeIgniter\Boot::bootWeb(Object(Config\Paths))
 8 SYSTEMPATH\Commands\Server\rewrite.php(49): require_once('C:\\APK\\xampp-8.2\\htdocs\\SafeToTrip\\public\\index.php')
WARNING - 2024-06-02 23:00:52 --> [DEPRECATED] Creation of dynamic property App\Controllers\Fasilitas::$home is deprecated in APPPATH\Controllers\Fasilitas.php on line 13.
 1 SYSTEMPATH\CodeIgniter.php(903): App\Controllers\Fasilitas->__construct()
 2 SYSTEMPATH\CodeIgniter.php(500): CodeIgniter\CodeIgniter->createController()
 3 SYSTEMPATH\CodeIgniter.php(355): CodeIgniter\CodeIgniter->handleRequest(null, Object(Config\Cache), false)
 4 SYSTEMPATH\Boot.php(312): CodeIgniter\CodeIgniter->run()
 5 SYSTEMPATH\Boot.php(67): CodeIgniter\Boot::runCodeIgniter(Object(CodeIgniter\CodeIgniter))
 6 FCPATH\index.php(56): CodeIgniter\Boot::bootWeb(Object(Config\Paths))
 7 SYSTEMPATH\Commands\Server\rewrite.php(49): require_once('C:\\APK\\xampp-8.2\\htdocs\\SafeToTrip\\public\\index.php')
WARNING - 2024-06-02 23:00:52 --> [DEPRECATED] Creation of dynamic property App\Controllers\Fasilitas::$fasilitas is deprecated in APPPATH\Controllers\Fasilitas.php on line 14.
 1 SYSTEMPATH\CodeIgniter.php(903): App\Controllers\Fasilitas->__construct()
 2 SYSTEMPATH\CodeIgniter.php(500): CodeIgniter\CodeIgniter->createController()
 3 SYSTEMPATH\CodeIgniter.php(355): CodeIgniter\CodeIgniter->handleRequest(null, Object(Config\Cache), false)
 4 SYSTEMPATH\Boot.php(312): CodeIgniter\CodeIgniter->run()
 5 SYSTEMPATH\Boot.php(67): CodeIgniter\Boot::runCodeIgniter(Object(CodeIgniter\CodeIgniter))
 6 FCPATH\index.php(56): CodeIgniter\Boot::bootWeb(Object(Config\Paths))
 7 SYSTEMPATH\Commands\Server\rewrite.php(49): require_once('C:\\APK\\xampp-8.2\\htdocs\\SafeToTrip\\public\\index.php')
INFO - 2024-06-02 23:01:07 --> Session: Class initialized using 'CodeIgniter\Session\Handlers\FileHandler' driver.
WARNING - 2024-06-02 23:01:07 --> [DEPRECATED] Creation of dynamic property App\Controllers\Home::$session is deprecated in APPPATH\Controllers\Home.php on line 9.
 1 SYSTEMPATH\CodeIgniter.php(903): App\Controllers\Home->__construct()
 2 SYSTEMPATH\CodeIgniter.php(500): CodeIgniter\CodeIgniter->createController()
 3 SYSTEMPATH\CodeIgniter.php(355): CodeIgniter\CodeIgniter->handleRequest(null, Object(Config\Cache), false)
 4 SYSTEMPATH\Boot.php(312): CodeIgniter\CodeIgniter->run()
 5 SYSTEMPATH\Boot.php(67): CodeIgniter\Boot::runCodeIgniter(Object(CodeIgniter\CodeIgniter))
 6 FCPATH\index.php(56): CodeIgniter\Boot::bootWeb(Object(Config\Paths))
 7 SYSTEMPATH\Commands\Server\rewrite.php(49): require_once('C:\\APK\\xampp-8.2\\htdocs\\SafeToTrip\\public\\index.php')
INFO - 2024-06-02 23:01:49 --> Session: Class initialized using 'CodeIgniter\Session\Handlers\FileHandler' driver.
WARNING - 2024-06-02 23:01:49 --> [DEPRECATED] Creation of dynamic property App\Controllers\Home::$session is deprecated in APPPATH\Controllers\Home.php on line 9.
 1 SYSTEMPATH\CodeIgniter.php(903): App\Controllers\Home->__construct()
 2 SYSTEMPATH\CodeIgniter.php(500): CodeIgniter\CodeIgniter->createController()
 3 SYSTEMPATH\CodeIgniter.php(355): CodeIgniter\CodeIgniter->handleRequest(null, Object(Config\Cache), false)
 4 SYSTEMPATH\Boot.php(312): CodeIgniter\CodeIgniter->run()
 5 SYSTEMPATH\Boot.php(67): CodeIgniter\Boot::runCodeIgniter(Object(CodeIgniter\CodeIgniter))
 6 FCPATH\index.php(56): CodeIgniter\Boot::bootWeb(Object(Config\Paths))
 7 SYSTEMPATH\Commands\Server\rewrite.php(49): require_once('C:\\APK\\xampp-8.2\\htdocs\\SafeToTrip\\public\\index.php')
INFO - 2024-06-02 23:01:50 --> Session: Class initialized using 'CodeIgniter\Session\Handlers\FileHandler' driver.
WARNING - 2024-06-02 23:01:50 --> [DEPRECATED] Creation of dynamic property App\Controllers\Home::$session is deprecated in APPPATH\Controllers\Home.php on line 9.
 1 SYSTEMPATH\CodeIgniter.php(903): App\Controllers\Home->__construct()
 2 SYSTEMPATH\CodeIgniter.php(500): CodeIgniter\CodeIgniter->createController()
 3 SYSTEMPATH\CodeIgniter.php(355): CodeIgniter\CodeIgniter->handleRequest(null, Object(Config\Cache), false)
 4 SYSTEMPATH\Boot.php(312): CodeIgniter\CodeIgniter->run()
 5 SYSTEMPATH\Boot.php(67): CodeIgniter\Boot::runCodeIgniter(Object(CodeIgniter\CodeIgniter))
 6 FCPATH\index.php(56): CodeIgniter\Boot::bootWeb(Object(Config\Paths))
 7 SYSTEMPATH\Commands\Server\rewrite.php(49): require_once('C:\\APK\\xampp-8.2\\htdocs\\SafeToTrip\\public\\index.php')
INFO - 2024-06-02 23:01:55 --> Session: Class initialized using 'CodeIgniter\Session\Handlers\FileHandler' driver.
WARNING - 2024-06-02 23:01:55 --> [DEPRECATED] Creation of dynamic property App\Controllers\Login::$session is deprecated in APPPATH\Controllers\Login.php on line 12.
 1 SYSTEMPATH\CodeIgniter.php(903): App\Controllers\Login->__construct()
 2 SYSTEMPATH\CodeIgniter.php(500): CodeIgniter\CodeIgniter->createController()
 3 SYSTEMPATH\CodeIgniter.php(355): CodeIgniter\CodeIgniter->handleRequest(null, Object(Config\Cache), false)
 4 SYSTEMPATH\Boot.php(312): CodeIgniter\CodeIgniter->run()
 5 SYSTEMPATH\Boot.php(67): CodeIgniter\Boot::runCodeIgniter(Object(CodeIgniter\CodeIgniter))
 6 FCPATH\index.php(56): CodeIgniter\Boot::bootWeb(Object(Config\Paths))
 7 SYSTEMPATH\Commands\Server\rewrite.php(49): require_once('C:\\APK\\xampp-8.2\\htdocs\\SafeToTrip\\public\\index.php')
INFO - 2024-06-02 23:01:55 --> Session: Class initialized using 'CodeIgniter\Session\Handlers\FileHandler' driver.
WARNING - 2024-06-02 23:01:55 --> [DEPRECATED] Creation of dynamic property App\Controllers\Login::$session is deprecated in APPPATH\Controllers\Login.php on line 12.
 1 SYSTEMPATH\CodeIgniter.php(903): App\Controllers\Login->__construct()
 2 SYSTEMPATH\CodeIgniter.php(500): CodeIgniter\CodeIgniter->createController()
 3 SYSTEMPATH\CodeIgniter.php(355): CodeIgniter\CodeIgniter->handleRequest(null, Object(Config\Cache), false)
 4 SYSTEMPATH\Boot.php(312): CodeIgniter\CodeIgniter->run()
 5 SYSTEMPATH\Boot.php(67): CodeIgniter\Boot::runCodeIgniter(Object(CodeIgniter\CodeIgniter))
 6 FCPATH\index.php(56): CodeIgniter\Boot::bootWeb(Object(Config\Paths))
 7 SYSTEMPATH\Commands\Server\rewrite.php(49): require_once('C:\\APK\\xampp-8.2\\htdocs\\SafeToTrip\\public\\index.php')
INFO - 2024-06-02 23:02:01 --> Session: Class initialized using 'CodeIgniter\Session\Handlers\FileHandler' driver.
WARNING - 2024-06-02 23:02:01 --> [DEPRECATED] Creation of dynamic property App\Controllers\Login::$session is deprecated in APPPATH\Controllers\Login.php on line 12.
 1 SYSTEMPATH\CodeIgniter.php(903): App\Controllers\Login->__construct()
 2 SYSTEMPATH\CodeIgniter.php(500): CodeIgniter\CodeIgniter->createController()
 3 SYSTEMPATH\CodeIgniter.php(355): CodeIgniter\CodeIgniter->handleRequest(null, Object(Config\Cache), false)
 4 SYSTEMPATH\Boot.php(312): CodeIgniter\CodeIgniter->run()
 5 SYSTEMPATH\Boot.php(67): CodeIgniter\Boot::runCodeIgniter(Object(CodeIgniter\CodeIgniter))
 6 FCPATH\index.php(56): CodeIgniter\Boot::bootWeb(Object(Config\Paths))
 7 SYSTEMPATH\Commands\Server\rewrite.php(49): require_once('C:\\APK\\xampp-8.2\\htdocs\\SafeToTrip\\public\\index.php')
INFO - 2024-06-02 23:02:01 --> Session: Class initialized using 'CodeIgniter\Session\Handlers\FileHandler' driver.
WARNING - 2024-06-02 23:02:01 --> [DEPRECATED] Creation of dynamic property App\Controllers\Home::$session is deprecated in APPPATH\Controllers\Home.php on line 9.
 1 SYSTEMPATH\CodeIgniter.php(903): App\Controllers\Home->__construct()
 2 SYSTEMPATH\CodeIgniter.php(500): CodeIgniter\CodeIgniter->createController()
 3 SYSTEMPATH\CodeIgniter.php(355): CodeIgniter\CodeIgniter->handleRequest(null, Object(Config\Cache), false)
 4 SYSTEMPATH\Boot.php(312): CodeIgniter\CodeIgniter->run()
 5 SYSTEMPATH\Boot.php(67): CodeIgniter\Boot::runCodeIgniter(Object(CodeIgniter\CodeIgniter))
 6 FCPATH\index.php(56): CodeIgniter\Boot::bootWeb(Object(Config\Paths))
 7 SYSTEMPATH\Commands\Server\rewrite.php(49): require_once('C:\\APK\\xampp-8.2\\htdocs\\SafeToTrip\\public\\index.php')
INFO - 2024-06-02 23:07:30 --> Session: Class initialized using 'CodeIgniter\Session\Handlers\FileHandler' driver.
WARNING - 2024-06-02 23:07:30 --> [DEPRECATED] Creation of dynamic property App\Controllers\Home::$session is deprecated in APPPATH\Controllers\Home.php on line 9.
 1 SYSTEMPATH\CodeIgniter.php(903): App\Controllers\Home->__construct()
 2 SYSTEMPATH\CodeIgniter.php(500): CodeIgniter\CodeIgniter->createController()
 3 SYSTEMPATH\CodeIgniter.php(355): CodeIgniter\CodeIgniter->handleRequest(null, Object(Config\Cache), false)
 4 SYSTEMPATH\Boot.php(312): CodeIgniter\CodeIgniter->run()
 5 SYSTEMPATH\Boot.php(67): CodeIgniter\Boot::runCodeIgniter(Object(CodeIgniter\CodeIgniter))
 6 FCPATH\index.php(56): CodeIgniter\Boot::bootWeb(Object(Config\Paths))
 7 SYSTEMPATH\Commands\Server\rewrite.php(49): require_once('C:\\APK\\xampp-8.2\\htdocs\\SafeToTrip\\public\\index.php')
INFO - 2024-06-02 23:07:32 --> Session: Class initialized using 'CodeIgniter\Session\Handlers\FileHandler' driver.
WARNING - 2024-06-02 23:07:32 --> [DEPRECATED] Creation of dynamic property App\Controllers\Home::$session is deprecated in APPPATH\Controllers\Home.php on line 9.
 1 SYSTEMPATH\CodeIgniter.php(903): App\Controllers\Home->__construct()
 2 SYSTEMPATH\CodeIgniter.php(500): CodeIgniter\CodeIgniter->createController()
 3 SYSTEMPATH\CodeIgniter.php(355): CodeIgniter\CodeIgniter->handleRequest(null, Object(Config\Cache), false)
 4 SYSTEMPATH\Boot.php(312): CodeIgniter\CodeIgniter->run()
 5 SYSTEMPATH\Boot.php(67): CodeIgniter\Boot::runCodeIgniter(Object(CodeIgniter\CodeIgniter))
 6 FCPATH\index.php(56): CodeIgniter\Boot::bootWeb(Object(Config\Paths))
 7 SYSTEMPATH\Commands\Server\rewrite.php(49): require_once('C:\\APK\\xampp-8.2\\htdocs\\SafeToTrip\\public\\index.php')
INFO - 2024-06-02 23:07:43 --> Session: Class initialized using 'CodeIgniter\Session\Handlers\FileHandler' driver.
WARNING - 2024-06-02 23:07:43 --> [DEPRECATED] Creation of dynamic property App\Controllers\Home::$session is deprecated in APPPATH\Controllers\Home.php on line 9.
 1 SYSTEMPATH\CodeIgniter.php(903): App\Controllers\Home->__construct()
 2 SYSTEMPATH\CodeIgniter.php(500): CodeIgniter\CodeIgniter->createController()
 3 SYSTEMPATH\CodeIgniter.php(355): CodeIgniter\CodeIgniter->handleRequest(null, Object(Config\Cache), false)
 4 SYSTEMPATH\Boot.php(312): CodeIgniter\CodeIgniter->run()
 5 SYSTEMPATH\Boot.php(67): CodeIgniter\Boot::runCodeIgniter(Object(CodeIgniter\CodeIgniter))
 6 FCPATH\index.php(56): CodeIgniter\Boot::bootWeb(Object(Config\Paths))
 7 SYSTEMPATH\Commands\Server\rewrite.php(49): require_once('C:\\APK\\xampp-8.2\\htdocs\\SafeToTrip\\public\\index.php')
INFO - 2024-06-02 23:07:44 --> Session: Class initialized using 'CodeIgniter\Session\Handlers\FileHandler' driver.
WARNING - 2024-06-02 23:07:44 --> [DEPRECATED] Creation of dynamic property App\Controllers\Home::$session is deprecated in APPPATH\Controllers\Home.php on line 9.
 1 SYSTEMPATH\CodeIgniter.php(903): App\Controllers\Home->__construct()
 2 SYSTEMPATH\CodeIgniter.php(500): CodeIgniter\CodeIgniter->createController()
 3 SYSTEMPATH\CodeIgniter.php(355): CodeIgniter\CodeIgniter->handleRequest(null, Object(Config\Cache), false)
 4 SYSTEMPATH\Boot.php(312): CodeIgniter\CodeIgniter->run()
 5 SYSTEMPATH\Boot.php(67): CodeIgniter\Boot::runCodeIgniter(Object(CodeIgniter\CodeIgniter))
 6 FCPATH\index.php(56): CodeIgniter\Boot::bootWeb(Object(Config\Paths))
 7 SYSTEMPATH\Commands\Server\rewrite.php(49): require_once('C:\\APK\\xampp-8.2\\htdocs\\SafeToTrip\\public\\index.php')
INFO - 2024-06-02 23:12:13 --> Session: Class initialized using 'CodeIgniter\Session\Handlers\FileHandler' driver.
WARNING - 2024-06-02 23:12:13 --> [DEPRECATED] Creation of dynamic property App\Controllers\Home::$session is deprecated in APPPATH\Controllers\Home.php on line 9.
 1 SYSTEMPATH\CodeIgniter.php(903): App\Controllers\Home->__construct()
 2 SYSTEMPATH\CodeIgniter.php(500): CodeIgniter\CodeIgniter->createController()
 3 SYSTEMPATH\CodeIgniter.php(355): CodeIgniter\CodeIgniter->handleRequest(null, Object(Config\Cache), false)
 4 SYSTEMPATH\Boot.php(312): CodeIgniter\CodeIgniter->run()
 5 SYSTEMPATH\Boot.php(67): CodeIgniter\Boot::runCodeIgniter(Object(CodeIgniter\CodeIgniter))
 6 FCPATH\index.php(56): CodeIgniter\Boot::bootWeb(Object(Config\Paths))
 7 SYSTEMPATH\Commands\Server\rewrite.php(49): require_once('C:\\APK\\xampp-8.2\\htdocs\\SafeToTrip\\public\\index.php')
CRITICAL - 2024-06-02 23:12:13 --> TypeError: CodeIgniter\HTTP\SiteURI::stringifyRelativePath(): Return value must be of type string, bool returned
[Method: GET, Route: dashboard]
in SYSTEMPATH\HTTP\SiteURI.php on line 407.
 1 SYSTEMPATH\HTTP\SiteURI.php(381): CodeIgniter\HTTP\SiteURI->stringifyRelativePath(false)
 2 SYSTEMPATH\Helpers\url_helper.php(59): CodeIgniter\HTTP\SiteURI->baseUrl(false, null)
 3 APPPATH\Views\temp_adminpage\sidebar.php(18): base_url(false)
 4 SYSTEMPATH\View\View.php(234): include('C:\\APK\\xampp-8.2\\htdocs\\SafeToTrip\\app\\Views\\temp_adminpage\\sidebar.php')
 5 SYSTEMPATH\View\View.php(237): CodeIgniter\View\View->CodeIgniter\View\{closure}()
 6 SYSTEMPATH\View\View.php(484): CodeIgniter\View\View->render('temp_adminpage/sidebar', null, true)
 7 APPPATH\Views\adminpage\index.php(2): CodeIgniter\View\View->include('temp_adminpage/sidebar')
 8 SYSTEMPATH\View\View.php(234): include('C:\\APK\\xampp-8.2\\htdocs\\SafeToTrip\\app\\Views\\adminpage\\index.php')
 9 SYSTEMPATH\View\View.php(237): CodeIgniter\View\View->CodeIgniter\View\{closure}()
10 SYSTEMPATH\Common.php(1171): CodeIgniter\View\View->render('adminpage/index', [], true)
11 APPPATH\Controllers\Home.php(35): view('adminpage/index', [...])
12 SYSTEMPATH\CodeIgniter.php(933): App\Controllers\Home->adminpage()
13 SYSTEMPATH\CodeIgniter.php(509): CodeIgniter\CodeIgniter->runController(Object(App\Controllers\Home))
14 SYSTEMPATH\CodeIgniter.php(355): CodeIgniter\CodeIgniter->handleRequest(null, Object(Config\Cache), false)
15 SYSTEMPATH\Boot.php(312): CodeIgniter\CodeIgniter->run()
16 SYSTEMPATH\Boot.php(67): CodeIgniter\Boot::runCodeIgniter(Object(CodeIgniter\CodeIgniter))
17 FCPATH\index.php(56): CodeIgniter\Boot::bootWeb(Object(Config\Paths))
18 SYSTEMPATH\Commands\Server\rewrite.php(49): require_once('C:\\APK\\xampp-8.2\\htdocs\\SafeToTrip\\public\\index.php')
INFO - 2024-06-02 23:12:21 --> Session: Class initialized using 'CodeIgniter\Session\Handlers\FileHandler' driver.
WARNING - 2024-06-02 23:12:21 --> [DEPRECATED] Creation of dynamic property App\Controllers\Home::$session is deprecated in APPPATH\Controllers\Home.php on line 9.
 1 SYSTEMPATH\CodeIgniter.php(903): App\Controllers\Home->__construct()
 2 SYSTEMPATH\CodeIgniter.php(500): CodeIgniter\CodeIgniter->createController()
 3 SYSTEMPATH\CodeIgniter.php(355): CodeIgniter\CodeIgniter->handleRequest(null, Object(Config\Cache), false)
 4 SYSTEMPATH\Boot.php(312): CodeIgniter\CodeIgniter->run()
 5 SYSTEMPATH\Boot.php(67): CodeIgniter\Boot::runCodeIgniter(Object(CodeIgniter\CodeIgniter))
 6 FCPATH\index.php(56): CodeIgniter\Boot::bootWeb(Object(Config\Paths))
 7 SYSTEMPATH\Commands\Server\rewrite.php(49): require_once('C:\\APK\\xampp-8.2\\htdocs\\SafeToTrip\\public\\index.php')
CRITICAL - 2024-06-02 23:12:21 --> TypeError: CodeIgniter\HTTP\SiteURI::stringifyRelativePath(): Return value must be of type string, bool returned
[Method: GET, Route: dashboard]
in SYSTEMPATH\HTTP\SiteURI.php on line 407.
 1 SYSTEMPATH\HTTP\SiteURI.php(381): CodeIgniter\HTTP\SiteURI->stringifyRelativePath(false)
 2 SYSTEMPATH\Helpers\url_helper.php(59): CodeIgniter\HTTP\SiteURI->baseUrl(false, null)
 3 APPPATH\Views\temp_adminpage\sidebar.php(18): base_url(false)
 4 SYSTEMPATH\View\View.php(234): include('C:\\APK\\xampp-8.2\\htdocs\\SafeToTrip\\app\\Views\\temp_adminpage\\sidebar.php')
 5 SYSTEMPATH\View\View.php(237): CodeIgniter\View\View->CodeIgniter\View\{closure}()
 6 SYSTEMPATH\View\View.php(484): CodeIgniter\View\View->render('temp_adminpage/sidebar', null, true)
 7 APPPATH\Views\adminpage\index.php(2): CodeIgniter\View\View->include('temp_adminpage/sidebar')
 8 SYSTEMPATH\View\View.php(234): include('C:\\APK\\xampp-8.2\\htdocs\\SafeToTrip\\app\\Views\\adminpage\\index.php')
 9 SYSTEMPATH\View\View.php(237): CodeIgniter\View\View->CodeIgniter\View\{closure}()
10 SYSTEMPATH\Common.php(1171): CodeIgniter\View\View->render('adminpage/index', [], true)
11 APPPATH\Controllers\Home.php(35): view('adminpage/index', [...])
12 SYSTEMPATH\CodeIgniter.php(933): App\Controllers\Home->adminpage()
13 SYSTEMPATH\CodeIgniter.php(509): CodeIgniter\CodeIgniter->runController(Object(App\Controllers\Home))
14 SYSTEMPATH\CodeIgniter.php(355): CodeIgniter\CodeIgniter->handleRequest(null, Object(Config\Cache), false)
15 SYSTEMPATH\Boot.php(312): CodeIgniter\CodeIgniter->run()
16 SYSTEMPATH\Boot.php(67): CodeIgniter\Boot::runCodeIgniter(Object(CodeIgniter\CodeIgniter))
17 FCPATH\index.php(56): CodeIgniter\Boot::bootWeb(Object(Config\Paths))
18 SYSTEMPATH\Commands\Server\rewrite.php(49): require_once('C:\\APK\\xampp-8.2\\htdocs\\SafeToTrip\\public\\index.php')
INFO - 2024-06-02 23:12:21 --> Session: Class initialized using 'CodeIgniter\Session\Handlers\FileHandler' driver.
WARNING - 2024-06-02 23:12:21 --> [DEPRECATED] Creation of dynamic property App\Controllers\Home::$session is deprecated in APPPATH\Controllers\Home.php on line 9.
 1 SYSTEMPATH\CodeIgniter.php(903): App\Controllers\Home->__construct()
 2 SYSTEMPATH\CodeIgniter.php(500): CodeIgniter\CodeIgniter->createController()
 3 SYSTEMPATH\CodeIgniter.php(355): CodeIgniter\CodeIgniter->handleRequest(null, Object(Config\Cache), false)
 4 SYSTEMPATH\Boot.php(312): CodeIgniter\CodeIgniter->run()
 5 SYSTEMPATH\Boot.php(67): CodeIgniter\Boot::runCodeIgniter(Object(CodeIgniter\CodeIgniter))
 6 FCPATH\index.php(56): CodeIgniter\Boot::bootWeb(Object(Config\Paths))
 7 SYSTEMPATH\Commands\Server\rewrite.php(49): require_once('C:\\APK\\xampp-8.2\\htdocs\\SafeToTrip\\public\\index.php')
CRITICAL - 2024-06-02 23:12:21 --> TypeError: CodeIgniter\HTTP\SiteURI::stringifyRelativePath(): Return value must be of type string, bool returned
[Method: GET, Route: dashboard]
in SYSTEMPATH\HTTP\SiteURI.php on line 407.
 1 SYSTEMPATH\HTTP\SiteURI.php(381): CodeIgniter\HTTP\SiteURI->stringifyRelativePath(false)
 2 SYSTEMPATH\Helpers\url_helper.php(59): CodeIgniter\HTTP\SiteURI->baseUrl(false, null)
 3 APPPATH\Views\temp_adminpage\sidebar.php(18): base_url(false)
 4 SYSTEMPATH\View\View.php(234): include('C:\\APK\\xampp-8.2\\htdocs\\SafeToTrip\\app\\Views\\temp_adminpage\\sidebar.php')
 5 SYSTEMPATH\View\View.php(237): CodeIgniter\View\View->CodeIgniter\View\{closure}()
 6 SYSTEMPATH\View\View.php(484): CodeIgniter\View\View->render('temp_adminpage/sidebar', null, true)
 7 APPPATH\Views\adminpage\index.php(2): CodeIgniter\View\View->include('temp_adminpage/sidebar')
 8 SYSTEMPATH\View\View.php(234): include('C:\\APK\\xampp-8.2\\htdocs\\SafeToTrip\\app\\Views\\adminpage\\index.php')
 9 SYSTEMPATH\View\View.php(237): CodeIgniter\View\View->CodeIgniter\View\{closure}()
10 SYSTEMPATH\Common.php(1171): CodeIgniter\View\View->render('adminpage/index', [], true)
11 APPPATH\Controllers\Home.php(35): view('adminpage/index', [...])
12 SYSTEMPATH\CodeIgniter.php(933): App\Controllers\Home->adminpage()
13 SYSTEMPATH\CodeIgniter.php(509): CodeIgniter\CodeIgniter->runController(Object(App\Controllers\Home))
14 SYSTEMPATH\CodeIgniter.php(355): CodeIgniter\CodeIgniter->handleRequest(null, Object(Config\Cache), false)
15 SYSTEMPATH\Boot.php(312): CodeIgniter\CodeIgniter->run()
16 SYSTEMPATH\Boot.php(67): CodeIgniter\Boot::runCodeIgniter(Object(CodeIgniter\CodeIgniter))
17 FCPATH\index.php(56): CodeIgniter\Boot::bootWeb(Object(Config\Paths))
18 SYSTEMPATH\Commands\Server\rewrite.php(49): require_once('C:\\APK\\xampp-8.2\\htdocs\\SafeToTrip\\public\\index.php')
INFO - 2024-06-02 23:12:22 --> Session: Class initialized using 'CodeIgniter\Session\Handlers\FileHandler' driver.
WARNING - 2024-06-02 23:12:22 --> [DEPRECATED] Creation of dynamic property App\Controllers\Home::$session is deprecated in APPPATH\Controllers\Home.php on line 9.
 1 SYSTEMPATH\CodeIgniter.php(903): App\Controllers\Home->__construct()
 2 SYSTEMPATH\CodeIgniter.php(500): CodeIgniter\CodeIgniter->createController()
 3 SYSTEMPATH\CodeIgniter.php(355): CodeIgniter\CodeIgniter->handleRequest(null, Object(Config\Cache), false)
 4 SYSTEMPATH\Boot.php(312): CodeIgniter\CodeIgniter->run()
 5 SYSTEMPATH\Boot.php(67): CodeIgniter\Boot::runCodeIgniter(Object(CodeIgniter\CodeIgniter))
 6 FCPATH\index.php(56): CodeIgniter\Boot::bootWeb(Object(Config\Paths))
 7 SYSTEMPATH\Commands\Server\rewrite.php(49): require_once('C:\\APK\\xampp-8.2\\htdocs\\SafeToTrip\\public\\index.php')
CRITICAL - 2024-06-02 23:12:22 --> TypeError: CodeIgniter\HTTP\SiteURI::stringifyRelativePath(): Return value must be of type string, bool returned
[Method: GET, Route: dashboard]
in SYSTEMPATH\HTTP\SiteURI.php on line 407.
 1 SYSTEMPATH\HTTP\SiteURI.php(381): CodeIgniter\HTTP\SiteURI->stringifyRelativePath(false)
 2 SYSTEMPATH\Helpers\url_helper.php(59): CodeIgniter\HTTP\SiteURI->baseUrl(false, null)
 3 APPPATH\Views\temp_adminpage\sidebar.php(18): base_url(false)
 4 SYSTEMPATH\View\View.php(234): include('C:\\APK\\xampp-8.2\\htdocs\\SafeToTrip\\app\\Views\\temp_adminpage\\sidebar.php')
 5 SYSTEMPATH\View\View.php(237): CodeIgniter\View\View->CodeIgniter\View\{closure}()
 6 SYSTEMPATH\View\View.php(484): CodeIgniter\View\View->render('temp_adminpage/sidebar', null, true)
 7 APPPATH\Views\adminpage\index.php(2): CodeIgniter\View\View->include('temp_adminpage/sidebar')
 8 SYSTEMPATH\View\View.php(234): include('C:\\APK\\xampp-8.2\\htdocs\\SafeToTrip\\app\\Views\\adminpage\\index.php')
 9 SYSTEMPATH\View\View.php(237): CodeIgniter\View\View->CodeIgniter\View\{closure}()
10 SYSTEMPATH\Common.php(1171): CodeIgniter\View\View->render('adminpage/index', [], true)
11 APPPATH\Controllers\Home.php(35): view('adminpage/index', [...])
12 SYSTEMPATH\CodeIgniter.php(933): App\Controllers\Home->adminpage()
13 SYSTEMPATH\CodeIgniter.php(509): CodeIgniter\CodeIgniter->runController(Object(App\Controllers\Home))
14 SYSTEMPATH\CodeIgniter.php(355): CodeIgniter\CodeIgniter->handleRequest(null, Object(Config\Cache), false)
15 SYSTEMPATH\Boot.php(312): CodeIgniter\CodeIgniter->run()
16 SYSTEMPATH\Boot.php(67): CodeIgniter\Boot::runCodeIgniter(Object(CodeIgniter\CodeIgniter))
17 FCPATH\index.php(56): CodeIgniter\Boot::bootWeb(Object(Config\Paths))
18 SYSTEMPATH\Commands\Server\rewrite.php(49): require_once('C:\\APK\\xampp-8.2\\htdocs\\SafeToTrip\\public\\index.php')
INFO - 2024-06-02 23:12:22 --> Session: Class initialized using 'CodeIgniter\Session\Handlers\FileHandler' driver.
WARNING - 2024-06-02 23:12:22 --> [DEPRECATED] Creation of dynamic property App\Controllers\Home::$session is deprecated in APPPATH\Controllers\Home.php on line 9.
 1 SYSTEMPATH\CodeIgniter.php(903): App\Controllers\Home->__construct()
 2 SYSTEMPATH\CodeIgniter.php(500): CodeIgniter\CodeIgniter->createController()
 3 SYSTEMPATH\CodeIgniter.php(355): CodeIgniter\CodeIgniter->handleRequest(null, Object(Config\Cache), false)
 4 SYSTEMPATH\Boot.php(312): CodeIgniter\CodeIgniter->run()
 5 SYSTEMPATH\Boot.php(67): CodeIgniter\Boot::runCodeIgniter(Object(CodeIgniter\CodeIgniter))
 6 FCPATH\index.php(56): CodeIgniter\Boot::bootWeb(Object(Config\Paths))
 7 SYSTEMPATH\Commands\Server\rewrite.php(49): require_once('C:\\APK\\xampp-8.2\\htdocs\\SafeToTrip\\public\\index.php')
CRITICAL - 2024-06-02 23:12:22 --> TypeError: CodeIgniter\HTTP\SiteURI::stringifyRelativePath(): Return value must be of type string, bool returned
[Method: GET, Route: dashboard]
in SYSTEMPATH\HTTP\SiteURI.php on line 407.
 1 SYSTEMPATH\HTTP\SiteURI.php(381): CodeIgniter\HTTP\SiteURI->stringifyRelativePath(false)
 2 SYSTEMPATH\Helpers\url_helper.php(59): CodeIgniter\HTTP\SiteURI->baseUrl(false, null)
 3 APPPATH\Views\temp_adminpage\sidebar.php(18): base_url(false)
 4 SYSTEMPATH\View\View.php(234): include('C:\\APK\\xampp-8.2\\htdocs\\SafeToTrip\\app\\Views\\temp_adminpage\\sidebar.php')
 5 SYSTEMPATH\View\View.php(237): CodeIgniter\View\View->CodeIgniter\View\{closure}()
 6 SYSTEMPATH\View\View.php(484): CodeIgniter\View\View->render('temp_adminpage/sidebar', null, true)
 7 APPPATH\Views\adminpage\index.php(2): CodeIgniter\View\View->include('temp_adminpage/sidebar')
 8 SYSTEMPATH\View\View.php(234): include('C:\\APK\\xampp-8.2\\htdocs\\SafeToTrip\\app\\Views\\adminpage\\index.php')
 9 SYSTEMPATH\View\View.php(237): CodeIgniter\View\View->CodeIgniter\View\{closure}()
10 SYSTEMPATH\Common.php(1171): CodeIgniter\View\View->render('adminpage/index', [], true)
11 APPPATH\Controllers\Home.php(35): view('adminpage/index', [...])
12 SYSTEMPATH\CodeIgniter.php(933): App\Controllers\Home->adminpage()
13 SYSTEMPATH\CodeIgniter.php(509): CodeIgniter\CodeIgniter->runController(Object(App\Controllers\Home))
14 SYSTEMPATH\CodeIgniter.php(355): CodeIgniter\CodeIgniter->handleRequest(null, Object(Config\Cache), false)
15 SYSTEMPATH\Boot.php(312): CodeIgniter\CodeIgniter->run()
16 SYSTEMPATH\Boot.php(67): CodeIgniter\Boot::runCodeIgniter(Object(CodeIgniter\CodeIgniter))
17 FCPATH\index.php(56): CodeIgniter\Boot::bootWeb(Object(Config\Paths))
18 SYSTEMPATH\Commands\Server\rewrite.php(49): require_once('C:\\APK\\xampp-8.2\\htdocs\\SafeToTrip\\public\\index.php')
CRITICAL - 2024-06-02 23:21:09 --> ErrorException: Declaration of App\Filters\RoleFilter::before(CodeIgniter\HTTP\RequestInterface $request) must be compatible with CodeIgniter\Filters\FilterInterface::before(CodeIgniter\HTTP\RequestInterface $request, $arguments = null)
[Method: GET, Route: dashboard]
in APPPATH\Filters\RoleFilter.php on line 11.
 1 [internal function]: CodeIgniter\Debug\Exceptions->shutdownHandler()
INFO - 2024-06-02 23:21:49 --> Session: Class initialized using 'CodeIgniter\Session\Handlers\FileHandler' driver.
INFO - 2024-06-02 23:23:48 --> Session: Class initialized using 'CodeIgniter\Session\Handlers\FileHandler' driver.
CRITICAL - 2024-06-02 23:23:48 --> Error: Cannot access protected property CodeIgniter\HTTP\IncomingRequest::$uri
[Method: GET, Route: dashboard]
in APPPATH\Filters\RoleFilter.php on line 15.
 1 SYSTEMPATH\Filters\Filters.php(203): App\Filters\RoleFilter->before(Object(CodeIgniter\HTTP\IncomingRequest), null)
 2 SYSTEMPATH\Filters\Filters.php(184): CodeIgniter\Filters\Filters->runBefore([...])
 3 SYSTEMPATH\CodeIgniter.php(481): CodeIgniter\Filters\Filters->run('dashboard', 'before')
 4 SYSTEMPATH\CodeIgniter.php(355): CodeIgniter\CodeIgniter->handleRequest(null, Object(Config\Cache), false)
 5 SYSTEMPATH\Boot.php(312): CodeIgniter\CodeIgniter->run()
 6 SYSTEMPATH\Boot.php(67): CodeIgniter\Boot::runCodeIgniter(Object(CodeIgniter\CodeIgniter))
 7 FCPATH\index.php(56): CodeIgniter\Boot::bootWeb(Object(Config\Paths))
 8 SYSTEMPATH\Commands\Server\rewrite.php(49): require_once('C:\\APK\\xampp-8.2\\htdocs\\SafeToTrip\\public\\index.php')
INFO - 2024-06-02 23:23:49 --> Session: Class initialized using 'CodeIgniter\Session\Handlers\FileHandler' driver.
CRITICAL - 2024-06-02 23:23:49 --> Error: Cannot access protected property CodeIgniter\HTTP\IncomingRequest::$uri
[Method: GET, Route: dashboard]
in APPPATH\Filters\RoleFilter.php on line 15.
 1 SYSTEMPATH\Filters\Filters.php(203): App\Filters\RoleFilter->before(Object(CodeIgniter\HTTP\IncomingRequest), null)
 2 SYSTEMPATH\Filters\Filters.php(184): CodeIgniter\Filters\Filters->runBefore([...])
 3 SYSTEMPATH\CodeIgniter.php(481): CodeIgniter\Filters\Filters->run('dashboard', 'before')
 4 SYSTEMPATH\CodeIgniter.php(355): CodeIgniter\CodeIgniter->handleRequest(null, Object(Config\Cache), false)
 5 SYSTEMPATH\Boot.php(312): CodeIgniter\CodeIgniter->run()
 6 SYSTEMPATH\Boot.php(67): CodeIgniter\Boot::runCodeIgniter(Object(CodeIgniter\CodeIgniter))
 7 FCPATH\index.php(56): CodeIgniter\Boot::bootWeb(Object(Config\Paths))
 8 SYSTEMPATH\Commands\Server\rewrite.php(49): require_once('C:\\APK\\xampp-8.2\\htdocs\\SafeToTrip\\public\\index.php')
INFO - 2024-06-02 23:24:27 --> Session: Class initialized using 'CodeIgniter\Session\Handlers\FileHandler' driver.
CRITICAL - 2024-06-02 23:24:27 --> Error: Cannot access protected property CodeIgniter\HTTP\IncomingRequest::$uri
[Method: GET, Route: dashboard]
in APPPATH\Filters\RoleFilter.php on line 15.
 1 SYSTEMPATH\Filters\Filters.php(203): App\Filters\RoleFilter->before(Object(CodeIgniter\HTTP\IncomingRequest), null)
 2 SYSTEMPATH\Filters\Filters.php(184): CodeIgniter\Filters\Filters->runBefore([...])
 3 SYSTEMPATH\CodeIgniter.php(481): CodeIgniter\Filters\Filters->run('dashboard', 'before')
 4 SYSTEMPATH\CodeIgniter.php(355): CodeIgniter\CodeIgniter->handleRequest(null, Object(Config\Cache), false)
 5 SYSTEMPATH\Boot.php(312): CodeIgniter\CodeIgniter->run()
 6 SYSTEMPATH\Boot.php(67): CodeIgniter\Boot::runCodeIgniter(Object(CodeIgniter\CodeIgniter))
 7 FCPATH\index.php(56): CodeIgniter\Boot::bootWeb(Object(Config\Paths))
 8 SYSTEMPATH\Commands\Server\rewrite.php(49): require_once('C:\\APK\\xampp-8.2\\htdocs\\SafeToTrip\\public\\index.php')
INFO - 2024-06-02 23:24:28 --> Session: Class initialized using 'CodeIgniter\Session\Handlers\FileHandler' driver.
CRITICAL - 2024-06-02 23:24:28 --> Error: Cannot access protected property CodeIgniter\HTTP\IncomingRequest::$uri
[Method: GET, Route: dashboard]
in APPPATH\Filters\RoleFilter.php on line 15.
 1 SYSTEMPATH\Filters\Filters.php(203): App\Filters\RoleFilter->before(Object(CodeIgniter\HTTP\IncomingRequest), null)
 2 SYSTEMPATH\Filters\Filters.php(184): CodeIgniter\Filters\Filters->runBefore([...])
 3 SYSTEMPATH\CodeIgniter.php(481): CodeIgniter\Filters\Filters->run('dashboard', 'before')
 4 SYSTEMPATH\CodeIgniter.php(355): CodeIgniter\CodeIgniter->handleRequest(null, Object(Config\Cache), false)
 5 SYSTEMPATH\Boot.php(312): CodeIgniter\CodeIgniter->run()
 6 SYSTEMPATH\Boot.php(67): CodeIgniter\Boot::runCodeIgniter(Object(CodeIgniter\CodeIgniter))
 7 FCPATH\index.php(56): CodeIgniter\Boot::bootWeb(Object(Config\Paths))
 8 SYSTEMPATH\Commands\Server\rewrite.php(49): require_once('C:\\APK\\xampp-8.2\\htdocs\\SafeToTrip\\public\\index.php')
INFO - 2024-06-02 23:24:29 --> Session: Class initialized using 'CodeIgniter\Session\Handlers\FileHandler' driver.
CRITICAL - 2024-06-02 23:24:29 --> Error: Cannot access protected property CodeIgniter\HTTP\IncomingRequest::$uri
[Method: GET, Route: dashboard]
in APPPATH\Filters\RoleFilter.php on line 15.
 1 SYSTEMPATH\Filters\Filters.php(203): App\Filters\RoleFilter->before(Object(CodeIgniter\HTTP\IncomingRequest), null)
 2 SYSTEMPATH\Filters\Filters.php(184): CodeIgniter\Filters\Filters->runBefore([...])
 3 SYSTEMPATH\CodeIgniter.php(481): CodeIgniter\Filters\Filters->run('dashboard', 'before')
 4 SYSTEMPATH\CodeIgniter.php(355): CodeIgniter\CodeIgniter->handleRequest(null, Object(Config\Cache), false)
 5 SYSTEMPATH\Boot.php(312): CodeIgniter\CodeIgniter->run()
 6 SYSTEMPATH\Boot.php(67): CodeIgniter\Boot::runCodeIgniter(Object(CodeIgniter\CodeIgniter))
 7 FCPATH\index.php(56): CodeIgniter\Boot::bootWeb(Object(Config\Paths))
 8 SYSTEMPATH\Commands\Server\rewrite.php(49): require_once('C:\\APK\\xampp-8.2\\htdocs\\SafeToTrip\\public\\index.php')
INFO - 2024-06-02 23:25:44 --> Session: Class initialized using 'CodeIgniter\Session\Handlers\FileHandler' driver.
WARNING - 2024-06-02 23:25:44 --> [DEPRECATED] Creation of dynamic property App\Controllers\Home::$session is deprecated in APPPATH\Controllers\Home.php on line 9.
 1 SYSTEMPATH\CodeIgniter.php(903): App\Controllers\Home->__construct()
 2 SYSTEMPATH\CodeIgniter.php(500): CodeIgniter\CodeIgniter->createController()
 3 SYSTEMPATH\CodeIgniter.php(355): CodeIgniter\CodeIgniter->handleRequest(null, Object(Config\Cache), false)
 4 SYSTEMPATH\Boot.php(312): CodeIgniter\CodeIgniter->run()
 5 SYSTEMPATH\Boot.php(67): CodeIgniter\Boot::runCodeIgniter(Object(CodeIgniter\CodeIgniter))
 6 FCPATH\index.php(56): CodeIgniter\Boot::bootWeb(Object(Config\Paths))
 7 SYSTEMPATH\Commands\Server\rewrite.php(49): require_once('C:\\APK\\xampp-8.2\\htdocs\\SafeToTrip\\public\\index.php')
CRITICAL - 2024-06-02 23:25:44 --> TypeError: CodeIgniter\HTTP\SiteURI::stringifyRelativePath(): Return value must be of type string, bool returned
[Method: GET, Route: dashboard]
in SYSTEMPATH\HTTP\SiteURI.php on line 407.
 1 SYSTEMPATH\HTTP\SiteURI.php(381): CodeIgniter\HTTP\SiteURI->stringifyRelativePath(false)
 2 SYSTEMPATH\Helpers\url_helper.php(59): CodeIgniter\HTTP\SiteURI->baseUrl(false, null)
 3 APPPATH\Views\temp_adminpage\sidebar.php(18): base_url(false)
 4 SYSTEMPATH\View\View.php(234): include('C:\\APK\\xampp-8.2\\htdocs\\SafeToTrip\\app\\Views\\temp_adminpage\\sidebar.php')
 5 SYSTEMPATH\View\View.php(237): CodeIgniter\View\View->CodeIgniter\View\{closure}()
 6 SYSTEMPATH\View\View.php(484): CodeIgniter\View\View->render('temp_adminpage/sidebar', null, true)
 7 APPPATH\Views\adminpage\index.php(2): CodeIgniter\View\View->include('temp_adminpage/sidebar')
 8 SYSTEMPATH\View\View.php(234): include('C:\\APK\\xampp-8.2\\htdocs\\SafeToTrip\\app\\Views\\adminpage\\index.php')
 9 SYSTEMPATH\View\View.php(237): CodeIgniter\View\View->CodeIgniter\View\{closure}()
10 SYSTEMPATH\Common.php(1171): CodeIgniter\View\View->render('adminpage/index', [], true)
11 APPPATH\Controllers\Home.php(35): view('adminpage/index', [...])
12 SYSTEMPATH\CodeIgniter.php(933): App\Controllers\Home->adminpage()
13 SYSTEMPATH\CodeIgniter.php(509): CodeIgniter\CodeIgniter->runController(Object(App\Controllers\Home))
14 SYSTEMPATH\CodeIgniter.php(355): CodeIgniter\CodeIgniter->handleRequest(null, Object(Config\Cache), false)
15 SYSTEMPATH\Boot.php(312): CodeIgniter\CodeIgniter->run()
16 SYSTEMPATH\Boot.php(67): CodeIgniter\Boot::runCodeIgniter(Object(CodeIgniter\CodeIgniter))
17 FCPATH\index.php(56): CodeIgniter\Boot::bootWeb(Object(Config\Paths))
18 SYSTEMPATH\Commands\Server\rewrite.php(49): require_once('C:\\APK\\xampp-8.2\\htdocs\\SafeToTrip\\public\\index.php')
INFO - 2024-06-02 23:25:45 --> Session: Class initialized using 'CodeIgniter\Session\Handlers\FileHandler' driver.
WARNING - 2024-06-02 23:25:45 --> [DEPRECATED] Creation of dynamic property App\Controllers\Home::$session is deprecated in APPPATH\Controllers\Home.php on line 9.
 1 SYSTEMPATH\CodeIgniter.php(903): App\Controllers\Home->__construct()
 2 SYSTEMPATH\CodeIgniter.php(500): CodeIgniter\CodeIgniter->createController()
 3 SYSTEMPATH\CodeIgniter.php(355): CodeIgniter\CodeIgniter->handleRequest(null, Object(Config\Cache), false)
 4 SYSTEMPATH\Boot.php(312): CodeIgniter\CodeIgniter->run()
 5 SYSTEMPATH\Boot.php(67): CodeIgniter\Boot::runCodeIgniter(Object(CodeIgniter\CodeIgniter))
 6 FCPATH\index.php(56): CodeIgniter\Boot::bootWeb(Object(Config\Paths))
 7 SYSTEMPATH\Commands\Server\rewrite.php(49): require_once('C:\\APK\\xampp-8.2\\htdocs\\SafeToTrip\\public\\index.php')
CRITICAL - 2024-06-02 23:25:45 --> TypeError: CodeIgniter\HTTP\SiteURI::stringifyRelativePath(): Return value must be of type string, bool returned
[Method: GET, Route: dashboard]
in SYSTEMPATH\HTTP\SiteURI.php on line 407.
 1 SYSTEMPATH\HTTP\SiteURI.php(381): CodeIgniter\HTTP\SiteURI->stringifyRelativePath(false)
 2 SYSTEMPATH\Helpers\url_helper.php(59): CodeIgniter\HTTP\SiteURI->baseUrl(false, null)
 3 APPPATH\Views\temp_adminpage\sidebar.php(18): base_url(false)
 4 SYSTEMPATH\View\View.php(234): include('C:\\APK\\xampp-8.2\\htdocs\\SafeToTrip\\app\\Views\\temp_adminpage\\sidebar.php')
 5 SYSTEMPATH\View\View.php(237): CodeIgniter\View\View->CodeIgniter\View\{closure}()
 6 SYSTEMPATH\View\View.php(484): CodeIgniter\View\View->render('temp_adminpage/sidebar', null, true)
 7 APPPATH\Views\adminpage\index.php(2): CodeIgniter\View\View->include('temp_adminpage/sidebar')
 8 SYSTEMPATH\View\View.php(234): include('C:\\APK\\xampp-8.2\\htdocs\\SafeToTrip\\app\\Views\\adminpage\\index.php')
 9 SYSTEMPATH\View\View.php(237): CodeIgniter\View\View->CodeIgniter\View\{closure}()
10 SYSTEMPATH\Common.php(1171): CodeIgniter\View\View->render('adminpage/index', [], true)
11 APPPATH\Controllers\Home.php(35): view('adminpage/index', [...])
12 SYSTEMPATH\CodeIgniter.php(933): App\Controllers\Home->adminpage()
13 SYSTEMPATH\CodeIgniter.php(509): CodeIgniter\CodeIgniter->runController(Object(App\Controllers\Home))
14 SYSTEMPATH\CodeIgniter.php(355): CodeIgniter\CodeIgniter->handleRequest(null, Object(Config\Cache), false)
15 SYSTEMPATH\Boot.php(312): CodeIgniter\CodeIgniter->run()
16 SYSTEMPATH\Boot.php(67): CodeIgniter\Boot::runCodeIgniter(Object(CodeIgniter\CodeIgniter))
17 FCPATH\index.php(56): CodeIgniter\Boot::bootWeb(Object(Config\Paths))
18 SYSTEMPATH\Commands\Server\rewrite.php(49): require_once('C:\\APK\\xampp-8.2\\htdocs\\SafeToTrip\\public\\index.php')
INFO - 2024-06-02 23:27:31 --> Session: Class initialized using 'CodeIgniter\Session\Handlers\FileHandler' driver.
WARNING - 2024-06-02 23:27:31 --> [DEPRECATED] Creation of dynamic property App\Controllers\Home::$session is deprecated in APPPATH\Controllers\Home.php on line 9.
 1 SYSTEMPATH\CodeIgniter.php(903): App\Controllers\Home->__construct()
 2 SYSTEMPATH\CodeIgniter.php(500): CodeIgniter\CodeIgniter->createController()
 3 SYSTEMPATH\CodeIgniter.php(355): CodeIgniter\CodeIgniter->handleRequest(null, Object(Config\Cache), false)
 4 SYSTEMPATH\Boot.php(312): CodeIgniter\CodeIgniter->run()
 5 SYSTEMPATH\Boot.php(67): CodeIgniter\Boot::runCodeIgniter(Object(CodeIgniter\CodeIgniter))
 6 FCPATH\index.php(56): CodeIgniter\Boot::bootWeb(Object(Config\Paths))
 7 SYSTEMPATH\Commands\Server\rewrite.php(49): require_once('C:\\APK\\xampp-8.2\\htdocs\\SafeToTrip\\public\\index.php')
CRITICAL - 2024-06-02 23:27:31 --> TypeError: CodeIgniter\HTTP\SiteURI::stringifyRelativePath(): Return value must be of type string, bool returned
[Method: GET, Route: dashboard]
in SYSTEMPATH\HTTP\SiteURI.php on line 407.
 1 SYSTEMPATH\HTTP\SiteURI.php(381): CodeIgniter\HTTP\SiteURI->stringifyRelativePath(false)
 2 SYSTEMPATH\Helpers\url_helper.php(59): CodeIgniter\HTTP\SiteURI->baseUrl(false, null)
 3 APPPATH\Views\temp_adminpage\sidebar.php(18): base_url(false)
 4 SYSTEMPATH\View\View.php(234): include('C:\\APK\\xampp-8.2\\htdocs\\SafeToTrip\\app\\Views\\temp_adminpage\\sidebar.php')
 5 SYSTEMPATH\View\View.php(237): CodeIgniter\View\View->CodeIgniter\View\{closure}()
 6 SYSTEMPATH\View\View.php(484): CodeIgniter\View\View->render('temp_adminpage/sidebar', null, true)
 7 APPPATH\Views\adminpage\index.php(2): CodeIgniter\View\View->include('temp_adminpage/sidebar')
 8 SYSTEMPATH\View\View.php(234): include('C:\\APK\\xampp-8.2\\htdocs\\SafeToTrip\\app\\Views\\adminpage\\index.php')
 9 SYSTEMPATH\View\View.php(237): CodeIgniter\View\View->CodeIgniter\View\{closure}()
10 SYSTEMPATH\Common.php(1171): CodeIgniter\View\View->render('adminpage/index', [], true)
11 APPPATH\Controllers\Home.php(35): view('adminpage/index', [...])
12 SYSTEMPATH\CodeIgniter.php(933): App\Controllers\Home->adminpage()
13 SYSTEMPATH\CodeIgniter.php(509): CodeIgniter\CodeIgniter->runController(Object(App\Controllers\Home))
14 SYSTEMPATH\CodeIgniter.php(355): CodeIgniter\CodeIgniter->handleRequest(null, Object(Config\Cache), false)
15 SYSTEMPATH\Boot.php(312): CodeIgniter\CodeIgniter->run()
16 SYSTEMPATH\Boot.php(67): CodeIgniter\Boot::runCodeIgniter(Object(CodeIgniter\CodeIgniter))
17 FCPATH\index.php(56): CodeIgniter\Boot::bootWeb(Object(Config\Paths))
18 SYSTEMPATH\Commands\Server\rewrite.php(49): require_once('C:\\APK\\xampp-8.2\\htdocs\\SafeToTrip\\public\\index.php')
INFO - 2024-06-02 23:27:32 --> Session: Class initialized using 'CodeIgniter\Session\Handlers\FileHandler' driver.
WARNING - 2024-06-02 23:27:32 --> [DEPRECATED] Creation of dynamic property App\Controllers\Home::$session is deprecated in APPPATH\Controllers\Home.php on line 9.
 1 SYSTEMPATH\CodeIgniter.php(903): App\Controllers\Home->__construct()
 2 SYSTEMPATH\CodeIgniter.php(500): CodeIgniter\CodeIgniter->createController()
 3 SYSTEMPATH\CodeIgniter.php(355): CodeIgniter\CodeIgniter->handleRequest(null, Object(Config\Cache), false)
 4 SYSTEMPATH\Boot.php(312): CodeIgniter\CodeIgniter->run()
 5 SYSTEMPATH\Boot.php(67): CodeIgniter\Boot::runCodeIgniter(Object(CodeIgniter\CodeIgniter))
 6 FCPATH\index.php(56): CodeIgniter\Boot::bootWeb(Object(Config\Paths))
 7 SYSTEMPATH\Commands\Server\rewrite.php(49): require_once('C:\\APK\\xampp-8.2\\htdocs\\SafeToTrip\\public\\index.php')
CRITICAL - 2024-06-02 23:27:32 --> TypeError: CodeIgniter\HTTP\SiteURI::stringifyRelativePath(): Return value must be of type string, bool returned
[Method: GET, Route: dashboard]
in SYSTEMPATH\HTTP\SiteURI.php on line 407.
 1 SYSTEMPATH\HTTP\SiteURI.php(381): CodeIgniter\HTTP\SiteURI->stringifyRelativePath(false)
 2 SYSTEMPATH\Helpers\url_helper.php(59): CodeIgniter\HTTP\SiteURI->baseUrl(false, null)
 3 APPPATH\Views\temp_adminpage\sidebar.php(18): base_url(false)
 4 SYSTEMPATH\View\View.php(234): include('C:\\APK\\xampp-8.2\\htdocs\\SafeToTrip\\app\\Views\\temp_adminpage\\sidebar.php')
 5 SYSTEMPATH\View\View.php(237): CodeIgniter\View\View->CodeIgniter\View\{closure}()
 6 SYSTEMPATH\View\View.php(484): CodeIgniter\View\View->render('temp_adminpage/sidebar', null, true)
 7 APPPATH\Views\adminpage\index.php(2): CodeIgniter\View\View->include('temp_adminpage/sidebar')
 8 SYSTEMPATH\View\View.php(234): include('C:\\APK\\xampp-8.2\\htdocs\\SafeToTrip\\app\\Views\\adminpage\\index.php')
 9 SYSTEMPATH\View\View.php(237): CodeIgniter\View\View->CodeIgniter\View\{closure}()
10 SYSTEMPATH\Common.php(1171): CodeIgniter\View\View->render('adminpage/index', [], true)
11 APPPATH\Controllers\Home.php(35): view('adminpage/index', [...])
12 SYSTEMPATH\CodeIgniter.php(933): App\Controllers\Home->adminpage()
13 SYSTEMPATH\CodeIgniter.php(509): CodeIgniter\CodeIgniter->runController(Object(App\Controllers\Home))
14 SYSTEMPATH\CodeIgniter.php(355): CodeIgniter\CodeIgniter->handleRequest(null, Object(Config\Cache), false)
15 SYSTEMPATH\Boot.php(312): CodeIgniter\CodeIgniter->run()
16 SYSTEMPATH\Boot.php(67): CodeIgniter\Boot::runCodeIgniter(Object(CodeIgniter\CodeIgniter))
17 FCPATH\index.php(56): CodeIgniter\Boot::bootWeb(Object(Config\Paths))
18 SYSTEMPATH\Commands\Server\rewrite.php(49): require_once('C:\\APK\\xampp-8.2\\htdocs\\SafeToTrip\\public\\index.php')
INFO - 2024-06-02 23:35:29 --> Session: Class initialized using 'CodeIgniter\Session\Handlers\FileHandler' driver.
WARNING - 2024-06-02 23:35:29 --> [DEPRECATED] Creation of dynamic property App\Controllers\Login::$session is deprecated in APPPATH\Controllers\Login.php on line 12.
 1 SYSTEMPATH\CodeIgniter.php(903): App\Controllers\Login->__construct()
 2 SYSTEMPATH\CodeIgniter.php(500): CodeIgniter\CodeIgniter->createController()
 3 SYSTEMPATH\CodeIgniter.php(355): CodeIgniter\CodeIgniter->handleRequest(null, Object(Config\Cache), false)
 4 SYSTEMPATH\Boot.php(312): CodeIgniter\CodeIgniter->run()
 5 SYSTEMPATH\Boot.php(67): CodeIgniter\Boot::runCodeIgniter(Object(CodeIgniter\CodeIgniter))
 6 FCPATH\index.php(56): CodeIgniter\Boot::bootWeb(Object(Config\Paths))
 7 SYSTEMPATH\Commands\Server\rewrite.php(49): require_once('C:\\APK\\xampp-8.2\\htdocs\\SafeToTrip\\public\\index.php')
INFO - 2024-06-02 23:35:29 --> Session: Class initialized using 'CodeIgniter\Session\Handlers\FileHandler' driver.
WARNING - 2024-06-02 23:35:29 --> [DEPRECATED] Creation of dynamic property App\Controllers\Login::$session is deprecated in APPPATH\Controllers\Login.php on line 12.
 1 SYSTEMPATH\CodeIgniter.php(903): App\Controllers\Login->__construct()
 2 SYSTEMPATH\CodeIgniter.php(500): CodeIgniter\CodeIgniter->createController()
 3 SYSTEMPATH\CodeIgniter.php(355): CodeIgniter\CodeIgniter->handleRequest(null, Object(Config\Cache), false)
 4 SYSTEMPATH\Boot.php(312): CodeIgniter\CodeIgniter->run()
 5 SYSTEMPATH\Boot.php(67): CodeIgniter\Boot::runCodeIgniter(Object(CodeIgniter\CodeIgniter))
 6 FCPATH\index.php(56): CodeIgniter\Boot::bootWeb(Object(Config\Paths))
 7 SYSTEMPATH\Commands\Server\rewrite.php(49): require_once('C:\\APK\\xampp-8.2\\htdocs\\SafeToTrip\\public\\index.php')
INFO - 2024-06-02 23:35:37 --> Session: Class initialized using 'CodeIgniter\Session\Handlers\FileHandler' driver.
WARNING - 2024-06-02 23:35:37 --> [DEPRECATED] Creation of dynamic property App\Controllers\Login::$session is deprecated in APPPATH\Controllers\Login.php on line 12.
 1 SYSTEMPATH\CodeIgniter.php(903): App\Controllers\Login->__construct()
 2 SYSTEMPATH\CodeIgniter.php(500): CodeIgniter\CodeIgniter->createController()
 3 SYSTEMPATH\CodeIgniter.php(355): CodeIgniter\CodeIgniter->handleRequest(null, Object(Config\Cache), false)
 4 SYSTEMPATH\Boot.php(312): CodeIgniter\CodeIgniter->run()
 5 SYSTEMPATH\Boot.php(67): CodeIgniter\Boot::runCodeIgniter(Object(CodeIgniter\CodeIgniter))
 6 FCPATH\index.php(56): CodeIgniter\Boot::bootWeb(Object(Config\Paths))
 7 SYSTEMPATH\Commands\Server\rewrite.php(49): require_once('C:\\APK\\xampp-8.2\\htdocs\\SafeToTrip\\public\\index.php')
INFO - 2024-06-02 23:36:10 --> Session: Class initialized using 'CodeIgniter\Session\Handlers\FileHandler' driver.
WARNING - 2024-06-02 23:36:10 --> [DEPRECATED] Creation of dynamic property App\Controllers\Login::$session is deprecated in APPPATH\Controllers\Login.php on line 12.
 1 SYSTEMPATH\CodeIgniter.php(903): App\Controllers\Login->__construct()
 2 SYSTEMPATH\CodeIgniter.php(500): CodeIgniter\CodeIgniter->createController()
 3 SYSTEMPATH\CodeIgniter.php(355): CodeIgniter\CodeIgniter->handleRequest(null, Object(Config\Cache), false)
 4 SYSTEMPATH\Boot.php(312): CodeIgniter\CodeIgniter->run()
 5 SYSTEMPATH\Boot.php(67): CodeIgniter\Boot::runCodeIgniter(Object(CodeIgniter\CodeIgniter))
 6 FCPATH\index.php(56): CodeIgniter\Boot::bootWeb(Object(Config\Paths))
 7 SYSTEMPATH\Commands\Server\rewrite.php(49): require_once('C:\\APK\\xampp-8.2\\htdocs\\SafeToTrip\\public\\index.php')
INFO - 2024-06-02 23:36:12 --> Session: Class initialized using 'CodeIgniter\Session\Handlers\FileHandler' driver.
WARNING - 2024-06-02 23:36:12 --> [DEPRECATED] Creation of dynamic property App\Controllers\Login::$session is deprecated in APPPATH\Controllers\Login.php on line 12.
 1 SYSTEMPATH\CodeIgniter.php(903): App\Controllers\Login->__construct()
 2 SYSTEMPATH\CodeIgniter.php(500): CodeIgniter\CodeIgniter->createController()
 3 SYSTEMPATH\CodeIgniter.php(355): CodeIgniter\CodeIgniter->handleRequest(null, Object(Config\Cache), false)
 4 SYSTEMPATH\Boot.php(312): CodeIgniter\CodeIgniter->run()
 5 SYSTEMPATH\Boot.php(67): CodeIgniter\Boot::runCodeIgniter(Object(CodeIgniter\CodeIgniter))
 6 FCPATH\index.php(56): CodeIgniter\Boot::bootWeb(Object(Config\Paths))
 7 SYSTEMPATH\Commands\Server\rewrite.php(49): require_once('C:\\APK\\xampp-8.2\\htdocs\\SafeToTrip\\public\\index.php')
INFO - 2024-06-02 23:36:13 --> Session: Class initialized using 'CodeIgniter\Session\Handlers\FileHandler' driver.
WARNING - 2024-06-02 23:36:13 --> [DEPRECATED] Creation of dynamic property App\Controllers\Login::$session is deprecated in APPPATH\Controllers\Login.php on line 12.
 1 SYSTEMPATH\CodeIgniter.php(903): App\Controllers\Login->__construct()
 2 SYSTEMPATH\CodeIgniter.php(500): CodeIgniter\CodeIgniter->createController()
 3 SYSTEMPATH\CodeIgniter.php(355): CodeIgniter\CodeIgniter->handleRequest(null, Object(Config\Cache), false)
 4 SYSTEMPATH\Boot.php(312): CodeIgniter\CodeIgniter->run()
 5 SYSTEMPATH\Boot.php(67): CodeIgniter\Boot::runCodeIgniter(Object(CodeIgniter\CodeIgniter))
 6 FCPATH\index.php(56): CodeIgniter\Boot::bootWeb(Object(Config\Paths))
 7 SYSTEMPATH\Commands\Server\rewrite.php(49): require_once('C:\\APK\\xampp-8.2\\htdocs\\SafeToTrip\\public\\index.php')
INFO - 2024-06-02 23:36:20 --> Session: Class initialized using 'CodeIgniter\Session\Handlers\FileHandler' driver.
WARNING - 2024-06-02 23:36:20 --> [DEPRECATED] Creation of dynamic property App\Controllers\Login::$session is deprecated in APPPATH\Controllers\Login.php on line 12.
 1 SYSTEMPATH\CodeIgniter.php(903): App\Controllers\Login->__construct()
 2 SYSTEMPATH\CodeIgniter.php(500): CodeIgniter\CodeIgniter->createController()
 3 SYSTEMPATH\CodeIgniter.php(355): CodeIgniter\CodeIgniter->handleRequest(null, Object(Config\Cache), false)
 4 SYSTEMPATH\Boot.php(312): CodeIgniter\CodeIgniter->run()
 5 SYSTEMPATH\Boot.php(67): CodeIgniter\Boot::runCodeIgniter(Object(CodeIgniter\CodeIgniter))
 6 FCPATH\index.php(56): CodeIgniter\Boot::bootWeb(Object(Config\Paths))
 7 SYSTEMPATH\Commands\Server\rewrite.php(49): require_once('C:\\APK\\xampp-8.2\\htdocs\\SafeToTrip\\public\\index.php')
INFO - 2024-06-02 23:38:00 --> Session: Class initialized using 'CodeIgniter\Session\Handlers\FileHandler' driver.
WARNING - 2024-06-02 23:38:00 --> [DEPRECATED] Creation of dynamic property App\Controllers\Home::$session is deprecated in APPPATH\Controllers\Home.php on line 9.
 1 SYSTEMPATH\CodeIgniter.php(903): App\Controllers\Home->__construct()
 2 SYSTEMPATH\CodeIgniter.php(500): CodeIgniter\CodeIgniter->createController()
 3 SYSTEMPATH\CodeIgniter.php(355): CodeIgniter\CodeIgniter->handleRequest(null, Object(Config\Cache), false)
 4 SYSTEMPATH\Boot.php(312): CodeIgniter\CodeIgniter->run()
 5 SYSTEMPATH\Boot.php(67): CodeIgniter\Boot::runCodeIgniter(Object(CodeIgniter\CodeIgniter))
 6 FCPATH\index.php(56): CodeIgniter\Boot::bootWeb(Object(Config\Paths))
 7 SYSTEMPATH\Commands\Server\rewrite.php(49): require_once('C:\\APK\\xampp-8.2\\htdocs\\SafeToTrip\\public\\index.php')
CRITICAL - 2024-06-02 23:38:00 --> TypeError: CodeIgniter\HTTP\SiteURI::stringifyRelativePath(): Return value must be of type string, bool returned
[Method: GET, Route: dashboard]
in SYSTEMPATH\HTTP\SiteURI.php on line 407.
 1 SYSTEMPATH\HTTP\SiteURI.php(381): CodeIgniter\HTTP\SiteURI->stringifyRelativePath(false)
 2 SYSTEMPATH\Helpers\url_helper.php(59): CodeIgniter\HTTP\SiteURI->baseUrl(false, null)
 3 APPPATH\Views\temp_adminpage\sidebar.php(18): base_url(false)
 4 SYSTEMPATH\View\View.php(234): include('C:\\APK\\xampp-8.2\\htdocs\\SafeToTrip\\app\\Views\\temp_adminpage\\sidebar.php')
 5 SYSTEMPATH\View\View.php(237): CodeIgniter\View\View->CodeIgniter\View\{closure}()
 6 SYSTEMPATH\View\View.php(484): CodeIgniter\View\View->render('temp_adminpage/sidebar', null, true)
 7 APPPATH\Views\adminpage\index.php(2): CodeIgniter\View\View->include('temp_adminpage/sidebar')
 8 SYSTEMPATH\View\View.php(234): include('C:\\APK\\xampp-8.2\\htdocs\\SafeToTrip\\app\\Views\\adminpage\\index.php')
 9 SYSTEMPATH\View\View.php(237): CodeIgniter\View\View->CodeIgniter\View\{closure}()
10 SYSTEMPATH\Common.php(1171): CodeIgniter\View\View->render('adminpage/index', [], true)
11 APPPATH\Controllers\Home.php(35): view('adminpage/index', [...])
12 SYSTEMPATH\CodeIgniter.php(933): App\Controllers\Home->adminpage()
13 SYSTEMPATH\CodeIgniter.php(509): CodeIgniter\CodeIgniter->runController(Object(App\Controllers\Home))
14 SYSTEMPATH\CodeIgniter.php(355): CodeIgniter\CodeIgniter->handleRequest(null, Object(Config\Cache), false)
15 SYSTEMPATH\Boot.php(312): CodeIgniter\CodeIgniter->run()
16 SYSTEMPATH\Boot.php(67): CodeIgniter\Boot::runCodeIgniter(Object(CodeIgniter\CodeIgniter))
17 FCPATH\index.php(56): CodeIgniter\Boot::bootWeb(Object(Config\Paths))
18 SYSTEMPATH\Commands\Server\rewrite.php(49): require_once('C:\\APK\\xampp-8.2\\htdocs\\SafeToTrip\\public\\index.php')
INFO - 2024-06-02 23:38:01 --> Session: Class initialized using 'CodeIgniter\Session\Handlers\FileHandler' driver.
WARNING - 2024-06-02 23:38:01 --> [DEPRECATED] Creation of dynamic property App\Controllers\Home::$session is deprecated in APPPATH\Controllers\Home.php on line 9.
 1 SYSTEMPATH\CodeIgniter.php(903): App\Controllers\Home->__construct()
 2 SYSTEMPATH\CodeIgniter.php(500): CodeIgniter\CodeIgniter->createController()
 3 SYSTEMPATH\CodeIgniter.php(355): CodeIgniter\CodeIgniter->handleRequest(null, Object(Config\Cache), false)
 4 SYSTEMPATH\Boot.php(312): CodeIgniter\CodeIgniter->run()
 5 SYSTEMPATH\Boot.php(67): CodeIgniter\Boot::runCodeIgniter(Object(CodeIgniter\CodeIgniter))
 6 FCPATH\index.php(56): CodeIgniter\Boot::bootWeb(Object(Config\Paths))
 7 SYSTEMPATH\Commands\Server\rewrite.php(49): require_once('C:\\APK\\xampp-8.2\\htdocs\\SafeToTrip\\public\\index.php')
CRITICAL - 2024-06-02 23:38:01 --> TypeError: CodeIgniter\HTTP\SiteURI::stringifyRelativePath(): Return value must be of type string, bool returned
[Method: GET, Route: dashboard]
in SYSTEMPATH\HTTP\SiteURI.php on line 407.
 1 SYSTEMPATH\HTTP\SiteURI.php(381): CodeIgniter\HTTP\SiteURI->stringifyRelativePath(false)
 2 SYSTEMPATH\Helpers\url_helper.php(59): CodeIgniter\HTTP\SiteURI->baseUrl(false, null)
 3 APPPATH\Views\temp_adminpage\sidebar.php(18): base_url(false)
 4 SYSTEMPATH\View\View.php(234): include('C:\\APK\\xampp-8.2\\htdocs\\SafeToTrip\\app\\Views\\temp_adminpage\\sidebar.php')
 5 SYSTEMPATH\View\View.php(237): CodeIgniter\View\View->CodeIgniter\View\{closure}()
 6 SYSTEMPATH\View\View.php(484): CodeIgniter\View\View->render('temp_adminpage/sidebar', null, true)
 7 APPPATH\Views\adminpage\index.php(2): CodeIgniter\View\View->include('temp_adminpage/sidebar')
 8 SYSTEMPATH\View\View.php(234): include('C:\\APK\\xampp-8.2\\htdocs\\SafeToTrip\\app\\Views\\adminpage\\index.php')
 9 SYSTEMPATH\View\View.php(237): CodeIgniter\View\View->CodeIgniter\View\{closure}()
10 SYSTEMPATH\Common.php(1171): CodeIgniter\View\View->render('adminpage/index', [], true)
11 APPPATH\Controllers\Home.php(35): view('adminpage/index', [...])
12 SYSTEMPATH\CodeIgniter.php(933): App\Controllers\Home->adminpage()
13 SYSTEMPATH\CodeIgniter.php(509): CodeIgniter\CodeIgniter->runController(Object(App\Controllers\Home))
14 SYSTEMPATH\CodeIgniter.php(355): CodeIgniter\CodeIgniter->handleRequest(null, Object(Config\Cache), false)
15 SYSTEMPATH\Boot.php(312): CodeIgniter\CodeIgniter->run()
16 SYSTEMPATH\Boot.php(67): CodeIgniter\Boot::runCodeIgniter(Object(CodeIgniter\CodeIgniter))
17 FCPATH\index.php(56): CodeIgniter\Boot::bootWeb(Object(Config\Paths))
18 SYSTEMPATH\Commands\Server\rewrite.php(49): require_once('C:\\APK\\xampp-8.2\\htdocs\\SafeToTrip\\public\\index.php')
INFO - 2024-06-02 23:38:02 --> Session: Class initialized using 'CodeIgniter\Session\Handlers\FileHandler' driver.
WARNING - 2024-06-02 23:38:02 --> [DEPRECATED] Creation of dynamic property App\Controllers\Home::$session is deprecated in APPPATH\Controllers\Home.php on line 9.
 1 SYSTEMPATH\CodeIgniter.php(903): App\Controllers\Home->__construct()
 2 SYSTEMPATH\CodeIgniter.php(500): CodeIgniter\CodeIgniter->createController()
 3 SYSTEMPATH\CodeIgniter.php(355): CodeIgniter\CodeIgniter->handleRequest(null, Object(Config\Cache), false)
 4 SYSTEMPATH\Boot.php(312): CodeIgniter\CodeIgniter->run()
 5 SYSTEMPATH\Boot.php(67): CodeIgniter\Boot::runCodeIgniter(Object(CodeIgniter\CodeIgniter))
 6 FCPATH\index.php(56): CodeIgniter\Boot::bootWeb(Object(Config\Paths))
 7 SYSTEMPATH\Commands\Server\rewrite.php(49): require_once('C:\\APK\\xampp-8.2\\htdocs\\SafeToTrip\\public\\index.php')
CRITICAL - 2024-06-02 23:38:02 --> TypeError: CodeIgniter\HTTP\SiteURI::stringifyRelativePath(): Return value must be of type string, bool returned
[Method: GET, Route: dashboard]
in SYSTEMPATH\HTTP\SiteURI.php on line 407.
 1 SYSTEMPATH\HTTP\SiteURI.php(381): CodeIgniter\HTTP\SiteURI->stringifyRelativePath(false)
 2 SYSTEMPATH\Helpers\url_helper.php(59): CodeIgniter\HTTP\SiteURI->baseUrl(false, null)
 3 APPPATH\Views\temp_adminpage\sidebar.php(18): base_url(false)
 4 SYSTEMPATH\View\View.php(234): include('C:\\APK\\xampp-8.2\\htdocs\\SafeToTrip\\app\\Views\\temp_adminpage\\sidebar.php')
 5 SYSTEMPATH\View\View.php(237): CodeIgniter\View\View->CodeIgniter\View\{closure}()
 6 SYSTEMPATH\View\View.php(484): CodeIgniter\View\View->render('temp_adminpage/sidebar', null, true)
 7 APPPATH\Views\adminpage\index.php(2): CodeIgniter\View\View->include('temp_adminpage/sidebar')
 8 SYSTEMPATH\View\View.php(234): include('C:\\APK\\xampp-8.2\\htdocs\\SafeToTrip\\app\\Views\\adminpage\\index.php')
 9 SYSTEMPATH\View\View.php(237): CodeIgniter\View\View->CodeIgniter\View\{closure}()
10 SYSTEMPATH\Common.php(1171): CodeIgniter\View\View->render('adminpage/index', [], true)
11 APPPATH\Controllers\Home.php(35): view('adminpage/index', [...])
12 SYSTEMPATH\CodeIgniter.php(933): App\Controllers\Home->adminpage()
13 SYSTEMPATH\CodeIgniter.php(509): CodeIgniter\CodeIgniter->runController(Object(App\Controllers\Home))
14 SYSTEMPATH\CodeIgniter.php(355): CodeIgniter\CodeIgniter->handleRequest(null, Object(Config\Cache), false)
15 SYSTEMPATH\Boot.php(312): CodeIgniter\CodeIgniter->run()
16 SYSTEMPATH\Boot.php(67): CodeIgniter\Boot::runCodeIgniter(Object(CodeIgniter\CodeIgniter))
17 FCPATH\index.php(56): CodeIgniter\Boot::bootWeb(Object(Config\Paths))
18 SYSTEMPATH\Commands\Server\rewrite.php(49): require_once('C:\\APK\\xampp-8.2\\htdocs\\SafeToTrip\\public\\index.php')
INFO - 2024-06-02 23:38:02 --> Session: Class initialized using 'CodeIgniter\Session\Handlers\FileHandler' driver.
WARNING - 2024-06-02 23:38:02 --> [DEPRECATED] Creation of dynamic property App\Controllers\Home::$session is deprecated in APPPATH\Controllers\Home.php on line 9.
 1 SYSTEMPATH\CodeIgniter.php(903): App\Controllers\Home->__construct()
 2 SYSTEMPATH\CodeIgniter.php(500): CodeIgniter\CodeIgniter->createController()
 3 SYSTEMPATH\CodeIgniter.php(355): CodeIgniter\CodeIgniter->handleRequest(null, Object(Config\Cache), false)
 4 SYSTEMPATH\Boot.php(312): CodeIgniter\CodeIgniter->run()
 5 SYSTEMPATH\Boot.php(67): CodeIgniter\Boot::runCodeIgniter(Object(CodeIgniter\CodeIgniter))
 6 FCPATH\index.php(56): CodeIgniter\Boot::bootWeb(Object(Config\Paths))
 7 SYSTEMPATH\Commands\Server\rewrite.php(49): require_once('C:\\APK\\xampp-8.2\\htdocs\\SafeToTrip\\public\\index.php')
CRITICAL - 2024-06-02 23:38:02 --> TypeError: CodeIgniter\HTTP\SiteURI::stringifyRelativePath(): Return value must be of type string, bool returned
[Method: GET, Route: dashboard]
in SYSTEMPATH\HTTP\SiteURI.php on line 407.
 1 SYSTEMPATH\HTTP\SiteURI.php(381): CodeIgniter\HTTP\SiteURI->stringifyRelativePath(false)
 2 SYSTEMPATH\Helpers\url_helper.php(59): CodeIgniter\HTTP\SiteURI->baseUrl(false, null)
 3 APPPATH\Views\temp_adminpage\sidebar.php(18): base_url(false)
 4 SYSTEMPATH\View\View.php(234): include('C:\\APK\\xampp-8.2\\htdocs\\SafeToTrip\\app\\Views\\temp_adminpage\\sidebar.php')
 5 SYSTEMPATH\View\View.php(237): CodeIgniter\View\View->CodeIgniter\View\{closure}()
 6 SYSTEMPATH\View\View.php(484): CodeIgniter\View\View->render('temp_adminpage/sidebar', null, true)
 7 APPPATH\Views\adminpage\index.php(2): CodeIgniter\View\View->include('temp_adminpage/sidebar')
 8 SYSTEMPATH\View\View.php(234): include('C:\\APK\\xampp-8.2\\htdocs\\SafeToTrip\\app\\Views\\adminpage\\index.php')
 9 SYSTEMPATH\View\View.php(237): CodeIgniter\View\View->CodeIgniter\View\{closure}()
10 SYSTEMPATH\Common.php(1171): CodeIgniter\View\View->render('adminpage/index', [], true)
11 APPPATH\Controllers\Home.php(35): view('adminpage/index', [...])
12 SYSTEMPATH\CodeIgniter.php(933): App\Controllers\Home->adminpage()
13 SYSTEMPATH\CodeIgniter.php(509): CodeIgniter\CodeIgniter->runController(Object(App\Controllers\Home))
14 SYSTEMPATH\CodeIgniter.php(355): CodeIgniter\CodeIgniter->handleRequest(null, Object(Config\Cache), false)
15 SYSTEMPATH\Boot.php(312): CodeIgniter\CodeIgniter->run()
16 SYSTEMPATH\Boot.php(67): CodeIgniter\Boot::runCodeIgniter(Object(CodeIgniter\CodeIgniter))
17 FCPATH\index.php(56): CodeIgniter\Boot::bootWeb(Object(Config\Paths))
18 SYSTEMPATH\Commands\Server\rewrite.php(49): require_once('C:\\APK\\xampp-8.2\\htdocs\\SafeToTrip\\public\\index.php')
INFO - 2024-06-02 23:39:15 --> Session: Class initialized using 'CodeIgniter\Session\Handlers\FileHandler' driver.
WARNING - 2024-06-02 23:39:15 --> [DEPRECATED] Creation of dynamic property App\Controllers\Home::$session is deprecated in APPPATH\Controllers\Home.php on line 9.
 1 SYSTEMPATH\CodeIgniter.php(903): App\Controllers\Home->__construct()
 2 SYSTEMPATH\CodeIgniter.php(500): CodeIgniter\CodeIgniter->createController()
 3 SYSTEMPATH\CodeIgniter.php(355): CodeIgniter\CodeIgniter->handleRequest(null, Object(Config\Cache), false)
 4 SYSTEMPATH\Boot.php(312): CodeIgniter\CodeIgniter->run()
 5 SYSTEMPATH\Boot.php(67): CodeIgniter\Boot::runCodeIgniter(Object(CodeIgniter\CodeIgniter))
 6 FCPATH\index.php(56): CodeIgniter\Boot::bootWeb(Object(Config\Paths))
 7 SYSTEMPATH\Commands\Server\rewrite.php(49): require_once('C:\\APK\\xampp-8.2\\htdocs\\SafeToTrip\\public\\index.php')
CRITICAL - 2024-06-02 23:39:15 --> TypeError: CodeIgniter\HTTP\SiteURI::stringifyRelativePath(): Return value must be of type string, bool returned
[Method: GET, Route: dashboard]
in SYSTEMPATH\HTTP\SiteURI.php on line 407.
 1 SYSTEMPATH\HTTP\SiteURI.php(381): CodeIgniter\HTTP\SiteURI->stringifyRelativePath(false)
 2 SYSTEMPATH\Helpers\url_helper.php(59): CodeIgniter\HTTP\SiteURI->baseUrl(false, null)
 3 APPPATH\Views\temp_adminpage\sidebar.php(18): base_url(false)
 4 SYSTEMPATH\View\View.php(234): include('C:\\APK\\xampp-8.2\\htdocs\\SafeToTrip\\app\\Views\\temp_adminpage\\sidebar.php')
 5 SYSTEMPATH\View\View.php(237): CodeIgniter\View\View->CodeIgniter\View\{closure}()
 6 SYSTEMPATH\View\View.php(484): CodeIgniter\View\View->render('temp_adminpage/sidebar', null, true)
 7 APPPATH\Views\adminpage\index.php(2): CodeIgniter\View\View->include('temp_adminpage/sidebar')
 8 SYSTEMPATH\View\View.php(234): include('C:\\APK\\xampp-8.2\\htdocs\\SafeToTrip\\app\\Views\\adminpage\\index.php')
 9 SYSTEMPATH\View\View.php(237): CodeIgniter\View\View->CodeIgniter\View\{closure}()
10 SYSTEMPATH\Common.php(1171): CodeIgniter\View\View->render('adminpage/index', [], true)
11 APPPATH\Controllers\Home.php(35): view('adminpage/index', [...])
12 SYSTEMPATH\CodeIgniter.php(933): App\Controllers\Home->adminpage()
13 SYSTEMPATH\CodeIgniter.php(509): CodeIgniter\CodeIgniter->runController(Object(App\Controllers\Home))
14 SYSTEMPATH\CodeIgniter.php(355): CodeIgniter\CodeIgniter->handleRequest(null, Object(Config\Cache), false)
15 SYSTEMPATH\Boot.php(312): CodeIgniter\CodeIgniter->run()
16 SYSTEMPATH\Boot.php(67): CodeIgniter\Boot::runCodeIgniter(Object(CodeIgniter\CodeIgniter))
17 FCPATH\index.php(56): CodeIgniter\Boot::bootWeb(Object(Config\Paths))
18 SYSTEMPATH\Commands\Server\rewrite.php(49): require_once('C:\\APK\\xampp-8.2\\htdocs\\SafeToTrip\\public\\index.php')
INFO - 2024-06-02 23:39:16 --> Session: Class initialized using 'CodeIgniter\Session\Handlers\FileHandler' driver.
WARNING - 2024-06-02 23:39:16 --> [DEPRECATED] Creation of dynamic property App\Controllers\Home::$session is deprecated in APPPATH\Controllers\Home.php on line 9.
 1 SYSTEMPATH\CodeIgniter.php(903): App\Controllers\Home->__construct()
 2 SYSTEMPATH\CodeIgniter.php(500): CodeIgniter\CodeIgniter->createController()
 3 SYSTEMPATH\CodeIgniter.php(355): CodeIgniter\CodeIgniter->handleRequest(null, Object(Config\Cache), false)
 4 SYSTEMPATH\Boot.php(312): CodeIgniter\CodeIgniter->run()
 5 SYSTEMPATH\Boot.php(67): CodeIgniter\Boot::runCodeIgniter(Object(CodeIgniter\CodeIgniter))
 6 FCPATH\index.php(56): CodeIgniter\Boot::bootWeb(Object(Config\Paths))
 7 SYSTEMPATH\Commands\Server\rewrite.php(49): require_once('C:\\APK\\xampp-8.2\\htdocs\\SafeToTrip\\public\\index.php')
CRITICAL - 2024-06-02 23:39:16 --> TypeError: CodeIgniter\HTTP\SiteURI::stringifyRelativePath(): Return value must be of type string, bool returned
[Method: GET, Route: dashboard]
in SYSTEMPATH\HTTP\SiteURI.php on line 407.
 1 SYSTEMPATH\HTTP\SiteURI.php(381): CodeIgniter\HTTP\SiteURI->stringifyRelativePath(false)
 2 SYSTEMPATH\Helpers\url_helper.php(59): CodeIgniter\HTTP\SiteURI->baseUrl(false, null)
 3 APPPATH\Views\temp_adminpage\sidebar.php(18): base_url(false)
 4 SYSTEMPATH\View\View.php(234): include('C:\\APK\\xampp-8.2\\htdocs\\SafeToTrip\\app\\Views\\temp_adminpage\\sidebar.php')
 5 SYSTEMPATH\View\View.php(237): CodeIgniter\View\View->CodeIgniter\View\{closure}()
 6 SYSTEMPATH\View\View.php(484): CodeIgniter\View\View->render('temp_adminpage/sidebar', null, true)
 7 APPPATH\Views\adminpage\index.php(2): CodeIgniter\View\View->include('temp_adminpage/sidebar')
 8 SYSTEMPATH\View\View.php(234): include('C:\\APK\\xampp-8.2\\htdocs\\SafeToTrip\\app\\Views\\adminpage\\index.php')
 9 SYSTEMPATH\View\View.php(237): CodeIgniter\View\View->CodeIgniter\View\{closure}()
10 SYSTEMPATH\Common.php(1171): CodeIgniter\View\View->render('adminpage/index', [], true)
11 APPPATH\Controllers\Home.php(35): view('adminpage/index', [...])
12 SYSTEMPATH\CodeIgniter.php(933): App\Controllers\Home->adminpage()
13 SYSTEMPATH\CodeIgniter.php(509): CodeIgniter\CodeIgniter->runController(Object(App\Controllers\Home))
14 SYSTEMPATH\CodeIgniter.php(355): CodeIgniter\CodeIgniter->handleRequest(null, Object(Config\Cache), false)
15 SYSTEMPATH\Boot.php(312): CodeIgniter\CodeIgniter->run()
16 SYSTEMPATH\Boot.php(67): CodeIgniter\Boot::runCodeIgniter(Object(CodeIgniter\CodeIgniter))
17 FCPATH\index.php(56): CodeIgniter\Boot::bootWeb(Object(Config\Paths))
18 SYSTEMPATH\Commands\Server\rewrite.php(49): require_once('C:\\APK\\xampp-8.2\\htdocs\\SafeToTrip\\public\\index.php')
INFO - 2024-06-02 23:39:16 --> Session: Class initialized using 'CodeIgniter\Session\Handlers\FileHandler' driver.
WARNING - 2024-06-02 23:39:16 --> [DEPRECATED] Creation of dynamic property App\Controllers\Home::$session is deprecated in APPPATH\Controllers\Home.php on line 9.
 1 SYSTEMPATH\CodeIgniter.php(903): App\Controllers\Home->__construct()
 2 SYSTEMPATH\CodeIgniter.php(500): CodeIgniter\CodeIgniter->createController()
 3 SYSTEMPATH\CodeIgniter.php(355): CodeIgniter\CodeIgniter->handleRequest(null, Object(Config\Cache), false)
 4 SYSTEMPATH\Boot.php(312): CodeIgniter\CodeIgniter->run()
 5 SYSTEMPATH\Boot.php(67): CodeIgniter\Boot::runCodeIgniter(Object(CodeIgniter\CodeIgniter))
 6 FCPATH\index.php(56): CodeIgniter\Boot::bootWeb(Object(Config\Paths))
 7 SYSTEMPATH\Commands\Server\rewrite.php(49): require_once('C:\\APK\\xampp-8.2\\htdocs\\SafeToTrip\\public\\index.php')
CRITICAL - 2024-06-02 23:39:16 --> TypeError: CodeIgniter\HTTP\SiteURI::stringifyRelativePath(): Return value must be of type string, bool returned
[Method: GET, Route: dashboard]
in SYSTEMPATH\HTTP\SiteURI.php on line 407.
 1 SYSTEMPATH\HTTP\SiteURI.php(381): CodeIgniter\HTTP\SiteURI->stringifyRelativePath(false)
 2 SYSTEMPATH\Helpers\url_helper.php(59): CodeIgniter\HTTP\SiteURI->baseUrl(false, null)
 3 APPPATH\Views\temp_adminpage\sidebar.php(18): base_url(false)
 4 SYSTEMPATH\View\View.php(234): include('C:\\APK\\xampp-8.2\\htdocs\\SafeToTrip\\app\\Views\\temp_adminpage\\sidebar.php')
 5 SYSTEMPATH\View\View.php(237): CodeIgniter\View\View->CodeIgniter\View\{closure}()
 6 SYSTEMPATH\View\View.php(484): CodeIgniter\View\View->render('temp_adminpage/sidebar', null, true)
 7 APPPATH\Views\adminpage\index.php(2): CodeIgniter\View\View->include('temp_adminpage/sidebar')
 8 SYSTEMPATH\View\View.php(234): include('C:\\APK\\xampp-8.2\\htdocs\\SafeToTrip\\app\\Views\\adminpage\\index.php')
 9 SYSTEMPATH\View\View.php(237): CodeIgniter\View\View->CodeIgniter\View\{closure}()
10 SYSTEMPATH\Common.php(1171): CodeIgniter\View\View->render('adminpage/index', [], true)
11 APPPATH\Controllers\Home.php(35): view('adminpage/index', [...])
12 SYSTEMPATH\CodeIgniter.php(933): App\Controllers\Home->adminpage()
13 SYSTEMPATH\CodeIgniter.php(509): CodeIgniter\CodeIgniter->runController(Object(App\Controllers\Home))
14 SYSTEMPATH\CodeIgniter.php(355): CodeIgniter\CodeIgniter->handleRequest(null, Object(Config\Cache), false)
15 SYSTEMPATH\Boot.php(312): CodeIgniter\CodeIgniter->run()
16 SYSTEMPATH\Boot.php(67): CodeIgniter\Boot::runCodeIgniter(Object(CodeIgniter\CodeIgniter))
17 FCPATH\index.php(56): CodeIgniter\Boot::bootWeb(Object(Config\Paths))
18 SYSTEMPATH\Commands\Server\rewrite.php(49): require_once('C:\\APK\\xampp-8.2\\htdocs\\SafeToTrip\\public\\index.php')
INFO - 2024-06-02 23:39:16 --> Session: Class initialized using 'CodeIgniter\Session\Handlers\FileHandler' driver.
WARNING - 2024-06-02 23:39:16 --> [DEPRECATED] Creation of dynamic property App\Controllers\Home::$session is deprecated in APPPATH\Controllers\Home.php on line 9.
 1 SYSTEMPATH\CodeIgniter.php(903): App\Controllers\Home->__construct()
 2 SYSTEMPATH\CodeIgniter.php(500): CodeIgniter\CodeIgniter->createController()
 3 SYSTEMPATH\CodeIgniter.php(355): CodeIgniter\CodeIgniter->handleRequest(null, Object(Config\Cache), false)
 4 SYSTEMPATH\Boot.php(312): CodeIgniter\CodeIgniter->run()
 5 SYSTEMPATH\Boot.php(67): CodeIgniter\Boot::runCodeIgniter(Object(CodeIgniter\CodeIgniter))
 6 FCPATH\index.php(56): CodeIgniter\Boot::bootWeb(Object(Config\Paths))
 7 SYSTEMPATH\Commands\Server\rewrite.php(49): require_once('C:\\APK\\xampp-8.2\\htdocs\\SafeToTrip\\public\\index.php')
CRITICAL - 2024-06-02 23:39:16 --> TypeError: CodeIgniter\HTTP\SiteURI::stringifyRelativePath(): Return value must be of type string, bool returned
[Method: GET, Route: dashboard]
in SYSTEMPATH\HTTP\SiteURI.php on line 407.
 1 SYSTEMPATH\HTTP\SiteURI.php(381): CodeIgniter\HTTP\SiteURI->stringifyRelativePath(false)
 2 SYSTEMPATH\Helpers\url_helper.php(59): CodeIgniter\HTTP\SiteURI->baseUrl(false, null)
 3 APPPATH\Views\temp_adminpage\sidebar.php(18): base_url(false)
 4 SYSTEMPATH\View\View.php(234): include('C:\\APK\\xampp-8.2\\htdocs\\SafeToTrip\\app\\Views\\temp_adminpage\\sidebar.php')
 5 SYSTEMPATH\View\View.php(237): CodeIgniter\View\View->CodeIgniter\View\{closure}()
 6 SYSTEMPATH\View\View.php(484): CodeIgniter\View\View->render('temp_adminpage/sidebar', null, true)
 7 APPPATH\Views\adminpage\index.php(2): CodeIgniter\View\View->include('temp_adminpage/sidebar')
 8 SYSTEMPATH\View\View.php(234): include('C:\\APK\\xampp-8.2\\htdocs\\SafeToTrip\\app\\Views\\adminpage\\index.php')
 9 SYSTEMPATH\View\View.php(237): CodeIgniter\View\View->CodeIgniter\View\{closure}()
10 SYSTEMPATH\Common.php(1171): CodeIgniter\View\View->render('adminpage/index', [], true)
11 APPPATH\Controllers\Home.php(35): view('adminpage/index', [...])
12 SYSTEMPATH\CodeIgniter.php(933): App\Controllers\Home->adminpage()
13 SYSTEMPATH\CodeIgniter.php(509): CodeIgniter\CodeIgniter->runController(Object(App\Controllers\Home))
14 SYSTEMPATH\CodeIgniter.php(355): CodeIgniter\CodeIgniter->handleRequest(null, Object(Config\Cache), false)
15 SYSTEMPATH\Boot.php(312): CodeIgniter\CodeIgniter->run()
16 SYSTEMPATH\Boot.php(67): CodeIgniter\Boot::runCodeIgniter(Object(CodeIgniter\CodeIgniter))
17 FCPATH\index.php(56): CodeIgniter\Boot::bootWeb(Object(Config\Paths))
18 SYSTEMPATH\Commands\Server\rewrite.php(49): require_once('C:\\APK\\xampp-8.2\\htdocs\\SafeToTrip\\public\\index.php')
INFO - 2024-06-02 23:39:16 --> Session: Class initialized using 'CodeIgniter\Session\Handlers\FileHandler' driver.
WARNING - 2024-06-02 23:39:16 --> [DEPRECATED] Creation of dynamic property App\Controllers\Home::$session is deprecated in APPPATH\Controllers\Home.php on line 9.
 1 SYSTEMPATH\CodeIgniter.php(903): App\Controllers\Home->__construct()
 2 SYSTEMPATH\CodeIgniter.php(500): CodeIgniter\CodeIgniter->createController()
 3 SYSTEMPATH\CodeIgniter.php(355): CodeIgniter\CodeIgniter->handleRequest(null, Object(Config\Cache), false)
 4 SYSTEMPATH\Boot.php(312): CodeIgniter\CodeIgniter->run()
 5 SYSTEMPATH\Boot.php(67): CodeIgniter\Boot::runCodeIgniter(Object(CodeIgniter\CodeIgniter))
 6 FCPATH\index.php(56): CodeIgniter\Boot::bootWeb(Object(Config\Paths))
 7 SYSTEMPATH\Commands\Server\rewrite.php(49): require_once('C:\\APK\\xampp-8.2\\htdocs\\SafeToTrip\\public\\index.php')
CRITICAL - 2024-06-02 23:39:16 --> TypeError: CodeIgniter\HTTP\SiteURI::stringifyRelativePath(): Return value must be of type string, bool returned
[Method: GET, Route: dashboard]
in SYSTEMPATH\HTTP\SiteURI.php on line 407.
 1 SYSTEMPATH\HTTP\SiteURI.php(381): CodeIgniter\HTTP\SiteURI->stringifyRelativePath(false)
 2 SYSTEMPATH\Helpers\url_helper.php(59): CodeIgniter\HTTP\SiteURI->baseUrl(false, null)
 3 APPPATH\Views\temp_adminpage\sidebar.php(18): base_url(false)
 4 SYSTEMPATH\View\View.php(234): include('C:\\APK\\xampp-8.2\\htdocs\\SafeToTrip\\app\\Views\\temp_adminpage\\sidebar.php')
 5 SYSTEMPATH\View\View.php(237): CodeIgniter\View\View->CodeIgniter\View\{closure}()
 6 SYSTEMPATH\View\View.php(484): CodeIgniter\View\View->render('temp_adminpage/sidebar', null, true)
 7 APPPATH\Views\adminpage\index.php(2): CodeIgniter\View\View->include('temp_adminpage/sidebar')
 8 SYSTEMPATH\View\View.php(234): include('C:\\APK\\xampp-8.2\\htdocs\\SafeToTrip\\app\\Views\\adminpage\\index.php')
 9 SYSTEMPATH\View\View.php(237): CodeIgniter\View\View->CodeIgniter\View\{closure}()
10 SYSTEMPATH\Common.php(1171): CodeIgniter\View\View->render('adminpage/index', [], true)
11 APPPATH\Controllers\Home.php(35): view('adminpage/index', [...])
12 SYSTEMPATH\CodeIgniter.php(933): App\Controllers\Home->adminpage()
13 SYSTEMPATH\CodeIgniter.php(509): CodeIgniter\CodeIgniter->runController(Object(App\Controllers\Home))
14 SYSTEMPATH\CodeIgniter.php(355): CodeIgniter\CodeIgniter->handleRequest(null, Object(Config\Cache), false)
15 SYSTEMPATH\Boot.php(312): CodeIgniter\CodeIgniter->run()
16 SYSTEMPATH\Boot.php(67): CodeIgniter\Boot::runCodeIgniter(Object(CodeIgniter\CodeIgniter))
17 FCPATH\index.php(56): CodeIgniter\Boot::bootWeb(Object(Config\Paths))
18 SYSTEMPATH\Commands\Server\rewrite.php(49): require_once('C:\\APK\\xampp-8.2\\htdocs\\SafeToTrip\\public\\index.php')
INFO - 2024-06-02 23:39:18 --> Session: Class initialized using 'CodeIgniter\Session\Handlers\FileHandler' driver.
WARNING - 2024-06-02 23:39:18 --> [DEPRECATED] Creation of dynamic property App\Controllers\Login::$session is deprecated in APPPATH\Controllers\Login.php on line 12.
 1 SYSTEMPATH\CodeIgniter.php(903): App\Controllers\Login->__construct()
 2 SYSTEMPATH\CodeIgniter.php(500): CodeIgniter\CodeIgniter->createController()
 3 SYSTEMPATH\CodeIgniter.php(355): CodeIgniter\CodeIgniter->handleRequest(null, Object(Config\Cache), false)
 4 SYSTEMPATH\Boot.php(312): CodeIgniter\CodeIgniter->run()
 5 SYSTEMPATH\Boot.php(67): CodeIgniter\Boot::runCodeIgniter(Object(CodeIgniter\CodeIgniter))
 6 FCPATH\index.php(56): CodeIgniter\Boot::bootWeb(Object(Config\Paths))
 7 SYSTEMPATH\Commands\Server\rewrite.php(49): require_once('C:\\APK\\xampp-8.2\\htdocs\\SafeToTrip\\public\\index.php')
INFO - 2024-06-02 23:39:20 --> Session: Class initialized using 'CodeIgniter\Session\Handlers\FileHandler' driver.
WARNING - 2024-06-02 23:39:20 --> [DEPRECATED] Creation of dynamic property App\Controllers\Login::$session is deprecated in APPPATH\Controllers\Login.php on line 12.
 1 SYSTEMPATH\CodeIgniter.php(903): App\Controllers\Login->__construct()
 2 SYSTEMPATH\CodeIgniter.php(500): CodeIgniter\CodeIgniter->createController()
 3 SYSTEMPATH\CodeIgniter.php(355): CodeIgniter\CodeIgniter->handleRequest(null, Object(Config\Cache), false)
 4 SYSTEMPATH\Boot.php(312): CodeIgniter\CodeIgniter->run()
 5 SYSTEMPATH\Boot.php(67): CodeIgniter\Boot::runCodeIgniter(Object(CodeIgniter\CodeIgniter))
 6 FCPATH\index.php(56): CodeIgniter\Boot::bootWeb(Object(Config\Paths))
 7 SYSTEMPATH\Commands\Server\rewrite.php(49): require_once('C:\\APK\\xampp-8.2\\htdocs\\SafeToTrip\\public\\index.php')
INFO - 2024-06-02 23:39:25 --> Session: Class initialized using 'CodeIgniter\Session\Handlers\FileHandler' driver.
WARNING - 2024-06-02 23:39:25 --> [DEPRECATED] Creation of dynamic property App\Controllers\Login::$session is deprecated in APPPATH\Controllers\Login.php on line 12.
 1 SYSTEMPATH\CodeIgniter.php(903): App\Controllers\Login->__construct()
 2 SYSTEMPATH\CodeIgniter.php(500): CodeIgniter\CodeIgniter->createController()
 3 SYSTEMPATH\CodeIgniter.php(355): CodeIgniter\CodeIgniter->handleRequest(null, Object(Config\Cache), false)
 4 SYSTEMPATH\Boot.php(312): CodeIgniter\CodeIgniter->run()
 5 SYSTEMPATH\Boot.php(67): CodeIgniter\Boot::runCodeIgniter(Object(CodeIgniter\CodeIgniter))
 6 FCPATH\index.php(56): CodeIgniter\Boot::bootWeb(Object(Config\Paths))
 7 SYSTEMPATH\Commands\Server\rewrite.php(49): require_once('C:\\APK\\xampp-8.2\\htdocs\\SafeToTrip\\public\\index.php')
INFO - 2024-06-02 23:39:26 --> Session: Class initialized using 'CodeIgniter\Session\Handlers\FileHandler' driver.
WARNING - 2024-06-02 23:39:26 --> [DEPRECATED] Creation of dynamic property App\Controllers\Home::$session is deprecated in APPPATH\Controllers\Home.php on line 9.
 1 SYSTEMPATH\CodeIgniter.php(903): App\Controllers\Home->__construct()
 2 SYSTEMPATH\CodeIgniter.php(500): CodeIgniter\CodeIgniter->createController()
 3 SYSTEMPATH\CodeIgniter.php(355): CodeIgniter\CodeIgniter->handleRequest(null, Object(Config\Cache), false)
 4 SYSTEMPATH\Boot.php(312): CodeIgniter\CodeIgniter->run()
 5 SYSTEMPATH\Boot.php(67): CodeIgniter\Boot::runCodeIgniter(Object(CodeIgniter\CodeIgniter))
 6 FCPATH\index.php(56): CodeIgniter\Boot::bootWeb(Object(Config\Paths))
 7 SYSTEMPATH\Commands\Server\rewrite.php(49): require_once('C:\\APK\\xampp-8.2\\htdocs\\SafeToTrip\\public\\index.php')
CRITICAL - 2024-06-02 23:39:26 --> TypeError: CodeIgniter\HTTP\SiteURI::stringifyRelativePath(): Return value must be of type string, bool returned
[Method: GET, Route: dashboard]
in SYSTEMPATH\HTTP\SiteURI.php on line 407.
 1 SYSTEMPATH\HTTP\SiteURI.php(381): CodeIgniter\HTTP\SiteURI->stringifyRelativePath(false)
 2 SYSTEMPATH\Helpers\url_helper.php(59): CodeIgniter\HTTP\SiteURI->baseUrl(false, null)
 3 APPPATH\Views\temp_adminpage\sidebar.php(32): base_url(false)
 4 SYSTEMPATH\View\View.php(234): include('C:\\APK\\xampp-8.2\\htdocs\\SafeToTrip\\app\\Views\\temp_adminpage\\sidebar.php')
 5 SYSTEMPATH\View\View.php(237): CodeIgniter\View\View->CodeIgniter\View\{closure}()
 6 SYSTEMPATH\View\View.php(484): CodeIgniter\View\View->render('temp_adminpage/sidebar', null, true)
 7 APPPATH\Views\adminpage\index.php(2): CodeIgniter\View\View->include('temp_adminpage/sidebar')
 8 SYSTEMPATH\View\View.php(234): include('C:\\APK\\xampp-8.2\\htdocs\\SafeToTrip\\app\\Views\\adminpage\\index.php')
 9 SYSTEMPATH\View\View.php(237): CodeIgniter\View\View->CodeIgniter\View\{closure}()
10 SYSTEMPATH\Common.php(1171): CodeIgniter\View\View->render('adminpage/index', [], true)
11 APPPATH\Controllers\Home.php(35): view('adminpage/index', [...])
12 SYSTEMPATH\CodeIgniter.php(933): App\Controllers\Home->adminpage()
13 SYSTEMPATH\CodeIgniter.php(509): CodeIgniter\CodeIgniter->runController(Object(App\Controllers\Home))
14 SYSTEMPATH\CodeIgniter.php(355): CodeIgniter\CodeIgniter->handleRequest(null, Object(Config\Cache), false)
15 SYSTEMPATH\Boot.php(312): CodeIgniter\CodeIgniter->run()
16 SYSTEMPATH\Boot.php(67): CodeIgniter\Boot::runCodeIgniter(Object(CodeIgniter\CodeIgniter))
17 FCPATH\index.php(56): CodeIgniter\Boot::bootWeb(Object(Config\Paths))
18 SYSTEMPATH\Commands\Server\rewrite.php(49): require_once('C:\\APK\\xampp-8.2\\htdocs\\SafeToTrip\\public\\index.php')
INFO - 2024-06-02 23:40:21 --> Session: Class initialized using 'CodeIgniter\Session\Handlers\FileHandler' driver.
WARNING - 2024-06-02 23:40:21 --> [DEPRECATED] Creation of dynamic property App\Controllers\Home::$session is deprecated in APPPATH\Controllers\Home.php on line 9.
 1 SYSTEMPATH\CodeIgniter.php(903): App\Controllers\Home->__construct()
 2 SYSTEMPATH\CodeIgniter.php(500): CodeIgniter\CodeIgniter->createController()
 3 SYSTEMPATH\CodeIgniter.php(355): CodeIgniter\CodeIgniter->handleRequest(null, Object(Config\Cache), false)
 4 SYSTEMPATH\Boot.php(312): CodeIgniter\CodeIgniter->run()
 5 SYSTEMPATH\Boot.php(67): CodeIgniter\Boot::runCodeIgniter(Object(CodeIgniter\CodeIgniter))
 6 FCPATH\index.php(56): CodeIgniter\Boot::bootWeb(Object(Config\Paths))
 7 SYSTEMPATH\Commands\Server\rewrite.php(49): require_once('C:\\APK\\xampp-8.2\\htdocs\\SafeToTrip\\public\\index.php')
CRITICAL - 2024-06-02 23:40:21 --> TypeError: CodeIgniter\HTTP\SiteURI::stringifyRelativePath(): Return value must be of type string, bool returned
[Method: GET, Route: dashboard]
in SYSTEMPATH\HTTP\SiteURI.php on line 407.
 1 SYSTEMPATH\HTTP\SiteURI.php(381): CodeIgniter\HTTP\SiteURI->stringifyRelativePath(false)
 2 SYSTEMPATH\Helpers\url_helper.php(59): CodeIgniter\HTTP\SiteURI->baseUrl(false, null)
 3 APPPATH\Views\temp_adminpage\sidebar.php(32): base_url(false)
 4 SYSTEMPATH\View\View.php(234): include('C:\\APK\\xampp-8.2\\htdocs\\SafeToTrip\\app\\Views\\temp_adminpage\\sidebar.php')
 5 SYSTEMPATH\View\View.php(237): CodeIgniter\View\View->CodeIgniter\View\{closure}()
 6 SYSTEMPATH\View\View.php(484): CodeIgniter\View\View->render('temp_adminpage/sidebar', null, true)
 7 APPPATH\Views\adminpage\index.php(2): CodeIgniter\View\View->include('temp_adminpage/sidebar')
 8 SYSTEMPATH\View\View.php(234): include('C:\\APK\\xampp-8.2\\htdocs\\SafeToTrip\\app\\Views\\adminpage\\index.php')
 9 SYSTEMPATH\View\View.php(237): CodeIgniter\View\View->CodeIgniter\View\{closure}()
10 SYSTEMPATH\Common.php(1171): CodeIgniter\View\View->render('adminpage/index', [], true)
11 APPPATH\Controllers\Home.php(35): view('adminpage/index', [...])
12 SYSTEMPATH\CodeIgniter.php(933): App\Controllers\Home->adminpage()
13 SYSTEMPATH\CodeIgniter.php(509): CodeIgniter\CodeIgniter->runController(Object(App\Controllers\Home))
14 SYSTEMPATH\CodeIgniter.php(355): CodeIgniter\CodeIgniter->handleRequest(null, Object(Config\Cache), false)
15 SYSTEMPATH\Boot.php(312): CodeIgniter\CodeIgniter->run()
16 SYSTEMPATH\Boot.php(67): CodeIgniter\Boot::runCodeIgniter(Object(CodeIgniter\CodeIgniter))
17 FCPATH\index.php(56): CodeIgniter\Boot::bootWeb(Object(Config\Paths))
18 SYSTEMPATH\Commands\Server\rewrite.php(49): require_once('C:\\APK\\xampp-8.2\\htdocs\\SafeToTrip\\public\\index.php')
INFO - 2024-06-02 23:40:21 --> Session: Class initialized using 'CodeIgniter\Session\Handlers\FileHandler' driver.
WARNING - 2024-06-02 23:40:21 --> [DEPRECATED] Creation of dynamic property App\Controllers\Home::$session is deprecated in APPPATH\Controllers\Home.php on line 9.
 1 SYSTEMPATH\CodeIgniter.php(903): App\Controllers\Home->__construct()
 2 SYSTEMPATH\CodeIgniter.php(500): CodeIgniter\CodeIgniter->createController()
 3 SYSTEMPATH\CodeIgniter.php(355): CodeIgniter\CodeIgniter->handleRequest(null, Object(Config\Cache), false)
 4 SYSTEMPATH\Boot.php(312): CodeIgniter\CodeIgniter->run()
 5 SYSTEMPATH\Boot.php(67): CodeIgniter\Boot::runCodeIgniter(Object(CodeIgniter\CodeIgniter))
 6 FCPATH\index.php(56): CodeIgniter\Boot::bootWeb(Object(Config\Paths))
 7 SYSTEMPATH\Commands\Server\rewrite.php(49): require_once('C:\\APK\\xampp-8.2\\htdocs\\SafeToTrip\\public\\index.php')
CRITICAL - 2024-06-02 23:40:21 --> TypeError: CodeIgniter\HTTP\SiteURI::stringifyRelativePath(): Return value must be of type string, bool returned
[Method: GET, Route: dashboard]
in SYSTEMPATH\HTTP\SiteURI.php on line 407.
 1 SYSTEMPATH\HTTP\SiteURI.php(381): CodeIgniter\HTTP\SiteURI->stringifyRelativePath(false)
 2 SYSTEMPATH\Helpers\url_helper.php(59): CodeIgniter\HTTP\SiteURI->baseUrl(false, null)
 3 APPPATH\Views\temp_adminpage\sidebar.php(32): base_url(false)
 4 SYSTEMPATH\View\View.php(234): include('C:\\APK\\xampp-8.2\\htdocs\\SafeToTrip\\app\\Views\\temp_adminpage\\sidebar.php')
 5 SYSTEMPATH\View\View.php(237): CodeIgniter\View\View->CodeIgniter\View\{closure}()
 6 SYSTEMPATH\View\View.php(484): CodeIgniter\View\View->render('temp_adminpage/sidebar', null, true)
 7 APPPATH\Views\adminpage\index.php(2): CodeIgniter\View\View->include('temp_adminpage/sidebar')
 8 SYSTEMPATH\View\View.php(234): include('C:\\APK\\xampp-8.2\\htdocs\\SafeToTrip\\app\\Views\\adminpage\\index.php')
 9 SYSTEMPATH\View\View.php(237): CodeIgniter\View\View->CodeIgniter\View\{closure}()
10 SYSTEMPATH\Common.php(1171): CodeIgniter\View\View->render('adminpage/index', [], true)
11 APPPATH\Controllers\Home.php(35): view('adminpage/index', [...])
12 SYSTEMPATH\CodeIgniter.php(933): App\Controllers\Home->adminpage()
13 SYSTEMPATH\CodeIgniter.php(509): CodeIgniter\CodeIgniter->runController(Object(App\Controllers\Home))
14 SYSTEMPATH\CodeIgniter.php(355): CodeIgniter\CodeIgniter->handleRequest(null, Object(Config\Cache), false)
15 SYSTEMPATH\Boot.php(312): CodeIgniter\CodeIgniter->run()
16 SYSTEMPATH\Boot.php(67): CodeIgniter\Boot::runCodeIgniter(Object(CodeIgniter\CodeIgniter))
17 FCPATH\index.php(56): CodeIgniter\Boot::bootWeb(Object(Config\Paths))
18 SYSTEMPATH\Commands\Server\rewrite.php(49): require_once('C:\\APK\\xampp-8.2\\htdocs\\SafeToTrip\\public\\index.php')
INFO - 2024-06-02 23:40:22 --> Session: Class initialized using 'CodeIgniter\Session\Handlers\FileHandler' driver.
WARNING - 2024-06-02 23:40:22 --> [DEPRECATED] Creation of dynamic property App\Controllers\Home::$session is deprecated in APPPATH\Controllers\Home.php on line 9.
 1 SYSTEMPATH\CodeIgniter.php(903): App\Controllers\Home->__construct()
 2 SYSTEMPATH\CodeIgniter.php(500): CodeIgniter\CodeIgniter->createController()
 3 SYSTEMPATH\CodeIgniter.php(355): CodeIgniter\CodeIgniter->handleRequest(null, Object(Config\Cache), false)
 4 SYSTEMPATH\Boot.php(312): CodeIgniter\CodeIgniter->run()
 5 SYSTEMPATH\Boot.php(67): CodeIgniter\Boot::runCodeIgniter(Object(CodeIgniter\CodeIgniter))
 6 FCPATH\index.php(56): CodeIgniter\Boot::bootWeb(Object(Config\Paths))
 7 SYSTEMPATH\Commands\Server\rewrite.php(49): require_once('C:\\APK\\xampp-8.2\\htdocs\\SafeToTrip\\public\\index.php')
CRITICAL - 2024-06-02 23:40:22 --> TypeError: CodeIgniter\HTTP\SiteURI::stringifyRelativePath(): Return value must be of type string, bool returned
[Method: GET, Route: dashboard]
in SYSTEMPATH\HTTP\SiteURI.php on line 407.
 1 SYSTEMPATH\HTTP\SiteURI.php(381): CodeIgniter\HTTP\SiteURI->stringifyRelativePath(false)
 2 SYSTEMPATH\Helpers\url_helper.php(59): CodeIgniter\HTTP\SiteURI->baseUrl(false, null)
 3 APPPATH\Views\temp_adminpage\sidebar.php(32): base_url(false)
 4 SYSTEMPATH\View\View.php(234): include('C:\\APK\\xampp-8.2\\htdocs\\SafeToTrip\\app\\Views\\temp_adminpage\\sidebar.php')
 5 SYSTEMPATH\View\View.php(237): CodeIgniter\View\View->CodeIgniter\View\{closure}()
 6 SYSTEMPATH\View\View.php(484): CodeIgniter\View\View->render('temp_adminpage/sidebar', null, true)
 7 APPPATH\Views\adminpage\index.php(2): CodeIgniter\View\View->include('temp_adminpage/sidebar')
 8 SYSTEMPATH\View\View.php(234): include('C:\\APK\\xampp-8.2\\htdocs\\SafeToTrip\\app\\Views\\adminpage\\index.php')
 9 SYSTEMPATH\View\View.php(237): CodeIgniter\View\View->CodeIgniter\View\{closure}()
10 SYSTEMPATH\Common.php(1171): CodeIgniter\View\View->render('adminpage/index', [], true)
11 APPPATH\Controllers\Home.php(35): view('adminpage/index', [...])
12 SYSTEMPATH\CodeIgniter.php(933): App\Controllers\Home->adminpage()
13 SYSTEMPATH\CodeIgniter.php(509): CodeIgniter\CodeIgniter->runController(Object(App\Controllers\Home))
14 SYSTEMPATH\CodeIgniter.php(355): CodeIgniter\CodeIgniter->handleRequest(null, Object(Config\Cache), false)
15 SYSTEMPATH\Boot.php(312): CodeIgniter\CodeIgniter->run()
16 SYSTEMPATH\Boot.php(67): CodeIgniter\Boot::runCodeIgniter(Object(CodeIgniter\CodeIgniter))
17 FCPATH\index.php(56): CodeIgniter\Boot::bootWeb(Object(Config\Paths))
18 SYSTEMPATH\Commands\Server\rewrite.php(49): require_once('C:\\APK\\xampp-8.2\\htdocs\\SafeToTrip\\public\\index.php')
INFO - 2024-06-02 23:40:22 --> Session: Class initialized using 'CodeIgniter\Session\Handlers\FileHandler' driver.
WARNING - 2024-06-02 23:40:22 --> [DEPRECATED] Creation of dynamic property App\Controllers\Home::$session is deprecated in APPPATH\Controllers\Home.php on line 9.
 1 SYSTEMPATH\CodeIgniter.php(903): App\Controllers\Home->__construct()
 2 SYSTEMPATH\CodeIgniter.php(500): CodeIgniter\CodeIgniter->createController()
 3 SYSTEMPATH\CodeIgniter.php(355): CodeIgniter\CodeIgniter->handleRequest(null, Object(Config\Cache), false)
 4 SYSTEMPATH\Boot.php(312): CodeIgniter\CodeIgniter->run()
 5 SYSTEMPATH\Boot.php(67): CodeIgniter\Boot::runCodeIgniter(Object(CodeIgniter\CodeIgniter))
 6 FCPATH\index.php(56): CodeIgniter\Boot::bootWeb(Object(Config\Paths))
 7 SYSTEMPATH\Commands\Server\rewrite.php(49): require_once('C:\\APK\\xampp-8.2\\htdocs\\SafeToTrip\\public\\index.php')
CRITICAL - 2024-06-02 23:40:22 --> TypeError: CodeIgniter\HTTP\SiteURI::stringifyRelativePath(): Return value must be of type string, bool returned
[Method: GET, Route: dashboard]
in SYSTEMPATH\HTTP\SiteURI.php on line 407.
 1 SYSTEMPATH\HTTP\SiteURI.php(381): CodeIgniter\HTTP\SiteURI->stringifyRelativePath(false)
 2 SYSTEMPATH\Helpers\url_helper.php(59): CodeIgniter\HTTP\SiteURI->baseUrl(false, null)
 3 APPPATH\Views\temp_adminpage\sidebar.php(32): base_url(false)
 4 SYSTEMPATH\View\View.php(234): include('C:\\APK\\xampp-8.2\\htdocs\\SafeToTrip\\app\\Views\\temp_adminpage\\sidebar.php')
 5 SYSTEMPATH\View\View.php(237): CodeIgniter\View\View->CodeIgniter\View\{closure}()
 6 SYSTEMPATH\View\View.php(484): CodeIgniter\View\View->render('temp_adminpage/sidebar', null, true)
 7 APPPATH\Views\adminpage\index.php(2): CodeIgniter\View\View->include('temp_adminpage/sidebar')
 8 SYSTEMPATH\View\View.php(234): include('C:\\APK\\xampp-8.2\\htdocs\\SafeToTrip\\app\\Views\\adminpage\\index.php')
 9 SYSTEMPATH\View\View.php(237): CodeIgniter\View\View->CodeIgniter\View\{closure}()
10 SYSTEMPATH\Common.php(1171): CodeIgniter\View\View->render('adminpage/index', [], true)
11 APPPATH\Controllers\Home.php(35): view('adminpage/index', [...])
12 SYSTEMPATH\CodeIgniter.php(933): App\Controllers\Home->adminpage()
13 SYSTEMPATH\CodeIgniter.php(509): CodeIgniter\CodeIgniter->runController(Object(App\Controllers\Home))
14 SYSTEMPATH\CodeIgniter.php(355): CodeIgniter\CodeIgniter->handleRequest(null, Object(Config\Cache), false)
15 SYSTEMPATH\Boot.php(312): CodeIgniter\CodeIgniter->run()
16 SYSTEMPATH\Boot.php(67): CodeIgniter\Boot::runCodeIgniter(Object(CodeIgniter\CodeIgniter))
17 FCPATH\index.php(56): CodeIgniter\Boot::bootWeb(Object(Config\Paths))
18 SYSTEMPATH\Commands\Server\rewrite.php(49): require_once('C:\\APK\\xampp-8.2\\htdocs\\SafeToTrip\\public\\index.php')
INFO - 2024-06-02 23:42:03 --> Session: Class initialized using 'CodeIgniter\Session\Handlers\FileHandler' driver.
WARNING - 2024-06-02 23:42:03 --> [DEPRECATED] Creation of dynamic property App\Controllers\Home::$session is deprecated in APPPATH\Controllers\Home.php on line 9.
 1 SYSTEMPATH\CodeIgniter.php(903): App\Controllers\Home->__construct()
 2 SYSTEMPATH\CodeIgniter.php(500): CodeIgniter\CodeIgniter->createController()
 3 SYSTEMPATH\CodeIgniter.php(355): CodeIgniter\CodeIgniter->handleRequest(null, Object(Config\Cache), false)
 4 SYSTEMPATH\Boot.php(312): CodeIgniter\CodeIgniter->run()
 5 SYSTEMPATH\Boot.php(67): CodeIgniter\Boot::runCodeIgniter(Object(CodeIgniter\CodeIgniter))
 6 FCPATH\index.php(56): CodeIgniter\Boot::bootWeb(Object(Config\Paths))
 7 SYSTEMPATH\Commands\Server\rewrite.php(49): require_once('C:\\APK\\xampp-8.2\\htdocs\\SafeToTrip\\public\\index.php')
CRITICAL - 2024-06-02 23:42:03 --> TypeError: CodeIgniter\HTTP\SiteURI::stringifyRelativePath(): Return value must be of type string, bool returned
[Method: GET, Route: dashboard]
in SYSTEMPATH\HTTP\SiteURI.php on line 407.
 1 SYSTEMPATH\HTTP\SiteURI.php(381): CodeIgniter\HTTP\SiteURI->stringifyRelativePath(false)
 2 SYSTEMPATH\Helpers\url_helper.php(59): CodeIgniter\HTTP\SiteURI->baseUrl(false, null)
 3 APPPATH\Views\temp_adminpage\sidebar.php(32): base_url(false)
 4 SYSTEMPATH\View\View.php(234): include('C:\\APK\\xampp-8.2\\htdocs\\SafeToTrip\\app\\Views\\temp_adminpage\\sidebar.php')
 5 SYSTEMPATH\View\View.php(237): CodeIgniter\View\View->CodeIgniter\View\{closure}()
 6 SYSTEMPATH\View\View.php(484): CodeIgniter\View\View->render('temp_adminpage/sidebar', null, true)
 7 APPPATH\Views\adminpage\index.php(2): CodeIgniter\View\View->include('temp_adminpage/sidebar')
 8 SYSTEMPATH\View\View.php(234): include('C:\\APK\\xampp-8.2\\htdocs\\SafeToTrip\\app\\Views\\adminpage\\index.php')
 9 SYSTEMPATH\View\View.php(237): CodeIgniter\View\View->CodeIgniter\View\{closure}()
10 SYSTEMPATH\Common.php(1171): CodeIgniter\View\View->render('adminpage/index', [], true)
11 APPPATH\Controllers\Home.php(35): view('adminpage/index', [...])
12 SYSTEMPATH\CodeIgniter.php(933): App\Controllers\Home->adminpage()
13 SYSTEMPATH\CodeIgniter.php(509): CodeIgniter\CodeIgniter->runController(Object(App\Controllers\Home))
14 SYSTEMPATH\CodeIgniter.php(355): CodeIgniter\CodeIgniter->handleRequest(null, Object(Config\Cache), false)
15 SYSTEMPATH\Boot.php(312): CodeIgniter\CodeIgniter->run()
16 SYSTEMPATH\Boot.php(67): CodeIgniter\Boot::runCodeIgniter(Object(CodeIgniter\CodeIgniter))
17 FCPATH\index.php(56): CodeIgniter\Boot::bootWeb(Object(Config\Paths))
18 SYSTEMPATH\Commands\Server\rewrite.php(49): require_once('C:\\APK\\xampp-8.2\\htdocs\\SafeToTrip\\public\\index.php')
INFO - 2024-06-02 23:43:05 --> Session: Class initialized using 'CodeIgniter\Session\Handlers\FileHandler' driver.
WARNING - 2024-06-02 23:43:05 --> [DEPRECATED] Creation of dynamic property App\Controllers\Home::$session is deprecated in APPPATH\Controllers\Home.php on line 9.
 1 SYSTEMPATH\CodeIgniter.php(903): App\Controllers\Home->__construct()
 2 SYSTEMPATH\CodeIgniter.php(500): CodeIgniter\CodeIgniter->createController()
 3 SYSTEMPATH\CodeIgniter.php(355): CodeIgniter\CodeIgniter->handleRequest(null, Object(Config\Cache), false)
 4 SYSTEMPATH\Boot.php(312): CodeIgniter\CodeIgniter->run()
 5 SYSTEMPATH\Boot.php(67): CodeIgniter\Boot::runCodeIgniter(Object(CodeIgniter\CodeIgniter))
 6 FCPATH\index.php(56): CodeIgniter\Boot::bootWeb(Object(Config\Paths))
 7 SYSTEMPATH\Commands\Server\rewrite.php(49): require_once('C:\\APK\\xampp-8.2\\htdocs\\SafeToTrip\\public\\index.php')
INFO - 2024-06-02 23:43:12 --> Session: Class initialized using 'CodeIgniter\Session\Handlers\FileHandler' driver.
WARNING - 2024-06-02 23:43:12 --> [DEPRECATED] Creation of dynamic property App\Controllers\Home::$session is deprecated in APPPATH\Controllers\Home.php on line 9.
 1 SYSTEMPATH\CodeIgniter.php(903): App\Controllers\Home->__construct()
 2 SYSTEMPATH\CodeIgniter.php(500): CodeIgniter\CodeIgniter->createController()
 3 SYSTEMPATH\CodeIgniter.php(355): CodeIgniter\CodeIgniter->handleRequest(null, Object(Config\Cache), false)
 4 SYSTEMPATH\Boot.php(312): CodeIgniter\CodeIgniter->run()
 5 SYSTEMPATH\Boot.php(67): CodeIgniter\Boot::runCodeIgniter(Object(CodeIgniter\CodeIgniter))
 6 FCPATH\index.php(56): CodeIgniter\Boot::bootWeb(Object(Config\Paths))
 7 SYSTEMPATH\Commands\Server\rewrite.php(49): require_once('C:\\APK\\xampp-8.2\\htdocs\\SafeToTrip\\public\\index.php')
INFO - 2024-06-02 23:43:13 --> Session: Class initialized using 'CodeIgniter\Session\Handlers\FileHandler' driver.
WARNING - 2024-06-02 23:43:13 --> [DEPRECATED] Creation of dynamic property App\Controllers\Home::$session is deprecated in APPPATH\Controllers\Home.php on line 9.
 1 SYSTEMPATH\CodeIgniter.php(903): App\Controllers\Home->__construct()
 2 SYSTEMPATH\CodeIgniter.php(500): CodeIgniter\CodeIgniter->createController()
 3 SYSTEMPATH\CodeIgniter.php(355): CodeIgniter\CodeIgniter->handleRequest(null, Object(Config\Cache), false)
 4 SYSTEMPATH\Boot.php(312): CodeIgniter\CodeIgniter->run()
 5 SYSTEMPATH\Boot.php(67): CodeIgniter\Boot::runCodeIgniter(Object(CodeIgniter\CodeIgniter))
 6 FCPATH\index.php(56): CodeIgniter\Boot::bootWeb(Object(Config\Paths))
 7 SYSTEMPATH\Commands\Server\rewrite.php(49): require_once('C:\\APK\\xampp-8.2\\htdocs\\SafeToTrip\\public\\index.php')
INFO - 2024-06-02 23:43:13 --> Session: Class initialized using 'CodeIgniter\Session\Handlers\FileHandler' driver.
WARNING - 2024-06-02 23:43:13 --> [DEPRECATED] Creation of dynamic property App\Controllers\Home::$session is deprecated in APPPATH\Controllers\Home.php on line 9.
 1 SYSTEMPATH\CodeIgniter.php(903): App\Controllers\Home->__construct()
 2 SYSTEMPATH\CodeIgniter.php(500): CodeIgniter\CodeIgniter->createController()
 3 SYSTEMPATH\CodeIgniter.php(355): CodeIgniter\CodeIgniter->handleRequest(null, Object(Config\Cache), false)
 4 SYSTEMPATH\Boot.php(312): CodeIgniter\CodeIgniter->run()
 5 SYSTEMPATH\Boot.php(67): CodeIgniter\Boot::runCodeIgniter(Object(CodeIgniter\CodeIgniter))
 6 FCPATH\index.php(56): CodeIgniter\Boot::bootWeb(Object(Config\Paths))
 7 SYSTEMPATH\Commands\Server\rewrite.php(49): require_once('C:\\APK\\xampp-8.2\\htdocs\\SafeToTrip\\public\\index.php')
INFO - 2024-06-02 23:43:14 --> Session: Class initialized using 'CodeIgniter\Session\Handlers\FileHandler' driver.
WARNING - 2024-06-02 23:43:14 --> [DEPRECATED] Creation of dynamic property App\Controllers\Home::$session is deprecated in APPPATH\Controllers\Home.php on line 9.
 1 SYSTEMPATH\CodeIgniter.php(903): App\Controllers\Home->__construct()
 2 SYSTEMPATH\CodeIgniter.php(500): CodeIgniter\CodeIgniter->createController()
 3 SYSTEMPATH\CodeIgniter.php(355): CodeIgniter\CodeIgniter->handleRequest(null, Object(Config\Cache), false)
 4 SYSTEMPATH\Boot.php(312): CodeIgniter\CodeIgniter->run()
 5 SYSTEMPATH\Boot.php(67): CodeIgniter\Boot::runCodeIgniter(Object(CodeIgniter\CodeIgniter))
 6 FCPATH\index.php(56): CodeIgniter\Boot::bootWeb(Object(Config\Paths))
 7 SYSTEMPATH\Commands\Server\rewrite.php(49): require_once('C:\\APK\\xampp-8.2\\htdocs\\SafeToTrip\\public\\index.php')
INFO - 2024-06-02 23:43:14 --> Session: Class initialized using 'CodeIgniter\Session\Handlers\FileHandler' driver.
WARNING - 2024-06-02 23:43:14 --> [DEPRECATED] Creation of dynamic property App\Controllers\Home::$session is deprecated in APPPATH\Controllers\Home.php on line 9.
 1 SYSTEMPATH\CodeIgniter.php(903): App\Controllers\Home->__construct()
 2 SYSTEMPATH\CodeIgniter.php(500): CodeIgniter\CodeIgniter->createController()
 3 SYSTEMPATH\CodeIgniter.php(355): CodeIgniter\CodeIgniter->handleRequest(null, Object(Config\Cache), false)
 4 SYSTEMPATH\Boot.php(312): CodeIgniter\CodeIgniter->run()
 5 SYSTEMPATH\Boot.php(67): CodeIgniter\Boot::runCodeIgniter(Object(CodeIgniter\CodeIgniter))
 6 FCPATH\index.php(56): CodeIgniter\Boot::bootWeb(Object(Config\Paths))
 7 SYSTEMPATH\Commands\Server\rewrite.php(49): require_once('C:\\APK\\xampp-8.2\\htdocs\\SafeToTrip\\public\\index.php')
INFO - 2024-06-02 23:45:15 --> Session: Class initialized using 'CodeIgniter\Session\Handlers\FileHandler' driver.
WARNING - 2024-06-02 23:45:15 --> [DEPRECATED] Creation of dynamic property App\Controllers\Home::$session is deprecated in APPPATH\Controllers\Home.php on line 9.
 1 SYSTEMPATH\CodeIgniter.php(903): App\Controllers\Home->__construct()
 2 SYSTEMPATH\CodeIgniter.php(500): CodeIgniter\CodeIgniter->createController()
 3 SYSTEMPATH\CodeIgniter.php(355): CodeIgniter\CodeIgniter->handleRequest(null, Object(Config\Cache), false)
 4 SYSTEMPATH\Boot.php(312): CodeIgniter\CodeIgniter->run()
 5 SYSTEMPATH\Boot.php(67): CodeIgniter\Boot::runCodeIgniter(Object(CodeIgniter\CodeIgniter))
 6 FCPATH\index.php(56): CodeIgniter\Boot::bootWeb(Object(Config\Paths))
 7 SYSTEMPATH\Commands\Server\rewrite.php(49): require_once('C:\\APK\\xampp-8.2\\htdocs\\SafeToTrip\\public\\index.php')
INFO - 2024-06-02 23:45:15 --> Session: Class initialized using 'CodeIgniter\Session\Handlers\FileHandler' driver.
WARNING - 2024-06-02 23:45:15 --> [DEPRECATED] Creation of dynamic property App\Controllers\Home::$session is deprecated in APPPATH\Controllers\Home.php on line 9.
 1 SYSTEMPATH\CodeIgniter.php(903): App\Controllers\Home->__construct()
 2 SYSTEMPATH\CodeIgniter.php(500): CodeIgniter\CodeIgniter->createController()
 3 SYSTEMPATH\CodeIgniter.php(355): CodeIgniter\CodeIgniter->handleRequest(null, Object(Config\Cache), false)
 4 SYSTEMPATH\Boot.php(312): CodeIgniter\CodeIgniter->run()
 5 SYSTEMPATH\Boot.php(67): CodeIgniter\Boot::runCodeIgniter(Object(CodeIgniter\CodeIgniter))
 6 FCPATH\index.php(56): CodeIgniter\Boot::bootWeb(Object(Config\Paths))
 7 SYSTEMPATH\Commands\Server\rewrite.php(49): require_once('C:\\APK\\xampp-8.2\\htdocs\\SafeToTrip\\public\\index.php')
INFO - 2024-06-02 23:45:16 --> Session: Class initialized using 'CodeIgniter\Session\Handlers\FileHandler' driver.
WARNING - 2024-06-02 23:45:16 --> [DEPRECATED] Creation of dynamic property App\Controllers\Home::$session is deprecated in APPPATH\Controllers\Home.php on line 9.
 1 SYSTEMPATH\CodeIgniter.php(903): App\Controllers\Home->__construct()
 2 SYSTEMPATH\CodeIgniter.php(500): CodeIgniter\CodeIgniter->createController()
 3 SYSTEMPATH\CodeIgniter.php(355): CodeIgniter\CodeIgniter->handleRequest(null, Object(Config\Cache), false)
 4 SYSTEMPATH\Boot.php(312): CodeIgniter\CodeIgniter->run()
 5 SYSTEMPATH\Boot.php(67): CodeIgniter\Boot::runCodeIgniter(Object(CodeIgniter\CodeIgniter))
 6 FCPATH\index.php(56): CodeIgniter\Boot::bootWeb(Object(Config\Paths))
 7 SYSTEMPATH\Commands\Server\rewrite.php(49): require_once('C:\\APK\\xampp-8.2\\htdocs\\SafeToTrip\\public\\index.php')
INFO - 2024-06-02 23:46:16 --> Session: Class initialized using 'CodeIgniter\Session\Handlers\FileHandler' driver.
INFO - 2024-06-02 23:46:33 --> Session: Class initialized using 'CodeIgniter\Session\Handlers\FileHandler' driver.
CRITICAL - 2024-06-02 23:46:33 --> Error: Cannot access protected property CodeIgniter\HTTP\IncomingRequest::$uri
[Method: GET, Route: admin/fasilitas]
in APPPATH\Filters\RoleFilter.php on line 15.
 1 SYSTEMPATH\Filters\Filters.php(203): App\Filters\RoleFilter->before(Object(CodeIgniter\HTTP\IncomingRequest), null)
 2 SYSTEMPATH\Filters\Filters.php(184): CodeIgniter\Filters\Filters->runBefore([...])
 3 SYSTEMPATH\CodeIgniter.php(481): CodeIgniter\Filters\Filters->run('admin/fasilitas', 'before')
 4 SYSTEMPATH\CodeIgniter.php(355): CodeIgniter\CodeIgniter->handleRequest(null, Object(Config\Cache), false)
 5 SYSTEMPATH\Boot.php(312): CodeIgniter\CodeIgniter->run()
 6 SYSTEMPATH\Boot.php(67): CodeIgniter\Boot::runCodeIgniter(Object(CodeIgniter\CodeIgniter))
 7 FCPATH\index.php(56): CodeIgniter\Boot::bootWeb(Object(Config\Paths))
 8 SYSTEMPATH\Commands\Server\rewrite.php(49): require_once('C:\\APK\\xampp-8.2\\htdocs\\SafeToTrip\\public\\index.php')
INFO - 2024-06-02 23:46:35 --> Session: Class initialized using 'CodeIgniter\Session\Handlers\FileHandler' driver.
CRITICAL - 2024-06-02 23:46:35 --> Error: Cannot access protected property CodeIgniter\HTTP\IncomingRequest::$uri
[Method: GET, Route: admin/fasilitas]
in APPPATH\Filters\RoleFilter.php on line 15.
 1 SYSTEMPATH\Filters\Filters.php(203): App\Filters\RoleFilter->before(Object(CodeIgniter\HTTP\IncomingRequest), null)
 2 SYSTEMPATH\Filters\Filters.php(184): CodeIgniter\Filters\Filters->runBefore([...])
 3 SYSTEMPATH\CodeIgniter.php(481): CodeIgniter\Filters\Filters->run('admin/fasilitas', 'before')
 4 SYSTEMPATH\CodeIgniter.php(355): CodeIgniter\CodeIgniter->handleRequest(null, Object(Config\Cache), false)
 5 SYSTEMPATH\Boot.php(312): CodeIgniter\CodeIgniter->run()
 6 SYSTEMPATH\Boot.php(67): CodeIgniter\Boot::runCodeIgniter(Object(CodeIgniter\CodeIgniter))
 7 FCPATH\index.php(56): CodeIgniter\Boot::bootWeb(Object(Config\Paths))
 8 SYSTEMPATH\Commands\Server\rewrite.php(49): require_once('C:\\APK\\xampp-8.2\\htdocs\\SafeToTrip\\public\\index.php')
INFO - 2024-06-02 23:46:35 --> Session: Class initialized using 'CodeIgniter\Session\Handlers\FileHandler' driver.
CRITICAL - 2024-06-02 23:46:35 --> Error: Cannot access protected property CodeIgniter\HTTP\IncomingRequest::$uri
[Method: GET, Route: admin/fasilitas]
in APPPATH\Filters\RoleFilter.php on line 15.
 1 SYSTEMPATH\Filters\Filters.php(203): App\Filters\RoleFilter->before(Object(CodeIgniter\HTTP\IncomingRequest), null)
 2 SYSTEMPATH\Filters\Filters.php(184): CodeIgniter\Filters\Filters->runBefore([...])
 3 SYSTEMPATH\CodeIgniter.php(481): CodeIgniter\Filters\Filters->run('admin/fasilitas', 'before')
 4 SYSTEMPATH\CodeIgniter.php(355): CodeIgniter\CodeIgniter->handleRequest(null, Object(Config\Cache), false)
 5 SYSTEMPATH\Boot.php(312): CodeIgniter\CodeIgniter->run()
 6 SYSTEMPATH\Boot.php(67): CodeIgniter\Boot::runCodeIgniter(Object(CodeIgniter\CodeIgniter))
 7 FCPATH\index.php(56): CodeIgniter\Boot::bootWeb(Object(Config\Paths))
 8 SYSTEMPATH\Commands\Server\rewrite.php(49): require_once('C:\\APK\\xampp-8.2\\htdocs\\SafeToTrip\\public\\index.php')
INFO - 2024-06-02 23:46:35 --> Session: Class initialized using 'CodeIgniter\Session\Handlers\FileHandler' driver.
CRITICAL - 2024-06-02 23:46:35 --> Error: Cannot access protected property CodeIgniter\HTTP\IncomingRequest::$uri
[Method: GET, Route: admin/fasilitas]
in APPPATH\Filters\RoleFilter.php on line 15.
 1 SYSTEMPATH\Filters\Filters.php(203): App\Filters\RoleFilter->before(Object(CodeIgniter\HTTP\IncomingRequest), null)
 2 SYSTEMPATH\Filters\Filters.php(184): CodeIgniter\Filters\Filters->runBefore([...])
 3 SYSTEMPATH\CodeIgniter.php(481): CodeIgniter\Filters\Filters->run('admin/fasilitas', 'before')
 4 SYSTEMPATH\CodeIgniter.php(355): CodeIgniter\CodeIgniter->handleRequest(null, Object(Config\Cache), false)
 5 SYSTEMPATH\Boot.php(312): CodeIgniter\CodeIgniter->run()
 6 SYSTEMPATH\Boot.php(67): CodeIgniter\Boot::runCodeIgniter(Object(CodeIgniter\CodeIgniter))
 7 FCPATH\index.php(56): CodeIgniter\Boot::bootWeb(Object(Config\Paths))
 8 SYSTEMPATH\Commands\Server\rewrite.php(49): require_once('C:\\APK\\xampp-8.2\\htdocs\\SafeToTrip\\public\\index.php')
INFO - 2024-06-02 23:46:35 --> Session: Class initialized using 'CodeIgniter\Session\Handlers\FileHandler' driver.
CRITICAL - 2024-06-02 23:46:35 --> Error: Cannot access protected property CodeIgniter\HTTP\IncomingRequest::$uri
[Method: GET, Route: admin/fasilitas]
in APPPATH\Filters\RoleFilter.php on line 15.
 1 SYSTEMPATH\Filters\Filters.php(203): App\Filters\RoleFilter->before(Object(CodeIgniter\HTTP\IncomingRequest), null)
 2 SYSTEMPATH\Filters\Filters.php(184): CodeIgniter\Filters\Filters->runBefore([...])
 3 SYSTEMPATH\CodeIgniter.php(481): CodeIgniter\Filters\Filters->run('admin/fasilitas', 'before')
 4 SYSTEMPATH\CodeIgniter.php(355): CodeIgniter\CodeIgniter->handleRequest(null, Object(Config\Cache), false)
 5 SYSTEMPATH\Boot.php(312): CodeIgniter\CodeIgniter->run()
 6 SYSTEMPATH\Boot.php(67): CodeIgniter\Boot::runCodeIgniter(Object(CodeIgniter\CodeIgniter))
 7 FCPATH\index.php(56): CodeIgniter\Boot::bootWeb(Object(Config\Paths))
 8 SYSTEMPATH\Commands\Server\rewrite.php(49): require_once('C:\\APK\\xampp-8.2\\htdocs\\SafeToTrip\\public\\index.php')
INFO - 2024-06-02 23:47:30 --> Session: Class initialized using 'CodeIgniter\Session\Handlers\FileHandler' driver.
CRITICAL - 2024-06-02 23:47:30 --> Error: Cannot access protected property CodeIgniter\HTTP\IncomingRequest::$uri
[Method: GET, Route: admin/fasilitas]
in APPPATH\Filters\RoleFilter.php on line 17.
 1 SYSTEMPATH\Filters\Filters.php(203): App\Filters\RoleFilter->before(Object(CodeIgniter\HTTP\IncomingRequest), null)
 2 SYSTEMPATH\Filters\Filters.php(184): CodeIgniter\Filters\Filters->runBefore([...])
 3 SYSTEMPATH\CodeIgniter.php(481): CodeIgniter\Filters\Filters->run('admin/fasilitas', 'before')
 4 SYSTEMPATH\CodeIgniter.php(355): CodeIgniter\CodeIgniter->handleRequest(null, Object(Config\Cache), false)
 5 SYSTEMPATH\Boot.php(312): CodeIgniter\CodeIgniter->run()
 6 SYSTEMPATH\Boot.php(67): CodeIgniter\Boot::runCodeIgniter(Object(CodeIgniter\CodeIgniter))
 7 FCPATH\index.php(56): CodeIgniter\Boot::bootWeb(Object(Config\Paths))
 8 SYSTEMPATH\Commands\Server\rewrite.php(49): require_once('C:\\APK\\xampp-8.2\\htdocs\\SafeToTrip\\public\\index.php')
INFO - 2024-06-02 23:47:31 --> Session: Class initialized using 'CodeIgniter\Session\Handlers\FileHandler' driver.
CRITICAL - 2024-06-02 23:47:31 --> Error: Cannot access protected property CodeIgniter\HTTP\IncomingRequest::$uri
[Method: GET, Route: admin/fasilitas]
in APPPATH\Filters\RoleFilter.php on line 17.
 1 SYSTEMPATH\Filters\Filters.php(203): App\Filters\RoleFilter->before(Object(CodeIgniter\HTTP\IncomingRequest), null)
 2 SYSTEMPATH\Filters\Filters.php(184): CodeIgniter\Filters\Filters->runBefore([...])
 3 SYSTEMPATH\CodeIgniter.php(481): CodeIgniter\Filters\Filters->run('admin/fasilitas', 'before')
 4 SYSTEMPATH\CodeIgniter.php(355): CodeIgniter\CodeIgniter->handleRequest(null, Object(Config\Cache), false)
 5 SYSTEMPATH\Boot.php(312): CodeIgniter\CodeIgniter->run()
 6 SYSTEMPATH\Boot.php(67): CodeIgniter\Boot::runCodeIgniter(Object(CodeIgniter\CodeIgniter))
 7 FCPATH\index.php(56): CodeIgniter\Boot::bootWeb(Object(Config\Paths))
 8 SYSTEMPATH\Commands\Server\rewrite.php(49): require_once('C:\\APK\\xampp-8.2\\htdocs\\SafeToTrip\\public\\index.php')
INFO - 2024-06-02 23:47:31 --> Session: Class initialized using 'CodeIgniter\Session\Handlers\FileHandler' driver.
CRITICAL - 2024-06-02 23:47:31 --> Error: Cannot access protected property CodeIgniter\HTTP\IncomingRequest::$uri
[Method: GET, Route: admin/fasilitas]
in APPPATH\Filters\RoleFilter.php on line 17.
 1 SYSTEMPATH\Filters\Filters.php(203): App\Filters\RoleFilter->before(Object(CodeIgniter\HTTP\IncomingRequest), null)
 2 SYSTEMPATH\Filters\Filters.php(184): CodeIgniter\Filters\Filters->runBefore([...])
 3 SYSTEMPATH\CodeIgniter.php(481): CodeIgniter\Filters\Filters->run('admin/fasilitas', 'before')
 4 SYSTEMPATH\CodeIgniter.php(355): CodeIgniter\CodeIgniter->handleRequest(null, Object(Config\Cache), false)
 5 SYSTEMPATH\Boot.php(312): CodeIgniter\CodeIgniter->run()
 6 SYSTEMPATH\Boot.php(67): CodeIgniter\Boot::runCodeIgniter(Object(CodeIgniter\CodeIgniter))
 7 FCPATH\index.php(56): CodeIgniter\Boot::bootWeb(Object(Config\Paths))
 8 SYSTEMPATH\Commands\Server\rewrite.php(49): require_once('C:\\APK\\xampp-8.2\\htdocs\\SafeToTrip\\public\\index.php')
INFO - 2024-06-02 23:47:31 --> Session: Class initialized using 'CodeIgniter\Session\Handlers\FileHandler' driver.
CRITICAL - 2024-06-02 23:47:31 --> Error: Cannot access protected property CodeIgniter\HTTP\IncomingRequest::$uri
[Method: GET, Route: admin/fasilitas]
in APPPATH\Filters\RoleFilter.php on line 17.
 1 SYSTEMPATH\Filters\Filters.php(203): App\Filters\RoleFilter->before(Object(CodeIgniter\HTTP\IncomingRequest), null)
 2 SYSTEMPATH\Filters\Filters.php(184): CodeIgniter\Filters\Filters->runBefore([...])
 3 SYSTEMPATH\CodeIgniter.php(481): CodeIgniter\Filters\Filters->run('admin/fasilitas', 'before')
 4 SYSTEMPATH\CodeIgniter.php(355): CodeIgniter\CodeIgniter->handleRequest(null, Object(Config\Cache), false)
 5 SYSTEMPATH\Boot.php(312): CodeIgniter\CodeIgniter->run()
 6 SYSTEMPATH\Boot.php(67): CodeIgniter\Boot::runCodeIgniter(Object(CodeIgniter\CodeIgniter))
 7 FCPATH\index.php(56): CodeIgniter\Boot::bootWeb(Object(Config\Paths))
 8 SYSTEMPATH\Commands\Server\rewrite.php(49): require_once('C:\\APK\\xampp-8.2\\htdocs\\SafeToTrip\\public\\index.php')
INFO - 2024-06-02 23:47:32 --> Session: Class initialized using 'CodeIgniter\Session\Handlers\FileHandler' driver.
CRITICAL - 2024-06-02 23:47:32 --> Error: Cannot access protected property CodeIgniter\HTTP\IncomingRequest::$uri
[Method: GET, Route: admin/fasilitas]
in APPPATH\Filters\RoleFilter.php on line 17.
 1 SYSTEMPATH\Filters\Filters.php(203): App\Filters\RoleFilter->before(Object(CodeIgniter\HTTP\IncomingRequest), null)
 2 SYSTEMPATH\Filters\Filters.php(184): CodeIgniter\Filters\Filters->runBefore([...])
 3 SYSTEMPATH\CodeIgniter.php(481): CodeIgniter\Filters\Filters->run('admin/fasilitas', 'before')
 4 SYSTEMPATH\CodeIgniter.php(355): CodeIgniter\CodeIgniter->handleRequest(null, Object(Config\Cache), false)
 5 SYSTEMPATH\Boot.php(312): CodeIgniter\CodeIgniter->run()
 6 SYSTEMPATH\Boot.php(67): CodeIgniter\Boot::runCodeIgniter(Object(CodeIgniter\CodeIgniter))
 7 FCPATH\index.php(56): CodeIgniter\Boot::bootWeb(Object(Config\Paths))
 8 SYSTEMPATH\Commands\Server\rewrite.php(49): require_once('C:\\APK\\xampp-8.2\\htdocs\\SafeToTrip\\public\\index.php')
INFO - 2024-06-02 23:47:32 --> Session: Class initialized using 'CodeIgniter\Session\Handlers\FileHandler' driver.
CRITICAL - 2024-06-02 23:47:32 --> Error: Cannot access protected property CodeIgniter\HTTP\IncomingRequest::$uri
[Method: GET, Route: admin/fasilitas]
in APPPATH\Filters\RoleFilter.php on line 17.
 1 SYSTEMPATH\Filters\Filters.php(203): App\Filters\RoleFilter->before(Object(CodeIgniter\HTTP\IncomingRequest), null)
 2 SYSTEMPATH\Filters\Filters.php(184): CodeIgniter\Filters\Filters->runBefore([...])
 3 SYSTEMPATH\CodeIgniter.php(481): CodeIgniter\Filters\Filters->run('admin/fasilitas', 'before')
 4 SYSTEMPATH\CodeIgniter.php(355): CodeIgniter\CodeIgniter->handleRequest(null, Object(Config\Cache), false)
 5 SYSTEMPATH\Boot.php(312): CodeIgniter\CodeIgniter->run()
 6 SYSTEMPATH\Boot.php(67): CodeIgniter\Boot::runCodeIgniter(Object(CodeIgniter\CodeIgniter))
 7 FCPATH\index.php(56): CodeIgniter\Boot::bootWeb(Object(Config\Paths))
 8 SYSTEMPATH\Commands\Server\rewrite.php(49): require_once('C:\\APK\\xampp-8.2\\htdocs\\SafeToTrip\\public\\index.php')
INFO - 2024-06-02 23:47:32 --> Session: Class initialized using 'CodeIgniter\Session\Handlers\FileHandler' driver.
CRITICAL - 2024-06-02 23:47:32 --> Error: Cannot access protected property CodeIgniter\HTTP\IncomingRequest::$uri
[Method: GET, Route: admin/fasilitas]
in APPPATH\Filters\RoleFilter.php on line 17.
 1 SYSTEMPATH\Filters\Filters.php(203): App\Filters\RoleFilter->before(Object(CodeIgniter\HTTP\IncomingRequest), null)
 2 SYSTEMPATH\Filters\Filters.php(184): CodeIgniter\Filters\Filters->runBefore([...])
 3 SYSTEMPATH\CodeIgniter.php(481): CodeIgniter\Filters\Filters->run('admin/fasilitas', 'before')
 4 SYSTEMPATH\CodeIgniter.php(355): CodeIgniter\CodeIgniter->handleRequest(null, Object(Config\Cache), false)
 5 SYSTEMPATH\Boot.php(312): CodeIgniter\CodeIgniter->run()
 6 SYSTEMPATH\Boot.php(67): CodeIgniter\Boot::runCodeIgniter(Object(CodeIgniter\CodeIgniter))
 7 FCPATH\index.php(56): CodeIgniter\Boot::bootWeb(Object(Config\Paths))
 8 SYSTEMPATH\Commands\Server\rewrite.php(49): require_once('C:\\APK\\xampp-8.2\\htdocs\\SafeToTrip\\public\\index.php')
INFO - 2024-06-02 23:47:32 --> Session: Class initialized using 'CodeIgniter\Session\Handlers\FileHandler' driver.
CRITICAL - 2024-06-02 23:47:32 --> Error: Cannot access protected property CodeIgniter\HTTP\IncomingRequest::$uri
[Method: GET, Route: admin/fasilitas]
in APPPATH\Filters\RoleFilter.php on line 17.
 1 SYSTEMPATH\Filters\Filters.php(203): App\Filters\RoleFilter->before(Object(CodeIgniter\HTTP\IncomingRequest), null)
 2 SYSTEMPATH\Filters\Filters.php(184): CodeIgniter\Filters\Filters->runBefore([...])
 3 SYSTEMPATH\CodeIgniter.php(481): CodeIgniter\Filters\Filters->run('admin/fasilitas', 'before')
 4 SYSTEMPATH\CodeIgniter.php(355): CodeIgniter\CodeIgniter->handleRequest(null, Object(Config\Cache), false)
 5 SYSTEMPATH\Boot.php(312): CodeIgniter\CodeIgniter->run()
 6 SYSTEMPATH\Boot.php(67): CodeIgniter\Boot::runCodeIgniter(Object(CodeIgniter\CodeIgniter))
 7 FCPATH\index.php(56): CodeIgniter\Boot::bootWeb(Object(Config\Paths))
 8 SYSTEMPATH\Commands\Server\rewrite.php(49): require_once('C:\\APK\\xampp-8.2\\htdocs\\SafeToTrip\\public\\index.php')
INFO - 2024-06-02 23:48:07 --> Session: Class initialized using 'CodeIgniter\Session\Handlers\FileHandler' driver.
CRITICAL - 2024-06-02 23:48:07 --> Error: Cannot access protected property CodeIgniter\HTTP\IncomingRequest::$uri
[Method: GET, Route: admin/fasilitas]
in APPPATH\Filters\RoleFilter.php on line 17.
 1 SYSTEMPATH\Filters\Filters.php(203): App\Filters\RoleFilter->before(Object(CodeIgniter\HTTP\IncomingRequest), null)
 2 SYSTEMPATH\Filters\Filters.php(184): CodeIgniter\Filters\Filters->runBefore([...])
 3 SYSTEMPATH\CodeIgniter.php(481): CodeIgniter\Filters\Filters->run('admin/fasilitas', 'before')
 4 SYSTEMPATH\CodeIgniter.php(355): CodeIgniter\CodeIgniter->handleRequest(null, Object(Config\Cache), false)
 5 SYSTEMPATH\Boot.php(312): CodeIgniter\CodeIgniter->run()
 6 SYSTEMPATH\Boot.php(67): CodeIgniter\Boot::runCodeIgniter(Object(CodeIgniter\CodeIgniter))
 7 FCPATH\index.php(56): CodeIgniter\Boot::bootWeb(Object(Config\Paths))
 8 SYSTEMPATH\Commands\Server\rewrite.php(49): require_once('C:\\APK\\xampp-8.2\\htdocs\\SafeToTrip\\public\\index.php')
INFO - 2024-06-02 23:48:08 --> Session: Class initialized using 'CodeIgniter\Session\Handlers\FileHandler' driver.
CRITICAL - 2024-06-02 23:48:08 --> Error: Cannot access protected property CodeIgniter\HTTP\IncomingRequest::$uri
[Method: GET, Route: admin/fasilitas]
in APPPATH\Filters\RoleFilter.php on line 17.
 1 SYSTEMPATH\Filters\Filters.php(203): App\Filters\RoleFilter->before(Object(CodeIgniter\HTTP\IncomingRequest), null)
 2 SYSTEMPATH\Filters\Filters.php(184): CodeIgniter\Filters\Filters->runBefore([...])
 3 SYSTEMPATH\CodeIgniter.php(481): CodeIgniter\Filters\Filters->run('admin/fasilitas', 'before')
 4 SYSTEMPATH\CodeIgniter.php(355): CodeIgniter\CodeIgniter->handleRequest(null, Object(Config\Cache), false)
 5 SYSTEMPATH\Boot.php(312): CodeIgniter\CodeIgniter->run()
 6 SYSTEMPATH\Boot.php(67): CodeIgniter\Boot::runCodeIgniter(Object(CodeIgniter\CodeIgniter))
 7 FCPATH\index.php(56): CodeIgniter\Boot::bootWeb(Object(Config\Paths))
 8 SYSTEMPATH\Commands\Server\rewrite.php(49): require_once('C:\\APK\\xampp-8.2\\htdocs\\SafeToTrip\\public\\index.php')
INFO - 2024-06-02 23:48:08 --> Session: Class initialized using 'CodeIgniter\Session\Handlers\FileHandler' driver.
CRITICAL - 2024-06-02 23:48:08 --> Error: Cannot access protected property CodeIgniter\HTTP\IncomingRequest::$uri
[Method: GET, Route: admin/fasilitas]
in APPPATH\Filters\RoleFilter.php on line 17.
 1 SYSTEMPATH\Filters\Filters.php(203): App\Filters\RoleFilter->before(Object(CodeIgniter\HTTP\IncomingRequest), null)
 2 SYSTEMPATH\Filters\Filters.php(184): CodeIgniter\Filters\Filters->runBefore([...])
 3 SYSTEMPATH\CodeIgniter.php(481): CodeIgniter\Filters\Filters->run('admin/fasilitas', 'before')
 4 SYSTEMPATH\CodeIgniter.php(355): CodeIgniter\CodeIgniter->handleRequest(null, Object(Config\Cache), false)
 5 SYSTEMPATH\Boot.php(312): CodeIgniter\CodeIgniter->run()
 6 SYSTEMPATH\Boot.php(67): CodeIgniter\Boot::runCodeIgniter(Object(CodeIgniter\CodeIgniter))
 7 FCPATH\index.php(56): CodeIgniter\Boot::bootWeb(Object(Config\Paths))
 8 SYSTEMPATH\Commands\Server\rewrite.php(49): require_once('C:\\APK\\xampp-8.2\\htdocs\\SafeToTrip\\public\\index.php')
INFO - 2024-06-02 23:48:08 --> Session: Class initialized using 'CodeIgniter\Session\Handlers\FileHandler' driver.
CRITICAL - 2024-06-02 23:48:08 --> Error: Cannot access protected property CodeIgniter\HTTP\IncomingRequest::$uri
[Method: GET, Route: admin/fasilitas]
in APPPATH\Filters\RoleFilter.php on line 17.
 1 SYSTEMPATH\Filters\Filters.php(203): App\Filters\RoleFilter->before(Object(CodeIgniter\HTTP\IncomingRequest), null)
 2 SYSTEMPATH\Filters\Filters.php(184): CodeIgniter\Filters\Filters->runBefore([...])
 3 SYSTEMPATH\CodeIgniter.php(481): CodeIgniter\Filters\Filters->run('admin/fasilitas', 'before')
 4 SYSTEMPATH\CodeIgniter.php(355): CodeIgniter\CodeIgniter->handleRequest(null, Object(Config\Cache), false)
 5 SYSTEMPATH\Boot.php(312): CodeIgniter\CodeIgniter->run()
 6 SYSTEMPATH\Boot.php(67): CodeIgniter\Boot::runCodeIgniter(Object(CodeIgniter\CodeIgniter))
 7 FCPATH\index.php(56): CodeIgniter\Boot::bootWeb(Object(Config\Paths))
 8 SYSTEMPATH\Commands\Server\rewrite.php(49): require_once('C:\\APK\\xampp-8.2\\htdocs\\SafeToTrip\\public\\index.php')
INFO - 2024-06-02 23:48:09 --> Session: Class initialized using 'CodeIgniter\Session\Handlers\FileHandler' driver.
CRITICAL - 2024-06-02 23:48:09 --> Error: Cannot access protected property CodeIgniter\HTTP\IncomingRequest::$uri
[Method: GET, Route: admin/fasilitas]
in APPPATH\Filters\RoleFilter.php on line 17.
 1 SYSTEMPATH\Filters\Filters.php(203): App\Filters\RoleFilter->before(Object(CodeIgniter\HTTP\IncomingRequest), null)
 2 SYSTEMPATH\Filters\Filters.php(184): CodeIgniter\Filters\Filters->runBefore([...])
 3 SYSTEMPATH\CodeIgniter.php(481): CodeIgniter\Filters\Filters->run('admin/fasilitas', 'before')
 4 SYSTEMPATH\CodeIgniter.php(355): CodeIgniter\CodeIgniter->handleRequest(null, Object(Config\Cache), false)
 5 SYSTEMPATH\Boot.php(312): CodeIgniter\CodeIgniter->run()
 6 SYSTEMPATH\Boot.php(67): CodeIgniter\Boot::runCodeIgniter(Object(CodeIgniter\CodeIgniter))
 7 FCPATH\index.php(56): CodeIgniter\Boot::bootWeb(Object(Config\Paths))
 8 SYSTEMPATH\Commands\Server\rewrite.php(49): require_once('C:\\APK\\xampp-8.2\\htdocs\\SafeToTrip\\public\\index.php')
INFO - 2024-06-02 23:48:09 --> Session: Class initialized using 'CodeIgniter\Session\Handlers\FileHandler' driver.
CRITICAL - 2024-06-02 23:48:09 --> Error: Cannot access protected property CodeIgniter\HTTP\IncomingRequest::$uri
[Method: GET, Route: admin/fasilitas]
in APPPATH\Filters\RoleFilter.php on line 17.
 1 SYSTEMPATH\Filters\Filters.php(203): App\Filters\RoleFilter->before(Object(CodeIgniter\HTTP\IncomingRequest), null)
 2 SYSTEMPATH\Filters\Filters.php(184): CodeIgniter\Filters\Filters->runBefore([...])
 3 SYSTEMPATH\CodeIgniter.php(481): CodeIgniter\Filters\Filters->run('admin/fasilitas', 'before')
 4 SYSTEMPATH\CodeIgniter.php(355): CodeIgniter\CodeIgniter->handleRequest(null, Object(Config\Cache), false)
 5 SYSTEMPATH\Boot.php(312): CodeIgniter\CodeIgniter->run()
 6 SYSTEMPATH\Boot.php(67): CodeIgniter\Boot::runCodeIgniter(Object(CodeIgniter\CodeIgniter))
 7 FCPATH\index.php(56): CodeIgniter\Boot::bootWeb(Object(Config\Paths))
 8 SYSTEMPATH\Commands\Server\rewrite.php(49): require_once('C:\\APK\\xampp-8.2\\htdocs\\SafeToTrip\\public\\index.php')
INFO - 2024-06-02 23:48:09 --> Session: Class initialized using 'CodeIgniter\Session\Handlers\FileHandler' driver.
CRITICAL - 2024-06-02 23:48:09 --> Error: Cannot access protected property CodeIgniter\HTTP\IncomingRequest::$uri
[Method: GET, Route: admin/fasilitas]
in APPPATH\Filters\RoleFilter.php on line 17.
 1 SYSTEMPATH\Filters\Filters.php(203): App\Filters\RoleFilter->before(Object(CodeIgniter\HTTP\IncomingRequest), null)
 2 SYSTEMPATH\Filters\Filters.php(184): CodeIgniter\Filters\Filters->runBefore([...])
 3 SYSTEMPATH\CodeIgniter.php(481): CodeIgniter\Filters\Filters->run('admin/fasilitas', 'before')
 4 SYSTEMPATH\CodeIgniter.php(355): CodeIgniter\CodeIgniter->handleRequest(null, Object(Config\Cache), false)
 5 SYSTEMPATH\Boot.php(312): CodeIgniter\CodeIgniter->run()
 6 SYSTEMPATH\Boot.php(67): CodeIgniter\Boot::runCodeIgniter(Object(CodeIgniter\CodeIgniter))
 7 FCPATH\index.php(56): CodeIgniter\Boot::bootWeb(Object(Config\Paths))
 8 SYSTEMPATH\Commands\Server\rewrite.php(49): require_once('C:\\APK\\xampp-8.2\\htdocs\\SafeToTrip\\public\\index.php')
INFO - 2024-06-02 23:48:09 --> Session: Class initialized using 'CodeIgniter\Session\Handlers\FileHandler' driver.
CRITICAL - 2024-06-02 23:48:09 --> Error: Cannot access protected property CodeIgniter\HTTP\IncomingRequest::$uri
[Method: GET, Route: admin/fasilitas]
in APPPATH\Filters\RoleFilter.php on line 17.
 1 SYSTEMPATH\Filters\Filters.php(203): App\Filters\RoleFilter->before(Object(CodeIgniter\HTTP\IncomingRequest), null)
 2 SYSTEMPATH\Filters\Filters.php(184): CodeIgniter\Filters\Filters->runBefore([...])
 3 SYSTEMPATH\CodeIgniter.php(481): CodeIgniter\Filters\Filters->run('admin/fasilitas', 'before')
 4 SYSTEMPATH\CodeIgniter.php(355): CodeIgniter\CodeIgniter->handleRequest(null, Object(Config\Cache), false)
 5 SYSTEMPATH\Boot.php(312): CodeIgniter\CodeIgniter->run()
 6 SYSTEMPATH\Boot.php(67): CodeIgniter\Boot::runCodeIgniter(Object(CodeIgniter\CodeIgniter))
 7 FCPATH\index.php(56): CodeIgniter\Boot::bootWeb(Object(Config\Paths))
 8 SYSTEMPATH\Commands\Server\rewrite.php(49): require_once('C:\\APK\\xampp-8.2\\htdocs\\SafeToTrip\\public\\index.php')
INFO - 2024-06-02 23:52:07 --> Session: Class initialized using 'CodeIgniter\Session\Handlers\FileHandler' driver.
INFO - 2024-06-02 23:52:07 --> Session: Class initialized using 'CodeIgniter\Session\Handlers\FileHandler' driver.
WARNING - 2024-06-02 23:52:07 --> [DEPRECATED] Creation of dynamic property App\Controllers\Home::$session is deprecated in APPPATH\Controllers\Home.php on line 9.
 1 SYSTEMPATH\CodeIgniter.php(903): App\Controllers\Home->__construct()
 2 SYSTEMPATH\CodeIgniter.php(500): CodeIgniter\CodeIgniter->createController()
 3 SYSTEMPATH\CodeIgniter.php(355): CodeIgniter\CodeIgniter->handleRequest(null, Object(Config\Cache), false)
 4 SYSTEMPATH\Boot.php(312): CodeIgniter\CodeIgniter->run()
 5 SYSTEMPATH\Boot.php(67): CodeIgniter\Boot::runCodeIgniter(Object(CodeIgniter\CodeIgniter))
 6 FCPATH\index.php(56): CodeIgniter\Boot::bootWeb(Object(Config\Paths))
 7 SYSTEMPATH\Commands\Server\rewrite.php(49): require_once('C:\\APK\\xampp-8.2\\htdocs\\SafeToTrip\\public\\index.php')
INFO - 2024-06-02 23:52:08 --> Session: Class initialized using 'CodeIgniter\Session\Handlers\FileHandler' driver.
WARNING - 2024-06-02 23:52:08 --> [DEPRECATED] Creation of dynamic property App\Controllers\Home::$session is deprecated in APPPATH\Controllers\Home.php on line 9.
 1 SYSTEMPATH\CodeIgniter.php(903): App\Controllers\Home->__construct()
 2 SYSTEMPATH\CodeIgniter.php(500): CodeIgniter\CodeIgniter->createController()
 3 SYSTEMPATH\CodeIgniter.php(355): CodeIgniter\CodeIgniter->handleRequest(null, Object(Config\Cache), false)
 4 SYSTEMPATH\Boot.php(312): CodeIgniter\CodeIgniter->run()
 5 SYSTEMPATH\Boot.php(67): CodeIgniter\Boot::runCodeIgniter(Object(CodeIgniter\CodeIgniter))
 6 FCPATH\index.php(56): CodeIgniter\Boot::bootWeb(Object(Config\Paths))
 7 SYSTEMPATH\Commands\Server\rewrite.php(49): require_once('C:\\APK\\xampp-8.2\\htdocs\\SafeToTrip\\public\\index.php')
INFO - 2024-06-02 23:52:12 --> Session: Class initialized using 'CodeIgniter\Session\Handlers\FileHandler' driver.
WARNING - 2024-06-02 23:52:12 --> [DEPRECATED] Creation of dynamic property App\Controllers\Home::$session is deprecated in APPPATH\Controllers\Home.php on line 9.
 1 SYSTEMPATH\CodeIgniter.php(903): App\Controllers\Home->__construct()
 2 SYSTEMPATH\CodeIgniter.php(500): CodeIgniter\CodeIgniter->createController()
 3 SYSTEMPATH\CodeIgniter.php(355): CodeIgniter\CodeIgniter->handleRequest(null, Object(Config\Cache), false)
 4 SYSTEMPATH\Boot.php(312): CodeIgniter\CodeIgniter->run()
 5 SYSTEMPATH\Boot.php(67): CodeIgniter\Boot::runCodeIgniter(Object(CodeIgniter\CodeIgniter))
 6 FCPATH\index.php(56): CodeIgniter\Boot::bootWeb(Object(Config\Paths))
 7 SYSTEMPATH\Commands\Server\rewrite.php(49): require_once('C:\\APK\\xampp-8.2\\htdocs\\SafeToTrip\\public\\index.php')
INFO - 2024-06-02 23:52:13 --> Session: Class initialized using 'CodeIgniter\Session\Handlers\FileHandler' driver.
WARNING - 2024-06-02 23:52:13 --> [DEPRECATED] Creation of dynamic property App\Controllers\Home::$session is deprecated in APPPATH\Controllers\Home.php on line 9.
 1 SYSTEMPATH\CodeIgniter.php(903): App\Controllers\Home->__construct()
 2 SYSTEMPATH\CodeIgniter.php(500): CodeIgniter\CodeIgniter->createController()
 3 SYSTEMPATH\CodeIgniter.php(355): CodeIgniter\CodeIgniter->handleRequest(null, Object(Config\Cache), false)
 4 SYSTEMPATH\Boot.php(312): CodeIgniter\CodeIgniter->run()
 5 SYSTEMPATH\Boot.php(67): CodeIgniter\Boot::runCodeIgniter(Object(CodeIgniter\CodeIgniter))
 6 FCPATH\index.php(56): CodeIgniter\Boot::bootWeb(Object(Config\Paths))
 7 SYSTEMPATH\Commands\Server\rewrite.php(49): require_once('C:\\APK\\xampp-8.2\\htdocs\\SafeToTrip\\public\\index.php')
INFO - 2024-06-02 23:52:13 --> Session: Class initialized using 'CodeIgniter\Session\Handlers\FileHandler' driver.
WARNING - 2024-06-02 23:52:13 --> [DEPRECATED] Creation of dynamic property App\Controllers\Home::$session is deprecated in APPPATH\Controllers\Home.php on line 9.
 1 SYSTEMPATH\CodeIgniter.php(903): App\Controllers\Home->__construct()
 2 SYSTEMPATH\CodeIgniter.php(500): CodeIgniter\CodeIgniter->createController()
 3 SYSTEMPATH\CodeIgniter.php(355): CodeIgniter\CodeIgniter->handleRequest(null, Object(Config\Cache), false)
 4 SYSTEMPATH\Boot.php(312): CodeIgniter\CodeIgniter->run()
 5 SYSTEMPATH\Boot.php(67): CodeIgniter\Boot::runCodeIgniter(Object(CodeIgniter\CodeIgniter))
 6 FCPATH\index.php(56): CodeIgniter\Boot::bootWeb(Object(Config\Paths))
 7 SYSTEMPATH\Commands\Server\rewrite.php(49): require_once('C:\\APK\\xampp-8.2\\htdocs\\SafeToTrip\\public\\index.php')
INFO - 2024-06-02 23:52:19 --> Session: Class initialized using 'CodeIgniter\Session\Handlers\FileHandler' driver.
WARNING - 2024-06-02 23:52:19 --> [DEPRECATED] Creation of dynamic property App\Controllers\Login::$session is deprecated in APPPATH\Controllers\Login.php on line 12.
 1 SYSTEMPATH\CodeIgniter.php(903): App\Controllers\Login->__construct()
 2 SYSTEMPATH\CodeIgniter.php(500): CodeIgniter\CodeIgniter->createController()
 3 SYSTEMPATH\CodeIgniter.php(355): CodeIgniter\CodeIgniter->handleRequest(null, Object(Config\Cache), false)
 4 SYSTEMPATH\Boot.php(312): CodeIgniter\CodeIgniter->run()
 5 SYSTEMPATH\Boot.php(67): CodeIgniter\Boot::runCodeIgniter(Object(CodeIgniter\CodeIgniter))
 6 FCPATH\index.php(56): CodeIgniter\Boot::bootWeb(Object(Config\Paths))
 7 SYSTEMPATH\Commands\Server\rewrite.php(49): require_once('C:\\APK\\xampp-8.2\\htdocs\\SafeToTrip\\public\\index.php')
INFO - 2024-06-02 23:52:19 --> Session: Class initialized using 'CodeIgniter\Session\Handlers\FileHandler' driver.
WARNING - 2024-06-02 23:52:19 --> [DEPRECATED] Creation of dynamic property App\Controllers\Login::$session is deprecated in APPPATH\Controllers\Login.php on line 12.
 1 SYSTEMPATH\CodeIgniter.php(903): App\Controllers\Login->__construct()
 2 SYSTEMPATH\CodeIgniter.php(500): CodeIgniter\CodeIgniter->createController()
 3 SYSTEMPATH\CodeIgniter.php(355): CodeIgniter\CodeIgniter->handleRequest(null, Object(Config\Cache), false)
 4 SYSTEMPATH\Boot.php(312): CodeIgniter\CodeIgniter->run()
 5 SYSTEMPATH\Boot.php(67): CodeIgniter\Boot::runCodeIgniter(Object(CodeIgniter\CodeIgniter))
 6 FCPATH\index.php(56): CodeIgniter\Boot::bootWeb(Object(Config\Paths))
 7 SYSTEMPATH\Commands\Server\rewrite.php(49): require_once('C:\\APK\\xampp-8.2\\htdocs\\SafeToTrip\\public\\index.php')
INFO - 2024-06-02 23:52:38 --> Session: Class initialized using 'CodeIgniter\Session\Handlers\FileHandler' driver.
WARNING - 2024-06-02 23:52:38 --> [DEPRECATED] Creation of dynamic property App\Controllers\Login::$session is deprecated in APPPATH\Controllers\Login.php on line 12.
 1 SYSTEMPATH\CodeIgniter.php(903): App\Controllers\Login->__construct()
 2 SYSTEMPATH\CodeIgniter.php(500): CodeIgniter\CodeIgniter->createController()
 3 SYSTEMPATH\CodeIgniter.php(355): CodeIgniter\CodeIgniter->handleRequest(null, Object(Config\Cache), false)
 4 SYSTEMPATH\Boot.php(312): CodeIgniter\CodeIgniter->run()
 5 SYSTEMPATH\Boot.php(67): CodeIgniter\Boot::runCodeIgniter(Object(CodeIgniter\CodeIgniter))
 6 FCPATH\index.php(56): CodeIgniter\Boot::bootWeb(Object(Config\Paths))
 7 SYSTEMPATH\Commands\Server\rewrite.php(49): require_once('C:\\APK\\xampp-8.2\\htdocs\\SafeToTrip\\public\\index.php')
INFO - 2024-06-02 23:52:38 --> Session: Class initialized using 'CodeIgniter\Session\Handlers\FileHandler' driver.
WARNING - 2024-06-02 23:52:38 --> [DEPRECATED] Creation of dynamic property App\Controllers\Home::$session is deprecated in APPPATH\Controllers\Home.php on line 9.
 1 SYSTEMPATH\CodeIgniter.php(903): App\Controllers\Home->__construct()
 2 SYSTEMPATH\CodeIgniter.php(500): CodeIgniter\CodeIgniter->createController()
 3 SYSTEMPATH\CodeIgniter.php(355): CodeIgniter\CodeIgniter->handleRequest(null, Object(Config\Cache), false)
 4 SYSTEMPATH\Boot.php(312): CodeIgniter\CodeIgniter->run()
 5 SYSTEMPATH\Boot.php(67): CodeIgniter\Boot::runCodeIgniter(Object(CodeIgniter\CodeIgniter))
 6 FCPATH\index.php(56): CodeIgniter\Boot::bootWeb(Object(Config\Paths))
 7 SYSTEMPATH\Commands\Server\rewrite.php(49): require_once('C:\\APK\\xampp-8.2\\htdocs\\SafeToTrip\\public\\index.php')
INFO - 2024-06-02 23:52:44 --> Session: Class initialized using 'CodeIgniter\Session\Handlers\FileHandler' driver.
INFO - 2024-06-02 23:52:44 --> Session: Class initialized using 'CodeIgniter\Session\Handlers\FileHandler' driver.
WARNING - 2024-06-02 23:52:44 --> [DEPRECATED] Creation of dynamic property App\Controllers\Home::$session is deprecated in APPPATH\Controllers\Home.php on line 9.
 1 SYSTEMPATH\CodeIgniter.php(903): App\Controllers\Home->__construct()
 2 SYSTEMPATH\CodeIgniter.php(500): CodeIgniter\CodeIgniter->createController()
 3 SYSTEMPATH\CodeIgniter.php(355): CodeIgniter\CodeIgniter->handleRequest(null, Object(Config\Cache), false)
 4 SYSTEMPATH\Boot.php(312): CodeIgniter\CodeIgniter->run()
 5 SYSTEMPATH\Boot.php(67): CodeIgniter\Boot::runCodeIgniter(Object(CodeIgniter\CodeIgniter))
 6 FCPATH\index.php(56): CodeIgniter\Boot::bootWeb(Object(Config\Paths))
 7 SYSTEMPATH\Commands\Server\rewrite.php(49): require_once('C:\\APK\\xampp-8.2\\htdocs\\SafeToTrip\\public\\index.php')
INFO - 2024-06-02 23:52:48 --> Session: Class initialized using 'CodeIgniter\Session\Handlers\FileHandler' driver.
WARNING - 2024-06-02 23:52:48 --> [DEPRECATED] Creation of dynamic property App\Controllers\Home::$session is deprecated in APPPATH\Controllers\Home.php on line 9.
 1 SYSTEMPATH\CodeIgniter.php(903): App\Controllers\Home->__construct()
 2 SYSTEMPATH\CodeIgniter.php(500): CodeIgniter\CodeIgniter->createController()
 3 SYSTEMPATH\CodeIgniter.php(355): CodeIgniter\CodeIgniter->handleRequest(null, Object(Config\Cache), false)
 4 SYSTEMPATH\Boot.php(312): CodeIgniter\CodeIgniter->run()
 5 SYSTEMPATH\Boot.php(67): CodeIgniter\Boot::runCodeIgniter(Object(CodeIgniter\CodeIgniter))
 6 FCPATH\index.php(56): CodeIgniter\Boot::bootWeb(Object(Config\Paths))
 7 SYSTEMPATH\Commands\Server\rewrite.php(49): require_once('C:\\APK\\xampp-8.2\\htdocs\\SafeToTrip\\public\\index.php')
INFO - 2024-06-02 23:53:17 --> Session: Class initialized using 'CodeIgniter\Session\Handlers\FileHandler' driver.
WARNING - 2024-06-02 23:53:17 --> [DEPRECATED] Creation of dynamic property App\Controllers\Home::$session is deprecated in APPPATH\Controllers\Home.php on line 9.
 1 SYSTEMPATH\CodeIgniter.php(903): App\Controllers\Home->__construct()
 2 SYSTEMPATH\CodeIgniter.php(500): CodeIgniter\CodeIgniter->createController()
 3 SYSTEMPATH\CodeIgniter.php(355): CodeIgniter\CodeIgniter->handleRequest(null, Object(Config\Cache), false)
 4 SYSTEMPATH\Boot.php(312): CodeIgniter\CodeIgniter->run()
 5 SYSTEMPATH\Boot.php(67): CodeIgniter\Boot::runCodeIgniter(Object(CodeIgniter\CodeIgniter))
 6 FCPATH\index.php(56): CodeIgniter\Boot::bootWeb(Object(Config\Paths))
 7 SYSTEMPATH\Commands\Server\rewrite.php(49): require_once('C:\\APK\\xampp-8.2\\htdocs\\SafeToTrip\\public\\index.php')
CRITICAL - 2024-06-02 23:53:17 --> TypeError: CodeIgniter\HTTP\SiteURI::stringifyRelativePath(): Return value must be of type string, bool returned
[Method: GET, Route: dashboard]
in SYSTEMPATH\HTTP\SiteURI.php on line 407.
 1 SYSTEMPATH\HTTP\SiteURI.php(381): CodeIgniter\HTTP\SiteURI->stringifyRelativePath(false)
 2 SYSTEMPATH\Helpers\url_helper.php(59): CodeIgniter\HTTP\SiteURI->baseUrl(false, null)
 3 APPPATH\Views\temp_adminpage\sidebar.php(32): base_url(false)
 4 SYSTEMPATH\View\View.php(234): include('C:\\APK\\xampp-8.2\\htdocs\\SafeToTrip\\app\\Views\\temp_adminpage\\sidebar.php')
 5 SYSTEMPATH\View\View.php(237): CodeIgniter\View\View->CodeIgniter\View\{closure}()
 6 SYSTEMPATH\View\View.php(484): CodeIgniter\View\View->render('temp_adminpage/sidebar', null, true)
 7 APPPATH\Views\adminpage\index.php(2): CodeIgniter\View\View->include('temp_adminpage/sidebar')
 8 SYSTEMPATH\View\View.php(234): include('C:\\APK\\xampp-8.2\\htdocs\\SafeToTrip\\app\\Views\\adminpage\\index.php')
 9 SYSTEMPATH\View\View.php(237): CodeIgniter\View\View->CodeIgniter\View\{closure}()
10 SYSTEMPATH\Common.php(1171): CodeIgniter\View\View->render('adminpage/index', [], true)
11 APPPATH\Controllers\Home.php(35): view('adminpage/index', [...])
12 SYSTEMPATH\CodeIgniter.php(933): App\Controllers\Home->adminpage()
13 SYSTEMPATH\CodeIgniter.php(509): CodeIgniter\CodeIgniter->runController(Object(App\Controllers\Home))
14 SYSTEMPATH\CodeIgniter.php(355): CodeIgniter\CodeIgniter->handleRequest(null, Object(Config\Cache), false)
15 SYSTEMPATH\Boot.php(312): CodeIgniter\CodeIgniter->run()
16 SYSTEMPATH\Boot.php(67): CodeIgniter\Boot::runCodeIgniter(Object(CodeIgniter\CodeIgniter))
17 FCPATH\index.php(56): CodeIgniter\Boot::bootWeb(Object(Config\Paths))
18 SYSTEMPATH\Commands\Server\rewrite.php(49): require_once('C:\\APK\\xampp-8.2\\htdocs\\SafeToTrip\\public\\index.php')
INFO - 2024-06-02 23:53:43 --> Session: Class initialized using 'CodeIgniter\Session\Handlers\FileHandler' driver.
WARNING - 2024-06-02 23:53:43 --> [DEPRECATED] Creation of dynamic property App\Controllers\Home::$session is deprecated in APPPATH\Controllers\Home.php on line 9.
 1 SYSTEMPATH\CodeIgniter.php(903): App\Controllers\Home->__construct()
 2 SYSTEMPATH\CodeIgniter.php(500): CodeIgniter\CodeIgniter->createController()
 3 SYSTEMPATH\CodeIgniter.php(355): CodeIgniter\CodeIgniter->handleRequest(null, Object(Config\Cache), false)
 4 SYSTEMPATH\Boot.php(312): CodeIgniter\CodeIgniter->run()
 5 SYSTEMPATH\Boot.php(67): CodeIgniter\Boot::runCodeIgniter(Object(CodeIgniter\CodeIgniter))
 6 FCPATH\index.php(56): CodeIgniter\Boot::bootWeb(Object(Config\Paths))
 7 SYSTEMPATH\Commands\Server\rewrite.php(49): require_once('C:\\APK\\xampp-8.2\\htdocs\\SafeToTrip\\public\\index.php')
INFO - 2024-06-02 23:53:44 --> Session: Class initialized using 'CodeIgniter\Session\Handlers\FileHandler' driver.
WARNING - 2024-06-02 23:53:44 --> [DEPRECATED] Creation of dynamic property App\Controllers\Home::$session is deprecated in APPPATH\Controllers\Home.php on line 9.
 1 SYSTEMPATH\CodeIgniter.php(903): App\Controllers\Home->__construct()
 2 SYSTEMPATH\CodeIgniter.php(500): CodeIgniter\CodeIgniter->createController()
 3 SYSTEMPATH\CodeIgniter.php(355): CodeIgniter\CodeIgniter->handleRequest(null, Object(Config\Cache), false)
 4 SYSTEMPATH\Boot.php(312): CodeIgniter\CodeIgniter->run()
 5 SYSTEMPATH\Boot.php(67): CodeIgniter\Boot::runCodeIgniter(Object(CodeIgniter\CodeIgniter))
 6 FCPATH\index.php(56): CodeIgniter\Boot::bootWeb(Object(Config\Paths))
 7 SYSTEMPATH\Commands\Server\rewrite.php(49): require_once('C:\\APK\\xampp-8.2\\htdocs\\SafeToTrip\\public\\index.php')
INFO - 2024-06-02 23:53:45 --> Session: Class initialized using 'CodeIgniter\Session\Handlers\FileHandler' driver.
WARNING - 2024-06-02 23:53:45 --> [DEPRECATED] Creation of dynamic property App\Controllers\Home::$session is deprecated in APPPATH\Controllers\Home.php on line 9.
 1 SYSTEMPATH\CodeIgniter.php(903): App\Controllers\Home->__construct()
 2 SYSTEMPATH\CodeIgniter.php(500): CodeIgniter\CodeIgniter->createController()
 3 SYSTEMPATH\CodeIgniter.php(355): CodeIgniter\CodeIgniter->handleRequest(null, Object(Config\Cache), false)
 4 SYSTEMPATH\Boot.php(312): CodeIgniter\CodeIgniter->run()
 5 SYSTEMPATH\Boot.php(67): CodeIgniter\Boot::runCodeIgniter(Object(CodeIgniter\CodeIgniter))
 6 FCPATH\index.php(56): CodeIgniter\Boot::bootWeb(Object(Config\Paths))
 7 SYSTEMPATH\Commands\Server\rewrite.php(49): require_once('C:\\APK\\xampp-8.2\\htdocs\\SafeToTrip\\public\\index.php')
INFO - 2024-06-02 23:53:45 --> Session: Class initialized using 'CodeIgniter\Session\Handlers\FileHandler' driver.
WARNING - 2024-06-02 23:53:45 --> [DEPRECATED] Creation of dynamic property App\Controllers\Home::$session is deprecated in APPPATH\Controllers\Home.php on line 9.
 1 SYSTEMPATH\CodeIgniter.php(903): App\Controllers\Home->__construct()
 2 SYSTEMPATH\CodeIgniter.php(500): CodeIgniter\CodeIgniter->createController()
 3 SYSTEMPATH\CodeIgniter.php(355): CodeIgniter\CodeIgniter->handleRequest(null, Object(Config\Cache), false)
 4 SYSTEMPATH\Boot.php(312): CodeIgniter\CodeIgniter->run()
 5 SYSTEMPATH\Boot.php(67): CodeIgniter\Boot::runCodeIgniter(Object(CodeIgniter\CodeIgniter))
 6 FCPATH\index.php(56): CodeIgniter\Boot::bootWeb(Object(Config\Paths))
 7 SYSTEMPATH\Commands\Server\rewrite.php(49): require_once('C:\\APK\\xampp-8.2\\htdocs\\SafeToTrip\\public\\index.php')
INFO - 2024-06-02 23:53:47 --> Session: Class initialized using 'CodeIgniter\Session\Handlers\FileHandler' driver.
INFO - 2024-06-02 23:53:47 --> Session: Class initialized using 'CodeIgniter\Session\Handlers\FileHandler' driver.
WARNING - 2024-06-02 23:53:47 --> [DEPRECATED] Creation of dynamic property App\Controllers\Home::$session is deprecated in APPPATH\Controllers\Home.php on line 9.
 1 SYSTEMPATH\CodeIgniter.php(903): App\Controllers\Home->__construct()
 2 SYSTEMPATH\CodeIgniter.php(500): CodeIgniter\CodeIgniter->createController()
 3 SYSTEMPATH\CodeIgniter.php(355): CodeIgniter\CodeIgniter->handleRequest(null, Object(Config\Cache), false)
 4 SYSTEMPATH\Boot.php(312): CodeIgniter\CodeIgniter->run()
 5 SYSTEMPATH\Boot.php(67): CodeIgniter\Boot::runCodeIgniter(Object(CodeIgniter\CodeIgniter))
 6 FCPATH\index.php(56): CodeIgniter\Boot::bootWeb(Object(Config\Paths))
 7 SYSTEMPATH\Commands\Server\rewrite.php(49): require_once('C:\\APK\\xampp-8.2\\htdocs\\SafeToTrip\\public\\index.php')
INFO - 2024-06-02 23:53:49 --> Session: Class initialized using 'CodeIgniter\Session\Handlers\FileHandler' driver.
WARNING - 2024-06-02 23:53:49 --> [DEPRECATED] Creation of dynamic property App\Controllers\Home::$session is deprecated in APPPATH\Controllers\Home.php on line 9.
 1 SYSTEMPATH\CodeIgniter.php(903): App\Controllers\Home->__construct()
 2 SYSTEMPATH\CodeIgniter.php(500): CodeIgniter\CodeIgniter->createController()
 3 SYSTEMPATH\CodeIgniter.php(355): CodeIgniter\CodeIgniter->handleRequest(null, Object(Config\Cache), false)
 4 SYSTEMPATH\Boot.php(312): CodeIgniter\CodeIgniter->run()
 5 SYSTEMPATH\Boot.php(67): CodeIgniter\Boot::runCodeIgniter(Object(CodeIgniter\CodeIgniter))
 6 FCPATH\index.php(56): CodeIgniter\Boot::bootWeb(Object(Config\Paths))
 7 SYSTEMPATH\Commands\Server\rewrite.php(49): require_once('C:\\APK\\xampp-8.2\\htdocs\\SafeToTrip\\public\\index.php')
INFO - 2024-06-02 23:54:14 --> Session: Class initialized using 'CodeIgniter\Session\Handlers\FileHandler' driver.
WARNING - 2024-06-02 23:54:14 --> [DEPRECATED] Creation of dynamic property App\Controllers\Home::$session is deprecated in APPPATH\Controllers\Home.php on line 9.
 1 SYSTEMPATH\CodeIgniter.php(903): App\Controllers\Home->__construct()
 2 SYSTEMPATH\CodeIgniter.php(500): CodeIgniter\CodeIgniter->createController()
 3 SYSTEMPATH\CodeIgniter.php(355): CodeIgniter\CodeIgniter->handleRequest(null, Object(Config\Cache), false)
 4 SYSTEMPATH\Boot.php(312): CodeIgniter\CodeIgniter->run()
 5 SYSTEMPATH\Boot.php(67): CodeIgniter\Boot::runCodeIgniter(Object(CodeIgniter\CodeIgniter))
 6 FCPATH\index.php(56): CodeIgniter\Boot::bootWeb(Object(Config\Paths))
 7 SYSTEMPATH\Commands\Server\rewrite.php(49): require_once('C:\\APK\\xampp-8.2\\htdocs\\SafeToTrip\\public\\index.php')
INFO - 2024-06-02 23:54:14 --> Session: Class initialized using 'CodeIgniter\Session\Handlers\FileHandler' driver.
WARNING - 2024-06-02 23:54:14 --> [DEPRECATED] Creation of dynamic property App\Controllers\Home::$session is deprecated in APPPATH\Controllers\Home.php on line 9.
 1 SYSTEMPATH\CodeIgniter.php(903): App\Controllers\Home->__construct()
 2 SYSTEMPATH\CodeIgniter.php(500): CodeIgniter\CodeIgniter->createController()
 3 SYSTEMPATH\CodeIgniter.php(355): CodeIgniter\CodeIgniter->handleRequest(null, Object(Config\Cache), false)
 4 SYSTEMPATH\Boot.php(312): CodeIgniter\CodeIgniter->run()
 5 SYSTEMPATH\Boot.php(67): CodeIgniter\Boot::runCodeIgniter(Object(CodeIgniter\CodeIgniter))
 6 FCPATH\index.php(56): CodeIgniter\Boot::bootWeb(Object(Config\Paths))
 7 SYSTEMPATH\Commands\Server\rewrite.php(49): require_once('C:\\APK\\xampp-8.2\\htdocs\\SafeToTrip\\public\\index.php')
INFO - 2024-06-02 23:54:14 --> Session: Class initialized using 'CodeIgniter\Session\Handlers\FileHandler' driver.
WARNING - 2024-06-02 23:54:14 --> [DEPRECATED] Creation of dynamic property App\Controllers\Home::$session is deprecated in APPPATH\Controllers\Home.php on line 9.
 1 SYSTEMPATH\CodeIgniter.php(903): App\Controllers\Home->__construct()
 2 SYSTEMPATH\CodeIgniter.php(500): CodeIgniter\CodeIgniter->createController()
 3 SYSTEMPATH\CodeIgniter.php(355): CodeIgniter\CodeIgniter->handleRequest(null, Object(Config\Cache), false)
 4 SYSTEMPATH\Boot.php(312): CodeIgniter\CodeIgniter->run()
 5 SYSTEMPATH\Boot.php(67): CodeIgniter\Boot::runCodeIgniter(Object(CodeIgniter\CodeIgniter))
 6 FCPATH\index.php(56): CodeIgniter\Boot::bootWeb(Object(Config\Paths))
 7 SYSTEMPATH\Commands\Server\rewrite.php(49): require_once('C:\\APK\\xampp-8.2\\htdocs\\SafeToTrip\\public\\index.php')
INFO - 2024-06-02 23:54:16 --> Session: Class initialized using 'CodeIgniter\Session\Handlers\FileHandler' driver.
CRITICAL - 2024-06-02 23:54:16 --> Error: Cannot access protected property CodeIgniter\HTTP\IncomingRequest::$uri
[Method: GET, Route: admin/fasilitas]
in APPPATH\Filters\RoleFilter.php on line 17.
 1 SYSTEMPATH\Filters\Filters.php(203): App\Filters\RoleFilter->before(Object(CodeIgniter\HTTP\IncomingRequest), null)
 2 SYSTEMPATH\Filters\Filters.php(184): CodeIgniter\Filters\Filters->runBefore([...])
 3 SYSTEMPATH\CodeIgniter.php(481): CodeIgniter\Filters\Filters->run('admin/fasilitas', 'before')
 4 SYSTEMPATH\CodeIgniter.php(355): CodeIgniter\CodeIgniter->handleRequest(null, Object(Config\Cache), false)
 5 SYSTEMPATH\Boot.php(312): CodeIgniter\CodeIgniter->run()
 6 SYSTEMPATH\Boot.php(67): CodeIgniter\Boot::runCodeIgniter(Object(CodeIgniter\CodeIgniter))
 7 FCPATH\index.php(56): CodeIgniter\Boot::bootWeb(Object(Config\Paths))
 8 SYSTEMPATH\Commands\Server\rewrite.php(49): require_once('C:\\APK\\xampp-8.2\\htdocs\\SafeToTrip\\public\\index.php')
INFO - 2024-06-02 23:55:22 --> Session: Class initialized using 'CodeIgniter\Session\Handlers\FileHandler' driver.
CRITICAL - 2024-06-02 23:55:22 --> Error: Call to undefined method CodeIgniter\HTTP\IncomingRequest::getSegments()
[Method: GET, Route: admin/fasilitas]
in APPPATH\Filters\RoleFilter.php on line 17.
 1 SYSTEMPATH\Filters\Filters.php(203): App\Filters\RoleFilter->before(Object(CodeIgniter\HTTP\IncomingRequest), null)
 2 SYSTEMPATH\Filters\Filters.php(184): CodeIgniter\Filters\Filters->runBefore([...])
 3 SYSTEMPATH\CodeIgniter.php(481): CodeIgniter\Filters\Filters->run('admin/fasilitas', 'before')
 4 SYSTEMPATH\CodeIgniter.php(355): CodeIgniter\CodeIgniter->handleRequest(null, Object(Config\Cache), false)
 5 SYSTEMPATH\Boot.php(312): CodeIgniter\CodeIgniter->run()
 6 SYSTEMPATH\Boot.php(67): CodeIgniter\Boot::runCodeIgniter(Object(CodeIgniter\CodeIgniter))
 7 FCPATH\index.php(56): CodeIgniter\Boot::bootWeb(Object(Config\Paths))
 8 SYSTEMPATH\Commands\Server\rewrite.php(49): require_once('C:\\APK\\xampp-8.2\\htdocs\\SafeToTrip\\public\\index.php')
INFO - 2024-06-02 23:55:23 --> Session: Class initialized using 'CodeIgniter\Session\Handlers\FileHandler' driver.
CRITICAL - 2024-06-02 23:55:23 --> Error: Call to undefined method CodeIgniter\HTTP\IncomingRequest::getSegments()
[Method: GET, Route: admin/fasilitas]
in APPPATH\Filters\RoleFilter.php on line 17.
 1 SYSTEMPATH\Filters\Filters.php(203): App\Filters\RoleFilter->before(Object(CodeIgniter\HTTP\IncomingRequest), null)
 2 SYSTEMPATH\Filters\Filters.php(184): CodeIgniter\Filters\Filters->runBefore([...])
 3 SYSTEMPATH\CodeIgniter.php(481): CodeIgniter\Filters\Filters->run('admin/fasilitas', 'before')
 4 SYSTEMPATH\CodeIgniter.php(355): CodeIgniter\CodeIgniter->handleRequest(null, Object(Config\Cache), false)
 5 SYSTEMPATH\Boot.php(312): CodeIgniter\CodeIgniter->run()
 6 SYSTEMPATH\Boot.php(67): CodeIgniter\Boot::runCodeIgniter(Object(CodeIgniter\CodeIgniter))
 7 FCPATH\index.php(56): CodeIgniter\Boot::bootWeb(Object(Config\Paths))
 8 SYSTEMPATH\Commands\Server\rewrite.php(49): require_once('C:\\APK\\xampp-8.2\\htdocs\\SafeToTrip\\public\\index.php')
INFO - 2024-06-02 23:55:23 --> Session: Class initialized using 'CodeIgniter\Session\Handlers\FileHandler' driver.
CRITICAL - 2024-06-02 23:55:23 --> Error: Call to undefined method CodeIgniter\HTTP\IncomingRequest::getSegments()
[Method: GET, Route: admin/fasilitas]
in APPPATH\Filters\RoleFilter.php on line 17.
 1 SYSTEMPATH\Filters\Filters.php(203): App\Filters\RoleFilter->before(Object(CodeIgniter\HTTP\IncomingRequest), null)
 2 SYSTEMPATH\Filters\Filters.php(184): CodeIgniter\Filters\Filters->runBefore([...])
 3 SYSTEMPATH\CodeIgniter.php(481): CodeIgniter\Filters\Filters->run('admin/fasilitas', 'before')
 4 SYSTEMPATH\CodeIgniter.php(355): CodeIgniter\CodeIgniter->handleRequest(null, Object(Config\Cache), false)
 5 SYSTEMPATH\Boot.php(312): CodeIgniter\CodeIgniter->run()
 6 SYSTEMPATH\Boot.php(67): CodeIgniter\Boot::runCodeIgniter(Object(CodeIgniter\CodeIgniter))
 7 FCPATH\index.php(56): CodeIgniter\Boot::bootWeb(Object(Config\Paths))
 8 SYSTEMPATH\Commands\Server\rewrite.php(49): require_once('C:\\APK\\xampp-8.2\\htdocs\\SafeToTrip\\public\\index.php')
INFO - 2024-06-02 23:55:24 --> Session: Class initialized using 'CodeIgniter\Session\Handlers\FileHandler' driver.
CRITICAL - 2024-06-02 23:55:24 --> Error: Call to undefined method CodeIgniter\HTTP\IncomingRequest::getSegments()
[Method: GET, Route: admin/fasilitas]
in APPPATH\Filters\RoleFilter.php on line 17.
 1 SYSTEMPATH\Filters\Filters.php(203): App\Filters\RoleFilter->before(Object(CodeIgniter\HTTP\IncomingRequest), null)
 2 SYSTEMPATH\Filters\Filters.php(184): CodeIgniter\Filters\Filters->runBefore([...])
 3 SYSTEMPATH\CodeIgniter.php(481): CodeIgniter\Filters\Filters->run('admin/fasilitas', 'before')
 4 SYSTEMPATH\CodeIgniter.php(355): CodeIgniter\CodeIgniter->handleRequest(null, Object(Config\Cache), false)
 5 SYSTEMPATH\Boot.php(312): CodeIgniter\CodeIgniter->run()
 6 SYSTEMPATH\Boot.php(67): CodeIgniter\Boot::runCodeIgniter(Object(CodeIgniter\CodeIgniter))
 7 FCPATH\index.php(56): CodeIgniter\Boot::bootWeb(Object(Config\Paths))
 8 SYSTEMPATH\Commands\Server\rewrite.php(49): require_once('C:\\APK\\xampp-8.2\\htdocs\\SafeToTrip\\public\\index.php')
INFO - 2024-06-02 23:55:24 --> Session: Class initialized using 'CodeIgniter\Session\Handlers\FileHandler' driver.
CRITICAL - 2024-06-02 23:55:24 --> Error: Call to undefined method CodeIgniter\HTTP\IncomingRequest::getSegments()
[Method: GET, Route: admin/fasilitas]
in APPPATH\Filters\RoleFilter.php on line 17.
 1 SYSTEMPATH\Filters\Filters.php(203): App\Filters\RoleFilter->before(Object(CodeIgniter\HTTP\IncomingRequest), null)
 2 SYSTEMPATH\Filters\Filters.php(184): CodeIgniter\Filters\Filters->runBefore([...])
 3 SYSTEMPATH\CodeIgniter.php(481): CodeIgniter\Filters\Filters->run('admin/fasilitas', 'before')
 4 SYSTEMPATH\CodeIgniter.php(355): CodeIgniter\CodeIgniter->handleRequest(null, Object(Config\Cache), false)
 5 SYSTEMPATH\Boot.php(312): CodeIgniter\CodeIgniter->run()
 6 SYSTEMPATH\Boot.php(67): CodeIgniter\Boot::runCodeIgniter(Object(CodeIgniter\CodeIgniter))
 7 FCPATH\index.php(56): CodeIgniter\Boot::bootWeb(Object(Config\Paths))
 8 SYSTEMPATH\Commands\Server\rewrite.php(49): require_once('C:\\APK\\xampp-8.2\\htdocs\\SafeToTrip\\public\\index.php')
INFO - 2024-06-02 23:55:24 --> Session: Class initialized using 'CodeIgniter\Session\Handlers\FileHandler' driver.
CRITICAL - 2024-06-02 23:55:24 --> Error: Call to undefined method CodeIgniter\HTTP\IncomingRequest::getSegments()
[Method: GET, Route: admin/fasilitas]
in APPPATH\Filters\RoleFilter.php on line 17.
 1 SYSTEMPATH\Filters\Filters.php(203): App\Filters\RoleFilter->before(Object(CodeIgniter\HTTP\IncomingRequest), null)
 2 SYSTEMPATH\Filters\Filters.php(184): CodeIgniter\Filters\Filters->runBefore([...])
 3 SYSTEMPATH\CodeIgniter.php(481): CodeIgniter\Filters\Filters->run('admin/fasilitas', 'before')
 4 SYSTEMPATH\CodeIgniter.php(355): CodeIgniter\CodeIgniter->handleRequest(null, Object(Config\Cache), false)
 5 SYSTEMPATH\Boot.php(312): CodeIgniter\CodeIgniter->run()
 6 SYSTEMPATH\Boot.php(67): CodeIgniter\Boot::runCodeIgniter(Object(CodeIgniter\CodeIgniter))
 7 FCPATH\index.php(56): CodeIgniter\Boot::bootWeb(Object(Config\Paths))
 8 SYSTEMPATH\Commands\Server\rewrite.php(49): require_once('C:\\APK\\xampp-8.2\\htdocs\\SafeToTrip\\public\\index.php')
INFO - 2024-06-02 23:55:24 --> Session: Class initialized using 'CodeIgniter\Session\Handlers\FileHandler' driver.
CRITICAL - 2024-06-02 23:55:24 --> Error: Call to undefined method CodeIgniter\HTTP\IncomingRequest::getSegments()
[Method: GET, Route: admin/fasilitas]
in APPPATH\Filters\RoleFilter.php on line 17.
 1 SYSTEMPATH\Filters\Filters.php(203): App\Filters\RoleFilter->before(Object(CodeIgniter\HTTP\IncomingRequest), null)
 2 SYSTEMPATH\Filters\Filters.php(184): CodeIgniter\Filters\Filters->runBefore([...])
 3 SYSTEMPATH\CodeIgniter.php(481): CodeIgniter\Filters\Filters->run('admin/fasilitas', 'before')
 4 SYSTEMPATH\CodeIgniter.php(355): CodeIgniter\CodeIgniter->handleRequest(null, Object(Config\Cache), false)
 5 SYSTEMPATH\Boot.php(312): CodeIgniter\CodeIgniter->run()
 6 SYSTEMPATH\Boot.php(67): CodeIgniter\Boot::runCodeIgniter(Object(CodeIgniter\CodeIgniter))
 7 FCPATH\index.php(56): CodeIgniter\Boot::bootWeb(Object(Config\Paths))
 8 SYSTEMPATH\Commands\Server\rewrite.php(49): require_once('C:\\APK\\xampp-8.2\\htdocs\\SafeToTrip\\public\\index.php')
INFO - 2024-06-02 23:55:41 --> Session: Class initialized using 'CodeIgniter\Session\Handlers\FileHandler' driver.
CRITICAL - 2024-06-02 23:55:41 --> Error: Call to undefined method CodeIgniter\HTTP\IncomingRequest::getSegments()
[Method: GET, Route: admin/fasilitas]
in APPPATH\Filters\RoleFilter.php on line 17.
 1 SYSTEMPATH\Filters\Filters.php(203): App\Filters\RoleFilter->before(Object(CodeIgniter\HTTP\IncomingRequest), null)
 2 SYSTEMPATH\Filters\Filters.php(184): CodeIgniter\Filters\Filters->runBefore([...])
 3 SYSTEMPATH\CodeIgniter.php(481): CodeIgniter\Filters\Filters->run('admin/fasilitas', 'before')
 4 SYSTEMPATH\CodeIgniter.php(355): CodeIgniter\CodeIgniter->handleRequest(null, Object(Config\Cache), false)
 5 SYSTEMPATH\Boot.php(312): CodeIgniter\CodeIgniter->run()
 6 SYSTEMPATH\Boot.php(67): CodeIgniter\Boot::runCodeIgniter(Object(CodeIgniter\CodeIgniter))
 7 FCPATH\index.php(56): CodeIgniter\Boot::bootWeb(Object(Config\Paths))
 8 SYSTEMPATH\Commands\Server\rewrite.php(49): require_once('C:\\APK\\xampp-8.2\\htdocs\\SafeToTrip\\public\\index.php')
INFO - 2024-06-02 23:55:42 --> Session: Class initialized using 'CodeIgniter\Session\Handlers\FileHandler' driver.
CRITICAL - 2024-06-02 23:55:42 --> Error: Call to undefined method CodeIgniter\HTTP\IncomingRequest::getSegments()
[Method: GET, Route: admin/fasilitas]
in APPPATH\Filters\RoleFilter.php on line 17.
 1 SYSTEMPATH\Filters\Filters.php(203): App\Filters\RoleFilter->before(Object(CodeIgniter\HTTP\IncomingRequest), null)
 2 SYSTEMPATH\Filters\Filters.php(184): CodeIgniter\Filters\Filters->runBefore([...])
 3 SYSTEMPATH\CodeIgniter.php(481): CodeIgniter\Filters\Filters->run('admin/fasilitas', 'before')
 4 SYSTEMPATH\CodeIgniter.php(355): CodeIgniter\CodeIgniter->handleRequest(null, Object(Config\Cache), false)
 5 SYSTEMPATH\Boot.php(312): CodeIgniter\CodeIgniter->run()
 6 SYSTEMPATH\Boot.php(67): CodeIgniter\Boot::runCodeIgniter(Object(CodeIgniter\CodeIgniter))
 7 FCPATH\index.php(56): CodeIgniter\Boot::bootWeb(Object(Config\Paths))
 8 SYSTEMPATH\Commands\Server\rewrite.php(49): require_once('C:\\APK\\xampp-8.2\\htdocs\\SafeToTrip\\public\\index.php')
INFO - 2024-06-02 23:55:42 --> Session: Class initialized using 'CodeIgniter\Session\Handlers\FileHandler' driver.
CRITICAL - 2024-06-02 23:55:42 --> Error: Call to undefined method CodeIgniter\HTTP\IncomingRequest::getSegments()
[Method: GET, Route: admin/fasilitas]
in APPPATH\Filters\RoleFilter.php on line 17.
 1 SYSTEMPATH\Filters\Filters.php(203): App\Filters\RoleFilter->before(Object(CodeIgniter\HTTP\IncomingRequest), null)
 2 SYSTEMPATH\Filters\Filters.php(184): CodeIgniter\Filters\Filters->runBefore([...])
 3 SYSTEMPATH\CodeIgniter.php(481): CodeIgniter\Filters\Filters->run('admin/fasilitas', 'before')
 4 SYSTEMPATH\CodeIgniter.php(355): CodeIgniter\CodeIgniter->handleRequest(null, Object(Config\Cache), false)
 5 SYSTEMPATH\Boot.php(312): CodeIgniter\CodeIgniter->run()
 6 SYSTEMPATH\Boot.php(67): CodeIgniter\Boot::runCodeIgniter(Object(CodeIgniter\CodeIgniter))
 7 FCPATH\index.php(56): CodeIgniter\Boot::bootWeb(Object(Config\Paths))
 8 SYSTEMPATH\Commands\Server\rewrite.php(49): require_once('C:\\APK\\xampp-8.2\\htdocs\\SafeToTrip\\public\\index.php')
INFO - 2024-06-02 23:55:42 --> Session: Class initialized using 'CodeIgniter\Session\Handlers\FileHandler' driver.
CRITICAL - 2024-06-02 23:55:42 --> Error: Call to undefined method CodeIgniter\HTTP\IncomingRequest::getSegments()
[Method: GET, Route: admin/fasilitas]
in APPPATH\Filters\RoleFilter.php on line 17.
 1 SYSTEMPATH\Filters\Filters.php(203): App\Filters\RoleFilter->before(Object(CodeIgniter\HTTP\IncomingRequest), null)
 2 SYSTEMPATH\Filters\Filters.php(184): CodeIgniter\Filters\Filters->runBefore([...])
 3 SYSTEMPATH\CodeIgniter.php(481): CodeIgniter\Filters\Filters->run('admin/fasilitas', 'before')
 4 SYSTEMPATH\CodeIgniter.php(355): CodeIgniter\CodeIgniter->handleRequest(null, Object(Config\Cache), false)
 5 SYSTEMPATH\Boot.php(312): CodeIgniter\CodeIgniter->run()
 6 SYSTEMPATH\Boot.php(67): CodeIgniter\Boot::runCodeIgniter(Object(CodeIgniter\CodeIgniter))
 7 FCPATH\index.php(56): CodeIgniter\Boot::bootWeb(Object(Config\Paths))
 8 SYSTEMPATH\Commands\Server\rewrite.php(49): require_once('C:\\APK\\xampp-8.2\\htdocs\\SafeToTrip\\public\\index.php')
INFO - 2024-06-02 23:57:31 --> Session: Class initialized using 'CodeIgniter\Session\Handlers\FileHandler' driver.
CRITICAL - 2024-06-02 23:57:31 --> Error: Cannot access protected property CodeIgniter\HTTP\IncomingRequest::$uri
[Method: GET, Route: admin/fasilitas]
in APPPATH\Filters\RoleFilter.php on line 17.
 1 SYSTEMPATH\Filters\Filters.php(203): App\Filters\RoleFilter->before(Object(CodeIgniter\HTTP\IncomingRequest), null)
 2 SYSTEMPATH\Filters\Filters.php(184): CodeIgniter\Filters\Filters->runBefore([...])
 3 SYSTEMPATH\CodeIgniter.php(481): CodeIgniter\Filters\Filters->run('admin/fasilitas', 'before')
 4 SYSTEMPATH\CodeIgniter.php(355): CodeIgniter\CodeIgniter->handleRequest(null, Object(Config\Cache), false)
 5 SYSTEMPATH\Boot.php(312): CodeIgniter\CodeIgniter->run()
 6 SYSTEMPATH\Boot.php(67): CodeIgniter\Boot::runCodeIgniter(Object(CodeIgniter\CodeIgniter))
 7 FCPATH\index.php(56): CodeIgniter\Boot::bootWeb(Object(Config\Paths))
 8 SYSTEMPATH\Commands\Server\rewrite.php(49): require_once('C:\\APK\\xampp-8.2\\htdocs\\SafeToTrip\\public\\index.php')
INFO - 2024-06-02 23:57:32 --> Session: Class initialized using 'CodeIgniter\Session\Handlers\FileHandler' driver.
CRITICAL - 2024-06-02 23:57:32 --> Error: Cannot access protected property CodeIgniter\HTTP\IncomingRequest::$uri
[Method: GET, Route: admin/fasilitas]
in APPPATH\Filters\RoleFilter.php on line 17.
 1 SYSTEMPATH\Filters\Filters.php(203): App\Filters\RoleFilter->before(Object(CodeIgniter\HTTP\IncomingRequest), null)
 2 SYSTEMPATH\Filters\Filters.php(184): CodeIgniter\Filters\Filters->runBefore([...])
 3 SYSTEMPATH\CodeIgniter.php(481): CodeIgniter\Filters\Filters->run('admin/fasilitas', 'before')
 4 SYSTEMPATH\CodeIgniter.php(355): CodeIgniter\CodeIgniter->handleRequest(null, Object(Config\Cache), false)
 5 SYSTEMPATH\Boot.php(312): CodeIgniter\CodeIgniter->run()
 6 SYSTEMPATH\Boot.php(67): CodeIgniter\Boot::runCodeIgniter(Object(CodeIgniter\CodeIgniter))
 7 FCPATH\index.php(56): CodeIgniter\Boot::bootWeb(Object(Config\Paths))
 8 SYSTEMPATH\Commands\Server\rewrite.php(49): require_once('C:\\APK\\xampp-8.2\\htdocs\\SafeToTrip\\public\\index.php')
