INFO - 2024-06-21 21:28:43 --> Session: Class initialized using 'CodeIgniter\Session\Handlers\FileHandler' driver.
WARNING - 2024-06-21 21:28:43 --> [DEPRECATED] Creation of dynamic property App\Controllers\Home::$session is deprecated in APPPATH\Controllers\Home.php on line 13.
 1 SYSTEMPATH\CodeIgniter.php(903): App\Controllers\Home->__construct()
 2 SYSTEMPATH\CodeIgniter.php(500): CodeIgniter\CodeIgniter->createController()
 3 SYSTEMPATH\CodeIgniter.php(355): CodeIgniter\CodeIgniter->handleRequest(null, Object(Config\Cache), false)
 4 SYSTEMPATH\Boot.php(312): CodeIgniter\CodeIgniter->run()
 5 SYSTEMPATH\Boot.php(67): CodeIgniter\Boot::runCodeIgniter(Object(CodeIgniter\CodeIgniter))
 6 FCPATH\index.php(56): CodeIgniter\Boot::bootWeb(Object(Config\Paths))
 7 SYSTEMPATH\Commands\Server\rewrite.php(49): require_once('C:\\APK\\xampp-8.2\\htdocs\\SafeToTrip\\public\\index.php')
WARNING - 2024-06-21 21:28:44 --> [DEPRECATED] Creation of dynamic property App\Controllers\Home::$wisata is deprecated in APPPATH\Controllers\Home.php on line 14.
 1 SYSTEMPATH\CodeIgniter.php(903): App\Controllers\Home->__construct()
 2 SYSTEMPATH\CodeIgniter.php(500): CodeIgniter\CodeIgniter->createController()
 3 SYSTEMPATH\CodeIgniter.php(355): CodeIgniter\CodeIgniter->handleRequest(null, Object(Config\Cache), false)
 4 SYSTEMPATH\Boot.php(312): CodeIgniter\CodeIgniter->run()
 5 SYSTEMPATH\Boot.php(67): CodeIgniter\Boot::runCodeIgniter(Object(CodeIgniter\CodeIgniter))
 6 FCPATH\index.php(56): CodeIgniter\Boot::bootWeb(Object(Config\Paths))
 7 SYSTEMPATH\Commands\Server\rewrite.php(49): require_once('C:\\APK\\xampp-8.2\\htdocs\\SafeToTrip\\public\\index.php')
WARNING - 2024-06-21 21:28:44 --> [DEPRECATED] Creation of dynamic property App\Controllers\Home::$fasilitas is deprecated in APPPATH\Controllers\Home.php on line 15.
 1 SYSTEMPATH\CodeIgniter.php(903): App\Controllers\Home->__construct()
 2 SYSTEMPATH\CodeIgniter.php(500): CodeIgniter\CodeIgniter->createController()
 3 SYSTEMPATH\CodeIgniter.php(355): CodeIgniter\CodeIgniter->handleRequest(null, Object(Config\Cache), false)
 4 SYSTEMPATH\Boot.php(312): CodeIgniter\CodeIgniter->run()
 5 SYSTEMPATH\Boot.php(67): CodeIgniter\Boot::runCodeIgniter(Object(CodeIgniter\CodeIgniter))
 6 FCPATH\index.php(56): CodeIgniter\Boot::bootWeb(Object(Config\Paths))
 7 SYSTEMPATH\Commands\Server\rewrite.php(49): require_once('C:\\APK\\xampp-8.2\\htdocs\\SafeToTrip\\public\\index.php')
WARNING - 2024-06-21 21:28:44 --> [DEPRECATED] Creation of dynamic property App\Controllers\Home::$harga is deprecated in APPPATH\Controllers\Home.php on line 16.
 1 SYSTEMPATH\CodeIgniter.php(903): App\Controllers\Home->__construct()
 2 SYSTEMPATH\CodeIgniter.php(500): CodeIgniter\CodeIgniter->createController()
 3 SYSTEMPATH\CodeIgniter.php(355): CodeIgniter\CodeIgniter->handleRequest(null, Object(Config\Cache), false)
 4 SYSTEMPATH\Boot.php(312): CodeIgniter\CodeIgniter->run()
 5 SYSTEMPATH\Boot.php(67): CodeIgniter\Boot::runCodeIgniter(Object(CodeIgniter\CodeIgniter))
 6 FCPATH\index.php(56): CodeIgniter\Boot::bootWeb(Object(Config\Paths))
 7 SYSTEMPATH\Commands\Server\rewrite.php(49): require_once('C:\\APK\\xampp-8.2\\htdocs\\SafeToTrip\\public\\index.php')
INFO - 2024-06-21 21:28:58 --> Session: Class initialized using 'CodeIgniter\Session\Handlers\FileHandler' driver.
WARNING - 2024-06-21 21:28:58 --> [DEPRECATED] Creation of dynamic property App\Controllers\Login::$session is deprecated in APPPATH\Controllers\Login.php on line 13.
 1 SYSTEMPATH\CodeIgniter.php(903): App\Controllers\Login->__construct()
 2 SYSTEMPATH\CodeIgniter.php(500): CodeIgniter\CodeIgniter->createController()
 3 SYSTEMPATH\CodeIgniter.php(355): CodeIgniter\CodeIgniter->handleRequest(null, Object(Config\Cache), false)
 4 SYSTEMPATH\Boot.php(312): CodeIgniter\CodeIgniter->run()
 5 SYSTEMPATH\Boot.php(67): CodeIgniter\Boot::runCodeIgniter(Object(CodeIgniter\CodeIgniter))
 6 FCPATH\index.php(56): CodeIgniter\Boot::bootWeb(Object(Config\Paths))
 7 SYSTEMPATH\Commands\Server\rewrite.php(49): require_once('C:\\APK\\xampp-8.2\\htdocs\\SafeToTrip\\public\\index.php')
WARNING - 2024-06-21 21:28:58 --> [DEPRECATED] Creation of dynamic property App\Controllers\Login::$wisata is deprecated in APPPATH\Controllers\Login.php on line 14.
 1 SYSTEMPATH\CodeIgniter.php(903): App\Controllers\Login->__construct()
 2 SYSTEMPATH\CodeIgniter.php(500): CodeIgniter\CodeIgniter->createController()
 3 SYSTEMPATH\CodeIgniter.php(355): CodeIgniter\CodeIgniter->handleRequest(null, Object(Config\Cache), false)
 4 SYSTEMPATH\Boot.php(312): CodeIgniter\CodeIgniter->run()
 5 SYSTEMPATH\Boot.php(67): CodeIgniter\Boot::runCodeIgniter(Object(CodeIgniter\CodeIgniter))
 6 FCPATH\index.php(56): CodeIgniter\Boot::bootWeb(Object(Config\Paths))
 7 SYSTEMPATH\Commands\Server\rewrite.php(49): require_once('C:\\APK\\xampp-8.2\\htdocs\\SafeToTrip\\public\\index.php')
INFO - 2024-06-21 21:29:09 --> Session: Class initialized using 'CodeIgniter\Session\Handlers\FileHandler' driver.
WARNING - 2024-06-21 21:29:09 --> [DEPRECATED] Creation of dynamic property App\Controllers\Login::$session is deprecated in APPPATH\Controllers\Login.php on line 13.
 1 SYSTEMPATH\CodeIgniter.php(903): App\Controllers\Login->__construct()
 2 SYSTEMPATH\CodeIgniter.php(500): CodeIgniter\CodeIgniter->createController()
 3 SYSTEMPATH\CodeIgniter.php(355): CodeIgniter\CodeIgniter->handleRequest(null, Object(Config\Cache), false)
 4 SYSTEMPATH\Boot.php(312): CodeIgniter\CodeIgniter->run()
 5 SYSTEMPATH\Boot.php(67): CodeIgniter\Boot::runCodeIgniter(Object(CodeIgniter\CodeIgniter))
 6 FCPATH\index.php(56): CodeIgniter\Boot::bootWeb(Object(Config\Paths))
 7 SYSTEMPATH\Commands\Server\rewrite.php(49): require_once('C:\\APK\\xampp-8.2\\htdocs\\SafeToTrip\\public\\index.php')
WARNING - 2024-06-21 21:29:09 --> [DEPRECATED] Creation of dynamic property App\Controllers\Login::$wisata is deprecated in APPPATH\Controllers\Login.php on line 14.
 1 SYSTEMPATH\CodeIgniter.php(903): App\Controllers\Login->__construct()
 2 SYSTEMPATH\CodeIgniter.php(500): CodeIgniter\CodeIgniter->createController()
 3 SYSTEMPATH\CodeIgniter.php(355): CodeIgniter\CodeIgniter->handleRequest(null, Object(Config\Cache), false)
 4 SYSTEMPATH\Boot.php(312): CodeIgniter\CodeIgniter->run()
 5 SYSTEMPATH\Boot.php(67): CodeIgniter\Boot::runCodeIgniter(Object(CodeIgniter\CodeIgniter))
 6 FCPATH\index.php(56): CodeIgniter\Boot::bootWeb(Object(Config\Paths))
 7 SYSTEMPATH\Commands\Server\rewrite.php(49): require_once('C:\\APK\\xampp-8.2\\htdocs\\SafeToTrip\\public\\index.php')
INFO - 2024-06-21 21:29:10 --> Session: Class initialized using 'CodeIgniter\Session\Handlers\FileHandler' driver.
WARNING - 2024-06-21 21:29:10 --> [DEPRECATED] Creation of dynamic property App\Controllers\Home::$session is deprecated in APPPATH\Controllers\Home.php on line 13.
 1 SYSTEMPATH\CodeIgniter.php(903): App\Controllers\Home->__construct()
 2 SYSTEMPATH\CodeIgniter.php(500): CodeIgniter\CodeIgniter->createController()
 3 SYSTEMPATH\CodeIgniter.php(355): CodeIgniter\CodeIgniter->handleRequest(null, Object(Config\Cache), false)
 4 SYSTEMPATH\Boot.php(312): CodeIgniter\CodeIgniter->run()
 5 SYSTEMPATH\Boot.php(67): CodeIgniter\Boot::runCodeIgniter(Object(CodeIgniter\CodeIgniter))
 6 FCPATH\index.php(56): CodeIgniter\Boot::bootWeb(Object(Config\Paths))
 7 SYSTEMPATH\Commands\Server\rewrite.php(49): require_once('C:\\APK\\xampp-8.2\\htdocs\\SafeToTrip\\public\\index.php')
WARNING - 2024-06-21 21:29:10 --> [DEPRECATED] Creation of dynamic property App\Controllers\Home::$wisata is deprecated in APPPATH\Controllers\Home.php on line 14.
 1 SYSTEMPATH\CodeIgniter.php(903): App\Controllers\Home->__construct()
 2 SYSTEMPATH\CodeIgniter.php(500): CodeIgniter\CodeIgniter->createController()
 3 SYSTEMPATH\CodeIgniter.php(355): CodeIgniter\CodeIgniter->handleRequest(null, Object(Config\Cache), false)
 4 SYSTEMPATH\Boot.php(312): CodeIgniter\CodeIgniter->run()
 5 SYSTEMPATH\Boot.php(67): CodeIgniter\Boot::runCodeIgniter(Object(CodeIgniter\CodeIgniter))
 6 FCPATH\index.php(56): CodeIgniter\Boot::bootWeb(Object(Config\Paths))
 7 SYSTEMPATH\Commands\Server\rewrite.php(49): require_once('C:\\APK\\xampp-8.2\\htdocs\\SafeToTrip\\public\\index.php')
WARNING - 2024-06-21 21:29:10 --> [DEPRECATED] Creation of dynamic property App\Controllers\Home::$fasilitas is deprecated in APPPATH\Controllers\Home.php on line 15.
 1 SYSTEMPATH\CodeIgniter.php(903): App\Controllers\Home->__construct()
 2 SYSTEMPATH\CodeIgniter.php(500): CodeIgniter\CodeIgniter->createController()
 3 SYSTEMPATH\CodeIgniter.php(355): CodeIgniter\CodeIgniter->handleRequest(null, Object(Config\Cache), false)
 4 SYSTEMPATH\Boot.php(312): CodeIgniter\CodeIgniter->run()
 5 SYSTEMPATH\Boot.php(67): CodeIgniter\Boot::runCodeIgniter(Object(CodeIgniter\CodeIgniter))
 6 FCPATH\index.php(56): CodeIgniter\Boot::bootWeb(Object(Config\Paths))
 7 SYSTEMPATH\Commands\Server\rewrite.php(49): require_once('C:\\APK\\xampp-8.2\\htdocs\\SafeToTrip\\public\\index.php')
WARNING - 2024-06-21 21:29:10 --> [DEPRECATED] Creation of dynamic property App\Controllers\Home::$harga is deprecated in APPPATH\Controllers\Home.php on line 16.
 1 SYSTEMPATH\CodeIgniter.php(903): App\Controllers\Home->__construct()
 2 SYSTEMPATH\CodeIgniter.php(500): CodeIgniter\CodeIgniter->createController()
 3 SYSTEMPATH\CodeIgniter.php(355): CodeIgniter\CodeIgniter->handleRequest(null, Object(Config\Cache), false)
 4 SYSTEMPATH\Boot.php(312): CodeIgniter\CodeIgniter->run()
 5 SYSTEMPATH\Boot.php(67): CodeIgniter\Boot::runCodeIgniter(Object(CodeIgniter\CodeIgniter))
 6 FCPATH\index.php(56): CodeIgniter\Boot::bootWeb(Object(Config\Paths))
 7 SYSTEMPATH\Commands\Server\rewrite.php(49): require_once('C:\\APK\\xampp-8.2\\htdocs\\SafeToTrip\\public\\index.php')
INFO - 2024-06-21 21:29:17 --> Session: Class initialized using 'CodeIgniter\Session\Handlers\FileHandler' driver.
WARNING - 2024-06-21 21:29:17 --> [DEPRECATED] Creation of dynamic property App\Controllers\Home::$session is deprecated in APPPATH\Controllers\Home.php on line 13.
 1 APPPATH\Controllers\Fasilitas.php(13): App\Controllers\Home->__construct()
 2 SYSTEMPATH\CodeIgniter.php(903): App\Controllers\Fasilitas->__construct()
 3 SYSTEMPATH\CodeIgniter.php(500): CodeIgniter\CodeIgniter->createController()
 4 SYSTEMPATH\CodeIgniter.php(355): CodeIgniter\CodeIgniter->handleRequest(null, Object(Config\Cache), false)
 5 SYSTEMPATH\Boot.php(312): CodeIgniter\CodeIgniter->run()
 6 SYSTEMPATH\Boot.php(67): CodeIgniter\Boot::runCodeIgniter(Object(CodeIgniter\CodeIgniter))
 7 FCPATH\index.php(56): CodeIgniter\Boot::bootWeb(Object(Config\Paths))
 8 SYSTEMPATH\Commands\Server\rewrite.php(49): require_once('C:\\APK\\xampp-8.2\\htdocs\\SafeToTrip\\public\\index.php')
WARNING - 2024-06-21 21:29:17 --> [DEPRECATED] Creation of dynamic property App\Controllers\Home::$wisata is deprecated in APPPATH\Controllers\Home.php on line 14.
 1 APPPATH\Controllers\Fasilitas.php(13): App\Controllers\Home->__construct()
 2 SYSTEMPATH\CodeIgniter.php(903): App\Controllers\Fasilitas->__construct()
 3 SYSTEMPATH\CodeIgniter.php(500): CodeIgniter\CodeIgniter->createController()
 4 SYSTEMPATH\CodeIgniter.php(355): CodeIgniter\CodeIgniter->handleRequest(null, Object(Config\Cache), false)
 5 SYSTEMPATH\Boot.php(312): CodeIgniter\CodeIgniter->run()
 6 SYSTEMPATH\Boot.php(67): CodeIgniter\Boot::runCodeIgniter(Object(CodeIgniter\CodeIgniter))
 7 FCPATH\index.php(56): CodeIgniter\Boot::bootWeb(Object(Config\Paths))
 8 SYSTEMPATH\Commands\Server\rewrite.php(49): require_once('C:\\APK\\xampp-8.2\\htdocs\\SafeToTrip\\public\\index.php')
WARNING - 2024-06-21 21:29:17 --> [DEPRECATED] Creation of dynamic property App\Controllers\Home::$fasilitas is deprecated in APPPATH\Controllers\Home.php on line 15.
 1 APPPATH\Controllers\Fasilitas.php(13): App\Controllers\Home->__construct()
 2 SYSTEMPATH\CodeIgniter.php(903): App\Controllers\Fasilitas->__construct()
 3 SYSTEMPATH\CodeIgniter.php(500): CodeIgniter\CodeIgniter->createController()
 4 SYSTEMPATH\CodeIgniter.php(355): CodeIgniter\CodeIgniter->handleRequest(null, Object(Config\Cache), false)
 5 SYSTEMPATH\Boot.php(312): CodeIgniter\CodeIgniter->run()
 6 SYSTEMPATH\Boot.php(67): CodeIgniter\Boot::runCodeIgniter(Object(CodeIgniter\CodeIgniter))
 7 FCPATH\index.php(56): CodeIgniter\Boot::bootWeb(Object(Config\Paths))
 8 SYSTEMPATH\Commands\Server\rewrite.php(49): require_once('C:\\APK\\xampp-8.2\\htdocs\\SafeToTrip\\public\\index.php')
WARNING - 2024-06-21 21:29:17 --> [DEPRECATED] Creation of dynamic property App\Controllers\Home::$harga is deprecated in APPPATH\Controllers\Home.php on line 16.
 1 APPPATH\Controllers\Fasilitas.php(13): App\Controllers\Home->__construct()
 2 SYSTEMPATH\CodeIgniter.php(903): App\Controllers\Fasilitas->__construct()
 3 SYSTEMPATH\CodeIgniter.php(500): CodeIgniter\CodeIgniter->createController()
 4 SYSTEMPATH\CodeIgniter.php(355): CodeIgniter\CodeIgniter->handleRequest(null, Object(Config\Cache), false)
 5 SYSTEMPATH\Boot.php(312): CodeIgniter\CodeIgniter->run()
 6 SYSTEMPATH\Boot.php(67): CodeIgniter\Boot::runCodeIgniter(Object(CodeIgniter\CodeIgniter))
 7 FCPATH\index.php(56): CodeIgniter\Boot::bootWeb(Object(Config\Paths))
 8 SYSTEMPATH\Commands\Server\rewrite.php(49): require_once('C:\\APK\\xampp-8.2\\htdocs\\SafeToTrip\\public\\index.php')
WARNING - 2024-06-21 21:29:17 --> [DEPRECATED] Creation of dynamic property App\Controllers\Fasilitas::$home is deprecated in APPPATH\Controllers\Fasilitas.php on line 13.
 1 SYSTEMPATH\CodeIgniter.php(903): App\Controllers\Fasilitas->__construct()
 2 SYSTEMPATH\CodeIgniter.php(500): CodeIgniter\CodeIgniter->createController()
 3 SYSTEMPATH\CodeIgniter.php(355): CodeIgniter\CodeIgniter->handleRequest(null, Object(Config\Cache), false)
 4 SYSTEMPATH\Boot.php(312): CodeIgniter\CodeIgniter->run()
 5 SYSTEMPATH\Boot.php(67): CodeIgniter\Boot::runCodeIgniter(Object(CodeIgniter\CodeIgniter))
 6 FCPATH\index.php(56): CodeIgniter\Boot::bootWeb(Object(Config\Paths))
 7 SYSTEMPATH\Commands\Server\rewrite.php(49): require_once('C:\\APK\\xampp-8.2\\htdocs\\SafeToTrip\\public\\index.php')
WARNING - 2024-06-21 21:29:17 --> [DEPRECATED] Creation of dynamic property App\Controllers\Fasilitas::$fasilitas is deprecated in APPPATH\Controllers\Fasilitas.php on line 14.
 1 SYSTEMPATH\CodeIgniter.php(903): App\Controllers\Fasilitas->__construct()
 2 SYSTEMPATH\CodeIgniter.php(500): CodeIgniter\CodeIgniter->createController()
 3 SYSTEMPATH\CodeIgniter.php(355): CodeIgniter\CodeIgniter->handleRequest(null, Object(Config\Cache), false)
 4 SYSTEMPATH\Boot.php(312): CodeIgniter\CodeIgniter->run()
 5 SYSTEMPATH\Boot.php(67): CodeIgniter\Boot::runCodeIgniter(Object(CodeIgniter\CodeIgniter))
 6 FCPATH\index.php(56): CodeIgniter\Boot::bootWeb(Object(Config\Paths))
 7 SYSTEMPATH\Commands\Server\rewrite.php(49): require_once('C:\\APK\\xampp-8.2\\htdocs\\SafeToTrip\\public\\index.php')
INFO - 2024-06-21 21:29:23 --> Session: Class initialized using 'CodeIgniter\Session\Handlers\FileHandler' driver.
WARNING - 2024-06-21 21:29:23 --> [DEPRECATED] Creation of dynamic property App\Controllers\Home::$session is deprecated in APPPATH\Controllers\Home.php on line 13.
 1 APPPATH\Controllers\Harga.php(14): App\Controllers\Home->__construct()
 2 SYSTEMPATH\CodeIgniter.php(903): App\Controllers\Harga->__construct()
 3 SYSTEMPATH\CodeIgniter.php(500): CodeIgniter\CodeIgniter->createController()
 4 SYSTEMPATH\CodeIgniter.php(355): CodeIgniter\CodeIgniter->handleRequest(null, Object(Config\Cache), false)
 5 SYSTEMPATH\Boot.php(312): CodeIgniter\CodeIgniter->run()
 6 SYSTEMPATH\Boot.php(67): CodeIgniter\Boot::runCodeIgniter(Object(CodeIgniter\CodeIgniter))
 7 FCPATH\index.php(56): CodeIgniter\Boot::bootWeb(Object(Config\Paths))
 8 SYSTEMPATH\Commands\Server\rewrite.php(49): require_once('C:\\APK\\xampp-8.2\\htdocs\\SafeToTrip\\public\\index.php')
WARNING - 2024-06-21 21:29:23 --> [DEPRECATED] Creation of dynamic property App\Controllers\Home::$wisata is deprecated in APPPATH\Controllers\Home.php on line 14.
 1 APPPATH\Controllers\Harga.php(14): App\Controllers\Home->__construct()
 2 SYSTEMPATH\CodeIgniter.php(903): App\Controllers\Harga->__construct()
 3 SYSTEMPATH\CodeIgniter.php(500): CodeIgniter\CodeIgniter->createController()
 4 SYSTEMPATH\CodeIgniter.php(355): CodeIgniter\CodeIgniter->handleRequest(null, Object(Config\Cache), false)
 5 SYSTEMPATH\Boot.php(312): CodeIgniter\CodeIgniter->run()
 6 SYSTEMPATH\Boot.php(67): CodeIgniter\Boot::runCodeIgniter(Object(CodeIgniter\CodeIgniter))
 7 FCPATH\index.php(56): CodeIgniter\Boot::bootWeb(Object(Config\Paths))
 8 SYSTEMPATH\Commands\Server\rewrite.php(49): require_once('C:\\APK\\xampp-8.2\\htdocs\\SafeToTrip\\public\\index.php')
WARNING - 2024-06-21 21:29:23 --> [DEPRECATED] Creation of dynamic property App\Controllers\Home::$fasilitas is deprecated in APPPATH\Controllers\Home.php on line 15.
 1 APPPATH\Controllers\Harga.php(14): App\Controllers\Home->__construct()
 2 SYSTEMPATH\CodeIgniter.php(903): App\Controllers\Harga->__construct()
 3 SYSTEMPATH\CodeIgniter.php(500): CodeIgniter\CodeIgniter->createController()
 4 SYSTEMPATH\CodeIgniter.php(355): CodeIgniter\CodeIgniter->handleRequest(null, Object(Config\Cache), false)
 5 SYSTEMPATH\Boot.php(312): CodeIgniter\CodeIgniter->run()
 6 SYSTEMPATH\Boot.php(67): CodeIgniter\Boot::runCodeIgniter(Object(CodeIgniter\CodeIgniter))
 7 FCPATH\index.php(56): CodeIgniter\Boot::bootWeb(Object(Config\Paths))
 8 SYSTEMPATH\Commands\Server\rewrite.php(49): require_once('C:\\APK\\xampp-8.2\\htdocs\\SafeToTrip\\public\\index.php')
WARNING - 2024-06-21 21:29:23 --> [DEPRECATED] Creation of dynamic property App\Controllers\Home::$harga is deprecated in APPPATH\Controllers\Home.php on line 16.
 1 APPPATH\Controllers\Harga.php(14): App\Controllers\Home->__construct()
 2 SYSTEMPATH\CodeIgniter.php(903): App\Controllers\Harga->__construct()
 3 SYSTEMPATH\CodeIgniter.php(500): CodeIgniter\CodeIgniter->createController()
 4 SYSTEMPATH\CodeIgniter.php(355): CodeIgniter\CodeIgniter->handleRequest(null, Object(Config\Cache), false)
 5 SYSTEMPATH\Boot.php(312): CodeIgniter\CodeIgniter->run()
 6 SYSTEMPATH\Boot.php(67): CodeIgniter\Boot::runCodeIgniter(Object(CodeIgniter\CodeIgniter))
 7 FCPATH\index.php(56): CodeIgniter\Boot::bootWeb(Object(Config\Paths))
 8 SYSTEMPATH\Commands\Server\rewrite.php(49): require_once('C:\\APK\\xampp-8.2\\htdocs\\SafeToTrip\\public\\index.php')
WARNING - 2024-06-21 21:29:23 --> [DEPRECATED] Creation of dynamic property App\Controllers\Harga::$home is deprecated in APPPATH\Controllers\Harga.php on line 14.
 1 SYSTEMPATH\CodeIgniter.php(903): App\Controllers\Harga->__construct()
 2 SYSTEMPATH\CodeIgniter.php(500): CodeIgniter\CodeIgniter->createController()
 3 SYSTEMPATH\CodeIgniter.php(355): CodeIgniter\CodeIgniter->handleRequest(null, Object(Config\Cache), false)
 4 SYSTEMPATH\Boot.php(312): CodeIgniter\CodeIgniter->run()
 5 SYSTEMPATH\Boot.php(67): CodeIgniter\Boot::runCodeIgniter(Object(CodeIgniter\CodeIgniter))
 6 FCPATH\index.php(56): CodeIgniter\Boot::bootWeb(Object(Config\Paths))
 7 SYSTEMPATH\Commands\Server\rewrite.php(49): require_once('C:\\APK\\xampp-8.2\\htdocs\\SafeToTrip\\public\\index.php')
WARNING - 2024-06-21 21:29:23 --> [DEPRECATED] Creation of dynamic property App\Controllers\Harga::$wisata is deprecated in APPPATH\Controllers\Harga.php on line 15.
 1 SYSTEMPATH\CodeIgniter.php(903): App\Controllers\Harga->__construct()
 2 SYSTEMPATH\CodeIgniter.php(500): CodeIgniter\CodeIgniter->createController()
 3 SYSTEMPATH\CodeIgniter.php(355): CodeIgniter\CodeIgniter->handleRequest(null, Object(Config\Cache), false)
 4 SYSTEMPATH\Boot.php(312): CodeIgniter\CodeIgniter->run()
 5 SYSTEMPATH\Boot.php(67): CodeIgniter\Boot::runCodeIgniter(Object(CodeIgniter\CodeIgniter))
 6 FCPATH\index.php(56): CodeIgniter\Boot::bootWeb(Object(Config\Paths))
 7 SYSTEMPATH\Commands\Server\rewrite.php(49): require_once('C:\\APK\\xampp-8.2\\htdocs\\SafeToTrip\\public\\index.php')
WARNING - 2024-06-21 21:29:23 --> [DEPRECATED] Creation of dynamic property App\Controllers\Harga::$harga is deprecated in APPPATH\Controllers\Harga.php on line 16.
 1 SYSTEMPATH\CodeIgniter.php(903): App\Controllers\Harga->__construct()
 2 SYSTEMPATH\CodeIgniter.php(500): CodeIgniter\CodeIgniter->createController()
 3 SYSTEMPATH\CodeIgniter.php(355): CodeIgniter\CodeIgniter->handleRequest(null, Object(Config\Cache), false)
 4 SYSTEMPATH\Boot.php(312): CodeIgniter\CodeIgniter->run()
 5 SYSTEMPATH\Boot.php(67): CodeIgniter\Boot::runCodeIgniter(Object(CodeIgniter\CodeIgniter))
 6 FCPATH\index.php(56): CodeIgniter\Boot::bootWeb(Object(Config\Paths))
 7 SYSTEMPATH\Commands\Server\rewrite.php(49): require_once('C:\\APK\\xampp-8.2\\htdocs\\SafeToTrip\\public\\index.php')
INFO - 2024-06-21 21:29:54 --> Session: Class initialized using 'CodeIgniter\Session\Handlers\FileHandler' driver.
WARNING - 2024-06-21 21:29:54 --> [DEPRECATED] Creation of dynamic property App\Controllers\Transaksi::$session is deprecated in APPPATH\Controllers\Transaksi.php on line 15.
 1 SYSTEMPATH\CodeIgniter.php(903): App\Controllers\Transaksi->__construct()
 2 SYSTEMPATH\CodeIgniter.php(500): CodeIgniter\CodeIgniter->createController()
 3 SYSTEMPATH\CodeIgniter.php(355): CodeIgniter\CodeIgniter->handleRequest(null, Object(Config\Cache), false)
 4 SYSTEMPATH\Boot.php(312): CodeIgniter\CodeIgniter->run()
 5 SYSTEMPATH\Boot.php(67): CodeIgniter\Boot::runCodeIgniter(Object(CodeIgniter\CodeIgniter))
 6 FCPATH\index.php(56): CodeIgniter\Boot::bootWeb(Object(Config\Paths))
 7 SYSTEMPATH\Commands\Server\rewrite.php(49): require_once('C:\\APK\\xampp-8.2\\htdocs\\SafeToTrip\\public\\index.php')
WARNING - 2024-06-21 21:29:54 --> [DEPRECATED] Creation of dynamic property App\Controllers\Home::$session is deprecated in APPPATH\Controllers\Home.php on line 13.
 1 APPPATH\Controllers\Transaksi.php(16): App\Controllers\Home->__construct()
 2 SYSTEMPATH\CodeIgniter.php(903): App\Controllers\Transaksi->__construct()
 3 SYSTEMPATH\CodeIgniter.php(500): CodeIgniter\CodeIgniter->createController()
 4 SYSTEMPATH\CodeIgniter.php(355): CodeIgniter\CodeIgniter->handleRequest(null, Object(Config\Cache), false)
 5 SYSTEMPATH\Boot.php(312): CodeIgniter\CodeIgniter->run()
 6 SYSTEMPATH\Boot.php(67): CodeIgniter\Boot::runCodeIgniter(Object(CodeIgniter\CodeIgniter))
 7 FCPATH\index.php(56): CodeIgniter\Boot::bootWeb(Object(Config\Paths))
 8 SYSTEMPATH\Commands\Server\rewrite.php(49): require_once('C:\\APK\\xampp-8.2\\htdocs\\SafeToTrip\\public\\index.php')
WARNING - 2024-06-21 21:29:54 --> [DEPRECATED] Creation of dynamic property App\Controllers\Home::$wisata is deprecated in APPPATH\Controllers\Home.php on line 14.
 1 APPPATH\Controllers\Transaksi.php(16): App\Controllers\Home->__construct()
 2 SYSTEMPATH\CodeIgniter.php(903): App\Controllers\Transaksi->__construct()
 3 SYSTEMPATH\CodeIgniter.php(500): CodeIgniter\CodeIgniter->createController()
 4 SYSTEMPATH\CodeIgniter.php(355): CodeIgniter\CodeIgniter->handleRequest(null, Object(Config\Cache), false)
 5 SYSTEMPATH\Boot.php(312): CodeIgniter\CodeIgniter->run()
 6 SYSTEMPATH\Boot.php(67): CodeIgniter\Boot::runCodeIgniter(Object(CodeIgniter\CodeIgniter))
 7 FCPATH\index.php(56): CodeIgniter\Boot::bootWeb(Object(Config\Paths))
 8 SYSTEMPATH\Commands\Server\rewrite.php(49): require_once('C:\\APK\\xampp-8.2\\htdocs\\SafeToTrip\\public\\index.php')
WARNING - 2024-06-21 21:29:54 --> [DEPRECATED] Creation of dynamic property App\Controllers\Home::$fasilitas is deprecated in APPPATH\Controllers\Home.php on line 15.
 1 APPPATH\Controllers\Transaksi.php(16): App\Controllers\Home->__construct()
 2 SYSTEMPATH\CodeIgniter.php(903): App\Controllers\Transaksi->__construct()
 3 SYSTEMPATH\CodeIgniter.php(500): CodeIgniter\CodeIgniter->createController()
 4 SYSTEMPATH\CodeIgniter.php(355): CodeIgniter\CodeIgniter->handleRequest(null, Object(Config\Cache), false)
 5 SYSTEMPATH\Boot.php(312): CodeIgniter\CodeIgniter->run()
 6 SYSTEMPATH\Boot.php(67): CodeIgniter\Boot::runCodeIgniter(Object(CodeIgniter\CodeIgniter))
 7 FCPATH\index.php(56): CodeIgniter\Boot::bootWeb(Object(Config\Paths))
 8 SYSTEMPATH\Commands\Server\rewrite.php(49): require_once('C:\\APK\\xampp-8.2\\htdocs\\SafeToTrip\\public\\index.php')
WARNING - 2024-06-21 21:29:54 --> [DEPRECATED] Creation of dynamic property App\Controllers\Home::$harga is deprecated in APPPATH\Controllers\Home.php on line 16.
 1 APPPATH\Controllers\Transaksi.php(16): App\Controllers\Home->__construct()
 2 SYSTEMPATH\CodeIgniter.php(903): App\Controllers\Transaksi->__construct()
 3 SYSTEMPATH\CodeIgniter.php(500): CodeIgniter\CodeIgniter->createController()
 4 SYSTEMPATH\CodeIgniter.php(355): CodeIgniter\CodeIgniter->handleRequest(null, Object(Config\Cache), false)
 5 SYSTEMPATH\Boot.php(312): CodeIgniter\CodeIgniter->run()
 6 SYSTEMPATH\Boot.php(67): CodeIgniter\Boot::runCodeIgniter(Object(CodeIgniter\CodeIgniter))
 7 FCPATH\index.php(56): CodeIgniter\Boot::bootWeb(Object(Config\Paths))
 8 SYSTEMPATH\Commands\Server\rewrite.php(49): require_once('C:\\APK\\xampp-8.2\\htdocs\\SafeToTrip\\public\\index.php')
WARNING - 2024-06-21 21:29:54 --> [DEPRECATED] Creation of dynamic property App\Controllers\Transaksi::$home is deprecated in APPPATH\Controllers\Transaksi.php on line 16.
 1 SYSTEMPATH\CodeIgniter.php(903): App\Controllers\Transaksi->__construct()
 2 SYSTEMPATH\CodeIgniter.php(500): CodeIgniter\CodeIgniter->createController()
 3 SYSTEMPATH\CodeIgniter.php(355): CodeIgniter\CodeIgniter->handleRequest(null, Object(Config\Cache), false)
 4 SYSTEMPATH\Boot.php(312): CodeIgniter\CodeIgniter->run()
 5 SYSTEMPATH\Boot.php(67): CodeIgniter\Boot::runCodeIgniter(Object(CodeIgniter\CodeIgniter))
 6 FCPATH\index.php(56): CodeIgniter\Boot::bootWeb(Object(Config\Paths))
 7 SYSTEMPATH\Commands\Server\rewrite.php(49): require_once('C:\\APK\\xampp-8.2\\htdocs\\SafeToTrip\\public\\index.php')
WARNING - 2024-06-21 21:29:54 --> [DEPRECATED] Creation of dynamic property App\Controllers\Transaksi::$wisata is deprecated in APPPATH\Controllers\Transaksi.php on line 17.
 1 SYSTEMPATH\CodeIgniter.php(903): App\Controllers\Transaksi->__construct()
 2 SYSTEMPATH\CodeIgniter.php(500): CodeIgniter\CodeIgniter->createController()
 3 SYSTEMPATH\CodeIgniter.php(355): CodeIgniter\CodeIgniter->handleRequest(null, Object(Config\Cache), false)
 4 SYSTEMPATH\Boot.php(312): CodeIgniter\CodeIgniter->run()
 5 SYSTEMPATH\Boot.php(67): CodeIgniter\Boot::runCodeIgniter(Object(CodeIgniter\CodeIgniter))
 6 FCPATH\index.php(56): CodeIgniter\Boot::bootWeb(Object(Config\Paths))
 7 SYSTEMPATH\Commands\Server\rewrite.php(49): require_once('C:\\APK\\xampp-8.2\\htdocs\\SafeToTrip\\public\\index.php')
WARNING - 2024-06-21 21:29:54 --> [DEPRECATED] Creation of dynamic property App\Controllers\Transaksi::$transaksi is deprecated in APPPATH\Controllers\Transaksi.php on line 18.
 1 SYSTEMPATH\CodeIgniter.php(903): App\Controllers\Transaksi->__construct()
 2 SYSTEMPATH\CodeIgniter.php(500): CodeIgniter\CodeIgniter->createController()
 3 SYSTEMPATH\CodeIgniter.php(355): CodeIgniter\CodeIgniter->handleRequest(null, Object(Config\Cache), false)
 4 SYSTEMPATH\Boot.php(312): CodeIgniter\CodeIgniter->run()
 5 SYSTEMPATH\Boot.php(67): CodeIgniter\Boot::runCodeIgniter(Object(CodeIgniter\CodeIgniter))
 6 FCPATH\index.php(56): CodeIgniter\Boot::bootWeb(Object(Config\Paths))
 7 SYSTEMPATH\Commands\Server\rewrite.php(49): require_once('C:\\APK\\xampp-8.2\\htdocs\\SafeToTrip\\public\\index.php')
WARNING - 2024-06-21 21:29:54 --> [DEPRECATED] Creation of dynamic property App\Controllers\Transaksi::$detail is deprecated in APPPATH\Controllers\Transaksi.php on line 19.
 1 SYSTEMPATH\CodeIgniter.php(903): App\Controllers\Transaksi->__construct()
 2 SYSTEMPATH\CodeIgniter.php(500): CodeIgniter\CodeIgniter->createController()
 3 SYSTEMPATH\CodeIgniter.php(355): CodeIgniter\CodeIgniter->handleRequest(null, Object(Config\Cache), false)
 4 SYSTEMPATH\Boot.php(312): CodeIgniter\CodeIgniter->run()
 5 SYSTEMPATH\Boot.php(67): CodeIgniter\Boot::runCodeIgniter(Object(CodeIgniter\CodeIgniter))
 6 FCPATH\index.php(56): CodeIgniter\Boot::bootWeb(Object(Config\Paths))
 7 SYSTEMPATH\Commands\Server\rewrite.php(49): require_once('C:\\APK\\xampp-8.2\\htdocs\\SafeToTrip\\public\\index.php')
INFO - 2024-06-21 21:29:57 --> Session: Class initialized using 'CodeIgniter\Session\Handlers\FileHandler' driver.
WARNING - 2024-06-21 21:29:57 --> [DEPRECATED] Creation of dynamic property App\Controllers\Transaksi::$session is deprecated in APPPATH\Controllers\Transaksi.php on line 15.
 1 SYSTEMPATH\CodeIgniter.php(903): App\Controllers\Transaksi->__construct()
 2 SYSTEMPATH\CodeIgniter.php(500): CodeIgniter\CodeIgniter->createController()
 3 SYSTEMPATH\CodeIgniter.php(355): CodeIgniter\CodeIgniter->handleRequest(null, Object(Config\Cache), false)
 4 SYSTEMPATH\Boot.php(312): CodeIgniter\CodeIgniter->run()
 5 SYSTEMPATH\Boot.php(67): CodeIgniter\Boot::runCodeIgniter(Object(CodeIgniter\CodeIgniter))
 6 FCPATH\index.php(56): CodeIgniter\Boot::bootWeb(Object(Config\Paths))
 7 SYSTEMPATH\Commands\Server\rewrite.php(49): require_once('C:\\APK\\xampp-8.2\\htdocs\\SafeToTrip\\public\\index.php')
WARNING - 2024-06-21 21:29:57 --> [DEPRECATED] Creation of dynamic property App\Controllers\Home::$session is deprecated in APPPATH\Controllers\Home.php on line 13.
 1 APPPATH\Controllers\Transaksi.php(16): App\Controllers\Home->__construct()
 2 SYSTEMPATH\CodeIgniter.php(903): App\Controllers\Transaksi->__construct()
 3 SYSTEMPATH\CodeIgniter.php(500): CodeIgniter\CodeIgniter->createController()
 4 SYSTEMPATH\CodeIgniter.php(355): CodeIgniter\CodeIgniter->handleRequest(null, Object(Config\Cache), false)
 5 SYSTEMPATH\Boot.php(312): CodeIgniter\CodeIgniter->run()
 6 SYSTEMPATH\Boot.php(67): CodeIgniter\Boot::runCodeIgniter(Object(CodeIgniter\CodeIgniter))
 7 FCPATH\index.php(56): CodeIgniter\Boot::bootWeb(Object(Config\Paths))
 8 SYSTEMPATH\Commands\Server\rewrite.php(49): require_once('C:\\APK\\xampp-8.2\\htdocs\\SafeToTrip\\public\\index.php')
WARNING - 2024-06-21 21:29:57 --> [DEPRECATED] Creation of dynamic property App\Controllers\Home::$wisata is deprecated in APPPATH\Controllers\Home.php on line 14.
 1 APPPATH\Controllers\Transaksi.php(16): App\Controllers\Home->__construct()
 2 SYSTEMPATH\CodeIgniter.php(903): App\Controllers\Transaksi->__construct()
 3 SYSTEMPATH\CodeIgniter.php(500): CodeIgniter\CodeIgniter->createController()
 4 SYSTEMPATH\CodeIgniter.php(355): CodeIgniter\CodeIgniter->handleRequest(null, Object(Config\Cache), false)
 5 SYSTEMPATH\Boot.php(312): CodeIgniter\CodeIgniter->run()
 6 SYSTEMPATH\Boot.php(67): CodeIgniter\Boot::runCodeIgniter(Object(CodeIgniter\CodeIgniter))
 7 FCPATH\index.php(56): CodeIgniter\Boot::bootWeb(Object(Config\Paths))
 8 SYSTEMPATH\Commands\Server\rewrite.php(49): require_once('C:\\APK\\xampp-8.2\\htdocs\\SafeToTrip\\public\\index.php')
WARNING - 2024-06-21 21:29:57 --> [DEPRECATED] Creation of dynamic property App\Controllers\Home::$fasilitas is deprecated in APPPATH\Controllers\Home.php on line 15.
 1 APPPATH\Controllers\Transaksi.php(16): App\Controllers\Home->__construct()
 2 SYSTEMPATH\CodeIgniter.php(903): App\Controllers\Transaksi->__construct()
 3 SYSTEMPATH\CodeIgniter.php(500): CodeIgniter\CodeIgniter->createController()
 4 SYSTEMPATH\CodeIgniter.php(355): CodeIgniter\CodeIgniter->handleRequest(null, Object(Config\Cache), false)
 5 SYSTEMPATH\Boot.php(312): CodeIgniter\CodeIgniter->run()
 6 SYSTEMPATH\Boot.php(67): CodeIgniter\Boot::runCodeIgniter(Object(CodeIgniter\CodeIgniter))
 7 FCPATH\index.php(56): CodeIgniter\Boot::bootWeb(Object(Config\Paths))
 8 SYSTEMPATH\Commands\Server\rewrite.php(49): require_once('C:\\APK\\xampp-8.2\\htdocs\\SafeToTrip\\public\\index.php')
WARNING - 2024-06-21 21:29:57 --> [DEPRECATED] Creation of dynamic property App\Controllers\Home::$harga is deprecated in APPPATH\Controllers\Home.php on line 16.
 1 APPPATH\Controllers\Transaksi.php(16): App\Controllers\Home->__construct()
 2 SYSTEMPATH\CodeIgniter.php(903): App\Controllers\Transaksi->__construct()
 3 SYSTEMPATH\CodeIgniter.php(500): CodeIgniter\CodeIgniter->createController()
 4 SYSTEMPATH\CodeIgniter.php(355): CodeIgniter\CodeIgniter->handleRequest(null, Object(Config\Cache), false)
 5 SYSTEMPATH\Boot.php(312): CodeIgniter\CodeIgniter->run()
 6 SYSTEMPATH\Boot.php(67): CodeIgniter\Boot::runCodeIgniter(Object(CodeIgniter\CodeIgniter))
 7 FCPATH\index.php(56): CodeIgniter\Boot::bootWeb(Object(Config\Paths))
 8 SYSTEMPATH\Commands\Server\rewrite.php(49): require_once('C:\\APK\\xampp-8.2\\htdocs\\SafeToTrip\\public\\index.php')
WARNING - 2024-06-21 21:29:57 --> [DEPRECATED] Creation of dynamic property App\Controllers\Transaksi::$home is deprecated in APPPATH\Controllers\Transaksi.php on line 16.
 1 SYSTEMPATH\CodeIgniter.php(903): App\Controllers\Transaksi->__construct()
 2 SYSTEMPATH\CodeIgniter.php(500): CodeIgniter\CodeIgniter->createController()
 3 SYSTEMPATH\CodeIgniter.php(355): CodeIgniter\CodeIgniter->handleRequest(null, Object(Config\Cache), false)
 4 SYSTEMPATH\Boot.php(312): CodeIgniter\CodeIgniter->run()
 5 SYSTEMPATH\Boot.php(67): CodeIgniter\Boot::runCodeIgniter(Object(CodeIgniter\CodeIgniter))
 6 FCPATH\index.php(56): CodeIgniter\Boot::bootWeb(Object(Config\Paths))
 7 SYSTEMPATH\Commands\Server\rewrite.php(49): require_once('C:\\APK\\xampp-8.2\\htdocs\\SafeToTrip\\public\\index.php')
WARNING - 2024-06-21 21:29:57 --> [DEPRECATED] Creation of dynamic property App\Controllers\Transaksi::$wisata is deprecated in APPPATH\Controllers\Transaksi.php on line 17.
 1 SYSTEMPATH\CodeIgniter.php(903): App\Controllers\Transaksi->__construct()
 2 SYSTEMPATH\CodeIgniter.php(500): CodeIgniter\CodeIgniter->createController()
 3 SYSTEMPATH\CodeIgniter.php(355): CodeIgniter\CodeIgniter->handleRequest(null, Object(Config\Cache), false)
 4 SYSTEMPATH\Boot.php(312): CodeIgniter\CodeIgniter->run()
 5 SYSTEMPATH\Boot.php(67): CodeIgniter\Boot::runCodeIgniter(Object(CodeIgniter\CodeIgniter))
 6 FCPATH\index.php(56): CodeIgniter\Boot::bootWeb(Object(Config\Paths))
 7 SYSTEMPATH\Commands\Server\rewrite.php(49): require_once('C:\\APK\\xampp-8.2\\htdocs\\SafeToTrip\\public\\index.php')
WARNING - 2024-06-21 21:29:57 --> [DEPRECATED] Creation of dynamic property App\Controllers\Transaksi::$transaksi is deprecated in APPPATH\Controllers\Transaksi.php on line 18.
 1 SYSTEMPATH\CodeIgniter.php(903): App\Controllers\Transaksi->__construct()
 2 SYSTEMPATH\CodeIgniter.php(500): CodeIgniter\CodeIgniter->createController()
 3 SYSTEMPATH\CodeIgniter.php(355): CodeIgniter\CodeIgniter->handleRequest(null, Object(Config\Cache), false)
 4 SYSTEMPATH\Boot.php(312): CodeIgniter\CodeIgniter->run()
 5 SYSTEMPATH\Boot.php(67): CodeIgniter\Boot::runCodeIgniter(Object(CodeIgniter\CodeIgniter))
 6 FCPATH\index.php(56): CodeIgniter\Boot::bootWeb(Object(Config\Paths))
 7 SYSTEMPATH\Commands\Server\rewrite.php(49): require_once('C:\\APK\\xampp-8.2\\htdocs\\SafeToTrip\\public\\index.php')
WARNING - 2024-06-21 21:29:57 --> [DEPRECATED] Creation of dynamic property App\Controllers\Transaksi::$detail is deprecated in APPPATH\Controllers\Transaksi.php on line 19.
 1 SYSTEMPATH\CodeIgniter.php(903): App\Controllers\Transaksi->__construct()
 2 SYSTEMPATH\CodeIgniter.php(500): CodeIgniter\CodeIgniter->createController()
 3 SYSTEMPATH\CodeIgniter.php(355): CodeIgniter\CodeIgniter->handleRequest(null, Object(Config\Cache), false)
 4 SYSTEMPATH\Boot.php(312): CodeIgniter\CodeIgniter->run()
 5 SYSTEMPATH\Boot.php(67): CodeIgniter\Boot::runCodeIgniter(Object(CodeIgniter\CodeIgniter))
 6 FCPATH\index.php(56): CodeIgniter\Boot::bootWeb(Object(Config\Paths))
 7 SYSTEMPATH\Commands\Server\rewrite.php(49): require_once('C:\\APK\\xampp-8.2\\htdocs\\SafeToTrip\\public\\index.php')
INFO - 2024-06-21 21:29:59 --> Session: Class initialized using 'CodeIgniter\Session\Handlers\FileHandler' driver.
WARNING - 2024-06-21 21:29:59 --> [DEPRECATED] Creation of dynamic property App\Controllers\Transaksi::$session is deprecated in APPPATH\Controllers\Transaksi.php on line 15.
 1 SYSTEMPATH\CodeIgniter.php(903): App\Controllers\Transaksi->__construct()
 2 SYSTEMPATH\CodeIgniter.php(500): CodeIgniter\CodeIgniter->createController()
 3 SYSTEMPATH\CodeIgniter.php(355): CodeIgniter\CodeIgniter->handleRequest(null, Object(Config\Cache), false)
 4 SYSTEMPATH\Boot.php(312): CodeIgniter\CodeIgniter->run()
 5 SYSTEMPATH\Boot.php(67): CodeIgniter\Boot::runCodeIgniter(Object(CodeIgniter\CodeIgniter))
 6 FCPATH\index.php(56): CodeIgniter\Boot::bootWeb(Object(Config\Paths))
 7 SYSTEMPATH\Commands\Server\rewrite.php(49): require_once('C:\\APK\\xampp-8.2\\htdocs\\SafeToTrip\\public\\index.php')
WARNING - 2024-06-21 21:29:59 --> [DEPRECATED] Creation of dynamic property App\Controllers\Home::$session is deprecated in APPPATH\Controllers\Home.php on line 13.
 1 APPPATH\Controllers\Transaksi.php(16): App\Controllers\Home->__construct()
 2 SYSTEMPATH\CodeIgniter.php(903): App\Controllers\Transaksi->__construct()
 3 SYSTEMPATH\CodeIgniter.php(500): CodeIgniter\CodeIgniter->createController()
 4 SYSTEMPATH\CodeIgniter.php(355): CodeIgniter\CodeIgniter->handleRequest(null, Object(Config\Cache), false)
 5 SYSTEMPATH\Boot.php(312): CodeIgniter\CodeIgniter->run()
 6 SYSTEMPATH\Boot.php(67): CodeIgniter\Boot::runCodeIgniter(Object(CodeIgniter\CodeIgniter))
 7 FCPATH\index.php(56): CodeIgniter\Boot::bootWeb(Object(Config\Paths))
 8 SYSTEMPATH\Commands\Server\rewrite.php(49): require_once('C:\\APK\\xampp-8.2\\htdocs\\SafeToTrip\\public\\index.php')
WARNING - 2024-06-21 21:29:59 --> [DEPRECATED] Creation of dynamic property App\Controllers\Home::$wisata is deprecated in APPPATH\Controllers\Home.php on line 14.
 1 APPPATH\Controllers\Transaksi.php(16): App\Controllers\Home->__construct()
 2 SYSTEMPATH\CodeIgniter.php(903): App\Controllers\Transaksi->__construct()
 3 SYSTEMPATH\CodeIgniter.php(500): CodeIgniter\CodeIgniter->createController()
 4 SYSTEMPATH\CodeIgniter.php(355): CodeIgniter\CodeIgniter->handleRequest(null, Object(Config\Cache), false)
 5 SYSTEMPATH\Boot.php(312): CodeIgniter\CodeIgniter->run()
 6 SYSTEMPATH\Boot.php(67): CodeIgniter\Boot::runCodeIgniter(Object(CodeIgniter\CodeIgniter))
 7 FCPATH\index.php(56): CodeIgniter\Boot::bootWeb(Object(Config\Paths))
 8 SYSTEMPATH\Commands\Server\rewrite.php(49): require_once('C:\\APK\\xampp-8.2\\htdocs\\SafeToTrip\\public\\index.php')
WARNING - 2024-06-21 21:29:59 --> [DEPRECATED] Creation of dynamic property App\Controllers\Home::$fasilitas is deprecated in APPPATH\Controllers\Home.php on line 15.
 1 APPPATH\Controllers\Transaksi.php(16): App\Controllers\Home->__construct()
 2 SYSTEMPATH\CodeIgniter.php(903): App\Controllers\Transaksi->__construct()
 3 SYSTEMPATH\CodeIgniter.php(500): CodeIgniter\CodeIgniter->createController()
 4 SYSTEMPATH\CodeIgniter.php(355): CodeIgniter\CodeIgniter->handleRequest(null, Object(Config\Cache), false)
 5 SYSTEMPATH\Boot.php(312): CodeIgniter\CodeIgniter->run()
 6 SYSTEMPATH\Boot.php(67): CodeIgniter\Boot::runCodeIgniter(Object(CodeIgniter\CodeIgniter))
 7 FCPATH\index.php(56): CodeIgniter\Boot::bootWeb(Object(Config\Paths))
 8 SYSTEMPATH\Commands\Server\rewrite.php(49): require_once('C:\\APK\\xampp-8.2\\htdocs\\SafeToTrip\\public\\index.php')
WARNING - 2024-06-21 21:29:59 --> [DEPRECATED] Creation of dynamic property App\Controllers\Home::$harga is deprecated in APPPATH\Controllers\Home.php on line 16.
 1 APPPATH\Controllers\Transaksi.php(16): App\Controllers\Home->__construct()
 2 SYSTEMPATH\CodeIgniter.php(903): App\Controllers\Transaksi->__construct()
 3 SYSTEMPATH\CodeIgniter.php(500): CodeIgniter\CodeIgniter->createController()
 4 SYSTEMPATH\CodeIgniter.php(355): CodeIgniter\CodeIgniter->handleRequest(null, Object(Config\Cache), false)
 5 SYSTEMPATH\Boot.php(312): CodeIgniter\CodeIgniter->run()
 6 SYSTEMPATH\Boot.php(67): CodeIgniter\Boot::runCodeIgniter(Object(CodeIgniter\CodeIgniter))
 7 FCPATH\index.php(56): CodeIgniter\Boot::bootWeb(Object(Config\Paths))
 8 SYSTEMPATH\Commands\Server\rewrite.php(49): require_once('C:\\APK\\xampp-8.2\\htdocs\\SafeToTrip\\public\\index.php')
WARNING - 2024-06-21 21:29:59 --> [DEPRECATED] Creation of dynamic property App\Controllers\Transaksi::$home is deprecated in APPPATH\Controllers\Transaksi.php on line 16.
 1 SYSTEMPATH\CodeIgniter.php(903): App\Controllers\Transaksi->__construct()
 2 SYSTEMPATH\CodeIgniter.php(500): CodeIgniter\CodeIgniter->createController()
 3 SYSTEMPATH\CodeIgniter.php(355): CodeIgniter\CodeIgniter->handleRequest(null, Object(Config\Cache), false)
 4 SYSTEMPATH\Boot.php(312): CodeIgniter\CodeIgniter->run()
 5 SYSTEMPATH\Boot.php(67): CodeIgniter\Boot::runCodeIgniter(Object(CodeIgniter\CodeIgniter))
 6 FCPATH\index.php(56): CodeIgniter\Boot::bootWeb(Object(Config\Paths))
 7 SYSTEMPATH\Commands\Server\rewrite.php(49): require_once('C:\\APK\\xampp-8.2\\htdocs\\SafeToTrip\\public\\index.php')
WARNING - 2024-06-21 21:29:59 --> [DEPRECATED] Creation of dynamic property App\Controllers\Transaksi::$wisata is deprecated in APPPATH\Controllers\Transaksi.php on line 17.
 1 SYSTEMPATH\CodeIgniter.php(903): App\Controllers\Transaksi->__construct()
 2 SYSTEMPATH\CodeIgniter.php(500): CodeIgniter\CodeIgniter->createController()
 3 SYSTEMPATH\CodeIgniter.php(355): CodeIgniter\CodeIgniter->handleRequest(null, Object(Config\Cache), false)
 4 SYSTEMPATH\Boot.php(312): CodeIgniter\CodeIgniter->run()
 5 SYSTEMPATH\Boot.php(67): CodeIgniter\Boot::runCodeIgniter(Object(CodeIgniter\CodeIgniter))
 6 FCPATH\index.php(56): CodeIgniter\Boot::bootWeb(Object(Config\Paths))
 7 SYSTEMPATH\Commands\Server\rewrite.php(49): require_once('C:\\APK\\xampp-8.2\\htdocs\\SafeToTrip\\public\\index.php')
WARNING - 2024-06-21 21:29:59 --> [DEPRECATED] Creation of dynamic property App\Controllers\Transaksi::$transaksi is deprecated in APPPATH\Controllers\Transaksi.php on line 18.
 1 SYSTEMPATH\CodeIgniter.php(903): App\Controllers\Transaksi->__construct()
 2 SYSTEMPATH\CodeIgniter.php(500): CodeIgniter\CodeIgniter->createController()
 3 SYSTEMPATH\CodeIgniter.php(355): CodeIgniter\CodeIgniter->handleRequest(null, Object(Config\Cache), false)
 4 SYSTEMPATH\Boot.php(312): CodeIgniter\CodeIgniter->run()
 5 SYSTEMPATH\Boot.php(67): CodeIgniter\Boot::runCodeIgniter(Object(CodeIgniter\CodeIgniter))
 6 FCPATH\index.php(56): CodeIgniter\Boot::bootWeb(Object(Config\Paths))
 7 SYSTEMPATH\Commands\Server\rewrite.php(49): require_once('C:\\APK\\xampp-8.2\\htdocs\\SafeToTrip\\public\\index.php')
WARNING - 2024-06-21 21:29:59 --> [DEPRECATED] Creation of dynamic property App\Controllers\Transaksi::$detail is deprecated in APPPATH\Controllers\Transaksi.php on line 19.
 1 SYSTEMPATH\CodeIgniter.php(903): App\Controllers\Transaksi->__construct()
 2 SYSTEMPATH\CodeIgniter.php(500): CodeIgniter\CodeIgniter->createController()
 3 SYSTEMPATH\CodeIgniter.php(355): CodeIgniter\CodeIgniter->handleRequest(null, Object(Config\Cache), false)
 4 SYSTEMPATH\Boot.php(312): CodeIgniter\CodeIgniter->run()
 5 SYSTEMPATH\Boot.php(67): CodeIgniter\Boot::runCodeIgniter(Object(CodeIgniter\CodeIgniter))
 6 FCPATH\index.php(56): CodeIgniter\Boot::bootWeb(Object(Config\Paths))
 7 SYSTEMPATH\Commands\Server\rewrite.php(49): require_once('C:\\APK\\xampp-8.2\\htdocs\\SafeToTrip\\public\\index.php')
INFO - 2024-06-21 22:04:34 --> Session: Class initialized using 'CodeIgniter\Session\Handlers\FileHandler' driver.
WARNING - 2024-06-21 22:04:34 --> [DEPRECATED] Creation of dynamic property App\Controllers\Home::$session is deprecated in APPPATH\Controllers\Home.php on line 13.
 1 SYSTEMPATH\CodeIgniter.php(903): App\Controllers\Home->__construct()
 2 SYSTEMPATH\CodeIgniter.php(500): CodeIgniter\CodeIgniter->createController()
 3 SYSTEMPATH\CodeIgniter.php(355): CodeIgniter\CodeIgniter->handleRequest(null, Object(Config\Cache), false)
 4 SYSTEMPATH\Boot.php(312): CodeIgniter\CodeIgniter->run()
 5 SYSTEMPATH\Boot.php(67): CodeIgniter\Boot::runCodeIgniter(Object(CodeIgniter\CodeIgniter))
 6 FCPATH\index.php(56): CodeIgniter\Boot::bootWeb(Object(Config\Paths))
 7 SYSTEMPATH\Commands\Server\rewrite.php(49): require_once('C:\\APK\\xampp-8.2\\htdocs\\SafeToTrip\\public\\index.php')
WARNING - 2024-06-21 22:04:34 --> [DEPRECATED] Creation of dynamic property App\Controllers\Home::$wisata is deprecated in APPPATH\Controllers\Home.php on line 14.
 1 SYSTEMPATH\CodeIgniter.php(903): App\Controllers\Home->__construct()
 2 SYSTEMPATH\CodeIgniter.php(500): CodeIgniter\CodeIgniter->createController()
 3 SYSTEMPATH\CodeIgniter.php(355): CodeIgniter\CodeIgniter->handleRequest(null, Object(Config\Cache), false)
 4 SYSTEMPATH\Boot.php(312): CodeIgniter\CodeIgniter->run()
 5 SYSTEMPATH\Boot.php(67): CodeIgniter\Boot::runCodeIgniter(Object(CodeIgniter\CodeIgniter))
 6 FCPATH\index.php(56): CodeIgniter\Boot::bootWeb(Object(Config\Paths))
 7 SYSTEMPATH\Commands\Server\rewrite.php(49): require_once('C:\\APK\\xampp-8.2\\htdocs\\SafeToTrip\\public\\index.php')
WARNING - 2024-06-21 22:04:34 --> [DEPRECATED] Creation of dynamic property App\Controllers\Home::$fasilitas is deprecated in APPPATH\Controllers\Home.php on line 15.
 1 SYSTEMPATH\CodeIgniter.php(903): App\Controllers\Home->__construct()
 2 SYSTEMPATH\CodeIgniter.php(500): CodeIgniter\CodeIgniter->createController()
 3 SYSTEMPATH\CodeIgniter.php(355): CodeIgniter\CodeIgniter->handleRequest(null, Object(Config\Cache), false)
 4 SYSTEMPATH\Boot.php(312): CodeIgniter\CodeIgniter->run()
 5 SYSTEMPATH\Boot.php(67): CodeIgniter\Boot::runCodeIgniter(Object(CodeIgniter\CodeIgniter))
 6 FCPATH\index.php(56): CodeIgniter\Boot::bootWeb(Object(Config\Paths))
 7 SYSTEMPATH\Commands\Server\rewrite.php(49): require_once('C:\\APK\\xampp-8.2\\htdocs\\SafeToTrip\\public\\index.php')
WARNING - 2024-06-21 22:04:34 --> [DEPRECATED] Creation of dynamic property App\Controllers\Home::$harga is deprecated in APPPATH\Controllers\Home.php on line 16.
 1 SYSTEMPATH\CodeIgniter.php(903): App\Controllers\Home->__construct()
 2 SYSTEMPATH\CodeIgniter.php(500): CodeIgniter\CodeIgniter->createController()
 3 SYSTEMPATH\CodeIgniter.php(355): CodeIgniter\CodeIgniter->handleRequest(null, Object(Config\Cache), false)
 4 SYSTEMPATH\Boot.php(312): CodeIgniter\CodeIgniter->run()
 5 SYSTEMPATH\Boot.php(67): CodeIgniter\Boot::runCodeIgniter(Object(CodeIgniter\CodeIgniter))
 6 FCPATH\index.php(56): CodeIgniter\Boot::bootWeb(Object(Config\Paths))
 7 SYSTEMPATH\Commands\Server\rewrite.php(49): require_once('C:\\APK\\xampp-8.2\\htdocs\\SafeToTrip\\public\\index.php')
INFO - 2024-06-21 22:05:21 --> Session: Class initialized using 'CodeIgniter\Session\Handlers\FileHandler' driver.
WARNING - 2024-06-21 22:05:21 --> [DEPRECATED] Creation of dynamic property App\Controllers\Wisata::$session is deprecated in APPPATH\Controllers\Wisata.php on line 17.
 1 SYSTEMPATH\CodeIgniter.php(903): App\Controllers\Wisata->__construct()
 2 SYSTEMPATH\CodeIgniter.php(500): CodeIgniter\CodeIgniter->createController()
 3 SYSTEMPATH\CodeIgniter.php(355): CodeIgniter\CodeIgniter->handleRequest(null, Object(Config\Cache), false)
 4 SYSTEMPATH\Boot.php(312): CodeIgniter\CodeIgniter->run()
 5 SYSTEMPATH\Boot.php(67): CodeIgniter\Boot::runCodeIgniter(Object(CodeIgniter\CodeIgniter))
 6 FCPATH\index.php(56): CodeIgniter\Boot::bootWeb(Object(Config\Paths))
 7 SYSTEMPATH\Commands\Server\rewrite.php(49): require_once('C:\\APK\\xampp-8.2\\htdocs\\SafeToTrip\\public\\index.php')
WARNING - 2024-06-21 22:05:21 --> [DEPRECATED] Creation of dynamic property App\Controllers\Home::$session is deprecated in APPPATH\Controllers\Home.php on line 13.
 1 APPPATH\Controllers\Wisata.php(18): App\Controllers\Home->__construct()
 2 SYSTEMPATH\CodeIgniter.php(903): App\Controllers\Wisata->__construct()
 3 SYSTEMPATH\CodeIgniter.php(500): CodeIgniter\CodeIgniter->createController()
 4 SYSTEMPATH\CodeIgniter.php(355): CodeIgniter\CodeIgniter->handleRequest(null, Object(Config\Cache), false)
 5 SYSTEMPATH\Boot.php(312): CodeIgniter\CodeIgniter->run()
 6 SYSTEMPATH\Boot.php(67): CodeIgniter\Boot::runCodeIgniter(Object(CodeIgniter\CodeIgniter))
 7 FCPATH\index.php(56): CodeIgniter\Boot::bootWeb(Object(Config\Paths))
 8 SYSTEMPATH\Commands\Server\rewrite.php(49): require_once('C:\\APK\\xampp-8.2\\htdocs\\SafeToTrip\\public\\index.php')
WARNING - 2024-06-21 22:05:21 --> [DEPRECATED] Creation of dynamic property App\Controllers\Home::$wisata is deprecated in APPPATH\Controllers\Home.php on line 14.
 1 APPPATH\Controllers\Wisata.php(18): App\Controllers\Home->__construct()
 2 SYSTEMPATH\CodeIgniter.php(903): App\Controllers\Wisata->__construct()
 3 SYSTEMPATH\CodeIgniter.php(500): CodeIgniter\CodeIgniter->createController()
 4 SYSTEMPATH\CodeIgniter.php(355): CodeIgniter\CodeIgniter->handleRequest(null, Object(Config\Cache), false)
 5 SYSTEMPATH\Boot.php(312): CodeIgniter\CodeIgniter->run()
 6 SYSTEMPATH\Boot.php(67): CodeIgniter\Boot::runCodeIgniter(Object(CodeIgniter\CodeIgniter))
 7 FCPATH\index.php(56): CodeIgniter\Boot::bootWeb(Object(Config\Paths))
 8 SYSTEMPATH\Commands\Server\rewrite.php(49): require_once('C:\\APK\\xampp-8.2\\htdocs\\SafeToTrip\\public\\index.php')
WARNING - 2024-06-21 22:05:21 --> [DEPRECATED] Creation of dynamic property App\Controllers\Home::$fasilitas is deprecated in APPPATH\Controllers\Home.php on line 15.
 1 APPPATH\Controllers\Wisata.php(18): App\Controllers\Home->__construct()
 2 SYSTEMPATH\CodeIgniter.php(903): App\Controllers\Wisata->__construct()
 3 SYSTEMPATH\CodeIgniter.php(500): CodeIgniter\CodeIgniter->createController()
 4 SYSTEMPATH\CodeIgniter.php(355): CodeIgniter\CodeIgniter->handleRequest(null, Object(Config\Cache), false)
 5 SYSTEMPATH\Boot.php(312): CodeIgniter\CodeIgniter->run()
 6 SYSTEMPATH\Boot.php(67): CodeIgniter\Boot::runCodeIgniter(Object(CodeIgniter\CodeIgniter))
 7 FCPATH\index.php(56): CodeIgniter\Boot::bootWeb(Object(Config\Paths))
 8 SYSTEMPATH\Commands\Server\rewrite.php(49): require_once('C:\\APK\\xampp-8.2\\htdocs\\SafeToTrip\\public\\index.php')
WARNING - 2024-06-21 22:05:21 --> [DEPRECATED] Creation of dynamic property App\Controllers\Home::$harga is deprecated in APPPATH\Controllers\Home.php on line 16.
 1 APPPATH\Controllers\Wisata.php(18): App\Controllers\Home->__construct()
 2 SYSTEMPATH\CodeIgniter.php(903): App\Controllers\Wisata->__construct()
 3 SYSTEMPATH\CodeIgniter.php(500): CodeIgniter\CodeIgniter->createController()
 4 SYSTEMPATH\CodeIgniter.php(355): CodeIgniter\CodeIgniter->handleRequest(null, Object(Config\Cache), false)
 5 SYSTEMPATH\Boot.php(312): CodeIgniter\CodeIgniter->run()
 6 SYSTEMPATH\Boot.php(67): CodeIgniter\Boot::runCodeIgniter(Object(CodeIgniter\CodeIgniter))
 7 FCPATH\index.php(56): CodeIgniter\Boot::bootWeb(Object(Config\Paths))
 8 SYSTEMPATH\Commands\Server\rewrite.php(49): require_once('C:\\APK\\xampp-8.2\\htdocs\\SafeToTrip\\public\\index.php')
WARNING - 2024-06-21 22:05:21 --> [DEPRECATED] Creation of dynamic property App\Controllers\Wisata::$home is deprecated in APPPATH\Controllers\Wisata.php on line 18.
 1 SYSTEMPATH\CodeIgniter.php(903): App\Controllers\Wisata->__construct()
 2 SYSTEMPATH\CodeIgniter.php(500): CodeIgniter\CodeIgniter->createController()
 3 SYSTEMPATH\CodeIgniter.php(355): CodeIgniter\CodeIgniter->handleRequest(null, Object(Config\Cache), false)
 4 SYSTEMPATH\Boot.php(312): CodeIgniter\CodeIgniter->run()
 5 SYSTEMPATH\Boot.php(67): CodeIgniter\Boot::runCodeIgniter(Object(CodeIgniter\CodeIgniter))
 6 FCPATH\index.php(56): CodeIgniter\Boot::bootWeb(Object(Config\Paths))
 7 SYSTEMPATH\Commands\Server\rewrite.php(49): require_once('C:\\APK\\xampp-8.2\\htdocs\\SafeToTrip\\public\\index.php')
WARNING - 2024-06-21 22:05:21 --> [DEPRECATED] Creation of dynamic property App\Controllers\Wisata::$admin is deprecated in APPPATH\Controllers\Wisata.php on line 19.
 1 SYSTEMPATH\CodeIgniter.php(903): App\Controllers\Wisata->__construct()
 2 SYSTEMPATH\CodeIgniter.php(500): CodeIgniter\CodeIgniter->createController()
 3 SYSTEMPATH\CodeIgniter.php(355): CodeIgniter\CodeIgniter->handleRequest(null, Object(Config\Cache), false)
 4 SYSTEMPATH\Boot.php(312): CodeIgniter\CodeIgniter->run()
 5 SYSTEMPATH\Boot.php(67): CodeIgniter\Boot::runCodeIgniter(Object(CodeIgniter\CodeIgniter))
 6 FCPATH\index.php(56): CodeIgniter\Boot::bootWeb(Object(Config\Paths))
 7 SYSTEMPATH\Commands\Server\rewrite.php(49): require_once('C:\\APK\\xampp-8.2\\htdocs\\SafeToTrip\\public\\index.php')
WARNING - 2024-06-21 22:05:21 --> [DEPRECATED] Creation of dynamic property App\Controllers\Wisata::$wisata is deprecated in APPPATH\Controllers\Wisata.php on line 20.
 1 SYSTEMPATH\CodeIgniter.php(903): App\Controllers\Wisata->__construct()
 2 SYSTEMPATH\CodeIgniter.php(500): CodeIgniter\CodeIgniter->createController()
 3 SYSTEMPATH\CodeIgniter.php(355): CodeIgniter\CodeIgniter->handleRequest(null, Object(Config\Cache), false)
 4 SYSTEMPATH\Boot.php(312): CodeIgniter\CodeIgniter->run()
 5 SYSTEMPATH\Boot.php(67): CodeIgniter\Boot::runCodeIgniter(Object(CodeIgniter\CodeIgniter))
 6 FCPATH\index.php(56): CodeIgniter\Boot::bootWeb(Object(Config\Paths))
 7 SYSTEMPATH\Commands\Server\rewrite.php(49): require_once('C:\\APK\\xampp-8.2\\htdocs\\SafeToTrip\\public\\index.php')
WARNING - 2024-06-21 22:05:21 --> [DEPRECATED] Creation of dynamic property App\Controllers\Wisata::$fasilitas is deprecated in APPPATH\Controllers\Wisata.php on line 21.
 1 SYSTEMPATH\CodeIgniter.php(903): App\Controllers\Wisata->__construct()
 2 SYSTEMPATH\CodeIgniter.php(500): CodeIgniter\CodeIgniter->createController()
 3 SYSTEMPATH\CodeIgniter.php(355): CodeIgniter\CodeIgniter->handleRequest(null, Object(Config\Cache), false)
 4 SYSTEMPATH\Boot.php(312): CodeIgniter\CodeIgniter->run()
 5 SYSTEMPATH\Boot.php(67): CodeIgniter\Boot::runCodeIgniter(Object(CodeIgniter\CodeIgniter))
 6 FCPATH\index.php(56): CodeIgniter\Boot::bootWeb(Object(Config\Paths))
 7 SYSTEMPATH\Commands\Server\rewrite.php(49): require_once('C:\\APK\\xampp-8.2\\htdocs\\SafeToTrip\\public\\index.php')
WARNING - 2024-06-21 22:05:21 --> [DEPRECATED] Creation of dynamic property App\Controllers\Wisata::$transaksi is deprecated in APPPATH\Controllers\Wisata.php on line 22.
 1 SYSTEMPATH\CodeIgniter.php(903): App\Controllers\Wisata->__construct()
 2 SYSTEMPATH\CodeIgniter.php(500): CodeIgniter\CodeIgniter->createController()
 3 SYSTEMPATH\CodeIgniter.php(355): CodeIgniter\CodeIgniter->handleRequest(null, Object(Config\Cache), false)
 4 SYSTEMPATH\Boot.php(312): CodeIgniter\CodeIgniter->run()
 5 SYSTEMPATH\Boot.php(67): CodeIgniter\Boot::runCodeIgniter(Object(CodeIgniter\CodeIgniter))
 6 FCPATH\index.php(56): CodeIgniter\Boot::bootWeb(Object(Config\Paths))
 7 SYSTEMPATH\Commands\Server\rewrite.php(49): require_once('C:\\APK\\xampp-8.2\\htdocs\\SafeToTrip\\public\\index.php')
WARNING - 2024-06-21 22:05:21 --> [DEPRECATED] Creation of dynamic property App\Controllers\Wisata::$harga is deprecated in APPPATH\Controllers\Wisata.php on line 23.
 1 SYSTEMPATH\CodeIgniter.php(903): App\Controllers\Wisata->__construct()
 2 SYSTEMPATH\CodeIgniter.php(500): CodeIgniter\CodeIgniter->createController()
 3 SYSTEMPATH\CodeIgniter.php(355): CodeIgniter\CodeIgniter->handleRequest(null, Object(Config\Cache), false)
 4 SYSTEMPATH\Boot.php(312): CodeIgniter\CodeIgniter->run()
 5 SYSTEMPATH\Boot.php(67): CodeIgniter\Boot::runCodeIgniter(Object(CodeIgniter\CodeIgniter))
 6 FCPATH\index.php(56): CodeIgniter\Boot::bootWeb(Object(Config\Paths))
 7 SYSTEMPATH\Commands\Server\rewrite.php(49): require_once('C:\\APK\\xampp-8.2\\htdocs\\SafeToTrip\\public\\index.php')
WARNING - 2024-06-21 22:05:21 --> [DEPRECATED] Creation of dynamic property App\Controllers\Wisata::$detail is deprecated in APPPATH\Controllers\Wisata.php on line 24.
 1 SYSTEMPATH\CodeIgniter.php(903): App\Controllers\Wisata->__construct()
 2 SYSTEMPATH\CodeIgniter.php(500): CodeIgniter\CodeIgniter->createController()
 3 SYSTEMPATH\CodeIgniter.php(355): CodeIgniter\CodeIgniter->handleRequest(null, Object(Config\Cache), false)
 4 SYSTEMPATH\Boot.php(312): CodeIgniter\CodeIgniter->run()
 5 SYSTEMPATH\Boot.php(67): CodeIgniter\Boot::runCodeIgniter(Object(CodeIgniter\CodeIgniter))
 6 FCPATH\index.php(56): CodeIgniter\Boot::bootWeb(Object(Config\Paths))
 7 SYSTEMPATH\Commands\Server\rewrite.php(49): require_once('C:\\APK\\xampp-8.2\\htdocs\\SafeToTrip\\public\\index.php')
INFO - 2024-06-21 22:07:12 --> Session: Class initialized using 'CodeIgniter\Session\Handlers\FileHandler' driver.
WARNING - 2024-06-21 22:07:12 --> [DEPRECATED] Creation of dynamic property App\Controllers\Wisata::$session is deprecated in APPPATH\Controllers\Wisata.php on line 17.
 1 SYSTEMPATH\CodeIgniter.php(903): App\Controllers\Wisata->__construct()
 2 SYSTEMPATH\CodeIgniter.php(500): CodeIgniter\CodeIgniter->createController()
 3 SYSTEMPATH\CodeIgniter.php(355): CodeIgniter\CodeIgniter->handleRequest(null, Object(Config\Cache), false)
 4 SYSTEMPATH\Boot.php(312): CodeIgniter\CodeIgniter->run()
 5 SYSTEMPATH\Boot.php(67): CodeIgniter\Boot::runCodeIgniter(Object(CodeIgniter\CodeIgniter))
 6 FCPATH\index.php(56): CodeIgniter\Boot::bootWeb(Object(Config\Paths))
 7 SYSTEMPATH\Commands\Server\rewrite.php(49): require_once('C:\\APK\\xampp-8.2\\htdocs\\SafeToTrip\\public\\index.php')
WARNING - 2024-06-21 22:07:12 --> [DEPRECATED] Creation of dynamic property App\Controllers\Home::$session is deprecated in APPPATH\Controllers\Home.php on line 13.
 1 APPPATH\Controllers\Wisata.php(18): App\Controllers\Home->__construct()
 2 SYSTEMPATH\CodeIgniter.php(903): App\Controllers\Wisata->__construct()
 3 SYSTEMPATH\CodeIgniter.php(500): CodeIgniter\CodeIgniter->createController()
 4 SYSTEMPATH\CodeIgniter.php(355): CodeIgniter\CodeIgniter->handleRequest(null, Object(Config\Cache), false)
 5 SYSTEMPATH\Boot.php(312): CodeIgniter\CodeIgniter->run()
 6 SYSTEMPATH\Boot.php(67): CodeIgniter\Boot::runCodeIgniter(Object(CodeIgniter\CodeIgniter))
 7 FCPATH\index.php(56): CodeIgniter\Boot::bootWeb(Object(Config\Paths))
 8 SYSTEMPATH\Commands\Server\rewrite.php(49): require_once('C:\\APK\\xampp-8.2\\htdocs\\SafeToTrip\\public\\index.php')
WARNING - 2024-06-21 22:07:12 --> [DEPRECATED] Creation of dynamic property App\Controllers\Home::$wisata is deprecated in APPPATH\Controllers\Home.php on line 14.
 1 APPPATH\Controllers\Wisata.php(18): App\Controllers\Home->__construct()
 2 SYSTEMPATH\CodeIgniter.php(903): App\Controllers\Wisata->__construct()
 3 SYSTEMPATH\CodeIgniter.php(500): CodeIgniter\CodeIgniter->createController()
 4 SYSTEMPATH\CodeIgniter.php(355): CodeIgniter\CodeIgniter->handleRequest(null, Object(Config\Cache), false)
 5 SYSTEMPATH\Boot.php(312): CodeIgniter\CodeIgniter->run()
 6 SYSTEMPATH\Boot.php(67): CodeIgniter\Boot::runCodeIgniter(Object(CodeIgniter\CodeIgniter))
 7 FCPATH\index.php(56): CodeIgniter\Boot::bootWeb(Object(Config\Paths))
 8 SYSTEMPATH\Commands\Server\rewrite.php(49): require_once('C:\\APK\\xampp-8.2\\htdocs\\SafeToTrip\\public\\index.php')
WARNING - 2024-06-21 22:07:12 --> [DEPRECATED] Creation of dynamic property App\Controllers\Home::$fasilitas is deprecated in APPPATH\Controllers\Home.php on line 15.
 1 APPPATH\Controllers\Wisata.php(18): App\Controllers\Home->__construct()
 2 SYSTEMPATH\CodeIgniter.php(903): App\Controllers\Wisata->__construct()
 3 SYSTEMPATH\CodeIgniter.php(500): CodeIgniter\CodeIgniter->createController()
 4 SYSTEMPATH\CodeIgniter.php(355): CodeIgniter\CodeIgniter->handleRequest(null, Object(Config\Cache), false)
 5 SYSTEMPATH\Boot.php(312): CodeIgniter\CodeIgniter->run()
 6 SYSTEMPATH\Boot.php(67): CodeIgniter\Boot::runCodeIgniter(Object(CodeIgniter\CodeIgniter))
 7 FCPATH\index.php(56): CodeIgniter\Boot::bootWeb(Object(Config\Paths))
 8 SYSTEMPATH\Commands\Server\rewrite.php(49): require_once('C:\\APK\\xampp-8.2\\htdocs\\SafeToTrip\\public\\index.php')
WARNING - 2024-06-21 22:07:12 --> [DEPRECATED] Creation of dynamic property App\Controllers\Home::$harga is deprecated in APPPATH\Controllers\Home.php on line 16.
 1 APPPATH\Controllers\Wisata.php(18): App\Controllers\Home->__construct()
 2 SYSTEMPATH\CodeIgniter.php(903): App\Controllers\Wisata->__construct()
 3 SYSTEMPATH\CodeIgniter.php(500): CodeIgniter\CodeIgniter->createController()
 4 SYSTEMPATH\CodeIgniter.php(355): CodeIgniter\CodeIgniter->handleRequest(null, Object(Config\Cache), false)
 5 SYSTEMPATH\Boot.php(312): CodeIgniter\CodeIgniter->run()
 6 SYSTEMPATH\Boot.php(67): CodeIgniter\Boot::runCodeIgniter(Object(CodeIgniter\CodeIgniter))
 7 FCPATH\index.php(56): CodeIgniter\Boot::bootWeb(Object(Config\Paths))
 8 SYSTEMPATH\Commands\Server\rewrite.php(49): require_once('C:\\APK\\xampp-8.2\\htdocs\\SafeToTrip\\public\\index.php')
WARNING - 2024-06-21 22:07:13 --> [DEPRECATED] Creation of dynamic property App\Controllers\Wisata::$home is deprecated in APPPATH\Controllers\Wisata.php on line 18.
 1 SYSTEMPATH\CodeIgniter.php(903): App\Controllers\Wisata->__construct()
 2 SYSTEMPATH\CodeIgniter.php(500): CodeIgniter\CodeIgniter->createController()
 3 SYSTEMPATH\CodeIgniter.php(355): CodeIgniter\CodeIgniter->handleRequest(null, Object(Config\Cache), false)
 4 SYSTEMPATH\Boot.php(312): CodeIgniter\CodeIgniter->run()
 5 SYSTEMPATH\Boot.php(67): CodeIgniter\Boot::runCodeIgniter(Object(CodeIgniter\CodeIgniter))
 6 FCPATH\index.php(56): CodeIgniter\Boot::bootWeb(Object(Config\Paths))
 7 SYSTEMPATH\Commands\Server\rewrite.php(49): require_once('C:\\APK\\xampp-8.2\\htdocs\\SafeToTrip\\public\\index.php')
WARNING - 2024-06-21 22:07:13 --> [DEPRECATED] Creation of dynamic property App\Controllers\Wisata::$admin is deprecated in APPPATH\Controllers\Wisata.php on line 19.
 1 SYSTEMPATH\CodeIgniter.php(903): App\Controllers\Wisata->__construct()
 2 SYSTEMPATH\CodeIgniter.php(500): CodeIgniter\CodeIgniter->createController()
 3 SYSTEMPATH\CodeIgniter.php(355): CodeIgniter\CodeIgniter->handleRequest(null, Object(Config\Cache), false)
 4 SYSTEMPATH\Boot.php(312): CodeIgniter\CodeIgniter->run()
 5 SYSTEMPATH\Boot.php(67): CodeIgniter\Boot::runCodeIgniter(Object(CodeIgniter\CodeIgniter))
 6 FCPATH\index.php(56): CodeIgniter\Boot::bootWeb(Object(Config\Paths))
 7 SYSTEMPATH\Commands\Server\rewrite.php(49): require_once('C:\\APK\\xampp-8.2\\htdocs\\SafeToTrip\\public\\index.php')
WARNING - 2024-06-21 22:07:13 --> [DEPRECATED] Creation of dynamic property App\Controllers\Wisata::$wisata is deprecated in APPPATH\Controllers\Wisata.php on line 20.
 1 SYSTEMPATH\CodeIgniter.php(903): App\Controllers\Wisata->__construct()
 2 SYSTEMPATH\CodeIgniter.php(500): CodeIgniter\CodeIgniter->createController()
 3 SYSTEMPATH\CodeIgniter.php(355): CodeIgniter\CodeIgniter->handleRequest(null, Object(Config\Cache), false)
 4 SYSTEMPATH\Boot.php(312): CodeIgniter\CodeIgniter->run()
 5 SYSTEMPATH\Boot.php(67): CodeIgniter\Boot::runCodeIgniter(Object(CodeIgniter\CodeIgniter))
 6 FCPATH\index.php(56): CodeIgniter\Boot::bootWeb(Object(Config\Paths))
 7 SYSTEMPATH\Commands\Server\rewrite.php(49): require_once('C:\\APK\\xampp-8.2\\htdocs\\SafeToTrip\\public\\index.php')
WARNING - 2024-06-21 22:07:13 --> [DEPRECATED] Creation of dynamic property App\Controllers\Wisata::$fasilitas is deprecated in APPPATH\Controllers\Wisata.php on line 21.
 1 SYSTEMPATH\CodeIgniter.php(903): App\Controllers\Wisata->__construct()
 2 SYSTEMPATH\CodeIgniter.php(500): CodeIgniter\CodeIgniter->createController()
 3 SYSTEMPATH\CodeIgniter.php(355): CodeIgniter\CodeIgniter->handleRequest(null, Object(Config\Cache), false)
 4 SYSTEMPATH\Boot.php(312): CodeIgniter\CodeIgniter->run()
 5 SYSTEMPATH\Boot.php(67): CodeIgniter\Boot::runCodeIgniter(Object(CodeIgniter\CodeIgniter))
 6 FCPATH\index.php(56): CodeIgniter\Boot::bootWeb(Object(Config\Paths))
 7 SYSTEMPATH\Commands\Server\rewrite.php(49): require_once('C:\\APK\\xampp-8.2\\htdocs\\SafeToTrip\\public\\index.php')
WARNING - 2024-06-21 22:07:13 --> [DEPRECATED] Creation of dynamic property App\Controllers\Wisata::$transaksi is deprecated in APPPATH\Controllers\Wisata.php on line 22.
 1 SYSTEMPATH\CodeIgniter.php(903): App\Controllers\Wisata->__construct()
 2 SYSTEMPATH\CodeIgniter.php(500): CodeIgniter\CodeIgniter->createController()
 3 SYSTEMPATH\CodeIgniter.php(355): CodeIgniter\CodeIgniter->handleRequest(null, Object(Config\Cache), false)
 4 SYSTEMPATH\Boot.php(312): CodeIgniter\CodeIgniter->run()
 5 SYSTEMPATH\Boot.php(67): CodeIgniter\Boot::runCodeIgniter(Object(CodeIgniter\CodeIgniter))
 6 FCPATH\index.php(56): CodeIgniter\Boot::bootWeb(Object(Config\Paths))
 7 SYSTEMPATH\Commands\Server\rewrite.php(49): require_once('C:\\APK\\xampp-8.2\\htdocs\\SafeToTrip\\public\\index.php')
WARNING - 2024-06-21 22:07:13 --> [DEPRECATED] Creation of dynamic property App\Controllers\Wisata::$harga is deprecated in APPPATH\Controllers\Wisata.php on line 23.
 1 SYSTEMPATH\CodeIgniter.php(903): App\Controllers\Wisata->__construct()
 2 SYSTEMPATH\CodeIgniter.php(500): CodeIgniter\CodeIgniter->createController()
 3 SYSTEMPATH\CodeIgniter.php(355): CodeIgniter\CodeIgniter->handleRequest(null, Object(Config\Cache), false)
 4 SYSTEMPATH\Boot.php(312): CodeIgniter\CodeIgniter->run()
 5 SYSTEMPATH\Boot.php(67): CodeIgniter\Boot::runCodeIgniter(Object(CodeIgniter\CodeIgniter))
 6 FCPATH\index.php(56): CodeIgniter\Boot::bootWeb(Object(Config\Paths))
 7 SYSTEMPATH\Commands\Server\rewrite.php(49): require_once('C:\\APK\\xampp-8.2\\htdocs\\SafeToTrip\\public\\index.php')
WARNING - 2024-06-21 22:07:13 --> [DEPRECATED] Creation of dynamic property App\Controllers\Wisata::$detail is deprecated in APPPATH\Controllers\Wisata.php on line 24.
 1 SYSTEMPATH\CodeIgniter.php(903): App\Controllers\Wisata->__construct()
 2 SYSTEMPATH\CodeIgniter.php(500): CodeIgniter\CodeIgniter->createController()
 3 SYSTEMPATH\CodeIgniter.php(355): CodeIgniter\CodeIgniter->handleRequest(null, Object(Config\Cache), false)
 4 SYSTEMPATH\Boot.php(312): CodeIgniter\CodeIgniter->run()
 5 SYSTEMPATH\Boot.php(67): CodeIgniter\Boot::runCodeIgniter(Object(CodeIgniter\CodeIgniter))
 6 FCPATH\index.php(56): CodeIgniter\Boot::bootWeb(Object(Config\Paths))
 7 SYSTEMPATH\Commands\Server\rewrite.php(49): require_once('C:\\APK\\xampp-8.2\\htdocs\\SafeToTrip\\public\\index.php')
CRITICAL - 2024-06-21 22:07:13 --> ErrorException: Undefined array key "jumlah_tiket"
[Method: GET, Route: getWisata/4]
in APPPATH\Controllers\Wisata.php on line 134.
 1 APPPATH\Controllers\Wisata.php(134): CodeIgniter\Debug\Exceptions->errorHandler(2, 'Undefined array key "jumlah_tiket"', 'C:\\APK\\xampp-8.2\\htdocs\\SafeToTrip\\app\\Controllers\\Wisata.php', 134)
 2 SYSTEMPATH\CodeIgniter.php(933): App\Controllers\Wisata->getWisataById('4')
 3 SYSTEMPATH\CodeIgniter.php(509): CodeIgniter\CodeIgniter->runController(Object(App\Controllers\Wisata))
 4 SYSTEMPATH\CodeIgniter.php(355): CodeIgniter\CodeIgniter->handleRequest(null, Object(Config\Cache), false)
 5 SYSTEMPATH\Boot.php(312): CodeIgniter\CodeIgniter->run()
 6 SYSTEMPATH\Boot.php(67): CodeIgniter\Boot::runCodeIgniter(Object(CodeIgniter\CodeIgniter))
 7 FCPATH\index.php(56): CodeIgniter\Boot::bootWeb(Object(Config\Paths))
 8 SYSTEMPATH\Commands\Server\rewrite.php(49): require_once('C:\\APK\\xampp-8.2\\htdocs\\SafeToTrip\\public\\index.php')
INFO - 2024-06-21 22:09:16 --> Session: Class initialized using 'CodeIgniter\Session\Handlers\FileHandler' driver.
WARNING - 2024-06-21 22:09:16 --> [DEPRECATED] Creation of dynamic property App\Controllers\Wisata::$session is deprecated in APPPATH\Controllers\Wisata.php on line 17.
 1 SYSTEMPATH\CodeIgniter.php(903): App\Controllers\Wisata->__construct()
 2 SYSTEMPATH\CodeIgniter.php(500): CodeIgniter\CodeIgniter->createController()
 3 SYSTEMPATH\CodeIgniter.php(355): CodeIgniter\CodeIgniter->handleRequest(null, Object(Config\Cache), false)
 4 SYSTEMPATH\Boot.php(312): CodeIgniter\CodeIgniter->run()
 5 SYSTEMPATH\Boot.php(67): CodeIgniter\Boot::runCodeIgniter(Object(CodeIgniter\CodeIgniter))
 6 FCPATH\index.php(56): CodeIgniter\Boot::bootWeb(Object(Config\Paths))
 7 SYSTEMPATH\Commands\Server\rewrite.php(49): require_once('C:\\APK\\xampp-8.2\\htdocs\\SafeToTrip\\public\\index.php')
WARNING - 2024-06-21 22:09:16 --> [DEPRECATED] Creation of dynamic property App\Controllers\Home::$session is deprecated in APPPATH\Controllers\Home.php on line 13.
 1 APPPATH\Controllers\Wisata.php(18): App\Controllers\Home->__construct()
 2 SYSTEMPATH\CodeIgniter.php(903): App\Controllers\Wisata->__construct()
 3 SYSTEMPATH\CodeIgniter.php(500): CodeIgniter\CodeIgniter->createController()
 4 SYSTEMPATH\CodeIgniter.php(355): CodeIgniter\CodeIgniter->handleRequest(null, Object(Config\Cache), false)
 5 SYSTEMPATH\Boot.php(312): CodeIgniter\CodeIgniter->run()
 6 SYSTEMPATH\Boot.php(67): CodeIgniter\Boot::runCodeIgniter(Object(CodeIgniter\CodeIgniter))
 7 FCPATH\index.php(56): CodeIgniter\Boot::bootWeb(Object(Config\Paths))
 8 SYSTEMPATH\Commands\Server\rewrite.php(49): require_once('C:\\APK\\xampp-8.2\\htdocs\\SafeToTrip\\public\\index.php')
WARNING - 2024-06-21 22:09:16 --> [DEPRECATED] Creation of dynamic property App\Controllers\Home::$wisata is deprecated in APPPATH\Controllers\Home.php on line 14.
 1 APPPATH\Controllers\Wisata.php(18): App\Controllers\Home->__construct()
 2 SYSTEMPATH\CodeIgniter.php(903): App\Controllers\Wisata->__construct()
 3 SYSTEMPATH\CodeIgniter.php(500): CodeIgniter\CodeIgniter->createController()
 4 SYSTEMPATH\CodeIgniter.php(355): CodeIgniter\CodeIgniter->handleRequest(null, Object(Config\Cache), false)
 5 SYSTEMPATH\Boot.php(312): CodeIgniter\CodeIgniter->run()
 6 SYSTEMPATH\Boot.php(67): CodeIgniter\Boot::runCodeIgniter(Object(CodeIgniter\CodeIgniter))
 7 FCPATH\index.php(56): CodeIgniter\Boot::bootWeb(Object(Config\Paths))
 8 SYSTEMPATH\Commands\Server\rewrite.php(49): require_once('C:\\APK\\xampp-8.2\\htdocs\\SafeToTrip\\public\\index.php')
WARNING - 2024-06-21 22:09:16 --> [DEPRECATED] Creation of dynamic property App\Controllers\Home::$fasilitas is deprecated in APPPATH\Controllers\Home.php on line 15.
 1 APPPATH\Controllers\Wisata.php(18): App\Controllers\Home->__construct()
 2 SYSTEMPATH\CodeIgniter.php(903): App\Controllers\Wisata->__construct()
 3 SYSTEMPATH\CodeIgniter.php(500): CodeIgniter\CodeIgniter->createController()
 4 SYSTEMPATH\CodeIgniter.php(355): CodeIgniter\CodeIgniter->handleRequest(null, Object(Config\Cache), false)
 5 SYSTEMPATH\Boot.php(312): CodeIgniter\CodeIgniter->run()
 6 SYSTEMPATH\Boot.php(67): CodeIgniter\Boot::runCodeIgniter(Object(CodeIgniter\CodeIgniter))
 7 FCPATH\index.php(56): CodeIgniter\Boot::bootWeb(Object(Config\Paths))
 8 SYSTEMPATH\Commands\Server\rewrite.php(49): require_once('C:\\APK\\xampp-8.2\\htdocs\\SafeToTrip\\public\\index.php')
WARNING - 2024-06-21 22:09:16 --> [DEPRECATED] Creation of dynamic property App\Controllers\Home::$harga is deprecated in APPPATH\Controllers\Home.php on line 16.
 1 APPPATH\Controllers\Wisata.php(18): App\Controllers\Home->__construct()
 2 SYSTEMPATH\CodeIgniter.php(903): App\Controllers\Wisata->__construct()
 3 SYSTEMPATH\CodeIgniter.php(500): CodeIgniter\CodeIgniter->createController()
 4 SYSTEMPATH\CodeIgniter.php(355): CodeIgniter\CodeIgniter->handleRequest(null, Object(Config\Cache), false)
 5 SYSTEMPATH\Boot.php(312): CodeIgniter\CodeIgniter->run()
 6 SYSTEMPATH\Boot.php(67): CodeIgniter\Boot::runCodeIgniter(Object(CodeIgniter\CodeIgniter))
 7 FCPATH\index.php(56): CodeIgniter\Boot::bootWeb(Object(Config\Paths))
 8 SYSTEMPATH\Commands\Server\rewrite.php(49): require_once('C:\\APK\\xampp-8.2\\htdocs\\SafeToTrip\\public\\index.php')
WARNING - 2024-06-21 22:09:16 --> [DEPRECATED] Creation of dynamic property App\Controllers\Wisata::$home is deprecated in APPPATH\Controllers\Wisata.php on line 18.
 1 SYSTEMPATH\CodeIgniter.php(903): App\Controllers\Wisata->__construct()
 2 SYSTEMPATH\CodeIgniter.php(500): CodeIgniter\CodeIgniter->createController()
 3 SYSTEMPATH\CodeIgniter.php(355): CodeIgniter\CodeIgniter->handleRequest(null, Object(Config\Cache), false)
 4 SYSTEMPATH\Boot.php(312): CodeIgniter\CodeIgniter->run()
 5 SYSTEMPATH\Boot.php(67): CodeIgniter\Boot::runCodeIgniter(Object(CodeIgniter\CodeIgniter))
 6 FCPATH\index.php(56): CodeIgniter\Boot::bootWeb(Object(Config\Paths))
 7 SYSTEMPATH\Commands\Server\rewrite.php(49): require_once('C:\\APK\\xampp-8.2\\htdocs\\SafeToTrip\\public\\index.php')
WARNING - 2024-06-21 22:09:16 --> [DEPRECATED] Creation of dynamic property App\Controllers\Wisata::$admin is deprecated in APPPATH\Controllers\Wisata.php on line 19.
 1 SYSTEMPATH\CodeIgniter.php(903): App\Controllers\Wisata->__construct()
 2 SYSTEMPATH\CodeIgniter.php(500): CodeIgniter\CodeIgniter->createController()
 3 SYSTEMPATH\CodeIgniter.php(355): CodeIgniter\CodeIgniter->handleRequest(null, Object(Config\Cache), false)
 4 SYSTEMPATH\Boot.php(312): CodeIgniter\CodeIgniter->run()
 5 SYSTEMPATH\Boot.php(67): CodeIgniter\Boot::runCodeIgniter(Object(CodeIgniter\CodeIgniter))
 6 FCPATH\index.php(56): CodeIgniter\Boot::bootWeb(Object(Config\Paths))
 7 SYSTEMPATH\Commands\Server\rewrite.php(49): require_once('C:\\APK\\xampp-8.2\\htdocs\\SafeToTrip\\public\\index.php')
WARNING - 2024-06-21 22:09:16 --> [DEPRECATED] Creation of dynamic property App\Controllers\Wisata::$wisata is deprecated in APPPATH\Controllers\Wisata.php on line 20.
 1 SYSTEMPATH\CodeIgniter.php(903): App\Controllers\Wisata->__construct()
 2 SYSTEMPATH\CodeIgniter.php(500): CodeIgniter\CodeIgniter->createController()
 3 SYSTEMPATH\CodeIgniter.php(355): CodeIgniter\CodeIgniter->handleRequest(null, Object(Config\Cache), false)
 4 SYSTEMPATH\Boot.php(312): CodeIgniter\CodeIgniter->run()
 5 SYSTEMPATH\Boot.php(67): CodeIgniter\Boot::runCodeIgniter(Object(CodeIgniter\CodeIgniter))
 6 FCPATH\index.php(56): CodeIgniter\Boot::bootWeb(Object(Config\Paths))
 7 SYSTEMPATH\Commands\Server\rewrite.php(49): require_once('C:\\APK\\xampp-8.2\\htdocs\\SafeToTrip\\public\\index.php')
WARNING - 2024-06-21 22:09:16 --> [DEPRECATED] Creation of dynamic property App\Controllers\Wisata::$fasilitas is deprecated in APPPATH\Controllers\Wisata.php on line 21.
 1 SYSTEMPATH\CodeIgniter.php(903): App\Controllers\Wisata->__construct()
 2 SYSTEMPATH\CodeIgniter.php(500): CodeIgniter\CodeIgniter->createController()
 3 SYSTEMPATH\CodeIgniter.php(355): CodeIgniter\CodeIgniter->handleRequest(null, Object(Config\Cache), false)
 4 SYSTEMPATH\Boot.php(312): CodeIgniter\CodeIgniter->run()
 5 SYSTEMPATH\Boot.php(67): CodeIgniter\Boot::runCodeIgniter(Object(CodeIgniter\CodeIgniter))
 6 FCPATH\index.php(56): CodeIgniter\Boot::bootWeb(Object(Config\Paths))
 7 SYSTEMPATH\Commands\Server\rewrite.php(49): require_once('C:\\APK\\xampp-8.2\\htdocs\\SafeToTrip\\public\\index.php')
WARNING - 2024-06-21 22:09:16 --> [DEPRECATED] Creation of dynamic property App\Controllers\Wisata::$transaksi is deprecated in APPPATH\Controllers\Wisata.php on line 22.
 1 SYSTEMPATH\CodeIgniter.php(903): App\Controllers\Wisata->__construct()
 2 SYSTEMPATH\CodeIgniter.php(500): CodeIgniter\CodeIgniter->createController()
 3 SYSTEMPATH\CodeIgniter.php(355): CodeIgniter\CodeIgniter->handleRequest(null, Object(Config\Cache), false)
 4 SYSTEMPATH\Boot.php(312): CodeIgniter\CodeIgniter->run()
 5 SYSTEMPATH\Boot.php(67): CodeIgniter\Boot::runCodeIgniter(Object(CodeIgniter\CodeIgniter))
 6 FCPATH\index.php(56): CodeIgniter\Boot::bootWeb(Object(Config\Paths))
 7 SYSTEMPATH\Commands\Server\rewrite.php(49): require_once('C:\\APK\\xampp-8.2\\htdocs\\SafeToTrip\\public\\index.php')
WARNING - 2024-06-21 22:09:16 --> [DEPRECATED] Creation of dynamic property App\Controllers\Wisata::$harga is deprecated in APPPATH\Controllers\Wisata.php on line 23.
 1 SYSTEMPATH\CodeIgniter.php(903): App\Controllers\Wisata->__construct()
 2 SYSTEMPATH\CodeIgniter.php(500): CodeIgniter\CodeIgniter->createController()
 3 SYSTEMPATH\CodeIgniter.php(355): CodeIgniter\CodeIgniter->handleRequest(null, Object(Config\Cache), false)
 4 SYSTEMPATH\Boot.php(312): CodeIgniter\CodeIgniter->run()
 5 SYSTEMPATH\Boot.php(67): CodeIgniter\Boot::runCodeIgniter(Object(CodeIgniter\CodeIgniter))
 6 FCPATH\index.php(56): CodeIgniter\Boot::bootWeb(Object(Config\Paths))
 7 SYSTEMPATH\Commands\Server\rewrite.php(49): require_once('C:\\APK\\xampp-8.2\\htdocs\\SafeToTrip\\public\\index.php')
WARNING - 2024-06-21 22:09:16 --> [DEPRECATED] Creation of dynamic property App\Controllers\Wisata::$detail is deprecated in APPPATH\Controllers\Wisata.php on line 24.
 1 SYSTEMPATH\CodeIgniter.php(903): App\Controllers\Wisata->__construct()
 2 SYSTEMPATH\CodeIgniter.php(500): CodeIgniter\CodeIgniter->createController()
 3 SYSTEMPATH\CodeIgniter.php(355): CodeIgniter\CodeIgniter->handleRequest(null, Object(Config\Cache), false)
 4 SYSTEMPATH\Boot.php(312): CodeIgniter\CodeIgniter->run()
 5 SYSTEMPATH\Boot.php(67): CodeIgniter\Boot::runCodeIgniter(Object(CodeIgniter\CodeIgniter))
 6 FCPATH\index.php(56): CodeIgniter\Boot::bootWeb(Object(Config\Paths))
 7 SYSTEMPATH\Commands\Server\rewrite.php(49): require_once('C:\\APK\\xampp-8.2\\htdocs\\SafeToTrip\\public\\index.php')
CRITICAL - 2024-06-21 22:09:16 --> ErrorException: Undefined array key "jumlah_tiket"
[Method: GET, Route: getWisata/4]
in APPPATH\Controllers\Wisata.php on line 134.
 1 APPPATH\Controllers\Wisata.php(134): CodeIgniter\Debug\Exceptions->errorHandler(2, 'Undefined array key "jumlah_tiket"', 'C:\\APK\\xampp-8.2\\htdocs\\SafeToTrip\\app\\Controllers\\Wisata.php', 134)
 2 SYSTEMPATH\CodeIgniter.php(933): App\Controllers\Wisata->getWisataById('4')
 3 SYSTEMPATH\CodeIgniter.php(509): CodeIgniter\CodeIgniter->runController(Object(App\Controllers\Wisata))
 4 SYSTEMPATH\CodeIgniter.php(355): CodeIgniter\CodeIgniter->handleRequest(null, Object(Config\Cache), false)
 5 SYSTEMPATH\Boot.php(312): CodeIgniter\CodeIgniter->run()
 6 SYSTEMPATH\Boot.php(67): CodeIgniter\Boot::runCodeIgniter(Object(CodeIgniter\CodeIgniter))
 7 FCPATH\index.php(56): CodeIgniter\Boot::bootWeb(Object(Config\Paths))
 8 SYSTEMPATH\Commands\Server\rewrite.php(49): require_once('C:\\APK\\xampp-8.2\\htdocs\\SafeToTrip\\public\\index.php')
INFO - 2024-06-21 22:09:22 --> Session: Class initialized using 'CodeIgniter\Session\Handlers\FileHandler' driver.
WARNING - 2024-06-21 22:09:22 --> [DEPRECATED] Creation of dynamic property App\Controllers\Wisata::$session is deprecated in APPPATH\Controllers\Wisata.php on line 17.
 1 SYSTEMPATH\CodeIgniter.php(903): App\Controllers\Wisata->__construct()
 2 SYSTEMPATH\CodeIgniter.php(500): CodeIgniter\CodeIgniter->createController()
 3 SYSTEMPATH\CodeIgniter.php(355): CodeIgniter\CodeIgniter->handleRequest(null, Object(Config\Cache), false)
 4 SYSTEMPATH\Boot.php(312): CodeIgniter\CodeIgniter->run()
 5 SYSTEMPATH\Boot.php(67): CodeIgniter\Boot::runCodeIgniter(Object(CodeIgniter\CodeIgniter))
 6 FCPATH\index.php(56): CodeIgniter\Boot::bootWeb(Object(Config\Paths))
 7 SYSTEMPATH\Commands\Server\rewrite.php(49): require_once('C:\\APK\\xampp-8.2\\htdocs\\SafeToTrip\\public\\index.php')
WARNING - 2024-06-21 22:09:22 --> [DEPRECATED] Creation of dynamic property App\Controllers\Home::$session is deprecated in APPPATH\Controllers\Home.php on line 13.
 1 APPPATH\Controllers\Wisata.php(18): App\Controllers\Home->__construct()
 2 SYSTEMPATH\CodeIgniter.php(903): App\Controllers\Wisata->__construct()
 3 SYSTEMPATH\CodeIgniter.php(500): CodeIgniter\CodeIgniter->createController()
 4 SYSTEMPATH\CodeIgniter.php(355): CodeIgniter\CodeIgniter->handleRequest(null, Object(Config\Cache), false)
 5 SYSTEMPATH\Boot.php(312): CodeIgniter\CodeIgniter->run()
 6 SYSTEMPATH\Boot.php(67): CodeIgniter\Boot::runCodeIgniter(Object(CodeIgniter\CodeIgniter))
 7 FCPATH\index.php(56): CodeIgniter\Boot::bootWeb(Object(Config\Paths))
 8 SYSTEMPATH\Commands\Server\rewrite.php(49): require_once('C:\\APK\\xampp-8.2\\htdocs\\SafeToTrip\\public\\index.php')
WARNING - 2024-06-21 22:09:22 --> [DEPRECATED] Creation of dynamic property App\Controllers\Home::$wisata is deprecated in APPPATH\Controllers\Home.php on line 14.
 1 APPPATH\Controllers\Wisata.php(18): App\Controllers\Home->__construct()
 2 SYSTEMPATH\CodeIgniter.php(903): App\Controllers\Wisata->__construct()
 3 SYSTEMPATH\CodeIgniter.php(500): CodeIgniter\CodeIgniter->createController()
 4 SYSTEMPATH\CodeIgniter.php(355): CodeIgniter\CodeIgniter->handleRequest(null, Object(Config\Cache), false)
 5 SYSTEMPATH\Boot.php(312): CodeIgniter\CodeIgniter->run()
 6 SYSTEMPATH\Boot.php(67): CodeIgniter\Boot::runCodeIgniter(Object(CodeIgniter\CodeIgniter))
 7 FCPATH\index.php(56): CodeIgniter\Boot::bootWeb(Object(Config\Paths))
 8 SYSTEMPATH\Commands\Server\rewrite.php(49): require_once('C:\\APK\\xampp-8.2\\htdocs\\SafeToTrip\\public\\index.php')
WARNING - 2024-06-21 22:09:22 --> [DEPRECATED] Creation of dynamic property App\Controllers\Home::$fasilitas is deprecated in APPPATH\Controllers\Home.php on line 15.
 1 APPPATH\Controllers\Wisata.php(18): App\Controllers\Home->__construct()
 2 SYSTEMPATH\CodeIgniter.php(903): App\Controllers\Wisata->__construct()
 3 SYSTEMPATH\CodeIgniter.php(500): CodeIgniter\CodeIgniter->createController()
 4 SYSTEMPATH\CodeIgniter.php(355): CodeIgniter\CodeIgniter->handleRequest(null, Object(Config\Cache), false)
 5 SYSTEMPATH\Boot.php(312): CodeIgniter\CodeIgniter->run()
 6 SYSTEMPATH\Boot.php(67): CodeIgniter\Boot::runCodeIgniter(Object(CodeIgniter\CodeIgniter))
 7 FCPATH\index.php(56): CodeIgniter\Boot::bootWeb(Object(Config\Paths))
 8 SYSTEMPATH\Commands\Server\rewrite.php(49): require_once('C:\\APK\\xampp-8.2\\htdocs\\SafeToTrip\\public\\index.php')
WARNING - 2024-06-21 22:09:22 --> [DEPRECATED] Creation of dynamic property App\Controllers\Home::$harga is deprecated in APPPATH\Controllers\Home.php on line 16.
 1 APPPATH\Controllers\Wisata.php(18): App\Controllers\Home->__construct()
 2 SYSTEMPATH\CodeIgniter.php(903): App\Controllers\Wisata->__construct()
 3 SYSTEMPATH\CodeIgniter.php(500): CodeIgniter\CodeIgniter->createController()
 4 SYSTEMPATH\CodeIgniter.php(355): CodeIgniter\CodeIgniter->handleRequest(null, Object(Config\Cache), false)
 5 SYSTEMPATH\Boot.php(312): CodeIgniter\CodeIgniter->run()
 6 SYSTEMPATH\Boot.php(67): CodeIgniter\Boot::runCodeIgniter(Object(CodeIgniter\CodeIgniter))
 7 FCPATH\index.php(56): CodeIgniter\Boot::bootWeb(Object(Config\Paths))
 8 SYSTEMPATH\Commands\Server\rewrite.php(49): require_once('C:\\APK\\xampp-8.2\\htdocs\\SafeToTrip\\public\\index.php')
WARNING - 2024-06-21 22:09:22 --> [DEPRECATED] Creation of dynamic property App\Controllers\Wisata::$home is deprecated in APPPATH\Controllers\Wisata.php on line 18.
 1 SYSTEMPATH\CodeIgniter.php(903): App\Controllers\Wisata->__construct()
 2 SYSTEMPATH\CodeIgniter.php(500): CodeIgniter\CodeIgniter->createController()
 3 SYSTEMPATH\CodeIgniter.php(355): CodeIgniter\CodeIgniter->handleRequest(null, Object(Config\Cache), false)
 4 SYSTEMPATH\Boot.php(312): CodeIgniter\CodeIgniter->run()
 5 SYSTEMPATH\Boot.php(67): CodeIgniter\Boot::runCodeIgniter(Object(CodeIgniter\CodeIgniter))
 6 FCPATH\index.php(56): CodeIgniter\Boot::bootWeb(Object(Config\Paths))
 7 SYSTEMPATH\Commands\Server\rewrite.php(49): require_once('C:\\APK\\xampp-8.2\\htdocs\\SafeToTrip\\public\\index.php')
WARNING - 2024-06-21 22:09:22 --> [DEPRECATED] Creation of dynamic property App\Controllers\Wisata::$admin is deprecated in APPPATH\Controllers\Wisata.php on line 19.
 1 SYSTEMPATH\CodeIgniter.php(903): App\Controllers\Wisata->__construct()
 2 SYSTEMPATH\CodeIgniter.php(500): CodeIgniter\CodeIgniter->createController()
 3 SYSTEMPATH\CodeIgniter.php(355): CodeIgniter\CodeIgniter->handleRequest(null, Object(Config\Cache), false)
 4 SYSTEMPATH\Boot.php(312): CodeIgniter\CodeIgniter->run()
 5 SYSTEMPATH\Boot.php(67): CodeIgniter\Boot::runCodeIgniter(Object(CodeIgniter\CodeIgniter))
 6 FCPATH\index.php(56): CodeIgniter\Boot::bootWeb(Object(Config\Paths))
 7 SYSTEMPATH\Commands\Server\rewrite.php(49): require_once('C:\\APK\\xampp-8.2\\htdocs\\SafeToTrip\\public\\index.php')
WARNING - 2024-06-21 22:09:22 --> [DEPRECATED] Creation of dynamic property App\Controllers\Wisata::$wisata is deprecated in APPPATH\Controllers\Wisata.php on line 20.
 1 SYSTEMPATH\CodeIgniter.php(903): App\Controllers\Wisata->__construct()
 2 SYSTEMPATH\CodeIgniter.php(500): CodeIgniter\CodeIgniter->createController()
 3 SYSTEMPATH\CodeIgniter.php(355): CodeIgniter\CodeIgniter->handleRequest(null, Object(Config\Cache), false)
 4 SYSTEMPATH\Boot.php(312): CodeIgniter\CodeIgniter->run()
 5 SYSTEMPATH\Boot.php(67): CodeIgniter\Boot::runCodeIgniter(Object(CodeIgniter\CodeIgniter))
 6 FCPATH\index.php(56): CodeIgniter\Boot::bootWeb(Object(Config\Paths))
 7 SYSTEMPATH\Commands\Server\rewrite.php(49): require_once('C:\\APK\\xampp-8.2\\htdocs\\SafeToTrip\\public\\index.php')
WARNING - 2024-06-21 22:09:22 --> [DEPRECATED] Creation of dynamic property App\Controllers\Wisata::$fasilitas is deprecated in APPPATH\Controllers\Wisata.php on line 21.
 1 SYSTEMPATH\CodeIgniter.php(903): App\Controllers\Wisata->__construct()
 2 SYSTEMPATH\CodeIgniter.php(500): CodeIgniter\CodeIgniter->createController()
 3 SYSTEMPATH\CodeIgniter.php(355): CodeIgniter\CodeIgniter->handleRequest(null, Object(Config\Cache), false)
 4 SYSTEMPATH\Boot.php(312): CodeIgniter\CodeIgniter->run()
 5 SYSTEMPATH\Boot.php(67): CodeIgniter\Boot::runCodeIgniter(Object(CodeIgniter\CodeIgniter))
 6 FCPATH\index.php(56): CodeIgniter\Boot::bootWeb(Object(Config\Paths))
 7 SYSTEMPATH\Commands\Server\rewrite.php(49): require_once('C:\\APK\\xampp-8.2\\htdocs\\SafeToTrip\\public\\index.php')
WARNING - 2024-06-21 22:09:22 --> [DEPRECATED] Creation of dynamic property App\Controllers\Wisata::$transaksi is deprecated in APPPATH\Controllers\Wisata.php on line 22.
 1 SYSTEMPATH\CodeIgniter.php(903): App\Controllers\Wisata->__construct()
 2 SYSTEMPATH\CodeIgniter.php(500): CodeIgniter\CodeIgniter->createController()
 3 SYSTEMPATH\CodeIgniter.php(355): CodeIgniter\CodeIgniter->handleRequest(null, Object(Config\Cache), false)
 4 SYSTEMPATH\Boot.php(312): CodeIgniter\CodeIgniter->run()
 5 SYSTEMPATH\Boot.php(67): CodeIgniter\Boot::runCodeIgniter(Object(CodeIgniter\CodeIgniter))
 6 FCPATH\index.php(56): CodeIgniter\Boot::bootWeb(Object(Config\Paths))
 7 SYSTEMPATH\Commands\Server\rewrite.php(49): require_once('C:\\APK\\xampp-8.2\\htdocs\\SafeToTrip\\public\\index.php')
WARNING - 2024-06-21 22:09:22 --> [DEPRECATED] Creation of dynamic property App\Controllers\Wisata::$harga is deprecated in APPPATH\Controllers\Wisata.php on line 23.
 1 SYSTEMPATH\CodeIgniter.php(903): App\Controllers\Wisata->__construct()
 2 SYSTEMPATH\CodeIgniter.php(500): CodeIgniter\CodeIgniter->createController()
 3 SYSTEMPATH\CodeIgniter.php(355): CodeIgniter\CodeIgniter->handleRequest(null, Object(Config\Cache), false)
 4 SYSTEMPATH\Boot.php(312): CodeIgniter\CodeIgniter->run()
 5 SYSTEMPATH\Boot.php(67): CodeIgniter\Boot::runCodeIgniter(Object(CodeIgniter\CodeIgniter))
 6 FCPATH\index.php(56): CodeIgniter\Boot::bootWeb(Object(Config\Paths))
 7 SYSTEMPATH\Commands\Server\rewrite.php(49): require_once('C:\\APK\\xampp-8.2\\htdocs\\SafeToTrip\\public\\index.php')
WARNING - 2024-06-21 22:09:22 --> [DEPRECATED] Creation of dynamic property App\Controllers\Wisata::$detail is deprecated in APPPATH\Controllers\Wisata.php on line 24.
 1 SYSTEMPATH\CodeIgniter.php(903): App\Controllers\Wisata->__construct()
 2 SYSTEMPATH\CodeIgniter.php(500): CodeIgniter\CodeIgniter->createController()
 3 SYSTEMPATH\CodeIgniter.php(355): CodeIgniter\CodeIgniter->handleRequest(null, Object(Config\Cache), false)
 4 SYSTEMPATH\Boot.php(312): CodeIgniter\CodeIgniter->run()
 5 SYSTEMPATH\Boot.php(67): CodeIgniter\Boot::runCodeIgniter(Object(CodeIgniter\CodeIgniter))
 6 FCPATH\index.php(56): CodeIgniter\Boot::bootWeb(Object(Config\Paths))
 7 SYSTEMPATH\Commands\Server\rewrite.php(49): require_once('C:\\APK\\xampp-8.2\\htdocs\\SafeToTrip\\public\\index.php')
INFO - 2024-06-21 22:37:55 --> Session: Class initialized using 'CodeIgniter\Session\Handlers\FileHandler' driver.
WARNING - 2024-06-21 22:37:55 --> [DEPRECATED] Creation of dynamic property App\Controllers\Transaksi::$session is deprecated in APPPATH\Controllers\Transaksi.php on line 15.
 1 SYSTEMPATH\CodeIgniter.php(903): App\Controllers\Transaksi->__construct()
 2 SYSTEMPATH\CodeIgniter.php(500): CodeIgniter\CodeIgniter->createController()
 3 SYSTEMPATH\CodeIgniter.php(355): CodeIgniter\CodeIgniter->handleRequest(null, Object(Config\Cache), false)
 4 SYSTEMPATH\Boot.php(312): CodeIgniter\CodeIgniter->run()
 5 SYSTEMPATH\Boot.php(67): CodeIgniter\Boot::runCodeIgniter(Object(CodeIgniter\CodeIgniter))
 6 FCPATH\index.php(56): CodeIgniter\Boot::bootWeb(Object(Config\Paths))
 7 SYSTEMPATH\Commands\Server\rewrite.php(49): require_once('C:\\APK\\xampp-8.2\\htdocs\\SafeToTrip\\public\\index.php')
WARNING - 2024-06-21 22:37:55 --> [DEPRECATED] Creation of dynamic property App\Controllers\Home::$session is deprecated in APPPATH\Controllers\Home.php on line 13.
 1 APPPATH\Controllers\Transaksi.php(16): App\Controllers\Home->__construct()
 2 SYSTEMPATH\CodeIgniter.php(903): App\Controllers\Transaksi->__construct()
 3 SYSTEMPATH\CodeIgniter.php(500): CodeIgniter\CodeIgniter->createController()
 4 SYSTEMPATH\CodeIgniter.php(355): CodeIgniter\CodeIgniter->handleRequest(null, Object(Config\Cache), false)
 5 SYSTEMPATH\Boot.php(312): CodeIgniter\CodeIgniter->run()
 6 SYSTEMPATH\Boot.php(67): CodeIgniter\Boot::runCodeIgniter(Object(CodeIgniter\CodeIgniter))
 7 FCPATH\index.php(56): CodeIgniter\Boot::bootWeb(Object(Config\Paths))
 8 SYSTEMPATH\Commands\Server\rewrite.php(49): require_once('C:\\APK\\xampp-8.2\\htdocs\\SafeToTrip\\public\\index.php')
WARNING - 2024-06-21 22:37:55 --> [DEPRECATED] Creation of dynamic property App\Controllers\Home::$wisata is deprecated in APPPATH\Controllers\Home.php on line 14.
 1 APPPATH\Controllers\Transaksi.php(16): App\Controllers\Home->__construct()
 2 SYSTEMPATH\CodeIgniter.php(903): App\Controllers\Transaksi->__construct()
 3 SYSTEMPATH\CodeIgniter.php(500): CodeIgniter\CodeIgniter->createController()
 4 SYSTEMPATH\CodeIgniter.php(355): CodeIgniter\CodeIgniter->handleRequest(null, Object(Config\Cache), false)
 5 SYSTEMPATH\Boot.php(312): CodeIgniter\CodeIgniter->run()
 6 SYSTEMPATH\Boot.php(67): CodeIgniter\Boot::runCodeIgniter(Object(CodeIgniter\CodeIgniter))
 7 FCPATH\index.php(56): CodeIgniter\Boot::bootWeb(Object(Config\Paths))
 8 SYSTEMPATH\Commands\Server\rewrite.php(49): require_once('C:\\APK\\xampp-8.2\\htdocs\\SafeToTrip\\public\\index.php')
WARNING - 2024-06-21 22:37:55 --> [DEPRECATED] Creation of dynamic property App\Controllers\Home::$fasilitas is deprecated in APPPATH\Controllers\Home.php on line 15.
 1 APPPATH\Controllers\Transaksi.php(16): App\Controllers\Home->__construct()
 2 SYSTEMPATH\CodeIgniter.php(903): App\Controllers\Transaksi->__construct()
 3 SYSTEMPATH\CodeIgniter.php(500): CodeIgniter\CodeIgniter->createController()
 4 SYSTEMPATH\CodeIgniter.php(355): CodeIgniter\CodeIgniter->handleRequest(null, Object(Config\Cache), false)
 5 SYSTEMPATH\Boot.php(312): CodeIgniter\CodeIgniter->run()
 6 SYSTEMPATH\Boot.php(67): CodeIgniter\Boot::runCodeIgniter(Object(CodeIgniter\CodeIgniter))
 7 FCPATH\index.php(56): CodeIgniter\Boot::bootWeb(Object(Config\Paths))
 8 SYSTEMPATH\Commands\Server\rewrite.php(49): require_once('C:\\APK\\xampp-8.2\\htdocs\\SafeToTrip\\public\\index.php')
WARNING - 2024-06-21 22:37:55 --> [DEPRECATED] Creation of dynamic property App\Controllers\Home::$harga is deprecated in APPPATH\Controllers\Home.php on line 16.
 1 APPPATH\Controllers\Transaksi.php(16): App\Controllers\Home->__construct()
 2 SYSTEMPATH\CodeIgniter.php(903): App\Controllers\Transaksi->__construct()
 3 SYSTEMPATH\CodeIgniter.php(500): CodeIgniter\CodeIgniter->createController()
 4 SYSTEMPATH\CodeIgniter.php(355): CodeIgniter\CodeIgniter->handleRequest(null, Object(Config\Cache), false)
 5 SYSTEMPATH\Boot.php(312): CodeIgniter\CodeIgniter->run()
 6 SYSTEMPATH\Boot.php(67): CodeIgniter\Boot::runCodeIgniter(Object(CodeIgniter\CodeIgniter))
 7 FCPATH\index.php(56): CodeIgniter\Boot::bootWeb(Object(Config\Paths))
 8 SYSTEMPATH\Commands\Server\rewrite.php(49): require_once('C:\\APK\\xampp-8.2\\htdocs\\SafeToTrip\\public\\index.php')
WARNING - 2024-06-21 22:37:55 --> [DEPRECATED] Creation of dynamic property App\Controllers\Transaksi::$home is deprecated in APPPATH\Controllers\Transaksi.php on line 16.
 1 SYSTEMPATH\CodeIgniter.php(903): App\Controllers\Transaksi->__construct()
 2 SYSTEMPATH\CodeIgniter.php(500): CodeIgniter\CodeIgniter->createController()
 3 SYSTEMPATH\CodeIgniter.php(355): CodeIgniter\CodeIgniter->handleRequest(null, Object(Config\Cache), false)
 4 SYSTEMPATH\Boot.php(312): CodeIgniter\CodeIgniter->run()
 5 SYSTEMPATH\Boot.php(67): CodeIgniter\Boot::runCodeIgniter(Object(CodeIgniter\CodeIgniter))
 6 FCPATH\index.php(56): CodeIgniter\Boot::bootWeb(Object(Config\Paths))
 7 SYSTEMPATH\Commands\Server\rewrite.php(49): require_once('C:\\APK\\xampp-8.2\\htdocs\\SafeToTrip\\public\\index.php')
WARNING - 2024-06-21 22:37:55 --> [DEPRECATED] Creation of dynamic property App\Controllers\Transaksi::$wisata is deprecated in APPPATH\Controllers\Transaksi.php on line 17.
 1 SYSTEMPATH\CodeIgniter.php(903): App\Controllers\Transaksi->__construct()
 2 SYSTEMPATH\CodeIgniter.php(500): CodeIgniter\CodeIgniter->createController()
 3 SYSTEMPATH\CodeIgniter.php(355): CodeIgniter\CodeIgniter->handleRequest(null, Object(Config\Cache), false)
 4 SYSTEMPATH\Boot.php(312): CodeIgniter\CodeIgniter->run()
 5 SYSTEMPATH\Boot.php(67): CodeIgniter\Boot::runCodeIgniter(Object(CodeIgniter\CodeIgniter))
 6 FCPATH\index.php(56): CodeIgniter\Boot::bootWeb(Object(Config\Paths))
 7 SYSTEMPATH\Commands\Server\rewrite.php(49): require_once('C:\\APK\\xampp-8.2\\htdocs\\SafeToTrip\\public\\index.php')
WARNING - 2024-06-21 22:37:55 --> [DEPRECATED] Creation of dynamic property App\Controllers\Transaksi::$transaksi is deprecated in APPPATH\Controllers\Transaksi.php on line 18.
 1 SYSTEMPATH\CodeIgniter.php(903): App\Controllers\Transaksi->__construct()
 2 SYSTEMPATH\CodeIgniter.php(500): CodeIgniter\CodeIgniter->createController()
 3 SYSTEMPATH\CodeIgniter.php(355): CodeIgniter\CodeIgniter->handleRequest(null, Object(Config\Cache), false)
 4 SYSTEMPATH\Boot.php(312): CodeIgniter\CodeIgniter->run()
 5 SYSTEMPATH\Boot.php(67): CodeIgniter\Boot::runCodeIgniter(Object(CodeIgniter\CodeIgniter))
 6 FCPATH\index.php(56): CodeIgniter\Boot::bootWeb(Object(Config\Paths))
 7 SYSTEMPATH\Commands\Server\rewrite.php(49): require_once('C:\\APK\\xampp-8.2\\htdocs\\SafeToTrip\\public\\index.php')
WARNING - 2024-06-21 22:37:55 --> [DEPRECATED] Creation of dynamic property App\Controllers\Transaksi::$detail is deprecated in APPPATH\Controllers\Transaksi.php on line 19.
 1 SYSTEMPATH\CodeIgniter.php(903): App\Controllers\Transaksi->__construct()
 2 SYSTEMPATH\CodeIgniter.php(500): CodeIgniter\CodeIgniter->createController()
 3 SYSTEMPATH\CodeIgniter.php(355): CodeIgniter\CodeIgniter->handleRequest(null, Object(Config\Cache), false)
 4 SYSTEMPATH\Boot.php(312): CodeIgniter\CodeIgniter->run()
 5 SYSTEMPATH\Boot.php(67): CodeIgniter\Boot::runCodeIgniter(Object(CodeIgniter\CodeIgniter))
 6 FCPATH\index.php(56): CodeIgniter\Boot::bootWeb(Object(Config\Paths))
 7 SYSTEMPATH\Commands\Server\rewrite.php(49): require_once('C:\\APK\\xampp-8.2\\htdocs\\SafeToTrip\\public\\index.php')
ERROR - 2024-06-21 22:37:55 --> mysqli_sql_exception: Table 'safetotrip.wisatawan' doesn't exist in C:\APK\xampp-8.2\htdocs\SafeToTrip\system\Database\MySQLi\Connection.php:308
Stack trace:
#0 C:\APK\xampp-8.2\htdocs\SafeToTrip\system\Database\MySQLi\Connection.php(308): mysqli->query('SELECT `transak...', 0)
#1 C:\APK\xampp-8.2\htdocs\SafeToTrip\system\Database\BaseConnection.php(722): CodeIgniter\Database\MySQLi\Connection->execute('SELECT `transak...')
#2 C:\APK\xampp-8.2\htdocs\SafeToTrip\system\Database\BaseConnection.php(636): CodeIgniter\Database\BaseConnection->simpleQuery('SELECT `transak...')
#3 C:\APK\xampp-8.2\htdocs\SafeToTrip\system\Database\BaseBuilder.php(1629): CodeIgniter\Database\BaseConnection->query('SELECT `transak...', Array, false)
#4 C:\APK\xampp-8.2\htdocs\SafeToTrip\system\Model.php(919): CodeIgniter\Database\BaseBuilder->get()
#5 C:\APK\xampp-8.2\htdocs\SafeToTrip\app\Models\TransaksiModel.php(39): CodeIgniter\Model->__call('get', Array)
#6 C:\APK\xampp-8.2\htdocs\SafeToTrip\app\Controllers\Transaksi.php(61): App\Models\TransaksiModel->getTransaksiById('TRX171871520806...')
#7 C:\APK\xampp-8.2\htdocs\SafeToTrip\system\CodeIgniter.php(933): App\Controllers\Transaksi->detail('TRX171871520806...')
#8 C:\APK\xampp-8.2\htdocs\SafeToTrip\system\CodeIgniter.php(509): CodeIgniter\CodeIgniter->runController(Object(App\Controllers\Transaksi))
#9 C:\APK\xampp-8.2\htdocs\SafeToTrip\system\CodeIgniter.php(355): CodeIgniter\CodeIgniter->handleRequest(NULL, Object(Config\Cache), false)
#10 C:\APK\xampp-8.2\htdocs\SafeToTrip\system\Boot.php(312): CodeIgniter\CodeIgniter->run()
#11 C:\APK\xampp-8.2\htdocs\SafeToTrip\system\Boot.php(67): CodeIgniter\Boot::runCodeIgniter(Object(CodeIgniter\CodeIgniter))
#12 C:\APK\xampp-8.2\htdocs\SafeToTrip\public\index.php(56): CodeIgniter\Boot::bootWeb(Object(Config\Paths))
#13 C:\APK\xampp-8.2\htdocs\SafeToTrip\system\Commands\Server\rewrite.php(49): require_once('C:\\APK\\xampp-8....')
#14 {main}
CRITICAL - 2024-06-21 22:37:55 --> CodeIgniter\Database\Exceptions\DatabaseException: Table 'safetotrip.wisatawan' doesn't exist
[Method: GET, Route: getDetail/TRX17187152080612]
in SYSTEMPATH\Database\BaseConnection.php on line 676.
 1 SYSTEMPATH\Database\BaseBuilder.php(1629): CodeIgniter\Database\BaseConnection->query('SELECT `transaksi`.*, `nama`, `no_hp`, `email`, `nama_wisata`
FROM `transaksi`
JOIN `wisata` ON `wisata`.`id_wisata` = `transaksi`.`id_wisata`
JOIN `wisatawan` ON `wisata`.`id_wisatawan` = `user`.`id_user`
WHERE `id_transaksi` = :id_transaksi:', [...], false)
 2 SYSTEMPATH\Model.php(919): CodeIgniter\Database\BaseBuilder->get()
 3 APPPATH\Models\TransaksiModel.php(39): CodeIgniter\Model->__call('get', [])
 4 APPPATH\Controllers\Transaksi.php(61): App\Models\TransaksiModel->getTransaksiById('TRX17187152080612')
 5 SYSTEMPATH\CodeIgniter.php(933): App\Controllers\Transaksi->detail('TRX17187152080612')
 6 SYSTEMPATH\CodeIgniter.php(509): CodeIgniter\CodeIgniter->runController(Object(App\Controllers\Transaksi))
 7 SYSTEMPATH\CodeIgniter.php(355): CodeIgniter\CodeIgniter->handleRequest(null, Object(Config\Cache), false)
 8 SYSTEMPATH\Boot.php(312): CodeIgniter\CodeIgniter->run()
 9 SYSTEMPATH\Boot.php(67): CodeIgniter\Boot::runCodeIgniter(Object(CodeIgniter\CodeIgniter))
10 FCPATH\index.php(56): CodeIgniter\Boot::bootWeb(Object(Config\Paths))
11 SYSTEMPATH\Commands\Server\rewrite.php(49): require_once('C:\\APK\\xampp-8.2\\htdocs\\SafeToTrip\\public\\index.php')
CRITICAL - 2024-06-21 22:37:55 --> [Caused by] CodeIgniter\Database\Exceptions\DatabaseException: Table 'safetotrip.wisatawan' doesn't exist
in SYSTEMPATH\Database\MySQLi\Connection.php on line 313.
 1 SYSTEMPATH\Database\BaseConnection.php(722): CodeIgniter\Database\MySQLi\Connection->execute('SELECT `transaksi`.*, `nama`, `no_hp`, `email`, `nama_wisata`
FROM `transaksi`
JOIN `wisata` ON `wisata`.`id_wisata` = `transaksi`.`id_wisata`
JOIN `wisatawan` ON `wisata`.`id_wisatawan` = `user`.`id_user`
WHERE `id_transaksi` = \'TRX17187152080612\'')
 2 SYSTEMPATH\Database\BaseConnection.php(636): CodeIgniter\Database\BaseConnection->simpleQuery('SELECT `transaksi`.*, `nama`, `no_hp`, `email`, `nama_wisata`
FROM `transaksi`
JOIN `wisata` ON `wisata`.`id_wisata` = `transaksi`.`id_wisata`
JOIN `wisatawan` ON `wisata`.`id_wisatawan` = `user`.`id_user`
WHERE `id_transaksi` = \'TRX17187152080612\'')
 3 SYSTEMPATH\Database\BaseBuilder.php(1629): CodeIgniter\Database\BaseConnection->query('SELECT `transaksi`.*, `nama`, `no_hp`, `email`, `nama_wisata`
FROM `transaksi`
JOIN `wisata` ON `wisata`.`id_wisata` = `transaksi`.`id_wisata`
JOIN `wisatawan` ON `wisata`.`id_wisatawan` = `user`.`id_user`
WHERE `id_transaksi` = :id_transaksi:', [...], false)
 4 SYSTEMPATH\Model.php(919): CodeIgniter\Database\BaseBuilder->get()
 5 APPPATH\Models\TransaksiModel.php(39): CodeIgniter\Model->__call('get', [])
 6 APPPATH\Controllers\Transaksi.php(61): App\Models\TransaksiModel->getTransaksiById('TRX17187152080612')
 7 SYSTEMPATH\CodeIgniter.php(933): App\Controllers\Transaksi->detail('TRX17187152080612')
 8 SYSTEMPATH\CodeIgniter.php(509): CodeIgniter\CodeIgniter->runController(Object(App\Controllers\Transaksi))
 9 SYSTEMPATH\CodeIgniter.php(355): CodeIgniter\CodeIgniter->handleRequest(null, Object(Config\Cache), false)
10 SYSTEMPATH\Boot.php(312): CodeIgniter\CodeIgniter->run()
11 SYSTEMPATH\Boot.php(67): CodeIgniter\Boot::runCodeIgniter(Object(CodeIgniter\CodeIgniter))
12 FCPATH\index.php(56): CodeIgniter\Boot::bootWeb(Object(Config\Paths))
13 SYSTEMPATH\Commands\Server\rewrite.php(49): require_once('C:\\APK\\xampp-8.2\\htdocs\\SafeToTrip\\public\\index.php')
CRITICAL - 2024-06-21 22:37:55 --> [Caused by] mysqli_sql_exception: Table 'safetotrip.wisatawan' doesn't exist
in SYSTEMPATH\Database\MySQLi\Connection.php on line 308.
 1 SYSTEMPATH\Database\MySQLi\Connection.php(308): mysqli->query('SELECT `transaksi`.*, `nama`, `no_hp`, `email`, `nama_wisata`
FROM `transaksi`
JOIN `wisata` ON `wisata`.`id_wisata` = `transaksi`.`id_wisata`
JOIN `wisatawan` ON `wisata`.`id_wisatawan` = `user`.`id_user`
WHERE `id_transaksi` = \'TRX17187152080612\'', 0)
 2 SYSTEMPATH\Database\BaseConnection.php(722): CodeIgniter\Database\MySQLi\Connection->execute('SELECT `transaksi`.*, `nama`, `no_hp`, `email`, `nama_wisata`
FROM `transaksi`
JOIN `wisata` ON `wisata`.`id_wisata` = `transaksi`.`id_wisata`
JOIN `wisatawan` ON `wisata`.`id_wisatawan` = `user`.`id_user`
WHERE `id_transaksi` = \'TRX17187152080612\'')
 3 SYSTEMPATH\Database\BaseConnection.php(636): CodeIgniter\Database\BaseConnection->simpleQuery('SELECT `transaksi`.*, `nama`, `no_hp`, `email`, `nama_wisata`
FROM `transaksi`
JOIN `wisata` ON `wisata`.`id_wisata` = `transaksi`.`id_wisata`
JOIN `wisatawan` ON `wisata`.`id_wisatawan` = `user`.`id_user`
WHERE `id_transaksi` = \'TRX17187152080612\'')
 4 SYSTEMPATH\Database\BaseBuilder.php(1629): CodeIgniter\Database\BaseConnection->query('SELECT `transaksi`.*, `nama`, `no_hp`, `email`, `nama_wisata`
FROM `transaksi`
JOIN `wisata` ON `wisata`.`id_wisata` = `transaksi`.`id_wisata`
JOIN `wisatawan` ON `wisata`.`id_wisatawan` = `user`.`id_user`
WHERE `id_transaksi` = :id_transaksi:', [...], false)
 5 SYSTEMPATH\Model.php(919): CodeIgniter\Database\BaseBuilder->get()
 6 APPPATH\Models\TransaksiModel.php(39): CodeIgniter\Model->__call('get', [])
 7 APPPATH\Controllers\Transaksi.php(61): App\Models\TransaksiModel->getTransaksiById('TRX17187152080612')
 8 SYSTEMPATH\CodeIgniter.php(933): App\Controllers\Transaksi->detail('TRX17187152080612')
 9 SYSTEMPATH\CodeIgniter.php(509): CodeIgniter\CodeIgniter->runController(Object(App\Controllers\Transaksi))
10 SYSTEMPATH\CodeIgniter.php(355): CodeIgniter\CodeIgniter->handleRequest(null, Object(Config\Cache), false)
11 SYSTEMPATH\Boot.php(312): CodeIgniter\CodeIgniter->run()
12 SYSTEMPATH\Boot.php(67): CodeIgniter\Boot::runCodeIgniter(Object(CodeIgniter\CodeIgniter))
13 FCPATH\index.php(56): CodeIgniter\Boot::bootWeb(Object(Config\Paths))
14 SYSTEMPATH\Commands\Server\rewrite.php(49): require_once('C:\\APK\\xampp-8.2\\htdocs\\SafeToTrip\\public\\index.php')
INFO - 2024-06-21 22:38:33 --> Session: Class initialized using 'CodeIgniter\Session\Handlers\FileHandler' driver.
WARNING - 2024-06-21 22:38:33 --> [DEPRECATED] Creation of dynamic property App\Controllers\Transaksi::$session is deprecated in APPPATH\Controllers\Transaksi.php on line 15.
 1 SYSTEMPATH\CodeIgniter.php(903): App\Controllers\Transaksi->__construct()
 2 SYSTEMPATH\CodeIgniter.php(500): CodeIgniter\CodeIgniter->createController()
 3 SYSTEMPATH\CodeIgniter.php(355): CodeIgniter\CodeIgniter->handleRequest(null, Object(Config\Cache), false)
 4 SYSTEMPATH\Boot.php(312): CodeIgniter\CodeIgniter->run()
 5 SYSTEMPATH\Boot.php(67): CodeIgniter\Boot::runCodeIgniter(Object(CodeIgniter\CodeIgniter))
 6 FCPATH\index.php(56): CodeIgniter\Boot::bootWeb(Object(Config\Paths))
 7 SYSTEMPATH\Commands\Server\rewrite.php(49): require_once('C:\\APK\\xampp-8.2\\htdocs\\SafeToTrip\\public\\index.php')
WARNING - 2024-06-21 22:38:33 --> [DEPRECATED] Creation of dynamic property App\Controllers\Home::$session is deprecated in APPPATH\Controllers\Home.php on line 13.
 1 APPPATH\Controllers\Transaksi.php(16): App\Controllers\Home->__construct()
 2 SYSTEMPATH\CodeIgniter.php(903): App\Controllers\Transaksi->__construct()
 3 SYSTEMPATH\CodeIgniter.php(500): CodeIgniter\CodeIgniter->createController()
 4 SYSTEMPATH\CodeIgniter.php(355): CodeIgniter\CodeIgniter->handleRequest(null, Object(Config\Cache), false)
 5 SYSTEMPATH\Boot.php(312): CodeIgniter\CodeIgniter->run()
 6 SYSTEMPATH\Boot.php(67): CodeIgniter\Boot::runCodeIgniter(Object(CodeIgniter\CodeIgniter))
 7 FCPATH\index.php(56): CodeIgniter\Boot::bootWeb(Object(Config\Paths))
 8 SYSTEMPATH\Commands\Server\rewrite.php(49): require_once('C:\\APK\\xampp-8.2\\htdocs\\SafeToTrip\\public\\index.php')
WARNING - 2024-06-21 22:38:33 --> [DEPRECATED] Creation of dynamic property App\Controllers\Home::$wisata is deprecated in APPPATH\Controllers\Home.php on line 14.
 1 APPPATH\Controllers\Transaksi.php(16): App\Controllers\Home->__construct()
 2 SYSTEMPATH\CodeIgniter.php(903): App\Controllers\Transaksi->__construct()
 3 SYSTEMPATH\CodeIgniter.php(500): CodeIgniter\CodeIgniter->createController()
 4 SYSTEMPATH\CodeIgniter.php(355): CodeIgniter\CodeIgniter->handleRequest(null, Object(Config\Cache), false)
 5 SYSTEMPATH\Boot.php(312): CodeIgniter\CodeIgniter->run()
 6 SYSTEMPATH\Boot.php(67): CodeIgniter\Boot::runCodeIgniter(Object(CodeIgniter\CodeIgniter))
 7 FCPATH\index.php(56): CodeIgniter\Boot::bootWeb(Object(Config\Paths))
 8 SYSTEMPATH\Commands\Server\rewrite.php(49): require_once('C:\\APK\\xampp-8.2\\htdocs\\SafeToTrip\\public\\index.php')
WARNING - 2024-06-21 22:38:33 --> [DEPRECATED] Creation of dynamic property App\Controllers\Home::$fasilitas is deprecated in APPPATH\Controllers\Home.php on line 15.
 1 APPPATH\Controllers\Transaksi.php(16): App\Controllers\Home->__construct()
 2 SYSTEMPATH\CodeIgniter.php(903): App\Controllers\Transaksi->__construct()
 3 SYSTEMPATH\CodeIgniter.php(500): CodeIgniter\CodeIgniter->createController()
 4 SYSTEMPATH\CodeIgniter.php(355): CodeIgniter\CodeIgniter->handleRequest(null, Object(Config\Cache), false)
 5 SYSTEMPATH\Boot.php(312): CodeIgniter\CodeIgniter->run()
 6 SYSTEMPATH\Boot.php(67): CodeIgniter\Boot::runCodeIgniter(Object(CodeIgniter\CodeIgniter))
 7 FCPATH\index.php(56): CodeIgniter\Boot::bootWeb(Object(Config\Paths))
 8 SYSTEMPATH\Commands\Server\rewrite.php(49): require_once('C:\\APK\\xampp-8.2\\htdocs\\SafeToTrip\\public\\index.php')
WARNING - 2024-06-21 22:38:33 --> [DEPRECATED] Creation of dynamic property App\Controllers\Home::$harga is deprecated in APPPATH\Controllers\Home.php on line 16.
 1 APPPATH\Controllers\Transaksi.php(16): App\Controllers\Home->__construct()
 2 SYSTEMPATH\CodeIgniter.php(903): App\Controllers\Transaksi->__construct()
 3 SYSTEMPATH\CodeIgniter.php(500): CodeIgniter\CodeIgniter->createController()
 4 SYSTEMPATH\CodeIgniter.php(355): CodeIgniter\CodeIgniter->handleRequest(null, Object(Config\Cache), false)
 5 SYSTEMPATH\Boot.php(312): CodeIgniter\CodeIgniter->run()
 6 SYSTEMPATH\Boot.php(67): CodeIgniter\Boot::runCodeIgniter(Object(CodeIgniter\CodeIgniter))
 7 FCPATH\index.php(56): CodeIgniter\Boot::bootWeb(Object(Config\Paths))
 8 SYSTEMPATH\Commands\Server\rewrite.php(49): require_once('C:\\APK\\xampp-8.2\\htdocs\\SafeToTrip\\public\\index.php')
WARNING - 2024-06-21 22:38:33 --> [DEPRECATED] Creation of dynamic property App\Controllers\Transaksi::$home is deprecated in APPPATH\Controllers\Transaksi.php on line 16.
 1 SYSTEMPATH\CodeIgniter.php(903): App\Controllers\Transaksi->__construct()
 2 SYSTEMPATH\CodeIgniter.php(500): CodeIgniter\CodeIgniter->createController()
 3 SYSTEMPATH\CodeIgniter.php(355): CodeIgniter\CodeIgniter->handleRequest(null, Object(Config\Cache), false)
 4 SYSTEMPATH\Boot.php(312): CodeIgniter\CodeIgniter->run()
 5 SYSTEMPATH\Boot.php(67): CodeIgniter\Boot::runCodeIgniter(Object(CodeIgniter\CodeIgniter))
 6 FCPATH\index.php(56): CodeIgniter\Boot::bootWeb(Object(Config\Paths))
 7 SYSTEMPATH\Commands\Server\rewrite.php(49): require_once('C:\\APK\\xampp-8.2\\htdocs\\SafeToTrip\\public\\index.php')
WARNING - 2024-06-21 22:38:33 --> [DEPRECATED] Creation of dynamic property App\Controllers\Transaksi::$wisata is deprecated in APPPATH\Controllers\Transaksi.php on line 17.
 1 SYSTEMPATH\CodeIgniter.php(903): App\Controllers\Transaksi->__construct()
 2 SYSTEMPATH\CodeIgniter.php(500): CodeIgniter\CodeIgniter->createController()
 3 SYSTEMPATH\CodeIgniter.php(355): CodeIgniter\CodeIgniter->handleRequest(null, Object(Config\Cache), false)
 4 SYSTEMPATH\Boot.php(312): CodeIgniter\CodeIgniter->run()
 5 SYSTEMPATH\Boot.php(67): CodeIgniter\Boot::runCodeIgniter(Object(CodeIgniter\CodeIgniter))
 6 FCPATH\index.php(56): CodeIgniter\Boot::bootWeb(Object(Config\Paths))
 7 SYSTEMPATH\Commands\Server\rewrite.php(49): require_once('C:\\APK\\xampp-8.2\\htdocs\\SafeToTrip\\public\\index.php')
WARNING - 2024-06-21 22:38:33 --> [DEPRECATED] Creation of dynamic property App\Controllers\Transaksi::$transaksi is deprecated in APPPATH\Controllers\Transaksi.php on line 18.
 1 SYSTEMPATH\CodeIgniter.php(903): App\Controllers\Transaksi->__construct()
 2 SYSTEMPATH\CodeIgniter.php(500): CodeIgniter\CodeIgniter->createController()
 3 SYSTEMPATH\CodeIgniter.php(355): CodeIgniter\CodeIgniter->handleRequest(null, Object(Config\Cache), false)
 4 SYSTEMPATH\Boot.php(312): CodeIgniter\CodeIgniter->run()
 5 SYSTEMPATH\Boot.php(67): CodeIgniter\Boot::runCodeIgniter(Object(CodeIgniter\CodeIgniter))
 6 FCPATH\index.php(56): CodeIgniter\Boot::bootWeb(Object(Config\Paths))
 7 SYSTEMPATH\Commands\Server\rewrite.php(49): require_once('C:\\APK\\xampp-8.2\\htdocs\\SafeToTrip\\public\\index.php')
WARNING - 2024-06-21 22:38:33 --> [DEPRECATED] Creation of dynamic property App\Controllers\Transaksi::$detail is deprecated in APPPATH\Controllers\Transaksi.php on line 19.
 1 SYSTEMPATH\CodeIgniter.php(903): App\Controllers\Transaksi->__construct()
 2 SYSTEMPATH\CodeIgniter.php(500): CodeIgniter\CodeIgniter->createController()
 3 SYSTEMPATH\CodeIgniter.php(355): CodeIgniter\CodeIgniter->handleRequest(null, Object(Config\Cache), false)
 4 SYSTEMPATH\Boot.php(312): CodeIgniter\CodeIgniter->run()
 5 SYSTEMPATH\Boot.php(67): CodeIgniter\Boot::runCodeIgniter(Object(CodeIgniter\CodeIgniter))
 6 FCPATH\index.php(56): CodeIgniter\Boot::bootWeb(Object(Config\Paths))
 7 SYSTEMPATH\Commands\Server\rewrite.php(49): require_once('C:\\APK\\xampp-8.2\\htdocs\\SafeToTrip\\public\\index.php')
ERROR - 2024-06-21 22:38:33 --> mysqli_sql_exception: Unknown column 'wisata.id_wisatawan' in 'on clause' in C:\APK\xampp-8.2\htdocs\SafeToTrip\system\Database\MySQLi\Connection.php:308
Stack trace:
#0 C:\APK\xampp-8.2\htdocs\SafeToTrip\system\Database\MySQLi\Connection.php(308): mysqli->query('SELECT `transak...', 0)
#1 C:\APK\xampp-8.2\htdocs\SafeToTrip\system\Database\BaseConnection.php(722): CodeIgniter\Database\MySQLi\Connection->execute('SELECT `transak...')
#2 C:\APK\xampp-8.2\htdocs\SafeToTrip\system\Database\BaseConnection.php(636): CodeIgniter\Database\BaseConnection->simpleQuery('SELECT `transak...')
#3 C:\APK\xampp-8.2\htdocs\SafeToTrip\system\Database\BaseBuilder.php(1629): CodeIgniter\Database\BaseConnection->query('SELECT `transak...', Array, false)
#4 C:\APK\xampp-8.2\htdocs\SafeToTrip\system\Model.php(919): CodeIgniter\Database\BaseBuilder->get()
#5 C:\APK\xampp-8.2\htdocs\SafeToTrip\app\Models\TransaksiModel.php(39): CodeIgniter\Model->__call('get', Array)
#6 C:\APK\xampp-8.2\htdocs\SafeToTrip\app\Controllers\Transaksi.php(61): App\Models\TransaksiModel->getTransaksiById('TRX171871520806...')
#7 C:\APK\xampp-8.2\htdocs\SafeToTrip\system\CodeIgniter.php(933): App\Controllers\Transaksi->detail('TRX171871520806...')
#8 C:\APK\xampp-8.2\htdocs\SafeToTrip\system\CodeIgniter.php(509): CodeIgniter\CodeIgniter->runController(Object(App\Controllers\Transaksi))
#9 C:\APK\xampp-8.2\htdocs\SafeToTrip\system\CodeIgniter.php(355): CodeIgniter\CodeIgniter->handleRequest(NULL, Object(Config\Cache), false)
#10 C:\APK\xampp-8.2\htdocs\SafeToTrip\system\Boot.php(312): CodeIgniter\CodeIgniter->run()
#11 C:\APK\xampp-8.2\htdocs\SafeToTrip\system\Boot.php(67): CodeIgniter\Boot::runCodeIgniter(Object(CodeIgniter\CodeIgniter))
#12 C:\APK\xampp-8.2\htdocs\SafeToTrip\public\index.php(56): CodeIgniter\Boot::bootWeb(Object(Config\Paths))
#13 C:\APK\xampp-8.2\htdocs\SafeToTrip\system\Commands\Server\rewrite.php(49): require_once('C:\\APK\\xampp-8....')
#14 {main}
CRITICAL - 2024-06-21 22:38:33 --> CodeIgniter\Database\Exceptions\DatabaseException: Unknown column 'wisata.id_wisatawan' in 'on clause'
[Method: GET, Route: getDetail/TRX17187152080612]
in SYSTEMPATH\Database\BaseConnection.php on line 676.
 1 SYSTEMPATH\Database\BaseBuilder.php(1629): CodeIgniter\Database\BaseConnection->query('SELECT `transaksi`.*, `nama`, `no_hp`, `email`, `nama_wisata`
FROM `transaksi`
JOIN `wisata` ON `wisata`.`id_wisata` = `transaksi`.`id_wisata`
JOIN `user` ON `wisata`.`id_wisatawan` = `user`.`id_user`
WHERE `id_transaksi` = :id_transaksi:', [...], false)
 2 SYSTEMPATH\Model.php(919): CodeIgniter\Database\BaseBuilder->get()
 3 APPPATH\Models\TransaksiModel.php(39): CodeIgniter\Model->__call('get', [])
 4 APPPATH\Controllers\Transaksi.php(61): App\Models\TransaksiModel->getTransaksiById('TRX17187152080612')
 5 SYSTEMPATH\CodeIgniter.php(933): App\Controllers\Transaksi->detail('TRX17187152080612')
 6 SYSTEMPATH\CodeIgniter.php(509): CodeIgniter\CodeIgniter->runController(Object(App\Controllers\Transaksi))
 7 SYSTEMPATH\CodeIgniter.php(355): CodeIgniter\CodeIgniter->handleRequest(null, Object(Config\Cache), false)
 8 SYSTEMPATH\Boot.php(312): CodeIgniter\CodeIgniter->run()
 9 SYSTEMPATH\Boot.php(67): CodeIgniter\Boot::runCodeIgniter(Object(CodeIgniter\CodeIgniter))
10 FCPATH\index.php(56): CodeIgniter\Boot::bootWeb(Object(Config\Paths))
11 SYSTEMPATH\Commands\Server\rewrite.php(49): require_once('C:\\APK\\xampp-8.2\\htdocs\\SafeToTrip\\public\\index.php')
CRITICAL - 2024-06-21 22:38:33 --> [Caused by] CodeIgniter\Database\Exceptions\DatabaseException: Unknown column 'wisata.id_wisatawan' in 'on clause'
in SYSTEMPATH\Database\MySQLi\Connection.php on line 313.
 1 SYSTEMPATH\Database\BaseConnection.php(722): CodeIgniter\Database\MySQLi\Connection->execute('SELECT `transaksi`.*, `nama`, `no_hp`, `email`, `nama_wisata`
FROM `transaksi`
JOIN `wisata` ON `wisata`.`id_wisata` = `transaksi`.`id_wisata`
JOIN `user` ON `wisata`.`id_wisatawan` = `user`.`id_user`
WHERE `id_transaksi` = \'TRX17187152080612\'')
 2 SYSTEMPATH\Database\BaseConnection.php(636): CodeIgniter\Database\BaseConnection->simpleQuery('SELECT `transaksi`.*, `nama`, `no_hp`, `email`, `nama_wisata`
FROM `transaksi`
JOIN `wisata` ON `wisata`.`id_wisata` = `transaksi`.`id_wisata`
JOIN `user` ON `wisata`.`id_wisatawan` = `user`.`id_user`
WHERE `id_transaksi` = \'TRX17187152080612\'')
 3 SYSTEMPATH\Database\BaseBuilder.php(1629): CodeIgniter\Database\BaseConnection->query('SELECT `transaksi`.*, `nama`, `no_hp`, `email`, `nama_wisata`
FROM `transaksi`
JOIN `wisata` ON `wisata`.`id_wisata` = `transaksi`.`id_wisata`
JOIN `user` ON `wisata`.`id_wisatawan` = `user`.`id_user`
WHERE `id_transaksi` = :id_transaksi:', [...], false)
 4 SYSTEMPATH\Model.php(919): CodeIgniter\Database\BaseBuilder->get()
 5 APPPATH\Models\TransaksiModel.php(39): CodeIgniter\Model->__call('get', [])
 6 APPPATH\Controllers\Transaksi.php(61): App\Models\TransaksiModel->getTransaksiById('TRX17187152080612')
 7 SYSTEMPATH\CodeIgniter.php(933): App\Controllers\Transaksi->detail('TRX17187152080612')
 8 SYSTEMPATH\CodeIgniter.php(509): CodeIgniter\CodeIgniter->runController(Object(App\Controllers\Transaksi))
 9 SYSTEMPATH\CodeIgniter.php(355): CodeIgniter\CodeIgniter->handleRequest(null, Object(Config\Cache), false)
10 SYSTEMPATH\Boot.php(312): CodeIgniter\CodeIgniter->run()
11 SYSTEMPATH\Boot.php(67): CodeIgniter\Boot::runCodeIgniter(Object(CodeIgniter\CodeIgniter))
12 FCPATH\index.php(56): CodeIgniter\Boot::bootWeb(Object(Config\Paths))
13 SYSTEMPATH\Commands\Server\rewrite.php(49): require_once('C:\\APK\\xampp-8.2\\htdocs\\SafeToTrip\\public\\index.php')
CRITICAL - 2024-06-21 22:38:33 --> [Caused by] mysqli_sql_exception: Unknown column 'wisata.id_wisatawan' in 'on clause'
in SYSTEMPATH\Database\MySQLi\Connection.php on line 308.
 1 SYSTEMPATH\Database\MySQLi\Connection.php(308): mysqli->query('SELECT `transaksi`.*, `nama`, `no_hp`, `email`, `nama_wisata`
FROM `transaksi`
JOIN `wisata` ON `wisata`.`id_wisata` = `transaksi`.`id_wisata`
JOIN `user` ON `wisata`.`id_wisatawan` = `user`.`id_user`
WHERE `id_transaksi` = \'TRX17187152080612\'', 0)
 2 SYSTEMPATH\Database\BaseConnection.php(722): CodeIgniter\Database\MySQLi\Connection->execute('SELECT `transaksi`.*, `nama`, `no_hp`, `email`, `nama_wisata`
FROM `transaksi`
JOIN `wisata` ON `wisata`.`id_wisata` = `transaksi`.`id_wisata`
JOIN `user` ON `wisata`.`id_wisatawan` = `user`.`id_user`
WHERE `id_transaksi` = \'TRX17187152080612\'')
 3 SYSTEMPATH\Database\BaseConnection.php(636): CodeIgniter\Database\BaseConnection->simpleQuery('SELECT `transaksi`.*, `nama`, `no_hp`, `email`, `nama_wisata`
FROM `transaksi`
JOIN `wisata` ON `wisata`.`id_wisata` = `transaksi`.`id_wisata`
JOIN `user` ON `wisata`.`id_wisatawan` = `user`.`id_user`
WHERE `id_transaksi` = \'TRX17187152080612\'')
 4 SYSTEMPATH\Database\BaseBuilder.php(1629): CodeIgniter\Database\BaseConnection->query('SELECT `transaksi`.*, `nama`, `no_hp`, `email`, `nama_wisata`
FROM `transaksi`
JOIN `wisata` ON `wisata`.`id_wisata` = `transaksi`.`id_wisata`
JOIN `user` ON `wisata`.`id_wisatawan` = `user`.`id_user`
WHERE `id_transaksi` = :id_transaksi:', [...], false)
 5 SYSTEMPATH\Model.php(919): CodeIgniter\Database\BaseBuilder->get()
 6 APPPATH\Models\TransaksiModel.php(39): CodeIgniter\Model->__call('get', [])
 7 APPPATH\Controllers\Transaksi.php(61): App\Models\TransaksiModel->getTransaksiById('TRX17187152080612')
 8 SYSTEMPATH\CodeIgniter.php(933): App\Controllers\Transaksi->detail('TRX17187152080612')
 9 SYSTEMPATH\CodeIgniter.php(509): CodeIgniter\CodeIgniter->runController(Object(App\Controllers\Transaksi))
10 SYSTEMPATH\CodeIgniter.php(355): CodeIgniter\CodeIgniter->handleRequest(null, Object(Config\Cache), false)
11 SYSTEMPATH\Boot.php(312): CodeIgniter\CodeIgniter->run()
12 SYSTEMPATH\Boot.php(67): CodeIgniter\Boot::runCodeIgniter(Object(CodeIgniter\CodeIgniter))
13 FCPATH\index.php(56): CodeIgniter\Boot::bootWeb(Object(Config\Paths))
14 SYSTEMPATH\Commands\Server\rewrite.php(49): require_once('C:\\APK\\xampp-8.2\\htdocs\\SafeToTrip\\public\\index.php')
INFO - 2024-06-21 22:38:43 --> Session: Class initialized using 'CodeIgniter\Session\Handlers\FileHandler' driver.
WARNING - 2024-06-21 22:38:43 --> [DEPRECATED] Creation of dynamic property App\Controllers\Transaksi::$session is deprecated in APPPATH\Controllers\Transaksi.php on line 15.
 1 SYSTEMPATH\CodeIgniter.php(903): App\Controllers\Transaksi->__construct()
 2 SYSTEMPATH\CodeIgniter.php(500): CodeIgniter\CodeIgniter->createController()
 3 SYSTEMPATH\CodeIgniter.php(355): CodeIgniter\CodeIgniter->handleRequest(null, Object(Config\Cache), false)
 4 SYSTEMPATH\Boot.php(312): CodeIgniter\CodeIgniter->run()
 5 SYSTEMPATH\Boot.php(67): CodeIgniter\Boot::runCodeIgniter(Object(CodeIgniter\CodeIgniter))
 6 FCPATH\index.php(56): CodeIgniter\Boot::bootWeb(Object(Config\Paths))
 7 SYSTEMPATH\Commands\Server\rewrite.php(49): require_once('C:\\APK\\xampp-8.2\\htdocs\\SafeToTrip\\public\\index.php')
WARNING - 2024-06-21 22:38:43 --> [DEPRECATED] Creation of dynamic property App\Controllers\Home::$session is deprecated in APPPATH\Controllers\Home.php on line 13.
 1 APPPATH\Controllers\Transaksi.php(16): App\Controllers\Home->__construct()
 2 SYSTEMPATH\CodeIgniter.php(903): App\Controllers\Transaksi->__construct()
 3 SYSTEMPATH\CodeIgniter.php(500): CodeIgniter\CodeIgniter->createController()
 4 SYSTEMPATH\CodeIgniter.php(355): CodeIgniter\CodeIgniter->handleRequest(null, Object(Config\Cache), false)
 5 SYSTEMPATH\Boot.php(312): CodeIgniter\CodeIgniter->run()
 6 SYSTEMPATH\Boot.php(67): CodeIgniter\Boot::runCodeIgniter(Object(CodeIgniter\CodeIgniter))
 7 FCPATH\index.php(56): CodeIgniter\Boot::bootWeb(Object(Config\Paths))
 8 SYSTEMPATH\Commands\Server\rewrite.php(49): require_once('C:\\APK\\xampp-8.2\\htdocs\\SafeToTrip\\public\\index.php')
WARNING - 2024-06-21 22:38:43 --> [DEPRECATED] Creation of dynamic property App\Controllers\Home::$wisata is deprecated in APPPATH\Controllers\Home.php on line 14.
 1 APPPATH\Controllers\Transaksi.php(16): App\Controllers\Home->__construct()
 2 SYSTEMPATH\CodeIgniter.php(903): App\Controllers\Transaksi->__construct()
 3 SYSTEMPATH\CodeIgniter.php(500): CodeIgniter\CodeIgniter->createController()
 4 SYSTEMPATH\CodeIgniter.php(355): CodeIgniter\CodeIgniter->handleRequest(null, Object(Config\Cache), false)
 5 SYSTEMPATH\Boot.php(312): CodeIgniter\CodeIgniter->run()
 6 SYSTEMPATH\Boot.php(67): CodeIgniter\Boot::runCodeIgniter(Object(CodeIgniter\CodeIgniter))
 7 FCPATH\index.php(56): CodeIgniter\Boot::bootWeb(Object(Config\Paths))
 8 SYSTEMPATH\Commands\Server\rewrite.php(49): require_once('C:\\APK\\xampp-8.2\\htdocs\\SafeToTrip\\public\\index.php')
WARNING - 2024-06-21 22:38:43 --> [DEPRECATED] Creation of dynamic property App\Controllers\Home::$fasilitas is deprecated in APPPATH\Controllers\Home.php on line 15.
 1 APPPATH\Controllers\Transaksi.php(16): App\Controllers\Home->__construct()
 2 SYSTEMPATH\CodeIgniter.php(903): App\Controllers\Transaksi->__construct()
 3 SYSTEMPATH\CodeIgniter.php(500): CodeIgniter\CodeIgniter->createController()
 4 SYSTEMPATH\CodeIgniter.php(355): CodeIgniter\CodeIgniter->handleRequest(null, Object(Config\Cache), false)
 5 SYSTEMPATH\Boot.php(312): CodeIgniter\CodeIgniter->run()
 6 SYSTEMPATH\Boot.php(67): CodeIgniter\Boot::runCodeIgniter(Object(CodeIgniter\CodeIgniter))
 7 FCPATH\index.php(56): CodeIgniter\Boot::bootWeb(Object(Config\Paths))
 8 SYSTEMPATH\Commands\Server\rewrite.php(49): require_once('C:\\APK\\xampp-8.2\\htdocs\\SafeToTrip\\public\\index.php')
WARNING - 2024-06-21 22:38:43 --> [DEPRECATED] Creation of dynamic property App\Controllers\Home::$harga is deprecated in APPPATH\Controllers\Home.php on line 16.
 1 APPPATH\Controllers\Transaksi.php(16): App\Controllers\Home->__construct()
 2 SYSTEMPATH\CodeIgniter.php(903): App\Controllers\Transaksi->__construct()
 3 SYSTEMPATH\CodeIgniter.php(500): CodeIgniter\CodeIgniter->createController()
 4 SYSTEMPATH\CodeIgniter.php(355): CodeIgniter\CodeIgniter->handleRequest(null, Object(Config\Cache), false)
 5 SYSTEMPATH\Boot.php(312): CodeIgniter\CodeIgniter->run()
 6 SYSTEMPATH\Boot.php(67): CodeIgniter\Boot::runCodeIgniter(Object(CodeIgniter\CodeIgniter))
 7 FCPATH\index.php(56): CodeIgniter\Boot::bootWeb(Object(Config\Paths))
 8 SYSTEMPATH\Commands\Server\rewrite.php(49): require_once('C:\\APK\\xampp-8.2\\htdocs\\SafeToTrip\\public\\index.php')
WARNING - 2024-06-21 22:38:43 --> [DEPRECATED] Creation of dynamic property App\Controllers\Transaksi::$home is deprecated in APPPATH\Controllers\Transaksi.php on line 16.
 1 SYSTEMPATH\CodeIgniter.php(903): App\Controllers\Transaksi->__construct()
 2 SYSTEMPATH\CodeIgniter.php(500): CodeIgniter\CodeIgniter->createController()
 3 SYSTEMPATH\CodeIgniter.php(355): CodeIgniter\CodeIgniter->handleRequest(null, Object(Config\Cache), false)
 4 SYSTEMPATH\Boot.php(312): CodeIgniter\CodeIgniter->run()
 5 SYSTEMPATH\Boot.php(67): CodeIgniter\Boot::runCodeIgniter(Object(CodeIgniter\CodeIgniter))
 6 FCPATH\index.php(56): CodeIgniter\Boot::bootWeb(Object(Config\Paths))
 7 SYSTEMPATH\Commands\Server\rewrite.php(49): require_once('C:\\APK\\xampp-8.2\\htdocs\\SafeToTrip\\public\\index.php')
WARNING - 2024-06-21 22:38:43 --> [DEPRECATED] Creation of dynamic property App\Controllers\Transaksi::$wisata is deprecated in APPPATH\Controllers\Transaksi.php on line 17.
 1 SYSTEMPATH\CodeIgniter.php(903): App\Controllers\Transaksi->__construct()
 2 SYSTEMPATH\CodeIgniter.php(500): CodeIgniter\CodeIgniter->createController()
 3 SYSTEMPATH\CodeIgniter.php(355): CodeIgniter\CodeIgniter->handleRequest(null, Object(Config\Cache), false)
 4 SYSTEMPATH\Boot.php(312): CodeIgniter\CodeIgniter->run()
 5 SYSTEMPATH\Boot.php(67): CodeIgniter\Boot::runCodeIgniter(Object(CodeIgniter\CodeIgniter))
 6 FCPATH\index.php(56): CodeIgniter\Boot::bootWeb(Object(Config\Paths))
 7 SYSTEMPATH\Commands\Server\rewrite.php(49): require_once('C:\\APK\\xampp-8.2\\htdocs\\SafeToTrip\\public\\index.php')
WARNING - 2024-06-21 22:38:43 --> [DEPRECATED] Creation of dynamic property App\Controllers\Transaksi::$transaksi is deprecated in APPPATH\Controllers\Transaksi.php on line 18.
 1 SYSTEMPATH\CodeIgniter.php(903): App\Controllers\Transaksi->__construct()
 2 SYSTEMPATH\CodeIgniter.php(500): CodeIgniter\CodeIgniter->createController()
 3 SYSTEMPATH\CodeIgniter.php(355): CodeIgniter\CodeIgniter->handleRequest(null, Object(Config\Cache), false)
 4 SYSTEMPATH\Boot.php(312): CodeIgniter\CodeIgniter->run()
 5 SYSTEMPATH\Boot.php(67): CodeIgniter\Boot::runCodeIgniter(Object(CodeIgniter\CodeIgniter))
 6 FCPATH\index.php(56): CodeIgniter\Boot::bootWeb(Object(Config\Paths))
 7 SYSTEMPATH\Commands\Server\rewrite.php(49): require_once('C:\\APK\\xampp-8.2\\htdocs\\SafeToTrip\\public\\index.php')
WARNING - 2024-06-21 22:38:43 --> [DEPRECATED] Creation of dynamic property App\Controllers\Transaksi::$detail is deprecated in APPPATH\Controllers\Transaksi.php on line 19.
 1 SYSTEMPATH\CodeIgniter.php(903): App\Controllers\Transaksi->__construct()
 2 SYSTEMPATH\CodeIgniter.php(500): CodeIgniter\CodeIgniter->createController()
 3 SYSTEMPATH\CodeIgniter.php(355): CodeIgniter\CodeIgniter->handleRequest(null, Object(Config\Cache), false)
 4 SYSTEMPATH\Boot.php(312): CodeIgniter\CodeIgniter->run()
 5 SYSTEMPATH\Boot.php(67): CodeIgniter\Boot::runCodeIgniter(Object(CodeIgniter\CodeIgniter))
 6 FCPATH\index.php(56): CodeIgniter\Boot::bootWeb(Object(Config\Paths))
 7 SYSTEMPATH\Commands\Server\rewrite.php(49): require_once('C:\\APK\\xampp-8.2\\htdocs\\SafeToTrip\\public\\index.php')
ERROR - 2024-06-21 22:38:43 --> mysqli_sql_exception: Unknown column 'user.id_wisatawan' in 'on clause' in C:\APK\xampp-8.2\htdocs\SafeToTrip\system\Database\MySQLi\Connection.php:308
Stack trace:
#0 C:\APK\xampp-8.2\htdocs\SafeToTrip\system\Database\MySQLi\Connection.php(308): mysqli->query('SELECT `transak...', 0)
#1 C:\APK\xampp-8.2\htdocs\SafeToTrip\system\Database\BaseConnection.php(722): CodeIgniter\Database\MySQLi\Connection->execute('SELECT `transak...')
#2 C:\APK\xampp-8.2\htdocs\SafeToTrip\system\Database\BaseConnection.php(636): CodeIgniter\Database\BaseConnection->simpleQuery('SELECT `transak...')
#3 C:\APK\xampp-8.2\htdocs\SafeToTrip\system\Database\BaseBuilder.php(1629): CodeIgniter\Database\BaseConnection->query('SELECT `transak...', Array, false)
#4 C:\APK\xampp-8.2\htdocs\SafeToTrip\system\Model.php(919): CodeIgniter\Database\BaseBuilder->get()
#5 C:\APK\xampp-8.2\htdocs\SafeToTrip\app\Models\TransaksiModel.php(39): CodeIgniter\Model->__call('get', Array)
#6 C:\APK\xampp-8.2\htdocs\SafeToTrip\app\Controllers\Transaksi.php(61): App\Models\TransaksiModel->getTransaksiById('TRX171871520806...')
#7 C:\APK\xampp-8.2\htdocs\SafeToTrip\system\CodeIgniter.php(933): App\Controllers\Transaksi->detail('TRX171871520806...')
#8 C:\APK\xampp-8.2\htdocs\SafeToTrip\system\CodeIgniter.php(509): CodeIgniter\CodeIgniter->runController(Object(App\Controllers\Transaksi))
#9 C:\APK\xampp-8.2\htdocs\SafeToTrip\system\CodeIgniter.php(355): CodeIgniter\CodeIgniter->handleRequest(NULL, Object(Config\Cache), false)
#10 C:\APK\xampp-8.2\htdocs\SafeToTrip\system\Boot.php(312): CodeIgniter\CodeIgniter->run()
#11 C:\APK\xampp-8.2\htdocs\SafeToTrip\system\Boot.php(67): CodeIgniter\Boot::runCodeIgniter(Object(CodeIgniter\CodeIgniter))
#12 C:\APK\xampp-8.2\htdocs\SafeToTrip\public\index.php(56): CodeIgniter\Boot::bootWeb(Object(Config\Paths))
#13 C:\APK\xampp-8.2\htdocs\SafeToTrip\system\Commands\Server\rewrite.php(49): require_once('C:\\APK\\xampp-8....')
#14 {main}
CRITICAL - 2024-06-21 22:38:43 --> CodeIgniter\Database\Exceptions\DatabaseException: Unknown column 'user.id_wisatawan' in 'on clause'
[Method: GET, Route: getDetail/TRX17187152080612]
in SYSTEMPATH\Database\BaseConnection.php on line 676.
 1 SYSTEMPATH\Database\BaseBuilder.php(1629): CodeIgniter\Database\BaseConnection->query('SELECT `transaksi`.*, `nama`, `no_hp`, `email`, `nama_wisata`
FROM `transaksi`
JOIN `wisata` ON `wisata`.`id_wisata` = `transaksi`.`id_wisata`
JOIN `user` ON `user`.`id_wisatawan` = `user`.`id_user`
WHERE `id_transaksi` = :id_transaksi:', [...], false)
 2 SYSTEMPATH\Model.php(919): CodeIgniter\Database\BaseBuilder->get()
 3 APPPATH\Models\TransaksiModel.php(39): CodeIgniter\Model->__call('get', [])
 4 APPPATH\Controllers\Transaksi.php(61): App\Models\TransaksiModel->getTransaksiById('TRX17187152080612')
 5 SYSTEMPATH\CodeIgniter.php(933): App\Controllers\Transaksi->detail('TRX17187152080612')
 6 SYSTEMPATH\CodeIgniter.php(509): CodeIgniter\CodeIgniter->runController(Object(App\Controllers\Transaksi))
 7 SYSTEMPATH\CodeIgniter.php(355): CodeIgniter\CodeIgniter->handleRequest(null, Object(Config\Cache), false)
 8 SYSTEMPATH\Boot.php(312): CodeIgniter\CodeIgniter->run()
 9 SYSTEMPATH\Boot.php(67): CodeIgniter\Boot::runCodeIgniter(Object(CodeIgniter\CodeIgniter))
10 FCPATH\index.php(56): CodeIgniter\Boot::bootWeb(Object(Config\Paths))
11 SYSTEMPATH\Commands\Server\rewrite.php(49): require_once('C:\\APK\\xampp-8.2\\htdocs\\SafeToTrip\\public\\index.php')
CRITICAL - 2024-06-21 22:38:43 --> [Caused by] CodeIgniter\Database\Exceptions\DatabaseException: Unknown column 'user.id_wisatawan' in 'on clause'
in SYSTEMPATH\Database\MySQLi\Connection.php on line 313.
 1 SYSTEMPATH\Database\BaseConnection.php(722): CodeIgniter\Database\MySQLi\Connection->execute('SELECT `transaksi`.*, `nama`, `no_hp`, `email`, `nama_wisata`
FROM `transaksi`
JOIN `wisata` ON `wisata`.`id_wisata` = `transaksi`.`id_wisata`
JOIN `user` ON `user`.`id_wisatawan` = `user`.`id_user`
WHERE `id_transaksi` = \'TRX17187152080612\'')
 2 SYSTEMPATH\Database\BaseConnection.php(636): CodeIgniter\Database\BaseConnection->simpleQuery('SELECT `transaksi`.*, `nama`, `no_hp`, `email`, `nama_wisata`
FROM `transaksi`
JOIN `wisata` ON `wisata`.`id_wisata` = `transaksi`.`id_wisata`
JOIN `user` ON `user`.`id_wisatawan` = `user`.`id_user`
WHERE `id_transaksi` = \'TRX17187152080612\'')
 3 SYSTEMPATH\Database\BaseBuilder.php(1629): CodeIgniter\Database\BaseConnection->query('SELECT `transaksi`.*, `nama`, `no_hp`, `email`, `nama_wisata`
FROM `transaksi`
JOIN `wisata` ON `wisata`.`id_wisata` = `transaksi`.`id_wisata`
JOIN `user` ON `user`.`id_wisatawan` = `user`.`id_user`
WHERE `id_transaksi` = :id_transaksi:', [...], false)
 4 SYSTEMPATH\Model.php(919): CodeIgniter\Database\BaseBuilder->get()
 5 APPPATH\Models\TransaksiModel.php(39): CodeIgniter\Model->__call('get', [])
 6 APPPATH\Controllers\Transaksi.php(61): App\Models\TransaksiModel->getTransaksiById('TRX17187152080612')
 7 SYSTEMPATH\CodeIgniter.php(933): App\Controllers\Transaksi->detail('TRX17187152080612')
 8 SYSTEMPATH\CodeIgniter.php(509): CodeIgniter\CodeIgniter->runController(Object(App\Controllers\Transaksi))
 9 SYSTEMPATH\CodeIgniter.php(355): CodeIgniter\CodeIgniter->handleRequest(null, Object(Config\Cache), false)
10 SYSTEMPATH\Boot.php(312): CodeIgniter\CodeIgniter->run()
11 SYSTEMPATH\Boot.php(67): CodeIgniter\Boot::runCodeIgniter(Object(CodeIgniter\CodeIgniter))
12 FCPATH\index.php(56): CodeIgniter\Boot::bootWeb(Object(Config\Paths))
13 SYSTEMPATH\Commands\Server\rewrite.php(49): require_once('C:\\APK\\xampp-8.2\\htdocs\\SafeToTrip\\public\\index.php')
CRITICAL - 2024-06-21 22:38:43 --> [Caused by] mysqli_sql_exception: Unknown column 'user.id_wisatawan' in 'on clause'
in SYSTEMPATH\Database\MySQLi\Connection.php on line 308.
 1 SYSTEMPATH\Database\MySQLi\Connection.php(308): mysqli->query('SELECT `transaksi`.*, `nama`, `no_hp`, `email`, `nama_wisata`
FROM `transaksi`
JOIN `wisata` ON `wisata`.`id_wisata` = `transaksi`.`id_wisata`
JOIN `user` ON `user`.`id_wisatawan` = `user`.`id_user`
WHERE `id_transaksi` = \'TRX17187152080612\'', 0)
 2 SYSTEMPATH\Database\BaseConnection.php(722): CodeIgniter\Database\MySQLi\Connection->execute('SELECT `transaksi`.*, `nama`, `no_hp`, `email`, `nama_wisata`
FROM `transaksi`
JOIN `wisata` ON `wisata`.`id_wisata` = `transaksi`.`id_wisata`
JOIN `user` ON `user`.`id_wisatawan` = `user`.`id_user`
WHERE `id_transaksi` = \'TRX17187152080612\'')
 3 SYSTEMPATH\Database\BaseConnection.php(636): CodeIgniter\Database\BaseConnection->simpleQuery('SELECT `transaksi`.*, `nama`, `no_hp`, `email`, `nama_wisata`
FROM `transaksi`
JOIN `wisata` ON `wisata`.`id_wisata` = `transaksi`.`id_wisata`
JOIN `user` ON `user`.`id_wisatawan` = `user`.`id_user`
WHERE `id_transaksi` = \'TRX17187152080612\'')
 4 SYSTEMPATH\Database\BaseBuilder.php(1629): CodeIgniter\Database\BaseConnection->query('SELECT `transaksi`.*, `nama`, `no_hp`, `email`, `nama_wisata`
FROM `transaksi`
JOIN `wisata` ON `wisata`.`id_wisata` = `transaksi`.`id_wisata`
JOIN `user` ON `user`.`id_wisatawan` = `user`.`id_user`
WHERE `id_transaksi` = :id_transaksi:', [...], false)
 5 SYSTEMPATH\Model.php(919): CodeIgniter\Database\BaseBuilder->get()
 6 APPPATH\Models\TransaksiModel.php(39): CodeIgniter\Model->__call('get', [])
 7 APPPATH\Controllers\Transaksi.php(61): App\Models\TransaksiModel->getTransaksiById('TRX17187152080612')
 8 SYSTEMPATH\CodeIgniter.php(933): App\Controllers\Transaksi->detail('TRX17187152080612')
 9 SYSTEMPATH\CodeIgniter.php(509): CodeIgniter\CodeIgniter->runController(Object(App\Controllers\Transaksi))
10 SYSTEMPATH\CodeIgniter.php(355): CodeIgniter\CodeIgniter->handleRequest(null, Object(Config\Cache), false)
11 SYSTEMPATH\Boot.php(312): CodeIgniter\CodeIgniter->run()
12 SYSTEMPATH\Boot.php(67): CodeIgniter\Boot::runCodeIgniter(Object(CodeIgniter\CodeIgniter))
13 FCPATH\index.php(56): CodeIgniter\Boot::bootWeb(Object(Config\Paths))
14 SYSTEMPATH\Commands\Server\rewrite.php(49): require_once('C:\\APK\\xampp-8.2\\htdocs\\SafeToTrip\\public\\index.php')
INFO - 2024-06-21 22:38:55 --> Session: Class initialized using 'CodeIgniter\Session\Handlers\FileHandler' driver.
WARNING - 2024-06-21 22:38:55 --> [DEPRECATED] Creation of dynamic property App\Controllers\Transaksi::$session is deprecated in APPPATH\Controllers\Transaksi.php on line 15.
 1 SYSTEMPATH\CodeIgniter.php(903): App\Controllers\Transaksi->__construct()
 2 SYSTEMPATH\CodeIgniter.php(500): CodeIgniter\CodeIgniter->createController()
 3 SYSTEMPATH\CodeIgniter.php(355): CodeIgniter\CodeIgniter->handleRequest(null, Object(Config\Cache), false)
 4 SYSTEMPATH\Boot.php(312): CodeIgniter\CodeIgniter->run()
 5 SYSTEMPATH\Boot.php(67): CodeIgniter\Boot::runCodeIgniter(Object(CodeIgniter\CodeIgniter))
 6 FCPATH\index.php(56): CodeIgniter\Boot::bootWeb(Object(Config\Paths))
 7 SYSTEMPATH\Commands\Server\rewrite.php(49): require_once('C:\\APK\\xampp-8.2\\htdocs\\SafeToTrip\\public\\index.php')
WARNING - 2024-06-21 22:38:55 --> [DEPRECATED] Creation of dynamic property App\Controllers\Home::$session is deprecated in APPPATH\Controllers\Home.php on line 13.
 1 APPPATH\Controllers\Transaksi.php(16): App\Controllers\Home->__construct()
 2 SYSTEMPATH\CodeIgniter.php(903): App\Controllers\Transaksi->__construct()
 3 SYSTEMPATH\CodeIgniter.php(500): CodeIgniter\CodeIgniter->createController()
 4 SYSTEMPATH\CodeIgniter.php(355): CodeIgniter\CodeIgniter->handleRequest(null, Object(Config\Cache), false)
 5 SYSTEMPATH\Boot.php(312): CodeIgniter\CodeIgniter->run()
 6 SYSTEMPATH\Boot.php(67): CodeIgniter\Boot::runCodeIgniter(Object(CodeIgniter\CodeIgniter))
 7 FCPATH\index.php(56): CodeIgniter\Boot::bootWeb(Object(Config\Paths))
 8 SYSTEMPATH\Commands\Server\rewrite.php(49): require_once('C:\\APK\\xampp-8.2\\htdocs\\SafeToTrip\\public\\index.php')
WARNING - 2024-06-21 22:38:55 --> [DEPRECATED] Creation of dynamic property App\Controllers\Home::$wisata is deprecated in APPPATH\Controllers\Home.php on line 14.
 1 APPPATH\Controllers\Transaksi.php(16): App\Controllers\Home->__construct()
 2 SYSTEMPATH\CodeIgniter.php(903): App\Controllers\Transaksi->__construct()
 3 SYSTEMPATH\CodeIgniter.php(500): CodeIgniter\CodeIgniter->createController()
 4 SYSTEMPATH\CodeIgniter.php(355): CodeIgniter\CodeIgniter->handleRequest(null, Object(Config\Cache), false)
 5 SYSTEMPATH\Boot.php(312): CodeIgniter\CodeIgniter->run()
 6 SYSTEMPATH\Boot.php(67): CodeIgniter\Boot::runCodeIgniter(Object(CodeIgniter\CodeIgniter))
 7 FCPATH\index.php(56): CodeIgniter\Boot::bootWeb(Object(Config\Paths))
 8 SYSTEMPATH\Commands\Server\rewrite.php(49): require_once('C:\\APK\\xampp-8.2\\htdocs\\SafeToTrip\\public\\index.php')
WARNING - 2024-06-21 22:38:55 --> [DEPRECATED] Creation of dynamic property App\Controllers\Home::$fasilitas is deprecated in APPPATH\Controllers\Home.php on line 15.
 1 APPPATH\Controllers\Transaksi.php(16): App\Controllers\Home->__construct()
 2 SYSTEMPATH\CodeIgniter.php(903): App\Controllers\Transaksi->__construct()
 3 SYSTEMPATH\CodeIgniter.php(500): CodeIgniter\CodeIgniter->createController()
 4 SYSTEMPATH\CodeIgniter.php(355): CodeIgniter\CodeIgniter->handleRequest(null, Object(Config\Cache), false)
 5 SYSTEMPATH\Boot.php(312): CodeIgniter\CodeIgniter->run()
 6 SYSTEMPATH\Boot.php(67): CodeIgniter\Boot::runCodeIgniter(Object(CodeIgniter\CodeIgniter))
 7 FCPATH\index.php(56): CodeIgniter\Boot::bootWeb(Object(Config\Paths))
 8 SYSTEMPATH\Commands\Server\rewrite.php(49): require_once('C:\\APK\\xampp-8.2\\htdocs\\SafeToTrip\\public\\index.php')
WARNING - 2024-06-21 22:38:55 --> [DEPRECATED] Creation of dynamic property App\Controllers\Home::$harga is deprecated in APPPATH\Controllers\Home.php on line 16.
 1 APPPATH\Controllers\Transaksi.php(16): App\Controllers\Home->__construct()
 2 SYSTEMPATH\CodeIgniter.php(903): App\Controllers\Transaksi->__construct()
 3 SYSTEMPATH\CodeIgniter.php(500): CodeIgniter\CodeIgniter->createController()
 4 SYSTEMPATH\CodeIgniter.php(355): CodeIgniter\CodeIgniter->handleRequest(null, Object(Config\Cache), false)
 5 SYSTEMPATH\Boot.php(312): CodeIgniter\CodeIgniter->run()
 6 SYSTEMPATH\Boot.php(67): CodeIgniter\Boot::runCodeIgniter(Object(CodeIgniter\CodeIgniter))
 7 FCPATH\index.php(56): CodeIgniter\Boot::bootWeb(Object(Config\Paths))
 8 SYSTEMPATH\Commands\Server\rewrite.php(49): require_once('C:\\APK\\xampp-8.2\\htdocs\\SafeToTrip\\public\\index.php')
WARNING - 2024-06-21 22:38:55 --> [DEPRECATED] Creation of dynamic property App\Controllers\Transaksi::$home is deprecated in APPPATH\Controllers\Transaksi.php on line 16.
 1 SYSTEMPATH\CodeIgniter.php(903): App\Controllers\Transaksi->__construct()
 2 SYSTEMPATH\CodeIgniter.php(500): CodeIgniter\CodeIgniter->createController()
 3 SYSTEMPATH\CodeIgniter.php(355): CodeIgniter\CodeIgniter->handleRequest(null, Object(Config\Cache), false)
 4 SYSTEMPATH\Boot.php(312): CodeIgniter\CodeIgniter->run()
 5 SYSTEMPATH\Boot.php(67): CodeIgniter\Boot::runCodeIgniter(Object(CodeIgniter\CodeIgniter))
 6 FCPATH\index.php(56): CodeIgniter\Boot::bootWeb(Object(Config\Paths))
 7 SYSTEMPATH\Commands\Server\rewrite.php(49): require_once('C:\\APK\\xampp-8.2\\htdocs\\SafeToTrip\\public\\index.php')
WARNING - 2024-06-21 22:38:55 --> [DEPRECATED] Creation of dynamic property App\Controllers\Transaksi::$wisata is deprecated in APPPATH\Controllers\Transaksi.php on line 17.
 1 SYSTEMPATH\CodeIgniter.php(903): App\Controllers\Transaksi->__construct()
 2 SYSTEMPATH\CodeIgniter.php(500): CodeIgniter\CodeIgniter->createController()
 3 SYSTEMPATH\CodeIgniter.php(355): CodeIgniter\CodeIgniter->handleRequest(null, Object(Config\Cache), false)
 4 SYSTEMPATH\Boot.php(312): CodeIgniter\CodeIgniter->run()
 5 SYSTEMPATH\Boot.php(67): CodeIgniter\Boot::runCodeIgniter(Object(CodeIgniter\CodeIgniter))
 6 FCPATH\index.php(56): CodeIgniter\Boot::bootWeb(Object(Config\Paths))
 7 SYSTEMPATH\Commands\Server\rewrite.php(49): require_once('C:\\APK\\xampp-8.2\\htdocs\\SafeToTrip\\public\\index.php')
WARNING - 2024-06-21 22:38:55 --> [DEPRECATED] Creation of dynamic property App\Controllers\Transaksi::$transaksi is deprecated in APPPATH\Controllers\Transaksi.php on line 18.
 1 SYSTEMPATH\CodeIgniter.php(903): App\Controllers\Transaksi->__construct()
 2 SYSTEMPATH\CodeIgniter.php(500): CodeIgniter\CodeIgniter->createController()
 3 SYSTEMPATH\CodeIgniter.php(355): CodeIgniter\CodeIgniter->handleRequest(null, Object(Config\Cache), false)
 4 SYSTEMPATH\Boot.php(312): CodeIgniter\CodeIgniter->run()
 5 SYSTEMPATH\Boot.php(67): CodeIgniter\Boot::runCodeIgniter(Object(CodeIgniter\CodeIgniter))
 6 FCPATH\index.php(56): CodeIgniter\Boot::bootWeb(Object(Config\Paths))
 7 SYSTEMPATH\Commands\Server\rewrite.php(49): require_once('C:\\APK\\xampp-8.2\\htdocs\\SafeToTrip\\public\\index.php')
WARNING - 2024-06-21 22:38:55 --> [DEPRECATED] Creation of dynamic property App\Controllers\Transaksi::$detail is deprecated in APPPATH\Controllers\Transaksi.php on line 19.
 1 SYSTEMPATH\CodeIgniter.php(903): App\Controllers\Transaksi->__construct()
 2 SYSTEMPATH\CodeIgniter.php(500): CodeIgniter\CodeIgniter->createController()
 3 SYSTEMPATH\CodeIgniter.php(355): CodeIgniter\CodeIgniter->handleRequest(null, Object(Config\Cache), false)
 4 SYSTEMPATH\Boot.php(312): CodeIgniter\CodeIgniter->run()
 5 SYSTEMPATH\Boot.php(67): CodeIgniter\Boot::runCodeIgniter(Object(CodeIgniter\CodeIgniter))
 6 FCPATH\index.php(56): CodeIgniter\Boot::bootWeb(Object(Config\Paths))
 7 SYSTEMPATH\Commands\Server\rewrite.php(49): require_once('C:\\APK\\xampp-8.2\\htdocs\\SafeToTrip\\public\\index.php')
ERROR - 2024-06-21 22:38:55 --> mysqli_sql_exception: Table 'safetotrip.harga' doesn't exist in C:\APK\xampp-8.2\htdocs\SafeToTrip\system\Database\MySQLi\Connection.php:308
Stack trace:
#0 C:\APK\xampp-8.2\htdocs\SafeToTrip\system\Database\MySQLi\Connection.php(308): mysqli->query('SELECT `detail`...', 0)
#1 C:\APK\xampp-8.2\htdocs\SafeToTrip\system\Database\BaseConnection.php(722): CodeIgniter\Database\MySQLi\Connection->execute('SELECT `detail`...')
#2 C:\APK\xampp-8.2\htdocs\SafeToTrip\system\Database\BaseConnection.php(636): CodeIgniter\Database\BaseConnection->simpleQuery('SELECT `detail`...')
#3 C:\APK\xampp-8.2\htdocs\SafeToTrip\system\Database\BaseBuilder.php(1629): CodeIgniter\Database\BaseConnection->query('SELECT `detail`...', Array, false)
#4 C:\APK\xampp-8.2\htdocs\SafeToTrip\system\Model.php(275): CodeIgniter\Database\BaseBuilder->get()
#5 C:\APK\xampp-8.2\htdocs\SafeToTrip\system\BaseModel.php(676): CodeIgniter\Model->doFindAll(0, 0)
#6 C:\APK\xampp-8.2\htdocs\SafeToTrip\app\Models\DetailTransaksiModel.php(23): CodeIgniter\BaseModel->findAll()
#7 C:\APK\xampp-8.2\htdocs\SafeToTrip\app\Controllers\Transaksi.php(62): App\Models\DetailTransaksiModel->getDetail('TRX171871520806...')
#8 C:\APK\xampp-8.2\htdocs\SafeToTrip\system\CodeIgniter.php(933): App\Controllers\Transaksi->detail('TRX171871520806...')
#9 C:\APK\xampp-8.2\htdocs\SafeToTrip\system\CodeIgniter.php(509): CodeIgniter\CodeIgniter->runController(Object(App\Controllers\Transaksi))
#10 C:\APK\xampp-8.2\htdocs\SafeToTrip\system\CodeIgniter.php(355): CodeIgniter\CodeIgniter->handleRequest(NULL, Object(Config\Cache), false)
#11 C:\APK\xampp-8.2\htdocs\SafeToTrip\system\Boot.php(312): CodeIgniter\CodeIgniter->run()
#12 C:\APK\xampp-8.2\htdocs\SafeToTrip\system\Boot.php(67): CodeIgniter\Boot::runCodeIgniter(Object(CodeIgniter\CodeIgniter))
#13 C:\APK\xampp-8.2\htdocs\SafeToTrip\public\index.php(56): CodeIgniter\Boot::bootWeb(Object(Config\Paths))
#14 C:\APK\xampp-8.2\htdocs\SafeToTrip\system\Commands\Server\rewrite.php(49): require_once('C:\\APK\\xampp-8....')
#15 {main}
CRITICAL - 2024-06-21 22:38:55 --> CodeIgniter\Database\Exceptions\DatabaseException: Table 'safetotrip.harga' doesn't exist
[Method: GET, Route: getDetail/TRX17187152080612]
in SYSTEMPATH\Database\BaseConnection.php on line 676.
 1 SYSTEMPATH\Database\BaseBuilder.php(1629): CodeIgniter\Database\BaseConnection->query('SELECT `detail`.`jumlah_tiket*`, `harga`
FROM `detail_transaksi`
JOIN `harga` ON `harga`.`id_harga` = `detail_transaksi`.`id_harga`
WHERE `id_transaksi` = :id_transaksi:', [...], false)
 2 SYSTEMPATH\Model.php(275): CodeIgniter\Database\BaseBuilder->get()
 3 SYSTEMPATH\BaseModel.php(676): CodeIgniter\Model->doFindAll(0, 0)
 4 APPPATH\Models\DetailTransaksiModel.php(23): CodeIgniter\BaseModel->findAll()
 5 APPPATH\Controllers\Transaksi.php(62): App\Models\DetailTransaksiModel->getDetail('TRX17187152080612')
 6 SYSTEMPATH\CodeIgniter.php(933): App\Controllers\Transaksi->detail('TRX17187152080612')
 7 SYSTEMPATH\CodeIgniter.php(509): CodeIgniter\CodeIgniter->runController(Object(App\Controllers\Transaksi))
 8 SYSTEMPATH\CodeIgniter.php(355): CodeIgniter\CodeIgniter->handleRequest(null, Object(Config\Cache), false)
 9 SYSTEMPATH\Boot.php(312): CodeIgniter\CodeIgniter->run()
10 SYSTEMPATH\Boot.php(67): CodeIgniter\Boot::runCodeIgniter(Object(CodeIgniter\CodeIgniter))
11 FCPATH\index.php(56): CodeIgniter\Boot::bootWeb(Object(Config\Paths))
12 SYSTEMPATH\Commands\Server\rewrite.php(49): require_once('C:\\APK\\xampp-8.2\\htdocs\\SafeToTrip\\public\\index.php')
CRITICAL - 2024-06-21 22:38:55 --> [Caused by] CodeIgniter\Database\Exceptions\DatabaseException: Table 'safetotrip.harga' doesn't exist
in SYSTEMPATH\Database\MySQLi\Connection.php on line 313.
 1 SYSTEMPATH\Database\BaseConnection.php(722): CodeIgniter\Database\MySQLi\Connection->execute('SELECT `detail`.`jumlah_tiket*`, `harga`
FROM `detail_transaksi`
JOIN `harga` ON `harga`.`id_harga` = `detail_transaksi`.`id_harga`
WHERE `id_transaksi` = \'TRX17187152080612\'')
 2 SYSTEMPATH\Database\BaseConnection.php(636): CodeIgniter\Database\BaseConnection->simpleQuery('SELECT `detail`.`jumlah_tiket*`, `harga`
FROM `detail_transaksi`
JOIN `harga` ON `harga`.`id_harga` = `detail_transaksi`.`id_harga`
WHERE `id_transaksi` = \'TRX17187152080612\'')
 3 SYSTEMPATH\Database\BaseBuilder.php(1629): CodeIgniter\Database\BaseConnection->query('SELECT `detail`.`jumlah_tiket*`, `harga`
FROM `detail_transaksi`
JOIN `harga` ON `harga`.`id_harga` = `detail_transaksi`.`id_harga`
WHERE `id_transaksi` = :id_transaksi:', [...], false)
 4 SYSTEMPATH\Model.php(275): CodeIgniter\Database\BaseBuilder->get()
 5 SYSTEMPATH\BaseModel.php(676): CodeIgniter\Model->doFindAll(0, 0)
 6 APPPATH\Models\DetailTransaksiModel.php(23): CodeIgniter\BaseModel->findAll()
 7 APPPATH\Controllers\Transaksi.php(62): App\Models\DetailTransaksiModel->getDetail('TRX17187152080612')
 8 SYSTEMPATH\CodeIgniter.php(933): App\Controllers\Transaksi->detail('TRX17187152080612')
 9 SYSTEMPATH\CodeIgniter.php(509): CodeIgniter\CodeIgniter->runController(Object(App\Controllers\Transaksi))
10 SYSTEMPATH\CodeIgniter.php(355): CodeIgniter\CodeIgniter->handleRequest(null, Object(Config\Cache), false)
11 SYSTEMPATH\Boot.php(312): CodeIgniter\CodeIgniter->run()
12 SYSTEMPATH\Boot.php(67): CodeIgniter\Boot::runCodeIgniter(Object(CodeIgniter\CodeIgniter))
13 FCPATH\index.php(56): CodeIgniter\Boot::bootWeb(Object(Config\Paths))
14 SYSTEMPATH\Commands\Server\rewrite.php(49): require_once('C:\\APK\\xampp-8.2\\htdocs\\SafeToTrip\\public\\index.php')
CRITICAL - 2024-06-21 22:38:55 --> [Caused by] mysqli_sql_exception: Table 'safetotrip.harga' doesn't exist
in SYSTEMPATH\Database\MySQLi\Connection.php on line 308.
 1 SYSTEMPATH\Database\MySQLi\Connection.php(308): mysqli->query('SELECT `detail`.`jumlah_tiket*`, `harga`
FROM `detail_transaksi`
JOIN `harga` ON `harga`.`id_harga` = `detail_transaksi`.`id_harga`
WHERE `id_transaksi` = \'TRX17187152080612\'', 0)
 2 SYSTEMPATH\Database\BaseConnection.php(722): CodeIgniter\Database\MySQLi\Connection->execute('SELECT `detail`.`jumlah_tiket*`, `harga`
FROM `detail_transaksi`
JOIN `harga` ON `harga`.`id_harga` = `detail_transaksi`.`id_harga`
WHERE `id_transaksi` = \'TRX17187152080612\'')
 3 SYSTEMPATH\Database\BaseConnection.php(636): CodeIgniter\Database\BaseConnection->simpleQuery('SELECT `detail`.`jumlah_tiket*`, `harga`
FROM `detail_transaksi`
JOIN `harga` ON `harga`.`id_harga` = `detail_transaksi`.`id_harga`
WHERE `id_transaksi` = \'TRX17187152080612\'')
 4 SYSTEMPATH\Database\BaseBuilder.php(1629): CodeIgniter\Database\BaseConnection->query('SELECT `detail`.`jumlah_tiket*`, `harga`
FROM `detail_transaksi`
JOIN `harga` ON `harga`.`id_harga` = `detail_transaksi`.`id_harga`
WHERE `id_transaksi` = :id_transaksi:', [...], false)
 5 SYSTEMPATH\Model.php(275): CodeIgniter\Database\BaseBuilder->get()
 6 SYSTEMPATH\BaseModel.php(676): CodeIgniter\Model->doFindAll(0, 0)
 7 APPPATH\Models\DetailTransaksiModel.php(23): CodeIgniter\BaseModel->findAll()
 8 APPPATH\Controllers\Transaksi.php(62): App\Models\DetailTransaksiModel->getDetail('TRX17187152080612')
 9 SYSTEMPATH\CodeIgniter.php(933): App\Controllers\Transaksi->detail('TRX17187152080612')
10 SYSTEMPATH\CodeIgniter.php(509): CodeIgniter\CodeIgniter->runController(Object(App\Controllers\Transaksi))
11 SYSTEMPATH\CodeIgniter.php(355): CodeIgniter\CodeIgniter->handleRequest(null, Object(Config\Cache), false)
12 SYSTEMPATH\Boot.php(312): CodeIgniter\CodeIgniter->run()
13 SYSTEMPATH\Boot.php(67): CodeIgniter\Boot::runCodeIgniter(Object(CodeIgniter\CodeIgniter))
14 FCPATH\index.php(56): CodeIgniter\Boot::bootWeb(Object(Config\Paths))
15 SYSTEMPATH\Commands\Server\rewrite.php(49): require_once('C:\\APK\\xampp-8.2\\htdocs\\SafeToTrip\\public\\index.php')
INFO - 2024-06-21 22:39:23 --> Session: Class initialized using 'CodeIgniter\Session\Handlers\FileHandler' driver.
WARNING - 2024-06-21 22:39:23 --> [DEPRECATED] Creation of dynamic property App\Controllers\Transaksi::$session is deprecated in APPPATH\Controllers\Transaksi.php on line 15.
 1 SYSTEMPATH\CodeIgniter.php(903): App\Controllers\Transaksi->__construct()
 2 SYSTEMPATH\CodeIgniter.php(500): CodeIgniter\CodeIgniter->createController()
 3 SYSTEMPATH\CodeIgniter.php(355): CodeIgniter\CodeIgniter->handleRequest(null, Object(Config\Cache), false)
 4 SYSTEMPATH\Boot.php(312): CodeIgniter\CodeIgniter->run()
 5 SYSTEMPATH\Boot.php(67): CodeIgniter\Boot::runCodeIgniter(Object(CodeIgniter\CodeIgniter))
 6 FCPATH\index.php(56): CodeIgniter\Boot::bootWeb(Object(Config\Paths))
 7 SYSTEMPATH\Commands\Server\rewrite.php(49): require_once('C:\\APK\\xampp-8.2\\htdocs\\SafeToTrip\\public\\index.php')
WARNING - 2024-06-21 22:39:23 --> [DEPRECATED] Creation of dynamic property App\Controllers\Home::$session is deprecated in APPPATH\Controllers\Home.php on line 13.
 1 APPPATH\Controllers\Transaksi.php(16): App\Controllers\Home->__construct()
 2 SYSTEMPATH\CodeIgniter.php(903): App\Controllers\Transaksi->__construct()
 3 SYSTEMPATH\CodeIgniter.php(500): CodeIgniter\CodeIgniter->createController()
 4 SYSTEMPATH\CodeIgniter.php(355): CodeIgniter\CodeIgniter->handleRequest(null, Object(Config\Cache), false)
 5 SYSTEMPATH\Boot.php(312): CodeIgniter\CodeIgniter->run()
 6 SYSTEMPATH\Boot.php(67): CodeIgniter\Boot::runCodeIgniter(Object(CodeIgniter\CodeIgniter))
 7 FCPATH\index.php(56): CodeIgniter\Boot::bootWeb(Object(Config\Paths))
 8 SYSTEMPATH\Commands\Server\rewrite.php(49): require_once('C:\\APK\\xampp-8.2\\htdocs\\SafeToTrip\\public\\index.php')
WARNING - 2024-06-21 22:39:23 --> [DEPRECATED] Creation of dynamic property App\Controllers\Home::$wisata is deprecated in APPPATH\Controllers\Home.php on line 14.
 1 APPPATH\Controllers\Transaksi.php(16): App\Controllers\Home->__construct()
 2 SYSTEMPATH\CodeIgniter.php(903): App\Controllers\Transaksi->__construct()
 3 SYSTEMPATH\CodeIgniter.php(500): CodeIgniter\CodeIgniter->createController()
 4 SYSTEMPATH\CodeIgniter.php(355): CodeIgniter\CodeIgniter->handleRequest(null, Object(Config\Cache), false)
 5 SYSTEMPATH\Boot.php(312): CodeIgniter\CodeIgniter->run()
 6 SYSTEMPATH\Boot.php(67): CodeIgniter\Boot::runCodeIgniter(Object(CodeIgniter\CodeIgniter))
 7 FCPATH\index.php(56): CodeIgniter\Boot::bootWeb(Object(Config\Paths))
 8 SYSTEMPATH\Commands\Server\rewrite.php(49): require_once('C:\\APK\\xampp-8.2\\htdocs\\SafeToTrip\\public\\index.php')
WARNING - 2024-06-21 22:39:23 --> [DEPRECATED] Creation of dynamic property App\Controllers\Home::$fasilitas is deprecated in APPPATH\Controllers\Home.php on line 15.
 1 APPPATH\Controllers\Transaksi.php(16): App\Controllers\Home->__construct()
 2 SYSTEMPATH\CodeIgniter.php(903): App\Controllers\Transaksi->__construct()
 3 SYSTEMPATH\CodeIgniter.php(500): CodeIgniter\CodeIgniter->createController()
 4 SYSTEMPATH\CodeIgniter.php(355): CodeIgniter\CodeIgniter->handleRequest(null, Object(Config\Cache), false)
 5 SYSTEMPATH\Boot.php(312): CodeIgniter\CodeIgniter->run()
 6 SYSTEMPATH\Boot.php(67): CodeIgniter\Boot::runCodeIgniter(Object(CodeIgniter\CodeIgniter))
 7 FCPATH\index.php(56): CodeIgniter\Boot::bootWeb(Object(Config\Paths))
 8 SYSTEMPATH\Commands\Server\rewrite.php(49): require_once('C:\\APK\\xampp-8.2\\htdocs\\SafeToTrip\\public\\index.php')
WARNING - 2024-06-21 22:39:23 --> [DEPRECATED] Creation of dynamic property App\Controllers\Home::$harga is deprecated in APPPATH\Controllers\Home.php on line 16.
 1 APPPATH\Controllers\Transaksi.php(16): App\Controllers\Home->__construct()
 2 SYSTEMPATH\CodeIgniter.php(903): App\Controllers\Transaksi->__construct()
 3 SYSTEMPATH\CodeIgniter.php(500): CodeIgniter\CodeIgniter->createController()
 4 SYSTEMPATH\CodeIgniter.php(355): CodeIgniter\CodeIgniter->handleRequest(null, Object(Config\Cache), false)
 5 SYSTEMPATH\Boot.php(312): CodeIgniter\CodeIgniter->run()
 6 SYSTEMPATH\Boot.php(67): CodeIgniter\Boot::runCodeIgniter(Object(CodeIgniter\CodeIgniter))
 7 FCPATH\index.php(56): CodeIgniter\Boot::bootWeb(Object(Config\Paths))
 8 SYSTEMPATH\Commands\Server\rewrite.php(49): require_once('C:\\APK\\xampp-8.2\\htdocs\\SafeToTrip\\public\\index.php')
WARNING - 2024-06-21 22:39:23 --> [DEPRECATED] Creation of dynamic property App\Controllers\Transaksi::$home is deprecated in APPPATH\Controllers\Transaksi.php on line 16.
 1 SYSTEMPATH\CodeIgniter.php(903): App\Controllers\Transaksi->__construct()
 2 SYSTEMPATH\CodeIgniter.php(500): CodeIgniter\CodeIgniter->createController()
 3 SYSTEMPATH\CodeIgniter.php(355): CodeIgniter\CodeIgniter->handleRequest(null, Object(Config\Cache), false)
 4 SYSTEMPATH\Boot.php(312): CodeIgniter\CodeIgniter->run()
 5 SYSTEMPATH\Boot.php(67): CodeIgniter\Boot::runCodeIgniter(Object(CodeIgniter\CodeIgniter))
 6 FCPATH\index.php(56): CodeIgniter\Boot::bootWeb(Object(Config\Paths))
 7 SYSTEMPATH\Commands\Server\rewrite.php(49): require_once('C:\\APK\\xampp-8.2\\htdocs\\SafeToTrip\\public\\index.php')
WARNING - 2024-06-21 22:39:23 --> [DEPRECATED] Creation of dynamic property App\Controllers\Transaksi::$wisata is deprecated in APPPATH\Controllers\Transaksi.php on line 17.
 1 SYSTEMPATH\CodeIgniter.php(903): App\Controllers\Transaksi->__construct()
 2 SYSTEMPATH\CodeIgniter.php(500): CodeIgniter\CodeIgniter->createController()
 3 SYSTEMPATH\CodeIgniter.php(355): CodeIgniter\CodeIgniter->handleRequest(null, Object(Config\Cache), false)
 4 SYSTEMPATH\Boot.php(312): CodeIgniter\CodeIgniter->run()
 5 SYSTEMPATH\Boot.php(67): CodeIgniter\Boot::runCodeIgniter(Object(CodeIgniter\CodeIgniter))
 6 FCPATH\index.php(56): CodeIgniter\Boot::bootWeb(Object(Config\Paths))
 7 SYSTEMPATH\Commands\Server\rewrite.php(49): require_once('C:\\APK\\xampp-8.2\\htdocs\\SafeToTrip\\public\\index.php')
WARNING - 2024-06-21 22:39:23 --> [DEPRECATED] Creation of dynamic property App\Controllers\Transaksi::$transaksi is deprecated in APPPATH\Controllers\Transaksi.php on line 18.
 1 SYSTEMPATH\CodeIgniter.php(903): App\Controllers\Transaksi->__construct()
 2 SYSTEMPATH\CodeIgniter.php(500): CodeIgniter\CodeIgniter->createController()
 3 SYSTEMPATH\CodeIgniter.php(355): CodeIgniter\CodeIgniter->handleRequest(null, Object(Config\Cache), false)
 4 SYSTEMPATH\Boot.php(312): CodeIgniter\CodeIgniter->run()
 5 SYSTEMPATH\Boot.php(67): CodeIgniter\Boot::runCodeIgniter(Object(CodeIgniter\CodeIgniter))
 6 FCPATH\index.php(56): CodeIgniter\Boot::bootWeb(Object(Config\Paths))
 7 SYSTEMPATH\Commands\Server\rewrite.php(49): require_once('C:\\APK\\xampp-8.2\\htdocs\\SafeToTrip\\public\\index.php')
WARNING - 2024-06-21 22:39:23 --> [DEPRECATED] Creation of dynamic property App\Controllers\Transaksi::$detail is deprecated in APPPATH\Controllers\Transaksi.php on line 19.
 1 SYSTEMPATH\CodeIgniter.php(903): App\Controllers\Transaksi->__construct()
 2 SYSTEMPATH\CodeIgniter.php(500): CodeIgniter\CodeIgniter->createController()
 3 SYSTEMPATH\CodeIgniter.php(355): CodeIgniter\CodeIgniter->handleRequest(null, Object(Config\Cache), false)
 4 SYSTEMPATH\Boot.php(312): CodeIgniter\CodeIgniter->run()
 5 SYSTEMPATH\Boot.php(67): CodeIgniter\Boot::runCodeIgniter(Object(CodeIgniter\CodeIgniter))
 6 FCPATH\index.php(56): CodeIgniter\Boot::bootWeb(Object(Config\Paths))
 7 SYSTEMPATH\Commands\Server\rewrite.php(49): require_once('C:\\APK\\xampp-8.2\\htdocs\\SafeToTrip\\public\\index.php')
INFO - 2024-06-21 22:39:44 --> Session: Class initialized using 'CodeIgniter\Session\Handlers\FileHandler' driver.
WARNING - 2024-06-21 22:39:44 --> [DEPRECATED] Creation of dynamic property App\Controllers\Transaksi::$session is deprecated in APPPATH\Controllers\Transaksi.php on line 15.
 1 SYSTEMPATH\CodeIgniter.php(903): App\Controllers\Transaksi->__construct()
 2 SYSTEMPATH\CodeIgniter.php(500): CodeIgniter\CodeIgniter->createController()
 3 SYSTEMPATH\CodeIgniter.php(355): CodeIgniter\CodeIgniter->handleRequest(null, Object(Config\Cache), false)
 4 SYSTEMPATH\Boot.php(312): CodeIgniter\CodeIgniter->run()
 5 SYSTEMPATH\Boot.php(67): CodeIgniter\Boot::runCodeIgniter(Object(CodeIgniter\CodeIgniter))
 6 FCPATH\index.php(56): CodeIgniter\Boot::bootWeb(Object(Config\Paths))
 7 SYSTEMPATH\Commands\Server\rewrite.php(49): require_once('C:\\APK\\xampp-8.2\\htdocs\\SafeToTrip\\public\\index.php')
WARNING - 2024-06-21 22:39:44 --> [DEPRECATED] Creation of dynamic property App\Controllers\Home::$session is deprecated in APPPATH\Controllers\Home.php on line 13.
 1 APPPATH\Controllers\Transaksi.php(16): App\Controllers\Home->__construct()
 2 SYSTEMPATH\CodeIgniter.php(903): App\Controllers\Transaksi->__construct()
 3 SYSTEMPATH\CodeIgniter.php(500): CodeIgniter\CodeIgniter->createController()
 4 SYSTEMPATH\CodeIgniter.php(355): CodeIgniter\CodeIgniter->handleRequest(null, Object(Config\Cache), false)
 5 SYSTEMPATH\Boot.php(312): CodeIgniter\CodeIgniter->run()
 6 SYSTEMPATH\Boot.php(67): CodeIgniter\Boot::runCodeIgniter(Object(CodeIgniter\CodeIgniter))
 7 FCPATH\index.php(56): CodeIgniter\Boot::bootWeb(Object(Config\Paths))
 8 SYSTEMPATH\Commands\Server\rewrite.php(49): require_once('C:\\APK\\xampp-8.2\\htdocs\\SafeToTrip\\public\\index.php')
WARNING - 2024-06-21 22:39:44 --> [DEPRECATED] Creation of dynamic property App\Controllers\Home::$wisata is deprecated in APPPATH\Controllers\Home.php on line 14.
 1 APPPATH\Controllers\Transaksi.php(16): App\Controllers\Home->__construct()
 2 SYSTEMPATH\CodeIgniter.php(903): App\Controllers\Transaksi->__construct()
 3 SYSTEMPATH\CodeIgniter.php(500): CodeIgniter\CodeIgniter->createController()
 4 SYSTEMPATH\CodeIgniter.php(355): CodeIgniter\CodeIgniter->handleRequest(null, Object(Config\Cache), false)
 5 SYSTEMPATH\Boot.php(312): CodeIgniter\CodeIgniter->run()
 6 SYSTEMPATH\Boot.php(67): CodeIgniter\Boot::runCodeIgniter(Object(CodeIgniter\CodeIgniter))
 7 FCPATH\index.php(56): CodeIgniter\Boot::bootWeb(Object(Config\Paths))
 8 SYSTEMPATH\Commands\Server\rewrite.php(49): require_once('C:\\APK\\xampp-8.2\\htdocs\\SafeToTrip\\public\\index.php')
WARNING - 2024-06-21 22:39:44 --> [DEPRECATED] Creation of dynamic property App\Controllers\Home::$fasilitas is deprecated in APPPATH\Controllers\Home.php on line 15.
 1 APPPATH\Controllers\Transaksi.php(16): App\Controllers\Home->__construct()
 2 SYSTEMPATH\CodeIgniter.php(903): App\Controllers\Transaksi->__construct()
 3 SYSTEMPATH\CodeIgniter.php(500): CodeIgniter\CodeIgniter->createController()
 4 SYSTEMPATH\CodeIgniter.php(355): CodeIgniter\CodeIgniter->handleRequest(null, Object(Config\Cache), false)
 5 SYSTEMPATH\Boot.php(312): CodeIgniter\CodeIgniter->run()
 6 SYSTEMPATH\Boot.php(67): CodeIgniter\Boot::runCodeIgniter(Object(CodeIgniter\CodeIgniter))
 7 FCPATH\index.php(56): CodeIgniter\Boot::bootWeb(Object(Config\Paths))
 8 SYSTEMPATH\Commands\Server\rewrite.php(49): require_once('C:\\APK\\xampp-8.2\\htdocs\\SafeToTrip\\public\\index.php')
WARNING - 2024-06-21 22:39:44 --> [DEPRECATED] Creation of dynamic property App\Controllers\Home::$harga is deprecated in APPPATH\Controllers\Home.php on line 16.
 1 APPPATH\Controllers\Transaksi.php(16): App\Controllers\Home->__construct()
 2 SYSTEMPATH\CodeIgniter.php(903): App\Controllers\Transaksi->__construct()
 3 SYSTEMPATH\CodeIgniter.php(500): CodeIgniter\CodeIgniter->createController()
 4 SYSTEMPATH\CodeIgniter.php(355): CodeIgniter\CodeIgniter->handleRequest(null, Object(Config\Cache), false)
 5 SYSTEMPATH\Boot.php(312): CodeIgniter\CodeIgniter->run()
 6 SYSTEMPATH\Boot.php(67): CodeIgniter\Boot::runCodeIgniter(Object(CodeIgniter\CodeIgniter))
 7 FCPATH\index.php(56): CodeIgniter\Boot::bootWeb(Object(Config\Paths))
 8 SYSTEMPATH\Commands\Server\rewrite.php(49): require_once('C:\\APK\\xampp-8.2\\htdocs\\SafeToTrip\\public\\index.php')
WARNING - 2024-06-21 22:39:44 --> [DEPRECATED] Creation of dynamic property App\Controllers\Transaksi::$home is deprecated in APPPATH\Controllers\Transaksi.php on line 16.
 1 SYSTEMPATH\CodeIgniter.php(903): App\Controllers\Transaksi->__construct()
 2 SYSTEMPATH\CodeIgniter.php(500): CodeIgniter\CodeIgniter->createController()
 3 SYSTEMPATH\CodeIgniter.php(355): CodeIgniter\CodeIgniter->handleRequest(null, Object(Config\Cache), false)
 4 SYSTEMPATH\Boot.php(312): CodeIgniter\CodeIgniter->run()
 5 SYSTEMPATH\Boot.php(67): CodeIgniter\Boot::runCodeIgniter(Object(CodeIgniter\CodeIgniter))
 6 FCPATH\index.php(56): CodeIgniter\Boot::bootWeb(Object(Config\Paths))
 7 SYSTEMPATH\Commands\Server\rewrite.php(49): require_once('C:\\APK\\xampp-8.2\\htdocs\\SafeToTrip\\public\\index.php')
WARNING - 2024-06-21 22:39:44 --> [DEPRECATED] Creation of dynamic property App\Controllers\Transaksi::$wisata is deprecated in APPPATH\Controllers\Transaksi.php on line 17.
 1 SYSTEMPATH\CodeIgniter.php(903): App\Controllers\Transaksi->__construct()
 2 SYSTEMPATH\CodeIgniter.php(500): CodeIgniter\CodeIgniter->createController()
 3 SYSTEMPATH\CodeIgniter.php(355): CodeIgniter\CodeIgniter->handleRequest(null, Object(Config\Cache), false)
 4 SYSTEMPATH\Boot.php(312): CodeIgniter\CodeIgniter->run()
 5 SYSTEMPATH\Boot.php(67): CodeIgniter\Boot::runCodeIgniter(Object(CodeIgniter\CodeIgniter))
 6 FCPATH\index.php(56): CodeIgniter\Boot::bootWeb(Object(Config\Paths))
 7 SYSTEMPATH\Commands\Server\rewrite.php(49): require_once('C:\\APK\\xampp-8.2\\htdocs\\SafeToTrip\\public\\index.php')
WARNING - 2024-06-21 22:39:44 --> [DEPRECATED] Creation of dynamic property App\Controllers\Transaksi::$transaksi is deprecated in APPPATH\Controllers\Transaksi.php on line 18.
 1 SYSTEMPATH\CodeIgniter.php(903): App\Controllers\Transaksi->__construct()
 2 SYSTEMPATH\CodeIgniter.php(500): CodeIgniter\CodeIgniter->createController()
 3 SYSTEMPATH\CodeIgniter.php(355): CodeIgniter\CodeIgniter->handleRequest(null, Object(Config\Cache), false)
 4 SYSTEMPATH\Boot.php(312): CodeIgniter\CodeIgniter->run()
 5 SYSTEMPATH\Boot.php(67): CodeIgniter\Boot::runCodeIgniter(Object(CodeIgniter\CodeIgniter))
 6 FCPATH\index.php(56): CodeIgniter\Boot::bootWeb(Object(Config\Paths))
 7 SYSTEMPATH\Commands\Server\rewrite.php(49): require_once('C:\\APK\\xampp-8.2\\htdocs\\SafeToTrip\\public\\index.php')
WARNING - 2024-06-21 22:39:44 --> [DEPRECATED] Creation of dynamic property App\Controllers\Transaksi::$detail is deprecated in APPPATH\Controllers\Transaksi.php on line 19.
 1 SYSTEMPATH\CodeIgniter.php(903): App\Controllers\Transaksi->__construct()
 2 SYSTEMPATH\CodeIgniter.php(500): CodeIgniter\CodeIgniter->createController()
 3 SYSTEMPATH\CodeIgniter.php(355): CodeIgniter\CodeIgniter->handleRequest(null, Object(Config\Cache), false)
 4 SYSTEMPATH\Boot.php(312): CodeIgniter\CodeIgniter->run()
 5 SYSTEMPATH\Boot.php(67): CodeIgniter\Boot::runCodeIgniter(Object(CodeIgniter\CodeIgniter))
 6 FCPATH\index.php(56): CodeIgniter\Boot::bootWeb(Object(Config\Paths))
 7 SYSTEMPATH\Commands\Server\rewrite.php(49): require_once('C:\\APK\\xampp-8.2\\htdocs\\SafeToTrip\\public\\index.php')
INFO - 2024-06-21 22:40:50 --> Session: Class initialized using 'CodeIgniter\Session\Handlers\FileHandler' driver.
WARNING - 2024-06-21 22:40:50 --> [DEPRECATED] Creation of dynamic property App\Controllers\Transaksi::$session is deprecated in APPPATH\Controllers\Transaksi.php on line 15.
 1 SYSTEMPATH\CodeIgniter.php(903): App\Controllers\Transaksi->__construct()
 2 SYSTEMPATH\CodeIgniter.php(500): CodeIgniter\CodeIgniter->createController()
 3 SYSTEMPATH\CodeIgniter.php(355): CodeIgniter\CodeIgniter->handleRequest(null, Object(Config\Cache), false)
 4 SYSTEMPATH\Boot.php(312): CodeIgniter\CodeIgniter->run()
 5 SYSTEMPATH\Boot.php(67): CodeIgniter\Boot::runCodeIgniter(Object(CodeIgniter\CodeIgniter))
 6 FCPATH\index.php(56): CodeIgniter\Boot::bootWeb(Object(Config\Paths))
 7 SYSTEMPATH\Commands\Server\rewrite.php(49): require_once('C:\\APK\\xampp-8.2\\htdocs\\SafeToTrip\\public\\index.php')
WARNING - 2024-06-21 22:40:50 --> [DEPRECATED] Creation of dynamic property App\Controllers\Home::$session is deprecated in APPPATH\Controllers\Home.php on line 13.
 1 APPPATH\Controllers\Transaksi.php(16): App\Controllers\Home->__construct()
 2 SYSTEMPATH\CodeIgniter.php(903): App\Controllers\Transaksi->__construct()
 3 SYSTEMPATH\CodeIgniter.php(500): CodeIgniter\CodeIgniter->createController()
 4 SYSTEMPATH\CodeIgniter.php(355): CodeIgniter\CodeIgniter->handleRequest(null, Object(Config\Cache), false)
 5 SYSTEMPATH\Boot.php(312): CodeIgniter\CodeIgniter->run()
 6 SYSTEMPATH\Boot.php(67): CodeIgniter\Boot::runCodeIgniter(Object(CodeIgniter\CodeIgniter))
 7 FCPATH\index.php(56): CodeIgniter\Boot::bootWeb(Object(Config\Paths))
 8 SYSTEMPATH\Commands\Server\rewrite.php(49): require_once('C:\\APK\\xampp-8.2\\htdocs\\SafeToTrip\\public\\index.php')
WARNING - 2024-06-21 22:40:50 --> [DEPRECATED] Creation of dynamic property App\Controllers\Home::$wisata is deprecated in APPPATH\Controllers\Home.php on line 14.
 1 APPPATH\Controllers\Transaksi.php(16): App\Controllers\Home->__construct()
 2 SYSTEMPATH\CodeIgniter.php(903): App\Controllers\Transaksi->__construct()
 3 SYSTEMPATH\CodeIgniter.php(500): CodeIgniter\CodeIgniter->createController()
 4 SYSTEMPATH\CodeIgniter.php(355): CodeIgniter\CodeIgniter->handleRequest(null, Object(Config\Cache), false)
 5 SYSTEMPATH\Boot.php(312): CodeIgniter\CodeIgniter->run()
 6 SYSTEMPATH\Boot.php(67): CodeIgniter\Boot::runCodeIgniter(Object(CodeIgniter\CodeIgniter))
 7 FCPATH\index.php(56): CodeIgniter\Boot::bootWeb(Object(Config\Paths))
 8 SYSTEMPATH\Commands\Server\rewrite.php(49): require_once('C:\\APK\\xampp-8.2\\htdocs\\SafeToTrip\\public\\index.php')
WARNING - 2024-06-21 22:40:50 --> [DEPRECATED] Creation of dynamic property App\Controllers\Home::$fasilitas is deprecated in APPPATH\Controllers\Home.php on line 15.
 1 APPPATH\Controllers\Transaksi.php(16): App\Controllers\Home->__construct()
 2 SYSTEMPATH\CodeIgniter.php(903): App\Controllers\Transaksi->__construct()
 3 SYSTEMPATH\CodeIgniter.php(500): CodeIgniter\CodeIgniter->createController()
 4 SYSTEMPATH\CodeIgniter.php(355): CodeIgniter\CodeIgniter->handleRequest(null, Object(Config\Cache), false)
 5 SYSTEMPATH\Boot.php(312): CodeIgniter\CodeIgniter->run()
 6 SYSTEMPATH\Boot.php(67): CodeIgniter\Boot::runCodeIgniter(Object(CodeIgniter\CodeIgniter))
 7 FCPATH\index.php(56): CodeIgniter\Boot::bootWeb(Object(Config\Paths))
 8 SYSTEMPATH\Commands\Server\rewrite.php(49): require_once('C:\\APK\\xampp-8.2\\htdocs\\SafeToTrip\\public\\index.php')
WARNING - 2024-06-21 22:40:50 --> [DEPRECATED] Creation of dynamic property App\Controllers\Home::$harga is deprecated in APPPATH\Controllers\Home.php on line 16.
 1 APPPATH\Controllers\Transaksi.php(16): App\Controllers\Home->__construct()
 2 SYSTEMPATH\CodeIgniter.php(903): App\Controllers\Transaksi->__construct()
 3 SYSTEMPATH\CodeIgniter.php(500): CodeIgniter\CodeIgniter->createController()
 4 SYSTEMPATH\CodeIgniter.php(355): CodeIgniter\CodeIgniter->handleRequest(null, Object(Config\Cache), false)
 5 SYSTEMPATH\Boot.php(312): CodeIgniter\CodeIgniter->run()
 6 SYSTEMPATH\Boot.php(67): CodeIgniter\Boot::runCodeIgniter(Object(CodeIgniter\CodeIgniter))
 7 FCPATH\index.php(56): CodeIgniter\Boot::bootWeb(Object(Config\Paths))
 8 SYSTEMPATH\Commands\Server\rewrite.php(49): require_once('C:\\APK\\xampp-8.2\\htdocs\\SafeToTrip\\public\\index.php')
WARNING - 2024-06-21 22:40:50 --> [DEPRECATED] Creation of dynamic property App\Controllers\Transaksi::$home is deprecated in APPPATH\Controllers\Transaksi.php on line 16.
 1 SYSTEMPATH\CodeIgniter.php(903): App\Controllers\Transaksi->__construct()
 2 SYSTEMPATH\CodeIgniter.php(500): CodeIgniter\CodeIgniter->createController()
 3 SYSTEMPATH\CodeIgniter.php(355): CodeIgniter\CodeIgniter->handleRequest(null, Object(Config\Cache), false)
 4 SYSTEMPATH\Boot.php(312): CodeIgniter\CodeIgniter->run()
 5 SYSTEMPATH\Boot.php(67): CodeIgniter\Boot::runCodeIgniter(Object(CodeIgniter\CodeIgniter))
 6 FCPATH\index.php(56): CodeIgniter\Boot::bootWeb(Object(Config\Paths))
 7 SYSTEMPATH\Commands\Server\rewrite.php(49): require_once('C:\\APK\\xampp-8.2\\htdocs\\SafeToTrip\\public\\index.php')
WARNING - 2024-06-21 22:40:50 --> [DEPRECATED] Creation of dynamic property App\Controllers\Transaksi::$wisata is deprecated in APPPATH\Controllers\Transaksi.php on line 17.
 1 SYSTEMPATH\CodeIgniter.php(903): App\Controllers\Transaksi->__construct()
 2 SYSTEMPATH\CodeIgniter.php(500): CodeIgniter\CodeIgniter->createController()
 3 SYSTEMPATH\CodeIgniter.php(355): CodeIgniter\CodeIgniter->handleRequest(null, Object(Config\Cache), false)
 4 SYSTEMPATH\Boot.php(312): CodeIgniter\CodeIgniter->run()
 5 SYSTEMPATH\Boot.php(67): CodeIgniter\Boot::runCodeIgniter(Object(CodeIgniter\CodeIgniter))
 6 FCPATH\index.php(56): CodeIgniter\Boot::bootWeb(Object(Config\Paths))
 7 SYSTEMPATH\Commands\Server\rewrite.php(49): require_once('C:\\APK\\xampp-8.2\\htdocs\\SafeToTrip\\public\\index.php')
WARNING - 2024-06-21 22:40:50 --> [DEPRECATED] Creation of dynamic property App\Controllers\Transaksi::$transaksi is deprecated in APPPATH\Controllers\Transaksi.php on line 18.
 1 SYSTEMPATH\CodeIgniter.php(903): App\Controllers\Transaksi->__construct()
 2 SYSTEMPATH\CodeIgniter.php(500): CodeIgniter\CodeIgniter->createController()
 3 SYSTEMPATH\CodeIgniter.php(355): CodeIgniter\CodeIgniter->handleRequest(null, Object(Config\Cache), false)
 4 SYSTEMPATH\Boot.php(312): CodeIgniter\CodeIgniter->run()
 5 SYSTEMPATH\Boot.php(67): CodeIgniter\Boot::runCodeIgniter(Object(CodeIgniter\CodeIgniter))
 6 FCPATH\index.php(56): CodeIgniter\Boot::bootWeb(Object(Config\Paths))
 7 SYSTEMPATH\Commands\Server\rewrite.php(49): require_once('C:\\APK\\xampp-8.2\\htdocs\\SafeToTrip\\public\\index.php')
WARNING - 2024-06-21 22:40:50 --> [DEPRECATED] Creation of dynamic property App\Controllers\Transaksi::$detail is deprecated in APPPATH\Controllers\Transaksi.php on line 19.
 1 SYSTEMPATH\CodeIgniter.php(903): App\Controllers\Transaksi->__construct()
 2 SYSTEMPATH\CodeIgniter.php(500): CodeIgniter\CodeIgniter->createController()
 3 SYSTEMPATH\CodeIgniter.php(355): CodeIgniter\CodeIgniter->handleRequest(null, Object(Config\Cache), false)
 4 SYSTEMPATH\Boot.php(312): CodeIgniter\CodeIgniter->run()
 5 SYSTEMPATH\Boot.php(67): CodeIgniter\Boot::runCodeIgniter(Object(CodeIgniter\CodeIgniter))
 6 FCPATH\index.php(56): CodeIgniter\Boot::bootWeb(Object(Config\Paths))
 7 SYSTEMPATH\Commands\Server\rewrite.php(49): require_once('C:\\APK\\xampp-8.2\\htdocs\\SafeToTrip\\public\\index.php')
ERROR - 2024-06-21 22:40:50 --> mysqli_sql_exception: Unknown column 'detail.jumlah_tiket*' in 'field list' in C:\APK\xampp-8.2\htdocs\SafeToTrip\system\Database\MySQLi\Connection.php:308
Stack trace:
#0 C:\APK\xampp-8.2\htdocs\SafeToTrip\system\Database\MySQLi\Connection.php(308): mysqli->query('SELECT `detail`...', 0)
#1 C:\APK\xampp-8.2\htdocs\SafeToTrip\system\Database\BaseConnection.php(722): CodeIgniter\Database\MySQLi\Connection->execute('SELECT `detail`...')
#2 C:\APK\xampp-8.2\htdocs\SafeToTrip\system\Database\BaseConnection.php(636): CodeIgniter\Database\BaseConnection->simpleQuery('SELECT `detail`...')
#3 C:\APK\xampp-8.2\htdocs\SafeToTrip\system\Database\BaseBuilder.php(1629): CodeIgniter\Database\BaseConnection->query('SELECT `detail`...', Array, false)
#4 C:\APK\xampp-8.2\htdocs\SafeToTrip\system\Model.php(275): CodeIgniter\Database\BaseBuilder->get()
#5 C:\APK\xampp-8.2\htdocs\SafeToTrip\system\BaseModel.php(676): CodeIgniter\Model->doFindAll(0, 0)
#6 C:\APK\xampp-8.2\htdocs\SafeToTrip\app\Models\DetailTransaksiModel.php(23): CodeIgniter\BaseModel->findAll()
#7 C:\APK\xampp-8.2\htdocs\SafeToTrip\app\Controllers\Transaksi.php(62): App\Models\DetailTransaksiModel->getDetail('TRX171871520806...')
#8 C:\APK\xampp-8.2\htdocs\SafeToTrip\system\CodeIgniter.php(933): App\Controllers\Transaksi->detail('TRX171871520806...')
#9 C:\APK\xampp-8.2\htdocs\SafeToTrip\system\CodeIgniter.php(509): CodeIgniter\CodeIgniter->runController(Object(App\Controllers\Transaksi))
#10 C:\APK\xampp-8.2\htdocs\SafeToTrip\system\CodeIgniter.php(355): CodeIgniter\CodeIgniter->handleRequest(NULL, Object(Config\Cache), false)
#11 C:\APK\xampp-8.2\htdocs\SafeToTrip\system\Boot.php(312): CodeIgniter\CodeIgniter->run()
#12 C:\APK\xampp-8.2\htdocs\SafeToTrip\system\Boot.php(67): CodeIgniter\Boot::runCodeIgniter(Object(CodeIgniter\CodeIgniter))
#13 C:\APK\xampp-8.2\htdocs\SafeToTrip\public\index.php(56): CodeIgniter\Boot::bootWeb(Object(Config\Paths))
#14 C:\APK\xampp-8.2\htdocs\SafeToTrip\system\Commands\Server\rewrite.php(49): require_once('C:\\APK\\xampp-8....')
#15 {main}
CRITICAL - 2024-06-21 22:40:50 --> CodeIgniter\Database\Exceptions\DatabaseException: Unknown column 'detail.jumlah_tiket*' in 'field list'
[Method: GET, Route: getDetail/TRX17187152080612]
in SYSTEMPATH\Database\BaseConnection.php on line 676.
 1 SYSTEMPATH\Database\BaseBuilder.php(1629): CodeIgniter\Database\BaseConnection->query('SELECT `detail`.`jumlah_tiket*`, `harga`
FROM `detail_transaksi`
JOIN `harga_tiket` ON `harga_tiket`.`id_harga` = `detail_transaksi`.`id_harga`
WHERE `id_transaksi` = :id_transaksi:', [...], false)
 2 SYSTEMPATH\Model.php(275): CodeIgniter\Database\BaseBuilder->get()
 3 SYSTEMPATH\BaseModel.php(676): CodeIgniter\Model->doFindAll(0, 0)
 4 APPPATH\Models\DetailTransaksiModel.php(23): CodeIgniter\BaseModel->findAll()
 5 APPPATH\Controllers\Transaksi.php(62): App\Models\DetailTransaksiModel->getDetail('TRX17187152080612')
 6 SYSTEMPATH\CodeIgniter.php(933): App\Controllers\Transaksi->detail('TRX17187152080612')
 7 SYSTEMPATH\CodeIgniter.php(509): CodeIgniter\CodeIgniter->runController(Object(App\Controllers\Transaksi))
 8 SYSTEMPATH\CodeIgniter.php(355): CodeIgniter\CodeIgniter->handleRequest(null, Object(Config\Cache), false)
 9 SYSTEMPATH\Boot.php(312): CodeIgniter\CodeIgniter->run()
10 SYSTEMPATH\Boot.php(67): CodeIgniter\Boot::runCodeIgniter(Object(CodeIgniter\CodeIgniter))
11 FCPATH\index.php(56): CodeIgniter\Boot::bootWeb(Object(Config\Paths))
12 SYSTEMPATH\Commands\Server\rewrite.php(49): require_once('C:\\APK\\xampp-8.2\\htdocs\\SafeToTrip\\public\\index.php')
CRITICAL - 2024-06-21 22:40:50 --> [Caused by] CodeIgniter\Database\Exceptions\DatabaseException: Unknown column 'detail.jumlah_tiket*' in 'field list'
in SYSTEMPATH\Database\MySQLi\Connection.php on line 313.
 1 SYSTEMPATH\Database\BaseConnection.php(722): CodeIgniter\Database\MySQLi\Connection->execute('SELECT `detail`.`jumlah_tiket*`, `harga`
FROM `detail_transaksi`
JOIN `harga_tiket` ON `harga_tiket`.`id_harga` = `detail_transaksi`.`id_harga`
WHERE `id_transaksi` = \'TRX17187152080612\'')
 2 SYSTEMPATH\Database\BaseConnection.php(636): CodeIgniter\Database\BaseConnection->simpleQuery('SELECT `detail`.`jumlah_tiket*`, `harga`
FROM `detail_transaksi`
JOIN `harga_tiket` ON `harga_tiket`.`id_harga` = `detail_transaksi`.`id_harga`
WHERE `id_transaksi` = \'TRX17187152080612\'')
 3 SYSTEMPATH\Database\BaseBuilder.php(1629): CodeIgniter\Database\BaseConnection->query('SELECT `detail`.`jumlah_tiket*`, `harga`
FROM `detail_transaksi`
JOIN `harga_tiket` ON `harga_tiket`.`id_harga` = `detail_transaksi`.`id_harga`
WHERE `id_transaksi` = :id_transaksi:', [...], false)
 4 SYSTEMPATH\Model.php(275): CodeIgniter\Database\BaseBuilder->get()
 5 SYSTEMPATH\BaseModel.php(676): CodeIgniter\Model->doFindAll(0, 0)
 6 APPPATH\Models\DetailTransaksiModel.php(23): CodeIgniter\BaseModel->findAll()
 7 APPPATH\Controllers\Transaksi.php(62): App\Models\DetailTransaksiModel->getDetail('TRX17187152080612')
 8 SYSTEMPATH\CodeIgniter.php(933): App\Controllers\Transaksi->detail('TRX17187152080612')
 9 SYSTEMPATH\CodeIgniter.php(509): CodeIgniter\CodeIgniter->runController(Object(App\Controllers\Transaksi))
10 SYSTEMPATH\CodeIgniter.php(355): CodeIgniter\CodeIgniter->handleRequest(null, Object(Config\Cache), false)
11 SYSTEMPATH\Boot.php(312): CodeIgniter\CodeIgniter->run()
12 SYSTEMPATH\Boot.php(67): CodeIgniter\Boot::runCodeIgniter(Object(CodeIgniter\CodeIgniter))
13 FCPATH\index.php(56): CodeIgniter\Boot::bootWeb(Object(Config\Paths))
14 SYSTEMPATH\Commands\Server\rewrite.php(49): require_once('C:\\APK\\xampp-8.2\\htdocs\\SafeToTrip\\public\\index.php')
CRITICAL - 2024-06-21 22:40:50 --> [Caused by] mysqli_sql_exception: Unknown column 'detail.jumlah_tiket*' in 'field list'
in SYSTEMPATH\Database\MySQLi\Connection.php on line 308.
 1 SYSTEMPATH\Database\MySQLi\Connection.php(308): mysqli->query('SELECT `detail`.`jumlah_tiket*`, `harga`
FROM `detail_transaksi`
JOIN `harga_tiket` ON `harga_tiket`.`id_harga` = `detail_transaksi`.`id_harga`
WHERE `id_transaksi` = \'TRX17187152080612\'', 0)
 2 SYSTEMPATH\Database\BaseConnection.php(722): CodeIgniter\Database\MySQLi\Connection->execute('SELECT `detail`.`jumlah_tiket*`, `harga`
FROM `detail_transaksi`
JOIN `harga_tiket` ON `harga_tiket`.`id_harga` = `detail_transaksi`.`id_harga`
WHERE `id_transaksi` = \'TRX17187152080612\'')
 3 SYSTEMPATH\Database\BaseConnection.php(636): CodeIgniter\Database\BaseConnection->simpleQuery('SELECT `detail`.`jumlah_tiket*`, `harga`
FROM `detail_transaksi`
JOIN `harga_tiket` ON `harga_tiket`.`id_harga` = `detail_transaksi`.`id_harga`
WHERE `id_transaksi` = \'TRX17187152080612\'')
 4 SYSTEMPATH\Database\BaseBuilder.php(1629): CodeIgniter\Database\BaseConnection->query('SELECT `detail`.`jumlah_tiket*`, `harga`
FROM `detail_transaksi`
JOIN `harga_tiket` ON `harga_tiket`.`id_harga` = `detail_transaksi`.`id_harga`
WHERE `id_transaksi` = :id_transaksi:', [...], false)
 5 SYSTEMPATH\Model.php(275): CodeIgniter\Database\BaseBuilder->get()
 6 SYSTEMPATH\BaseModel.php(676): CodeIgniter\Model->doFindAll(0, 0)
 7 APPPATH\Models\DetailTransaksiModel.php(23): CodeIgniter\BaseModel->findAll()
 8 APPPATH\Controllers\Transaksi.php(62): App\Models\DetailTransaksiModel->getDetail('TRX17187152080612')
 9 SYSTEMPATH\CodeIgniter.php(933): App\Controllers\Transaksi->detail('TRX17187152080612')
10 SYSTEMPATH\CodeIgniter.php(509): CodeIgniter\CodeIgniter->runController(Object(App\Controllers\Transaksi))
11 SYSTEMPATH\CodeIgniter.php(355): CodeIgniter\CodeIgniter->handleRequest(null, Object(Config\Cache), false)
12 SYSTEMPATH\Boot.php(312): CodeIgniter\CodeIgniter->run()
13 SYSTEMPATH\Boot.php(67): CodeIgniter\Boot::runCodeIgniter(Object(CodeIgniter\CodeIgniter))
14 FCPATH\index.php(56): CodeIgniter\Boot::bootWeb(Object(Config\Paths))
15 SYSTEMPATH\Commands\Server\rewrite.php(49): require_once('C:\\APK\\xampp-8.2\\htdocs\\SafeToTrip\\public\\index.php')
INFO - 2024-06-21 22:41:06 --> Session: Class initialized using 'CodeIgniter\Session\Handlers\FileHandler' driver.
WARNING - 2024-06-21 22:41:06 --> [DEPRECATED] Creation of dynamic property App\Controllers\Transaksi::$session is deprecated in APPPATH\Controllers\Transaksi.php on line 15.
 1 SYSTEMPATH\CodeIgniter.php(903): App\Controllers\Transaksi->__construct()
 2 SYSTEMPATH\CodeIgniter.php(500): CodeIgniter\CodeIgniter->createController()
 3 SYSTEMPATH\CodeIgniter.php(355): CodeIgniter\CodeIgniter->handleRequest(null, Object(Config\Cache), false)
 4 SYSTEMPATH\Boot.php(312): CodeIgniter\CodeIgniter->run()
 5 SYSTEMPATH\Boot.php(67): CodeIgniter\Boot::runCodeIgniter(Object(CodeIgniter\CodeIgniter))
 6 FCPATH\index.php(56): CodeIgniter\Boot::bootWeb(Object(Config\Paths))
 7 SYSTEMPATH\Commands\Server\rewrite.php(49): require_once('C:\\APK\\xampp-8.2\\htdocs\\SafeToTrip\\public\\index.php')
WARNING - 2024-06-21 22:41:06 --> [DEPRECATED] Creation of dynamic property App\Controllers\Home::$session is deprecated in APPPATH\Controllers\Home.php on line 13.
 1 APPPATH\Controllers\Transaksi.php(16): App\Controllers\Home->__construct()
 2 SYSTEMPATH\CodeIgniter.php(903): App\Controllers\Transaksi->__construct()
 3 SYSTEMPATH\CodeIgniter.php(500): CodeIgniter\CodeIgniter->createController()
 4 SYSTEMPATH\CodeIgniter.php(355): CodeIgniter\CodeIgniter->handleRequest(null, Object(Config\Cache), false)
 5 SYSTEMPATH\Boot.php(312): CodeIgniter\CodeIgniter->run()
 6 SYSTEMPATH\Boot.php(67): CodeIgniter\Boot::runCodeIgniter(Object(CodeIgniter\CodeIgniter))
 7 FCPATH\index.php(56): CodeIgniter\Boot::bootWeb(Object(Config\Paths))
 8 SYSTEMPATH\Commands\Server\rewrite.php(49): require_once('C:\\APK\\xampp-8.2\\htdocs\\SafeToTrip\\public\\index.php')
WARNING - 2024-06-21 22:41:06 --> [DEPRECATED] Creation of dynamic property App\Controllers\Home::$wisata is deprecated in APPPATH\Controllers\Home.php on line 14.
 1 APPPATH\Controllers\Transaksi.php(16): App\Controllers\Home->__construct()
 2 SYSTEMPATH\CodeIgniter.php(903): App\Controllers\Transaksi->__construct()
 3 SYSTEMPATH\CodeIgniter.php(500): CodeIgniter\CodeIgniter->createController()
 4 SYSTEMPATH\CodeIgniter.php(355): CodeIgniter\CodeIgniter->handleRequest(null, Object(Config\Cache), false)
 5 SYSTEMPATH\Boot.php(312): CodeIgniter\CodeIgniter->run()
 6 SYSTEMPATH\Boot.php(67): CodeIgniter\Boot::runCodeIgniter(Object(CodeIgniter\CodeIgniter))
 7 FCPATH\index.php(56): CodeIgniter\Boot::bootWeb(Object(Config\Paths))
 8 SYSTEMPATH\Commands\Server\rewrite.php(49): require_once('C:\\APK\\xampp-8.2\\htdocs\\SafeToTrip\\public\\index.php')
WARNING - 2024-06-21 22:41:06 --> [DEPRECATED] Creation of dynamic property App\Controllers\Home::$fasilitas is deprecated in APPPATH\Controllers\Home.php on line 15.
 1 APPPATH\Controllers\Transaksi.php(16): App\Controllers\Home->__construct()
 2 SYSTEMPATH\CodeIgniter.php(903): App\Controllers\Transaksi->__construct()
 3 SYSTEMPATH\CodeIgniter.php(500): CodeIgniter\CodeIgniter->createController()
 4 SYSTEMPATH\CodeIgniter.php(355): CodeIgniter\CodeIgniter->handleRequest(null, Object(Config\Cache), false)
 5 SYSTEMPATH\Boot.php(312): CodeIgniter\CodeIgniter->run()
 6 SYSTEMPATH\Boot.php(67): CodeIgniter\Boot::runCodeIgniter(Object(CodeIgniter\CodeIgniter))
 7 FCPATH\index.php(56): CodeIgniter\Boot::bootWeb(Object(Config\Paths))
 8 SYSTEMPATH\Commands\Server\rewrite.php(49): require_once('C:\\APK\\xampp-8.2\\htdocs\\SafeToTrip\\public\\index.php')
WARNING - 2024-06-21 22:41:06 --> [DEPRECATED] Creation of dynamic property App\Controllers\Home::$harga is deprecated in APPPATH\Controllers\Home.php on line 16.
 1 APPPATH\Controllers\Transaksi.php(16): App\Controllers\Home->__construct()
 2 SYSTEMPATH\CodeIgniter.php(903): App\Controllers\Transaksi->__construct()
 3 SYSTEMPATH\CodeIgniter.php(500): CodeIgniter\CodeIgniter->createController()
 4 SYSTEMPATH\CodeIgniter.php(355): CodeIgniter\CodeIgniter->handleRequest(null, Object(Config\Cache), false)
 5 SYSTEMPATH\Boot.php(312): CodeIgniter\CodeIgniter->run()
 6 SYSTEMPATH\Boot.php(67): CodeIgniter\Boot::runCodeIgniter(Object(CodeIgniter\CodeIgniter))
 7 FCPATH\index.php(56): CodeIgniter\Boot::bootWeb(Object(Config\Paths))
 8 SYSTEMPATH\Commands\Server\rewrite.php(49): require_once('C:\\APK\\xampp-8.2\\htdocs\\SafeToTrip\\public\\index.php')
WARNING - 2024-06-21 22:41:06 --> [DEPRECATED] Creation of dynamic property App\Controllers\Transaksi::$home is deprecated in APPPATH\Controllers\Transaksi.php on line 16.
 1 SYSTEMPATH\CodeIgniter.php(903): App\Controllers\Transaksi->__construct()
 2 SYSTEMPATH\CodeIgniter.php(500): CodeIgniter\CodeIgniter->createController()
 3 SYSTEMPATH\CodeIgniter.php(355): CodeIgniter\CodeIgniter->handleRequest(null, Object(Config\Cache), false)
 4 SYSTEMPATH\Boot.php(312): CodeIgniter\CodeIgniter->run()
 5 SYSTEMPATH\Boot.php(67): CodeIgniter\Boot::runCodeIgniter(Object(CodeIgniter\CodeIgniter))
 6 FCPATH\index.php(56): CodeIgniter\Boot::bootWeb(Object(Config\Paths))
 7 SYSTEMPATH\Commands\Server\rewrite.php(49): require_once('C:\\APK\\xampp-8.2\\htdocs\\SafeToTrip\\public\\index.php')
WARNING - 2024-06-21 22:41:06 --> [DEPRECATED] Creation of dynamic property App\Controllers\Transaksi::$wisata is deprecated in APPPATH\Controllers\Transaksi.php on line 17.
 1 SYSTEMPATH\CodeIgniter.php(903): App\Controllers\Transaksi->__construct()
 2 SYSTEMPATH\CodeIgniter.php(500): CodeIgniter\CodeIgniter->createController()
 3 SYSTEMPATH\CodeIgniter.php(355): CodeIgniter\CodeIgniter->handleRequest(null, Object(Config\Cache), false)
 4 SYSTEMPATH\Boot.php(312): CodeIgniter\CodeIgniter->run()
 5 SYSTEMPATH\Boot.php(67): CodeIgniter\Boot::runCodeIgniter(Object(CodeIgniter\CodeIgniter))
 6 FCPATH\index.php(56): CodeIgniter\Boot::bootWeb(Object(Config\Paths))
 7 SYSTEMPATH\Commands\Server\rewrite.php(49): require_once('C:\\APK\\xampp-8.2\\htdocs\\SafeToTrip\\public\\index.php')
WARNING - 2024-06-21 22:41:06 --> [DEPRECATED] Creation of dynamic property App\Controllers\Transaksi::$transaksi is deprecated in APPPATH\Controllers\Transaksi.php on line 18.
 1 SYSTEMPATH\CodeIgniter.php(903): App\Controllers\Transaksi->__construct()
 2 SYSTEMPATH\CodeIgniter.php(500): CodeIgniter\CodeIgniter->createController()
 3 SYSTEMPATH\CodeIgniter.php(355): CodeIgniter\CodeIgniter->handleRequest(null, Object(Config\Cache), false)
 4 SYSTEMPATH\Boot.php(312): CodeIgniter\CodeIgniter->run()
 5 SYSTEMPATH\Boot.php(67): CodeIgniter\Boot::runCodeIgniter(Object(CodeIgniter\CodeIgniter))
 6 FCPATH\index.php(56): CodeIgniter\Boot::bootWeb(Object(Config\Paths))
 7 SYSTEMPATH\Commands\Server\rewrite.php(49): require_once('C:\\APK\\xampp-8.2\\htdocs\\SafeToTrip\\public\\index.php')
WARNING - 2024-06-21 22:41:06 --> [DEPRECATED] Creation of dynamic property App\Controllers\Transaksi::$detail is deprecated in APPPATH\Controllers\Transaksi.php on line 19.
 1 SYSTEMPATH\CodeIgniter.php(903): App\Controllers\Transaksi->__construct()
 2 SYSTEMPATH\CodeIgniter.php(500): CodeIgniter\CodeIgniter->createController()
 3 SYSTEMPATH\CodeIgniter.php(355): CodeIgniter\CodeIgniter->handleRequest(null, Object(Config\Cache), false)
 4 SYSTEMPATH\Boot.php(312): CodeIgniter\CodeIgniter->run()
 5 SYSTEMPATH\Boot.php(67): CodeIgniter\Boot::runCodeIgniter(Object(CodeIgniter\CodeIgniter))
 6 FCPATH\index.php(56): CodeIgniter\Boot::bootWeb(Object(Config\Paths))
 7 SYSTEMPATH\Commands\Server\rewrite.php(49): require_once('C:\\APK\\xampp-8.2\\htdocs\\SafeToTrip\\public\\index.php')
ERROR - 2024-06-21 22:41:06 --> mysqli_sql_exception: Unknown column 'detail.jumlah_tiket' in 'field list' in C:\APK\xampp-8.2\htdocs\SafeToTrip\system\Database\MySQLi\Connection.php:308
Stack trace:
#0 C:\APK\xampp-8.2\htdocs\SafeToTrip\system\Database\MySQLi\Connection.php(308): mysqli->query('SELECT `detail`...', 0)
#1 C:\APK\xampp-8.2\htdocs\SafeToTrip\system\Database\BaseConnection.php(722): CodeIgniter\Database\MySQLi\Connection->execute('SELECT `detail`...')
#2 C:\APK\xampp-8.2\htdocs\SafeToTrip\system\Database\BaseConnection.php(636): CodeIgniter\Database\BaseConnection->simpleQuery('SELECT `detail`...')
#3 C:\APK\xampp-8.2\htdocs\SafeToTrip\system\Database\BaseBuilder.php(1629): CodeIgniter\Database\BaseConnection->query('SELECT `detail`...', Array, false)
#4 C:\APK\xampp-8.2\htdocs\SafeToTrip\system\Model.php(275): CodeIgniter\Database\BaseBuilder->get()
#5 C:\APK\xampp-8.2\htdocs\SafeToTrip\system\BaseModel.php(676): CodeIgniter\Model->doFindAll(0, 0)
#6 C:\APK\xampp-8.2\htdocs\SafeToTrip\app\Models\DetailTransaksiModel.php(23): CodeIgniter\BaseModel->findAll()
#7 C:\APK\xampp-8.2\htdocs\SafeToTrip\app\Controllers\Transaksi.php(62): App\Models\DetailTransaksiModel->getDetail('TRX171871520806...')
#8 C:\APK\xampp-8.2\htdocs\SafeToTrip\system\CodeIgniter.php(933): App\Controllers\Transaksi->detail('TRX171871520806...')
#9 C:\APK\xampp-8.2\htdocs\SafeToTrip\system\CodeIgniter.php(509): CodeIgniter\CodeIgniter->runController(Object(App\Controllers\Transaksi))
#10 C:\APK\xampp-8.2\htdocs\SafeToTrip\system\CodeIgniter.php(355): CodeIgniter\CodeIgniter->handleRequest(NULL, Object(Config\Cache), false)
#11 C:\APK\xampp-8.2\htdocs\SafeToTrip\system\Boot.php(312): CodeIgniter\CodeIgniter->run()
#12 C:\APK\xampp-8.2\htdocs\SafeToTrip\system\Boot.php(67): CodeIgniter\Boot::runCodeIgniter(Object(CodeIgniter\CodeIgniter))
#13 C:\APK\xampp-8.2\htdocs\SafeToTrip\public\index.php(56): CodeIgniter\Boot::bootWeb(Object(Config\Paths))
#14 C:\APK\xampp-8.2\htdocs\SafeToTrip\system\Commands\Server\rewrite.php(49): require_once('C:\\APK\\xampp-8....')
#15 {main}
CRITICAL - 2024-06-21 22:41:06 --> CodeIgniter\Database\Exceptions\DatabaseException: Unknown column 'detail.jumlah_tiket' in 'field list'
[Method: GET, Route: getDetail/TRX17187152080612]
in SYSTEMPATH\Database\BaseConnection.php on line 676.
 1 SYSTEMPATH\Database\BaseBuilder.php(1629): CodeIgniter\Database\BaseConnection->query('SELECT `detail`.`jumlah_tiket`, `harga`
FROM `detail_transaksi`
JOIN `harga_tiket` ON `harga_tiket`.`id_harga` = `detail_transaksi`.`id_harga`
WHERE `id_transaksi` = :id_transaksi:', [...], false)
 2 SYSTEMPATH\Model.php(275): CodeIgniter\Database\BaseBuilder->get()
 3 SYSTEMPATH\BaseModel.php(676): CodeIgniter\Model->doFindAll(0, 0)
 4 APPPATH\Models\DetailTransaksiModel.php(23): CodeIgniter\BaseModel->findAll()
 5 APPPATH\Controllers\Transaksi.php(62): App\Models\DetailTransaksiModel->getDetail('TRX17187152080612')
 6 SYSTEMPATH\CodeIgniter.php(933): App\Controllers\Transaksi->detail('TRX17187152080612')
 7 SYSTEMPATH\CodeIgniter.php(509): CodeIgniter\CodeIgniter->runController(Object(App\Controllers\Transaksi))
 8 SYSTEMPATH\CodeIgniter.php(355): CodeIgniter\CodeIgniter->handleRequest(null, Object(Config\Cache), false)
 9 SYSTEMPATH\Boot.php(312): CodeIgniter\CodeIgniter->run()
10 SYSTEMPATH\Boot.php(67): CodeIgniter\Boot::runCodeIgniter(Object(CodeIgniter\CodeIgniter))
11 FCPATH\index.php(56): CodeIgniter\Boot::bootWeb(Object(Config\Paths))
12 SYSTEMPATH\Commands\Server\rewrite.php(49): require_once('C:\\APK\\xampp-8.2\\htdocs\\SafeToTrip\\public\\index.php')
CRITICAL - 2024-06-21 22:41:06 --> [Caused by] CodeIgniter\Database\Exceptions\DatabaseException: Unknown column 'detail.jumlah_tiket' in 'field list'
in SYSTEMPATH\Database\MySQLi\Connection.php on line 313.
 1 SYSTEMPATH\Database\BaseConnection.php(722): CodeIgniter\Database\MySQLi\Connection->execute('SELECT `detail`.`jumlah_tiket`, `harga`
FROM `detail_transaksi`
JOIN `harga_tiket` ON `harga_tiket`.`id_harga` = `detail_transaksi`.`id_harga`
WHERE `id_transaksi` = \'TRX17187152080612\'')
 2 SYSTEMPATH\Database\BaseConnection.php(636): CodeIgniter\Database\BaseConnection->simpleQuery('SELECT `detail`.`jumlah_tiket`, `harga`
FROM `detail_transaksi`
JOIN `harga_tiket` ON `harga_tiket`.`id_harga` = `detail_transaksi`.`id_harga`
WHERE `id_transaksi` = \'TRX17187152080612\'')
 3 SYSTEMPATH\Database\BaseBuilder.php(1629): CodeIgniter\Database\BaseConnection->query('SELECT `detail`.`jumlah_tiket`, `harga`
FROM `detail_transaksi`
JOIN `harga_tiket` ON `harga_tiket`.`id_harga` = `detail_transaksi`.`id_harga`
WHERE `id_transaksi` = :id_transaksi:', [...], false)
 4 SYSTEMPATH\Model.php(275): CodeIgniter\Database\BaseBuilder->get()
 5 SYSTEMPATH\BaseModel.php(676): CodeIgniter\Model->doFindAll(0, 0)
 6 APPPATH\Models\DetailTransaksiModel.php(23): CodeIgniter\BaseModel->findAll()
 7 APPPATH\Controllers\Transaksi.php(62): App\Models\DetailTransaksiModel->getDetail('TRX17187152080612')
 8 SYSTEMPATH\CodeIgniter.php(933): App\Controllers\Transaksi->detail('TRX17187152080612')
 9 SYSTEMPATH\CodeIgniter.php(509): CodeIgniter\CodeIgniter->runController(Object(App\Controllers\Transaksi))
10 SYSTEMPATH\CodeIgniter.php(355): CodeIgniter\CodeIgniter->handleRequest(null, Object(Config\Cache), false)
11 SYSTEMPATH\Boot.php(312): CodeIgniter\CodeIgniter->run()
12 SYSTEMPATH\Boot.php(67): CodeIgniter\Boot::runCodeIgniter(Object(CodeIgniter\CodeIgniter))
13 FCPATH\index.php(56): CodeIgniter\Boot::bootWeb(Object(Config\Paths))
14 SYSTEMPATH\Commands\Server\rewrite.php(49): require_once('C:\\APK\\xampp-8.2\\htdocs\\SafeToTrip\\public\\index.php')
CRITICAL - 2024-06-21 22:41:06 --> [Caused by] mysqli_sql_exception: Unknown column 'detail.jumlah_tiket' in 'field list'
in SYSTEMPATH\Database\MySQLi\Connection.php on line 308.
 1 SYSTEMPATH\Database\MySQLi\Connection.php(308): mysqli->query('SELECT `detail`.`jumlah_tiket`, `harga`
FROM `detail_transaksi`
JOIN `harga_tiket` ON `harga_tiket`.`id_harga` = `detail_transaksi`.`id_harga`
WHERE `id_transaksi` = \'TRX17187152080612\'', 0)
 2 SYSTEMPATH\Database\BaseConnection.php(722): CodeIgniter\Database\MySQLi\Connection->execute('SELECT `detail`.`jumlah_tiket`, `harga`
FROM `detail_transaksi`
JOIN `harga_tiket` ON `harga_tiket`.`id_harga` = `detail_transaksi`.`id_harga`
WHERE `id_transaksi` = \'TRX17187152080612\'')
 3 SYSTEMPATH\Database\BaseConnection.php(636): CodeIgniter\Database\BaseConnection->simpleQuery('SELECT `detail`.`jumlah_tiket`, `harga`
FROM `detail_transaksi`
JOIN `harga_tiket` ON `harga_tiket`.`id_harga` = `detail_transaksi`.`id_harga`
WHERE `id_transaksi` = \'TRX17187152080612\'')
 4 SYSTEMPATH\Database\BaseBuilder.php(1629): CodeIgniter\Database\BaseConnection->query('SELECT `detail`.`jumlah_tiket`, `harga`
FROM `detail_transaksi`
JOIN `harga_tiket` ON `harga_tiket`.`id_harga` = `detail_transaksi`.`id_harga`
WHERE `id_transaksi` = :id_transaksi:', [...], false)
 5 SYSTEMPATH\Model.php(275): CodeIgniter\Database\BaseBuilder->get()
 6 SYSTEMPATH\BaseModel.php(676): CodeIgniter\Model->doFindAll(0, 0)
 7 APPPATH\Models\DetailTransaksiModel.php(23): CodeIgniter\BaseModel->findAll()
 8 APPPATH\Controllers\Transaksi.php(62): App\Models\DetailTransaksiModel->getDetail('TRX17187152080612')
 9 SYSTEMPATH\CodeIgniter.php(933): App\Controllers\Transaksi->detail('TRX17187152080612')
10 SYSTEMPATH\CodeIgniter.php(509): CodeIgniter\CodeIgniter->runController(Object(App\Controllers\Transaksi))
11 SYSTEMPATH\CodeIgniter.php(355): CodeIgniter\CodeIgniter->handleRequest(null, Object(Config\Cache), false)
12 SYSTEMPATH\Boot.php(312): CodeIgniter\CodeIgniter->run()
13 SYSTEMPATH\Boot.php(67): CodeIgniter\Boot::runCodeIgniter(Object(CodeIgniter\CodeIgniter))
14 FCPATH\index.php(56): CodeIgniter\Boot::bootWeb(Object(Config\Paths))
15 SYSTEMPATH\Commands\Server\rewrite.php(49): require_once('C:\\APK\\xampp-8.2\\htdocs\\SafeToTrip\\public\\index.php')
INFO - 2024-06-21 22:41:15 --> Session: Class initialized using 'CodeIgniter\Session\Handlers\FileHandler' driver.
WARNING - 2024-06-21 22:41:15 --> [DEPRECATED] Creation of dynamic property App\Controllers\Transaksi::$session is deprecated in APPPATH\Controllers\Transaksi.php on line 15.
 1 SYSTEMPATH\CodeIgniter.php(903): App\Controllers\Transaksi->__construct()
 2 SYSTEMPATH\CodeIgniter.php(500): CodeIgniter\CodeIgniter->createController()
 3 SYSTEMPATH\CodeIgniter.php(355): CodeIgniter\CodeIgniter->handleRequest(null, Object(Config\Cache), false)
 4 SYSTEMPATH\Boot.php(312): CodeIgniter\CodeIgniter->run()
 5 SYSTEMPATH\Boot.php(67): CodeIgniter\Boot::runCodeIgniter(Object(CodeIgniter\CodeIgniter))
 6 FCPATH\index.php(56): CodeIgniter\Boot::bootWeb(Object(Config\Paths))
 7 SYSTEMPATH\Commands\Server\rewrite.php(49): require_once('C:\\APK\\xampp-8.2\\htdocs\\SafeToTrip\\public\\index.php')
WARNING - 2024-06-21 22:41:15 --> [DEPRECATED] Creation of dynamic property App\Controllers\Home::$session is deprecated in APPPATH\Controllers\Home.php on line 13.
 1 APPPATH\Controllers\Transaksi.php(16): App\Controllers\Home->__construct()
 2 SYSTEMPATH\CodeIgniter.php(903): App\Controllers\Transaksi->__construct()
 3 SYSTEMPATH\CodeIgniter.php(500): CodeIgniter\CodeIgniter->createController()
 4 SYSTEMPATH\CodeIgniter.php(355): CodeIgniter\CodeIgniter->handleRequest(null, Object(Config\Cache), false)
 5 SYSTEMPATH\Boot.php(312): CodeIgniter\CodeIgniter->run()
 6 SYSTEMPATH\Boot.php(67): CodeIgniter\Boot::runCodeIgniter(Object(CodeIgniter\CodeIgniter))
 7 FCPATH\index.php(56): CodeIgniter\Boot::bootWeb(Object(Config\Paths))
 8 SYSTEMPATH\Commands\Server\rewrite.php(49): require_once('C:\\APK\\xampp-8.2\\htdocs\\SafeToTrip\\public\\index.php')
WARNING - 2024-06-21 22:41:15 --> [DEPRECATED] Creation of dynamic property App\Controllers\Home::$wisata is deprecated in APPPATH\Controllers\Home.php on line 14.
 1 APPPATH\Controllers\Transaksi.php(16): App\Controllers\Home->__construct()
 2 SYSTEMPATH\CodeIgniter.php(903): App\Controllers\Transaksi->__construct()
 3 SYSTEMPATH\CodeIgniter.php(500): CodeIgniter\CodeIgniter->createController()
 4 SYSTEMPATH\CodeIgniter.php(355): CodeIgniter\CodeIgniter->handleRequest(null, Object(Config\Cache), false)
 5 SYSTEMPATH\Boot.php(312): CodeIgniter\CodeIgniter->run()
 6 SYSTEMPATH\Boot.php(67): CodeIgniter\Boot::runCodeIgniter(Object(CodeIgniter\CodeIgniter))
 7 FCPATH\index.php(56): CodeIgniter\Boot::bootWeb(Object(Config\Paths))
 8 SYSTEMPATH\Commands\Server\rewrite.php(49): require_once('C:\\APK\\xampp-8.2\\htdocs\\SafeToTrip\\public\\index.php')
WARNING - 2024-06-21 22:41:15 --> [DEPRECATED] Creation of dynamic property App\Controllers\Home::$fasilitas is deprecated in APPPATH\Controllers\Home.php on line 15.
 1 APPPATH\Controllers\Transaksi.php(16): App\Controllers\Home->__construct()
 2 SYSTEMPATH\CodeIgniter.php(903): App\Controllers\Transaksi->__construct()
 3 SYSTEMPATH\CodeIgniter.php(500): CodeIgniter\CodeIgniter->createController()
 4 SYSTEMPATH\CodeIgniter.php(355): CodeIgniter\CodeIgniter->handleRequest(null, Object(Config\Cache), false)
 5 SYSTEMPATH\Boot.php(312): CodeIgniter\CodeIgniter->run()
 6 SYSTEMPATH\Boot.php(67): CodeIgniter\Boot::runCodeIgniter(Object(CodeIgniter\CodeIgniter))
 7 FCPATH\index.php(56): CodeIgniter\Boot::bootWeb(Object(Config\Paths))
 8 SYSTEMPATH\Commands\Server\rewrite.php(49): require_once('C:\\APK\\xampp-8.2\\htdocs\\SafeToTrip\\public\\index.php')
WARNING - 2024-06-21 22:41:15 --> [DEPRECATED] Creation of dynamic property App\Controllers\Home::$harga is deprecated in APPPATH\Controllers\Home.php on line 16.
 1 APPPATH\Controllers\Transaksi.php(16): App\Controllers\Home->__construct()
 2 SYSTEMPATH\CodeIgniter.php(903): App\Controllers\Transaksi->__construct()
 3 SYSTEMPATH\CodeIgniter.php(500): CodeIgniter\CodeIgniter->createController()
 4 SYSTEMPATH\CodeIgniter.php(355): CodeIgniter\CodeIgniter->handleRequest(null, Object(Config\Cache), false)
 5 SYSTEMPATH\Boot.php(312): CodeIgniter\CodeIgniter->run()
 6 SYSTEMPATH\Boot.php(67): CodeIgniter\Boot::runCodeIgniter(Object(CodeIgniter\CodeIgniter))
 7 FCPATH\index.php(56): CodeIgniter\Boot::bootWeb(Object(Config\Paths))
 8 SYSTEMPATH\Commands\Server\rewrite.php(49): require_once('C:\\APK\\xampp-8.2\\htdocs\\SafeToTrip\\public\\index.php')
WARNING - 2024-06-21 22:41:15 --> [DEPRECATED] Creation of dynamic property App\Controllers\Transaksi::$home is deprecated in APPPATH\Controllers\Transaksi.php on line 16.
 1 SYSTEMPATH\CodeIgniter.php(903): App\Controllers\Transaksi->__construct()
 2 SYSTEMPATH\CodeIgniter.php(500): CodeIgniter\CodeIgniter->createController()
 3 SYSTEMPATH\CodeIgniter.php(355): CodeIgniter\CodeIgniter->handleRequest(null, Object(Config\Cache), false)
 4 SYSTEMPATH\Boot.php(312): CodeIgniter\CodeIgniter->run()
 5 SYSTEMPATH\Boot.php(67): CodeIgniter\Boot::runCodeIgniter(Object(CodeIgniter\CodeIgniter))
 6 FCPATH\index.php(56): CodeIgniter\Boot::bootWeb(Object(Config\Paths))
 7 SYSTEMPATH\Commands\Server\rewrite.php(49): require_once('C:\\APK\\xampp-8.2\\htdocs\\SafeToTrip\\public\\index.php')
WARNING - 2024-06-21 22:41:15 --> [DEPRECATED] Creation of dynamic property App\Controllers\Transaksi::$wisata is deprecated in APPPATH\Controllers\Transaksi.php on line 17.
 1 SYSTEMPATH\CodeIgniter.php(903): App\Controllers\Transaksi->__construct()
 2 SYSTEMPATH\CodeIgniter.php(500): CodeIgniter\CodeIgniter->createController()
 3 SYSTEMPATH\CodeIgniter.php(355): CodeIgniter\CodeIgniter->handleRequest(null, Object(Config\Cache), false)
 4 SYSTEMPATH\Boot.php(312): CodeIgniter\CodeIgniter->run()
 5 SYSTEMPATH\Boot.php(67): CodeIgniter\Boot::runCodeIgniter(Object(CodeIgniter\CodeIgniter))
 6 FCPATH\index.php(56): CodeIgniter\Boot::bootWeb(Object(Config\Paths))
 7 SYSTEMPATH\Commands\Server\rewrite.php(49): require_once('C:\\APK\\xampp-8.2\\htdocs\\SafeToTrip\\public\\index.php')
WARNING - 2024-06-21 22:41:15 --> [DEPRECATED] Creation of dynamic property App\Controllers\Transaksi::$transaksi is deprecated in APPPATH\Controllers\Transaksi.php on line 18.
 1 SYSTEMPATH\CodeIgniter.php(903): App\Controllers\Transaksi->__construct()
 2 SYSTEMPATH\CodeIgniter.php(500): CodeIgniter\CodeIgniter->createController()
 3 SYSTEMPATH\CodeIgniter.php(355): CodeIgniter\CodeIgniter->handleRequest(null, Object(Config\Cache), false)
 4 SYSTEMPATH\Boot.php(312): CodeIgniter\CodeIgniter->run()
 5 SYSTEMPATH\Boot.php(67): CodeIgniter\Boot::runCodeIgniter(Object(CodeIgniter\CodeIgniter))
 6 FCPATH\index.php(56): CodeIgniter\Boot::bootWeb(Object(Config\Paths))
 7 SYSTEMPATH\Commands\Server\rewrite.php(49): require_once('C:\\APK\\xampp-8.2\\htdocs\\SafeToTrip\\public\\index.php')
WARNING - 2024-06-21 22:41:15 --> [DEPRECATED] Creation of dynamic property App\Controllers\Transaksi::$detail is deprecated in APPPATH\Controllers\Transaksi.php on line 19.
 1 SYSTEMPATH\CodeIgniter.php(903): App\Controllers\Transaksi->__construct()
 2 SYSTEMPATH\CodeIgniter.php(500): CodeIgniter\CodeIgniter->createController()
 3 SYSTEMPATH\CodeIgniter.php(355): CodeIgniter\CodeIgniter->handleRequest(null, Object(Config\Cache), false)
 4 SYSTEMPATH\Boot.php(312): CodeIgniter\CodeIgniter->run()
 5 SYSTEMPATH\Boot.php(67): CodeIgniter\Boot::runCodeIgniter(Object(CodeIgniter\CodeIgniter))
 6 FCPATH\index.php(56): CodeIgniter\Boot::bootWeb(Object(Config\Paths))
 7 SYSTEMPATH\Commands\Server\rewrite.php(49): require_once('C:\\APK\\xampp-8.2\\htdocs\\SafeToTrip\\public\\index.php')
ERROR - 2024-06-21 22:41:15 --> mysqli_sql_exception: Unknown column 'detail_transkasi.jumlah_tiket' in 'field list' in C:\APK\xampp-8.2\htdocs\SafeToTrip\system\Database\MySQLi\Connection.php:308
Stack trace:
#0 C:\APK\xampp-8.2\htdocs\SafeToTrip\system\Database\MySQLi\Connection.php(308): mysqli->query('SELECT `detail_...', 0)
#1 C:\APK\xampp-8.2\htdocs\SafeToTrip\system\Database\BaseConnection.php(722): CodeIgniter\Database\MySQLi\Connection->execute('SELECT `detail_...')
#2 C:\APK\xampp-8.2\htdocs\SafeToTrip\system\Database\BaseConnection.php(636): CodeIgniter\Database\BaseConnection->simpleQuery('SELECT `detail_...')
#3 C:\APK\xampp-8.2\htdocs\SafeToTrip\system\Database\BaseBuilder.php(1629): CodeIgniter\Database\BaseConnection->query('SELECT `detail_...', Array, false)
#4 C:\APK\xampp-8.2\htdocs\SafeToTrip\system\Model.php(275): CodeIgniter\Database\BaseBuilder->get()
#5 C:\APK\xampp-8.2\htdocs\SafeToTrip\system\BaseModel.php(676): CodeIgniter\Model->doFindAll(0, 0)
#6 C:\APK\xampp-8.2\htdocs\SafeToTrip\app\Models\DetailTransaksiModel.php(23): CodeIgniter\BaseModel->findAll()
#7 C:\APK\xampp-8.2\htdocs\SafeToTrip\app\Controllers\Transaksi.php(62): App\Models\DetailTransaksiModel->getDetail('TRX171871520806...')
#8 C:\APK\xampp-8.2\htdocs\SafeToTrip\system\CodeIgniter.php(933): App\Controllers\Transaksi->detail('TRX171871520806...')
#9 C:\APK\xampp-8.2\htdocs\SafeToTrip\system\CodeIgniter.php(509): CodeIgniter\CodeIgniter->runController(Object(App\Controllers\Transaksi))
#10 C:\APK\xampp-8.2\htdocs\SafeToTrip\system\CodeIgniter.php(355): CodeIgniter\CodeIgniter->handleRequest(NULL, Object(Config\Cache), false)
#11 C:\APK\xampp-8.2\htdocs\SafeToTrip\system\Boot.php(312): CodeIgniter\CodeIgniter->run()
#12 C:\APK\xampp-8.2\htdocs\SafeToTrip\system\Boot.php(67): CodeIgniter\Boot::runCodeIgniter(Object(CodeIgniter\CodeIgniter))
#13 C:\APK\xampp-8.2\htdocs\SafeToTrip\public\index.php(56): CodeIgniter\Boot::bootWeb(Object(Config\Paths))
#14 C:\APK\xampp-8.2\htdocs\SafeToTrip\system\Commands\Server\rewrite.php(49): require_once('C:\\APK\\xampp-8....')
#15 {main}
CRITICAL - 2024-06-21 22:41:15 --> CodeIgniter\Database\Exceptions\DatabaseException: Unknown column 'detail_transkasi.jumlah_tiket' in 'field list'
[Method: GET, Route: getDetail/TRX17187152080612]
in SYSTEMPATH\Database\BaseConnection.php on line 676.
 1 SYSTEMPATH\Database\BaseBuilder.php(1629): CodeIgniter\Database\BaseConnection->query('SELECT `detail_transkasi`.`jumlah_tiket`, `harga`
FROM `detail_transaksi`
JOIN `harga_tiket` ON `harga_tiket`.`id_harga` = `detail_transaksi`.`id_harga`
WHERE `id_transaksi` = :id_transaksi:', [...], false)
 2 SYSTEMPATH\Model.php(275): CodeIgniter\Database\BaseBuilder->get()
 3 SYSTEMPATH\BaseModel.php(676): CodeIgniter\Model->doFindAll(0, 0)
 4 APPPATH\Models\DetailTransaksiModel.php(23): CodeIgniter\BaseModel->findAll()
 5 APPPATH\Controllers\Transaksi.php(62): App\Models\DetailTransaksiModel->getDetail('TRX17187152080612')
 6 SYSTEMPATH\CodeIgniter.php(933): App\Controllers\Transaksi->detail('TRX17187152080612')
 7 SYSTEMPATH\CodeIgniter.php(509): CodeIgniter\CodeIgniter->runController(Object(App\Controllers\Transaksi))
 8 SYSTEMPATH\CodeIgniter.php(355): CodeIgniter\CodeIgniter->handleRequest(null, Object(Config\Cache), false)
 9 SYSTEMPATH\Boot.php(312): CodeIgniter\CodeIgniter->run()
10 SYSTEMPATH\Boot.php(67): CodeIgniter\Boot::runCodeIgniter(Object(CodeIgniter\CodeIgniter))
11 FCPATH\index.php(56): CodeIgniter\Boot::bootWeb(Object(Config\Paths))
12 SYSTEMPATH\Commands\Server\rewrite.php(49): require_once('C:\\APK\\xampp-8.2\\htdocs\\SafeToTrip\\public\\index.php')
CRITICAL - 2024-06-21 22:41:15 --> [Caused by] CodeIgniter\Database\Exceptions\DatabaseException: Unknown column 'detail_transkasi.jumlah_tiket' in 'field list'
in SYSTEMPATH\Database\MySQLi\Connection.php on line 313.
 1 SYSTEMPATH\Database\BaseConnection.php(722): CodeIgniter\Database\MySQLi\Connection->execute('SELECT `detail_transkasi`.`jumlah_tiket`, `harga`
FROM `detail_transaksi`
JOIN `harga_tiket` ON `harga_tiket`.`id_harga` = `detail_transaksi`.`id_harga`
WHERE `id_transaksi` = \'TRX17187152080612\'')
 2 SYSTEMPATH\Database\BaseConnection.php(636): CodeIgniter\Database\BaseConnection->simpleQuery('SELECT `detail_transkasi`.`jumlah_tiket`, `harga`
FROM `detail_transaksi`
JOIN `harga_tiket` ON `harga_tiket`.`id_harga` = `detail_transaksi`.`id_harga`
WHERE `id_transaksi` = \'TRX17187152080612\'')
 3 SYSTEMPATH\Database\BaseBuilder.php(1629): CodeIgniter\Database\BaseConnection->query('SELECT `detail_transkasi`.`jumlah_tiket`, `harga`
FROM `detail_transaksi`
JOIN `harga_tiket` ON `harga_tiket`.`id_harga` = `detail_transaksi`.`id_harga`
WHERE `id_transaksi` = :id_transaksi:', [...], false)
 4 SYSTEMPATH\Model.php(275): CodeIgniter\Database\BaseBuilder->get()
 5 SYSTEMPATH\BaseModel.php(676): CodeIgniter\Model->doFindAll(0, 0)
 6 APPPATH\Models\DetailTransaksiModel.php(23): CodeIgniter\BaseModel->findAll()
 7 APPPATH\Controllers\Transaksi.php(62): App\Models\DetailTransaksiModel->getDetail('TRX17187152080612')
 8 SYSTEMPATH\CodeIgniter.php(933): App\Controllers\Transaksi->detail('TRX17187152080612')
 9 SYSTEMPATH\CodeIgniter.php(509): CodeIgniter\CodeIgniter->runController(Object(App\Controllers\Transaksi))
10 SYSTEMPATH\CodeIgniter.php(355): CodeIgniter\CodeIgniter->handleRequest(null, Object(Config\Cache), false)
11 SYSTEMPATH\Boot.php(312): CodeIgniter\CodeIgniter->run()
12 SYSTEMPATH\Boot.php(67): CodeIgniter\Boot::runCodeIgniter(Object(CodeIgniter\CodeIgniter))
13 FCPATH\index.php(56): CodeIgniter\Boot::bootWeb(Object(Config\Paths))
14 SYSTEMPATH\Commands\Server\rewrite.php(49): require_once('C:\\APK\\xampp-8.2\\htdocs\\SafeToTrip\\public\\index.php')
CRITICAL - 2024-06-21 22:41:15 --> [Caused by] mysqli_sql_exception: Unknown column 'detail_transkasi.jumlah_tiket' in 'field list'
in SYSTEMPATH\Database\MySQLi\Connection.php on line 308.
 1 SYSTEMPATH\Database\MySQLi\Connection.php(308): mysqli->query('SELECT `detail_transkasi`.`jumlah_tiket`, `harga`
FROM `detail_transaksi`
JOIN `harga_tiket` ON `harga_tiket`.`id_harga` = `detail_transaksi`.`id_harga`
WHERE `id_transaksi` = \'TRX17187152080612\'', 0)
 2 SYSTEMPATH\Database\BaseConnection.php(722): CodeIgniter\Database\MySQLi\Connection->execute('SELECT `detail_transkasi`.`jumlah_tiket`, `harga`
FROM `detail_transaksi`
JOIN `harga_tiket` ON `harga_tiket`.`id_harga` = `detail_transaksi`.`id_harga`
WHERE `id_transaksi` = \'TRX17187152080612\'')
 3 SYSTEMPATH\Database\BaseConnection.php(636): CodeIgniter\Database\BaseConnection->simpleQuery('SELECT `detail_transkasi`.`jumlah_tiket`, `harga`
FROM `detail_transaksi`
JOIN `harga_tiket` ON `harga_tiket`.`id_harga` = `detail_transaksi`.`id_harga`
WHERE `id_transaksi` = \'TRX17187152080612\'')
 4 SYSTEMPATH\Database\BaseBuilder.php(1629): CodeIgniter\Database\BaseConnection->query('SELECT `detail_transkasi`.`jumlah_tiket`, `harga`
FROM `detail_transaksi`
JOIN `harga_tiket` ON `harga_tiket`.`id_harga` = `detail_transaksi`.`id_harga`
WHERE `id_transaksi` = :id_transaksi:', [...], false)
 5 SYSTEMPATH\Model.php(275): CodeIgniter\Database\BaseBuilder->get()
 6 SYSTEMPATH\BaseModel.php(676): CodeIgniter\Model->doFindAll(0, 0)
 7 APPPATH\Models\DetailTransaksiModel.php(23): CodeIgniter\BaseModel->findAll()
 8 APPPATH\Controllers\Transaksi.php(62): App\Models\DetailTransaksiModel->getDetail('TRX17187152080612')
 9 SYSTEMPATH\CodeIgniter.php(933): App\Controllers\Transaksi->detail('TRX17187152080612')
10 SYSTEMPATH\CodeIgniter.php(509): CodeIgniter\CodeIgniter->runController(Object(App\Controllers\Transaksi))
11 SYSTEMPATH\CodeIgniter.php(355): CodeIgniter\CodeIgniter->handleRequest(null, Object(Config\Cache), false)
12 SYSTEMPATH\Boot.php(312): CodeIgniter\CodeIgniter->run()
13 SYSTEMPATH\Boot.php(67): CodeIgniter\Boot::runCodeIgniter(Object(CodeIgniter\CodeIgniter))
14 FCPATH\index.php(56): CodeIgniter\Boot::bootWeb(Object(Config\Paths))
15 SYSTEMPATH\Commands\Server\rewrite.php(49): require_once('C:\\APK\\xampp-8.2\\htdocs\\SafeToTrip\\public\\index.php')
INFO - 2024-06-21 22:41:50 --> Session: Class initialized using 'CodeIgniter\Session\Handlers\FileHandler' driver.
WARNING - 2024-06-21 22:41:50 --> [DEPRECATED] Creation of dynamic property App\Controllers\Transaksi::$session is deprecated in APPPATH\Controllers\Transaksi.php on line 15.
 1 SYSTEMPATH\CodeIgniter.php(903): App\Controllers\Transaksi->__construct()
 2 SYSTEMPATH\CodeIgniter.php(500): CodeIgniter\CodeIgniter->createController()
 3 SYSTEMPATH\CodeIgniter.php(355): CodeIgniter\CodeIgniter->handleRequest(null, Object(Config\Cache), false)
 4 SYSTEMPATH\Boot.php(312): CodeIgniter\CodeIgniter->run()
 5 SYSTEMPATH\Boot.php(67): CodeIgniter\Boot::runCodeIgniter(Object(CodeIgniter\CodeIgniter))
 6 FCPATH\index.php(56): CodeIgniter\Boot::bootWeb(Object(Config\Paths))
 7 SYSTEMPATH\Commands\Server\rewrite.php(49): require_once('C:\\APK\\xampp-8.2\\htdocs\\SafeToTrip\\public\\index.php')
WARNING - 2024-06-21 22:41:50 --> [DEPRECATED] Creation of dynamic property App\Controllers\Home::$session is deprecated in APPPATH\Controllers\Home.php on line 13.
 1 APPPATH\Controllers\Transaksi.php(16): App\Controllers\Home->__construct()
 2 SYSTEMPATH\CodeIgniter.php(903): App\Controllers\Transaksi->__construct()
 3 SYSTEMPATH\CodeIgniter.php(500): CodeIgniter\CodeIgniter->createController()
 4 SYSTEMPATH\CodeIgniter.php(355): CodeIgniter\CodeIgniter->handleRequest(null, Object(Config\Cache), false)
 5 SYSTEMPATH\Boot.php(312): CodeIgniter\CodeIgniter->run()
 6 SYSTEMPATH\Boot.php(67): CodeIgniter\Boot::runCodeIgniter(Object(CodeIgniter\CodeIgniter))
 7 FCPATH\index.php(56): CodeIgniter\Boot::bootWeb(Object(Config\Paths))
 8 SYSTEMPATH\Commands\Server\rewrite.php(49): require_once('C:\\APK\\xampp-8.2\\htdocs\\SafeToTrip\\public\\index.php')
WARNING - 2024-06-21 22:41:50 --> [DEPRECATED] Creation of dynamic property App\Controllers\Home::$wisata is deprecated in APPPATH\Controllers\Home.php on line 14.
 1 APPPATH\Controllers\Transaksi.php(16): App\Controllers\Home->__construct()
 2 SYSTEMPATH\CodeIgniter.php(903): App\Controllers\Transaksi->__construct()
 3 SYSTEMPATH\CodeIgniter.php(500): CodeIgniter\CodeIgniter->createController()
 4 SYSTEMPATH\CodeIgniter.php(355): CodeIgniter\CodeIgniter->handleRequest(null, Object(Config\Cache), false)
 5 SYSTEMPATH\Boot.php(312): CodeIgniter\CodeIgniter->run()
 6 SYSTEMPATH\Boot.php(67): CodeIgniter\Boot::runCodeIgniter(Object(CodeIgniter\CodeIgniter))
 7 FCPATH\index.php(56): CodeIgniter\Boot::bootWeb(Object(Config\Paths))
 8 SYSTEMPATH\Commands\Server\rewrite.php(49): require_once('C:\\APK\\xampp-8.2\\htdocs\\SafeToTrip\\public\\index.php')
WARNING - 2024-06-21 22:41:50 --> [DEPRECATED] Creation of dynamic property App\Controllers\Home::$fasilitas is deprecated in APPPATH\Controllers\Home.php on line 15.
 1 APPPATH\Controllers\Transaksi.php(16): App\Controllers\Home->__construct()
 2 SYSTEMPATH\CodeIgniter.php(903): App\Controllers\Transaksi->__construct()
 3 SYSTEMPATH\CodeIgniter.php(500): CodeIgniter\CodeIgniter->createController()
 4 SYSTEMPATH\CodeIgniter.php(355): CodeIgniter\CodeIgniter->handleRequest(null, Object(Config\Cache), false)
 5 SYSTEMPATH\Boot.php(312): CodeIgniter\CodeIgniter->run()
 6 SYSTEMPATH\Boot.php(67): CodeIgniter\Boot::runCodeIgniter(Object(CodeIgniter\CodeIgniter))
 7 FCPATH\index.php(56): CodeIgniter\Boot::bootWeb(Object(Config\Paths))
 8 SYSTEMPATH\Commands\Server\rewrite.php(49): require_once('C:\\APK\\xampp-8.2\\htdocs\\SafeToTrip\\public\\index.php')
WARNING - 2024-06-21 22:41:50 --> [DEPRECATED] Creation of dynamic property App\Controllers\Home::$harga is deprecated in APPPATH\Controllers\Home.php on line 16.
 1 APPPATH\Controllers\Transaksi.php(16): App\Controllers\Home->__construct()
 2 SYSTEMPATH\CodeIgniter.php(903): App\Controllers\Transaksi->__construct()
 3 SYSTEMPATH\CodeIgniter.php(500): CodeIgniter\CodeIgniter->createController()
 4 SYSTEMPATH\CodeIgniter.php(355): CodeIgniter\CodeIgniter->handleRequest(null, Object(Config\Cache), false)
 5 SYSTEMPATH\Boot.php(312): CodeIgniter\CodeIgniter->run()
 6 SYSTEMPATH\Boot.php(67): CodeIgniter\Boot::runCodeIgniter(Object(CodeIgniter\CodeIgniter))
 7 FCPATH\index.php(56): CodeIgniter\Boot::bootWeb(Object(Config\Paths))
 8 SYSTEMPATH\Commands\Server\rewrite.php(49): require_once('C:\\APK\\xampp-8.2\\htdocs\\SafeToTrip\\public\\index.php')
WARNING - 2024-06-21 22:41:50 --> [DEPRECATED] Creation of dynamic property App\Controllers\Transaksi::$home is deprecated in APPPATH\Controllers\Transaksi.php on line 16.
 1 SYSTEMPATH\CodeIgniter.php(903): App\Controllers\Transaksi->__construct()
 2 SYSTEMPATH\CodeIgniter.php(500): CodeIgniter\CodeIgniter->createController()
 3 SYSTEMPATH\CodeIgniter.php(355): CodeIgniter\CodeIgniter->handleRequest(null, Object(Config\Cache), false)
 4 SYSTEMPATH\Boot.php(312): CodeIgniter\CodeIgniter->run()
 5 SYSTEMPATH\Boot.php(67): CodeIgniter\Boot::runCodeIgniter(Object(CodeIgniter\CodeIgniter))
 6 FCPATH\index.php(56): CodeIgniter\Boot::bootWeb(Object(Config\Paths))
 7 SYSTEMPATH\Commands\Server\rewrite.php(49): require_once('C:\\APK\\xampp-8.2\\htdocs\\SafeToTrip\\public\\index.php')
WARNING - 2024-06-21 22:41:50 --> [DEPRECATED] Creation of dynamic property App\Controllers\Transaksi::$wisata is deprecated in APPPATH\Controllers\Transaksi.php on line 17.
 1 SYSTEMPATH\CodeIgniter.php(903): App\Controllers\Transaksi->__construct()
 2 SYSTEMPATH\CodeIgniter.php(500): CodeIgniter\CodeIgniter->createController()
 3 SYSTEMPATH\CodeIgniter.php(355): CodeIgniter\CodeIgniter->handleRequest(null, Object(Config\Cache), false)
 4 SYSTEMPATH\Boot.php(312): CodeIgniter\CodeIgniter->run()
 5 SYSTEMPATH\Boot.php(67): CodeIgniter\Boot::runCodeIgniter(Object(CodeIgniter\CodeIgniter))
 6 FCPATH\index.php(56): CodeIgniter\Boot::bootWeb(Object(Config\Paths))
 7 SYSTEMPATH\Commands\Server\rewrite.php(49): require_once('C:\\APK\\xampp-8.2\\htdocs\\SafeToTrip\\public\\index.php')
WARNING - 2024-06-21 22:41:50 --> [DEPRECATED] Creation of dynamic property App\Controllers\Transaksi::$transaksi is deprecated in APPPATH\Controllers\Transaksi.php on line 18.
 1 SYSTEMPATH\CodeIgniter.php(903): App\Controllers\Transaksi->__construct()
 2 SYSTEMPATH\CodeIgniter.php(500): CodeIgniter\CodeIgniter->createController()
 3 SYSTEMPATH\CodeIgniter.php(355): CodeIgniter\CodeIgniter->handleRequest(null, Object(Config\Cache), false)
 4 SYSTEMPATH\Boot.php(312): CodeIgniter\CodeIgniter->run()
 5 SYSTEMPATH\Boot.php(67): CodeIgniter\Boot::runCodeIgniter(Object(CodeIgniter\CodeIgniter))
 6 FCPATH\index.php(56): CodeIgniter\Boot::bootWeb(Object(Config\Paths))
 7 SYSTEMPATH\Commands\Server\rewrite.php(49): require_once('C:\\APK\\xampp-8.2\\htdocs\\SafeToTrip\\public\\index.php')
WARNING - 2024-06-21 22:41:50 --> [DEPRECATED] Creation of dynamic property App\Controllers\Transaksi::$detail is deprecated in APPPATH\Controllers\Transaksi.php on line 19.
 1 SYSTEMPATH\CodeIgniter.php(903): App\Controllers\Transaksi->__construct()
 2 SYSTEMPATH\CodeIgniter.php(500): CodeIgniter\CodeIgniter->createController()
 3 SYSTEMPATH\CodeIgniter.php(355): CodeIgniter\CodeIgniter->handleRequest(null, Object(Config\Cache), false)
 4 SYSTEMPATH\Boot.php(312): CodeIgniter\CodeIgniter->run()
 5 SYSTEMPATH\Boot.php(67): CodeIgniter\Boot::runCodeIgniter(Object(CodeIgniter\CodeIgniter))
 6 FCPATH\index.php(56): CodeIgniter\Boot::bootWeb(Object(Config\Paths))
 7 SYSTEMPATH\Commands\Server\rewrite.php(49): require_once('C:\\APK\\xampp-8.2\\htdocs\\SafeToTrip\\public\\index.php')
CRITICAL - 2024-06-21 22:41:50 --> TypeError: CodeIgniter\HTTP\Response::setJSON(): Argument #2 ($unencoded) must be of type bool, array given, called in C:\APK\xampp-8.2\htdocs\SafeToTrip\app\Controllers\Transaksi.php on line 70
[Method: GET, Route: getDetail/TRX17187152080612]
in SYSTEMPATH\HTTP\ResponseTrait.php on line 173.
 1 APPPATH\Controllers\Transaksi.php(70): CodeIgniter\HTTP\Response->setJSON([...], [...])
 2 SYSTEMPATH\CodeIgniter.php(933): App\Controllers\Transaksi->detail('TRX17187152080612')
 3 SYSTEMPATH\CodeIgniter.php(509): CodeIgniter\CodeIgniter->runController(Object(App\Controllers\Transaksi))
 4 SYSTEMPATH\CodeIgniter.php(355): CodeIgniter\CodeIgniter->handleRequest(null, Object(Config\Cache), false)
 5 SYSTEMPATH\Boot.php(312): CodeIgniter\CodeIgniter->run()
 6 SYSTEMPATH\Boot.php(67): CodeIgniter\Boot::runCodeIgniter(Object(CodeIgniter\CodeIgniter))
 7 FCPATH\index.php(56): CodeIgniter\Boot::bootWeb(Object(Config\Paths))
 8 SYSTEMPATH\Commands\Server\rewrite.php(49): require_once('C:\\APK\\xampp-8.2\\htdocs\\SafeToTrip\\public\\index.php')
INFO - 2024-06-21 22:42:06 --> Session: Class initialized using 'CodeIgniter\Session\Handlers\FileHandler' driver.
WARNING - 2024-06-21 22:42:06 --> [DEPRECATED] Creation of dynamic property App\Controllers\Transaksi::$session is deprecated in APPPATH\Controllers\Transaksi.php on line 15.
 1 SYSTEMPATH\CodeIgniter.php(903): App\Controllers\Transaksi->__construct()
 2 SYSTEMPATH\CodeIgniter.php(500): CodeIgniter\CodeIgniter->createController()
 3 SYSTEMPATH\CodeIgniter.php(355): CodeIgniter\CodeIgniter->handleRequest(null, Object(Config\Cache), false)
 4 SYSTEMPATH\Boot.php(312): CodeIgniter\CodeIgniter->run()
 5 SYSTEMPATH\Boot.php(67): CodeIgniter\Boot::runCodeIgniter(Object(CodeIgniter\CodeIgniter))
 6 FCPATH\index.php(56): CodeIgniter\Boot::bootWeb(Object(Config\Paths))
 7 SYSTEMPATH\Commands\Server\rewrite.php(49): require_once('C:\\APK\\xampp-8.2\\htdocs\\SafeToTrip\\public\\index.php')
WARNING - 2024-06-21 22:42:06 --> [DEPRECATED] Creation of dynamic property App\Controllers\Home::$session is deprecated in APPPATH\Controllers\Home.php on line 13.
 1 APPPATH\Controllers\Transaksi.php(16): App\Controllers\Home->__construct()
 2 SYSTEMPATH\CodeIgniter.php(903): App\Controllers\Transaksi->__construct()
 3 SYSTEMPATH\CodeIgniter.php(500): CodeIgniter\CodeIgniter->createController()
 4 SYSTEMPATH\CodeIgniter.php(355): CodeIgniter\CodeIgniter->handleRequest(null, Object(Config\Cache), false)
 5 SYSTEMPATH\Boot.php(312): CodeIgniter\CodeIgniter->run()
 6 SYSTEMPATH\Boot.php(67): CodeIgniter\Boot::runCodeIgniter(Object(CodeIgniter\CodeIgniter))
 7 FCPATH\index.php(56): CodeIgniter\Boot::bootWeb(Object(Config\Paths))
 8 SYSTEMPATH\Commands\Server\rewrite.php(49): require_once('C:\\APK\\xampp-8.2\\htdocs\\SafeToTrip\\public\\index.php')
WARNING - 2024-06-21 22:42:06 --> [DEPRECATED] Creation of dynamic property App\Controllers\Home::$wisata is deprecated in APPPATH\Controllers\Home.php on line 14.
 1 APPPATH\Controllers\Transaksi.php(16): App\Controllers\Home->__construct()
 2 SYSTEMPATH\CodeIgniter.php(903): App\Controllers\Transaksi->__construct()
 3 SYSTEMPATH\CodeIgniter.php(500): CodeIgniter\CodeIgniter->createController()
 4 SYSTEMPATH\CodeIgniter.php(355): CodeIgniter\CodeIgniter->handleRequest(null, Object(Config\Cache), false)
 5 SYSTEMPATH\Boot.php(312): CodeIgniter\CodeIgniter->run()
 6 SYSTEMPATH\Boot.php(67): CodeIgniter\Boot::runCodeIgniter(Object(CodeIgniter\CodeIgniter))
 7 FCPATH\index.php(56): CodeIgniter\Boot::bootWeb(Object(Config\Paths))
 8 SYSTEMPATH\Commands\Server\rewrite.php(49): require_once('C:\\APK\\xampp-8.2\\htdocs\\SafeToTrip\\public\\index.php')
WARNING - 2024-06-21 22:42:06 --> [DEPRECATED] Creation of dynamic property App\Controllers\Home::$fasilitas is deprecated in APPPATH\Controllers\Home.php on line 15.
 1 APPPATH\Controllers\Transaksi.php(16): App\Controllers\Home->__construct()
 2 SYSTEMPATH\CodeIgniter.php(903): App\Controllers\Transaksi->__construct()
 3 SYSTEMPATH\CodeIgniter.php(500): CodeIgniter\CodeIgniter->createController()
 4 SYSTEMPATH\CodeIgniter.php(355): CodeIgniter\CodeIgniter->handleRequest(null, Object(Config\Cache), false)
 5 SYSTEMPATH\Boot.php(312): CodeIgniter\CodeIgniter->run()
 6 SYSTEMPATH\Boot.php(67): CodeIgniter\Boot::runCodeIgniter(Object(CodeIgniter\CodeIgniter))
 7 FCPATH\index.php(56): CodeIgniter\Boot::bootWeb(Object(Config\Paths))
 8 SYSTEMPATH\Commands\Server\rewrite.php(49): require_once('C:\\APK\\xampp-8.2\\htdocs\\SafeToTrip\\public\\index.php')
WARNING - 2024-06-21 22:42:06 --> [DEPRECATED] Creation of dynamic property App\Controllers\Home::$harga is deprecated in APPPATH\Controllers\Home.php on line 16.
 1 APPPATH\Controllers\Transaksi.php(16): App\Controllers\Home->__construct()
 2 SYSTEMPATH\CodeIgniter.php(903): App\Controllers\Transaksi->__construct()
 3 SYSTEMPATH\CodeIgniter.php(500): CodeIgniter\CodeIgniter->createController()
 4 SYSTEMPATH\CodeIgniter.php(355): CodeIgniter\CodeIgniter->handleRequest(null, Object(Config\Cache), false)
 5 SYSTEMPATH\Boot.php(312): CodeIgniter\CodeIgniter->run()
 6 SYSTEMPATH\Boot.php(67): CodeIgniter\Boot::runCodeIgniter(Object(CodeIgniter\CodeIgniter))
 7 FCPATH\index.php(56): CodeIgniter\Boot::bootWeb(Object(Config\Paths))
 8 SYSTEMPATH\Commands\Server\rewrite.php(49): require_once('C:\\APK\\xampp-8.2\\htdocs\\SafeToTrip\\public\\index.php')
WARNING - 2024-06-21 22:42:06 --> [DEPRECATED] Creation of dynamic property App\Controllers\Transaksi::$home is deprecated in APPPATH\Controllers\Transaksi.php on line 16.
 1 SYSTEMPATH\CodeIgniter.php(903): App\Controllers\Transaksi->__construct()
 2 SYSTEMPATH\CodeIgniter.php(500): CodeIgniter\CodeIgniter->createController()
 3 SYSTEMPATH\CodeIgniter.php(355): CodeIgniter\CodeIgniter->handleRequest(null, Object(Config\Cache), false)
 4 SYSTEMPATH\Boot.php(312): CodeIgniter\CodeIgniter->run()
 5 SYSTEMPATH\Boot.php(67): CodeIgniter\Boot::runCodeIgniter(Object(CodeIgniter\CodeIgniter))
 6 FCPATH\index.php(56): CodeIgniter\Boot::bootWeb(Object(Config\Paths))
 7 SYSTEMPATH\Commands\Server\rewrite.php(49): require_once('C:\\APK\\xampp-8.2\\htdocs\\SafeToTrip\\public\\index.php')
WARNING - 2024-06-21 22:42:06 --> [DEPRECATED] Creation of dynamic property App\Controllers\Transaksi::$wisata is deprecated in APPPATH\Controllers\Transaksi.php on line 17.
 1 SYSTEMPATH\CodeIgniter.php(903): App\Controllers\Transaksi->__construct()
 2 SYSTEMPATH\CodeIgniter.php(500): CodeIgniter\CodeIgniter->createController()
 3 SYSTEMPATH\CodeIgniter.php(355): CodeIgniter\CodeIgniter->handleRequest(null, Object(Config\Cache), false)
 4 SYSTEMPATH\Boot.php(312): CodeIgniter\CodeIgniter->run()
 5 SYSTEMPATH\Boot.php(67): CodeIgniter\Boot::runCodeIgniter(Object(CodeIgniter\CodeIgniter))
 6 FCPATH\index.php(56): CodeIgniter\Boot::bootWeb(Object(Config\Paths))
 7 SYSTEMPATH\Commands\Server\rewrite.php(49): require_once('C:\\APK\\xampp-8.2\\htdocs\\SafeToTrip\\public\\index.php')
WARNING - 2024-06-21 22:42:06 --> [DEPRECATED] Creation of dynamic property App\Controllers\Transaksi::$transaksi is deprecated in APPPATH\Controllers\Transaksi.php on line 18.
 1 SYSTEMPATH\CodeIgniter.php(903): App\Controllers\Transaksi->__construct()
 2 SYSTEMPATH\CodeIgniter.php(500): CodeIgniter\CodeIgniter->createController()
 3 SYSTEMPATH\CodeIgniter.php(355): CodeIgniter\CodeIgniter->handleRequest(null, Object(Config\Cache), false)
 4 SYSTEMPATH\Boot.php(312): CodeIgniter\CodeIgniter->run()
 5 SYSTEMPATH\Boot.php(67): CodeIgniter\Boot::runCodeIgniter(Object(CodeIgniter\CodeIgniter))
 6 FCPATH\index.php(56): CodeIgniter\Boot::bootWeb(Object(Config\Paths))
 7 SYSTEMPATH\Commands\Server\rewrite.php(49): require_once('C:\\APK\\xampp-8.2\\htdocs\\SafeToTrip\\public\\index.php')
WARNING - 2024-06-21 22:42:06 --> [DEPRECATED] Creation of dynamic property App\Controllers\Transaksi::$detail is deprecated in APPPATH\Controllers\Transaksi.php on line 19.
 1 SYSTEMPATH\CodeIgniter.php(903): App\Controllers\Transaksi->__construct()
 2 SYSTEMPATH\CodeIgniter.php(500): CodeIgniter\CodeIgniter->createController()
 3 SYSTEMPATH\CodeIgniter.php(355): CodeIgniter\CodeIgniter->handleRequest(null, Object(Config\Cache), false)
 4 SYSTEMPATH\Boot.php(312): CodeIgniter\CodeIgniter->run()
 5 SYSTEMPATH\Boot.php(67): CodeIgniter\Boot::runCodeIgniter(Object(CodeIgniter\CodeIgniter))
 6 FCPATH\index.php(56): CodeIgniter\Boot::bootWeb(Object(Config\Paths))
 7 SYSTEMPATH\Commands\Server\rewrite.php(49): require_once('C:\\APK\\xampp-8.2\\htdocs\\SafeToTrip\\public\\index.php')
INFO - 2024-06-21 22:43:06 --> Session: Class initialized using 'CodeIgniter\Session\Handlers\FileHandler' driver.
WARNING - 2024-06-21 22:43:06 --> [DEPRECATED] Creation of dynamic property App\Controllers\Transaksi::$session is deprecated in APPPATH\Controllers\Transaksi.php on line 15.
 1 SYSTEMPATH\CodeIgniter.php(903): App\Controllers\Transaksi->__construct()
 2 SYSTEMPATH\CodeIgniter.php(500): CodeIgniter\CodeIgniter->createController()
 3 SYSTEMPATH\CodeIgniter.php(355): CodeIgniter\CodeIgniter->handleRequest(null, Object(Config\Cache), false)
 4 SYSTEMPATH\Boot.php(312): CodeIgniter\CodeIgniter->run()
 5 SYSTEMPATH\Boot.php(67): CodeIgniter\Boot::runCodeIgniter(Object(CodeIgniter\CodeIgniter))
 6 FCPATH\index.php(56): CodeIgniter\Boot::bootWeb(Object(Config\Paths))
 7 SYSTEMPATH\Commands\Server\rewrite.php(49): require_once('C:\\APK\\xampp-8.2\\htdocs\\SafeToTrip\\public\\index.php')
WARNING - 2024-06-21 22:43:06 --> [DEPRECATED] Creation of dynamic property App\Controllers\Home::$session is deprecated in APPPATH\Controllers\Home.php on line 13.
 1 APPPATH\Controllers\Transaksi.php(16): App\Controllers\Home->__construct()
 2 SYSTEMPATH\CodeIgniter.php(903): App\Controllers\Transaksi->__construct()
 3 SYSTEMPATH\CodeIgniter.php(500): CodeIgniter\CodeIgniter->createController()
 4 SYSTEMPATH\CodeIgniter.php(355): CodeIgniter\CodeIgniter->handleRequest(null, Object(Config\Cache), false)
 5 SYSTEMPATH\Boot.php(312): CodeIgniter\CodeIgniter->run()
 6 SYSTEMPATH\Boot.php(67): CodeIgniter\Boot::runCodeIgniter(Object(CodeIgniter\CodeIgniter))
 7 FCPATH\index.php(56): CodeIgniter\Boot::bootWeb(Object(Config\Paths))
 8 SYSTEMPATH\Commands\Server\rewrite.php(49): require_once('C:\\APK\\xampp-8.2\\htdocs\\SafeToTrip\\public\\index.php')
WARNING - 2024-06-21 22:43:06 --> [DEPRECATED] Creation of dynamic property App\Controllers\Home::$wisata is deprecated in APPPATH\Controllers\Home.php on line 14.
 1 APPPATH\Controllers\Transaksi.php(16): App\Controllers\Home->__construct()
 2 SYSTEMPATH\CodeIgniter.php(903): App\Controllers\Transaksi->__construct()
 3 SYSTEMPATH\CodeIgniter.php(500): CodeIgniter\CodeIgniter->createController()
 4 SYSTEMPATH\CodeIgniter.php(355): CodeIgniter\CodeIgniter->handleRequest(null, Object(Config\Cache), false)
 5 SYSTEMPATH\Boot.php(312): CodeIgniter\CodeIgniter->run()
 6 SYSTEMPATH\Boot.php(67): CodeIgniter\Boot::runCodeIgniter(Object(CodeIgniter\CodeIgniter))
 7 FCPATH\index.php(56): CodeIgniter\Boot::bootWeb(Object(Config\Paths))
 8 SYSTEMPATH\Commands\Server\rewrite.php(49): require_once('C:\\APK\\xampp-8.2\\htdocs\\SafeToTrip\\public\\index.php')
WARNING - 2024-06-21 22:43:06 --> [DEPRECATED] Creation of dynamic property App\Controllers\Home::$fasilitas is deprecated in APPPATH\Controllers\Home.php on line 15.
 1 APPPATH\Controllers\Transaksi.php(16): App\Controllers\Home->__construct()
 2 SYSTEMPATH\CodeIgniter.php(903): App\Controllers\Transaksi->__construct()
 3 SYSTEMPATH\CodeIgniter.php(500): CodeIgniter\CodeIgniter->createController()
 4 SYSTEMPATH\CodeIgniter.php(355): CodeIgniter\CodeIgniter->handleRequest(null, Object(Config\Cache), false)
 5 SYSTEMPATH\Boot.php(312): CodeIgniter\CodeIgniter->run()
 6 SYSTEMPATH\Boot.php(67): CodeIgniter\Boot::runCodeIgniter(Object(CodeIgniter\CodeIgniter))
 7 FCPATH\index.php(56): CodeIgniter\Boot::bootWeb(Object(Config\Paths))
 8 SYSTEMPATH\Commands\Server\rewrite.php(49): require_once('C:\\APK\\xampp-8.2\\htdocs\\SafeToTrip\\public\\index.php')
WARNING - 2024-06-21 22:43:06 --> [DEPRECATED] Creation of dynamic property App\Controllers\Home::$harga is deprecated in APPPATH\Controllers\Home.php on line 16.
 1 APPPATH\Controllers\Transaksi.php(16): App\Controllers\Home->__construct()
 2 SYSTEMPATH\CodeIgniter.php(903): App\Controllers\Transaksi->__construct()
 3 SYSTEMPATH\CodeIgniter.php(500): CodeIgniter\CodeIgniter->createController()
 4 SYSTEMPATH\CodeIgniter.php(355): CodeIgniter\CodeIgniter->handleRequest(null, Object(Config\Cache), false)
 5 SYSTEMPATH\Boot.php(312): CodeIgniter\CodeIgniter->run()
 6 SYSTEMPATH\Boot.php(67): CodeIgniter\Boot::runCodeIgniter(Object(CodeIgniter\CodeIgniter))
 7 FCPATH\index.php(56): CodeIgniter\Boot::bootWeb(Object(Config\Paths))
 8 SYSTEMPATH\Commands\Server\rewrite.php(49): require_once('C:\\APK\\xampp-8.2\\htdocs\\SafeToTrip\\public\\index.php')
WARNING - 2024-06-21 22:43:06 --> [DEPRECATED] Creation of dynamic property App\Controllers\Transaksi::$home is deprecated in APPPATH\Controllers\Transaksi.php on line 16.
 1 SYSTEMPATH\CodeIgniter.php(903): App\Controllers\Transaksi->__construct()
 2 SYSTEMPATH\CodeIgniter.php(500): CodeIgniter\CodeIgniter->createController()
 3 SYSTEMPATH\CodeIgniter.php(355): CodeIgniter\CodeIgniter->handleRequest(null, Object(Config\Cache), false)
 4 SYSTEMPATH\Boot.php(312): CodeIgniter\CodeIgniter->run()
 5 SYSTEMPATH\Boot.php(67): CodeIgniter\Boot::runCodeIgniter(Object(CodeIgniter\CodeIgniter))
 6 FCPATH\index.php(56): CodeIgniter\Boot::bootWeb(Object(Config\Paths))
 7 SYSTEMPATH\Commands\Server\rewrite.php(49): require_once('C:\\APK\\xampp-8.2\\htdocs\\SafeToTrip\\public\\index.php')
WARNING - 2024-06-21 22:43:06 --> [DEPRECATED] Creation of dynamic property App\Controllers\Transaksi::$wisata is deprecated in APPPATH\Controllers\Transaksi.php on line 17.
 1 SYSTEMPATH\CodeIgniter.php(903): App\Controllers\Transaksi->__construct()
 2 SYSTEMPATH\CodeIgniter.php(500): CodeIgniter\CodeIgniter->createController()
 3 SYSTEMPATH\CodeIgniter.php(355): CodeIgniter\CodeIgniter->handleRequest(null, Object(Config\Cache), false)
 4 SYSTEMPATH\Boot.php(312): CodeIgniter\CodeIgniter->run()
 5 SYSTEMPATH\Boot.php(67): CodeIgniter\Boot::runCodeIgniter(Object(CodeIgniter\CodeIgniter))
 6 FCPATH\index.php(56): CodeIgniter\Boot::bootWeb(Object(Config\Paths))
 7 SYSTEMPATH\Commands\Server\rewrite.php(49): require_once('C:\\APK\\xampp-8.2\\htdocs\\SafeToTrip\\public\\index.php')
WARNING - 2024-06-21 22:43:06 --> [DEPRECATED] Creation of dynamic property App\Controllers\Transaksi::$transaksi is deprecated in APPPATH\Controllers\Transaksi.php on line 18.
 1 SYSTEMPATH\CodeIgniter.php(903): App\Controllers\Transaksi->__construct()
 2 SYSTEMPATH\CodeIgniter.php(500): CodeIgniter\CodeIgniter->createController()
 3 SYSTEMPATH\CodeIgniter.php(355): CodeIgniter\CodeIgniter->handleRequest(null, Object(Config\Cache), false)
 4 SYSTEMPATH\Boot.php(312): CodeIgniter\CodeIgniter->run()
 5 SYSTEMPATH\Boot.php(67): CodeIgniter\Boot::runCodeIgniter(Object(CodeIgniter\CodeIgniter))
 6 FCPATH\index.php(56): CodeIgniter\Boot::bootWeb(Object(Config\Paths))
 7 SYSTEMPATH\Commands\Server\rewrite.php(49): require_once('C:\\APK\\xampp-8.2\\htdocs\\SafeToTrip\\public\\index.php')
WARNING - 2024-06-21 22:43:06 --> [DEPRECATED] Creation of dynamic property App\Controllers\Transaksi::$detail is deprecated in APPPATH\Controllers\Transaksi.php on line 19.
 1 SYSTEMPATH\CodeIgniter.php(903): App\Controllers\Transaksi->__construct()
 2 SYSTEMPATH\CodeIgniter.php(500): CodeIgniter\CodeIgniter->createController()
 3 SYSTEMPATH\CodeIgniter.php(355): CodeIgniter\CodeIgniter->handleRequest(null, Object(Config\Cache), false)
 4 SYSTEMPATH\Boot.php(312): CodeIgniter\CodeIgniter->run()
 5 SYSTEMPATH\Boot.php(67): CodeIgniter\Boot::runCodeIgniter(Object(CodeIgniter\CodeIgniter))
 6 FCPATH\index.php(56): CodeIgniter\Boot::bootWeb(Object(Config\Paths))
 7 SYSTEMPATH\Commands\Server\rewrite.php(49): require_once('C:\\APK\\xampp-8.2\\htdocs\\SafeToTrip\\public\\index.php')
INFO - 2024-06-21 22:45:33 --> Session: Class initialized using 'CodeIgniter\Session\Handlers\FileHandler' driver.
WARNING - 2024-06-21 22:45:33 --> [DEPRECATED] Creation of dynamic property App\Controllers\Transaksi::$session is deprecated in APPPATH\Controllers\Transaksi.php on line 15.
 1 SYSTEMPATH\CodeIgniter.php(903): App\Controllers\Transaksi->__construct()
 2 SYSTEMPATH\CodeIgniter.php(500): CodeIgniter\CodeIgniter->createController()
 3 SYSTEMPATH\CodeIgniter.php(355): CodeIgniter\CodeIgniter->handleRequest(null, Object(Config\Cache), false)
 4 SYSTEMPATH\Boot.php(312): CodeIgniter\CodeIgniter->run()
 5 SYSTEMPATH\Boot.php(67): CodeIgniter\Boot::runCodeIgniter(Object(CodeIgniter\CodeIgniter))
 6 FCPATH\index.php(56): CodeIgniter\Boot::bootWeb(Object(Config\Paths))
 7 SYSTEMPATH\Commands\Server\rewrite.php(49): require_once('C:\\APK\\xampp-8.2\\htdocs\\SafeToTrip\\public\\index.php')
WARNING - 2024-06-21 22:45:33 --> [DEPRECATED] Creation of dynamic property App\Controllers\Home::$session is deprecated in APPPATH\Controllers\Home.php on line 13.
 1 APPPATH\Controllers\Transaksi.php(16): App\Controllers\Home->__construct()
 2 SYSTEMPATH\CodeIgniter.php(903): App\Controllers\Transaksi->__construct()
 3 SYSTEMPATH\CodeIgniter.php(500): CodeIgniter\CodeIgniter->createController()
 4 SYSTEMPATH\CodeIgniter.php(355): CodeIgniter\CodeIgniter->handleRequest(null, Object(Config\Cache), false)
 5 SYSTEMPATH\Boot.php(312): CodeIgniter\CodeIgniter->run()
 6 SYSTEMPATH\Boot.php(67): CodeIgniter\Boot::runCodeIgniter(Object(CodeIgniter\CodeIgniter))
 7 FCPATH\index.php(56): CodeIgniter\Boot::bootWeb(Object(Config\Paths))
 8 SYSTEMPATH\Commands\Server\rewrite.php(49): require_once('C:\\APK\\xampp-8.2\\htdocs\\SafeToTrip\\public\\index.php')
WARNING - 2024-06-21 22:45:33 --> [DEPRECATED] Creation of dynamic property App\Controllers\Home::$wisata is deprecated in APPPATH\Controllers\Home.php on line 14.
 1 APPPATH\Controllers\Transaksi.php(16): App\Controllers\Home->__construct()
 2 SYSTEMPATH\CodeIgniter.php(903): App\Controllers\Transaksi->__construct()
 3 SYSTEMPATH\CodeIgniter.php(500): CodeIgniter\CodeIgniter->createController()
 4 SYSTEMPATH\CodeIgniter.php(355): CodeIgniter\CodeIgniter->handleRequest(null, Object(Config\Cache), false)
 5 SYSTEMPATH\Boot.php(312): CodeIgniter\CodeIgniter->run()
 6 SYSTEMPATH\Boot.php(67): CodeIgniter\Boot::runCodeIgniter(Object(CodeIgniter\CodeIgniter))
 7 FCPATH\index.php(56): CodeIgniter\Boot::bootWeb(Object(Config\Paths))
 8 SYSTEMPATH\Commands\Server\rewrite.php(49): require_once('C:\\APK\\xampp-8.2\\htdocs\\SafeToTrip\\public\\index.php')
WARNING - 2024-06-21 22:45:33 --> [DEPRECATED] Creation of dynamic property App\Controllers\Home::$fasilitas is deprecated in APPPATH\Controllers\Home.php on line 15.
 1 APPPATH\Controllers\Transaksi.php(16): App\Controllers\Home->__construct()
 2 SYSTEMPATH\CodeIgniter.php(903): App\Controllers\Transaksi->__construct()
 3 SYSTEMPATH\CodeIgniter.php(500): CodeIgniter\CodeIgniter->createController()
 4 SYSTEMPATH\CodeIgniter.php(355): CodeIgniter\CodeIgniter->handleRequest(null, Object(Config\Cache), false)
 5 SYSTEMPATH\Boot.php(312): CodeIgniter\CodeIgniter->run()
 6 SYSTEMPATH\Boot.php(67): CodeIgniter\Boot::runCodeIgniter(Object(CodeIgniter\CodeIgniter))
 7 FCPATH\index.php(56): CodeIgniter\Boot::bootWeb(Object(Config\Paths))
 8 SYSTEMPATH\Commands\Server\rewrite.php(49): require_once('C:\\APK\\xampp-8.2\\htdocs\\SafeToTrip\\public\\index.php')
WARNING - 2024-06-21 22:45:33 --> [DEPRECATED] Creation of dynamic property App\Controllers\Home::$harga is deprecated in APPPATH\Controllers\Home.php on line 16.
 1 APPPATH\Controllers\Transaksi.php(16): App\Controllers\Home->__construct()
 2 SYSTEMPATH\CodeIgniter.php(903): App\Controllers\Transaksi->__construct()
 3 SYSTEMPATH\CodeIgniter.php(500): CodeIgniter\CodeIgniter->createController()
 4 SYSTEMPATH\CodeIgniter.php(355): CodeIgniter\CodeIgniter->handleRequest(null, Object(Config\Cache), false)
 5 SYSTEMPATH\Boot.php(312): CodeIgniter\CodeIgniter->run()
 6 SYSTEMPATH\Boot.php(67): CodeIgniter\Boot::runCodeIgniter(Object(CodeIgniter\CodeIgniter))
 7 FCPATH\index.php(56): CodeIgniter\Boot::bootWeb(Object(Config\Paths))
 8 SYSTEMPATH\Commands\Server\rewrite.php(49): require_once('C:\\APK\\xampp-8.2\\htdocs\\SafeToTrip\\public\\index.php')
WARNING - 2024-06-21 22:45:33 --> [DEPRECATED] Creation of dynamic property App\Controllers\Transaksi::$home is deprecated in APPPATH\Controllers\Transaksi.php on line 16.
 1 SYSTEMPATH\CodeIgniter.php(903): App\Controllers\Transaksi->__construct()
 2 SYSTEMPATH\CodeIgniter.php(500): CodeIgniter\CodeIgniter->createController()
 3 SYSTEMPATH\CodeIgniter.php(355): CodeIgniter\CodeIgniter->handleRequest(null, Object(Config\Cache), false)
 4 SYSTEMPATH\Boot.php(312): CodeIgniter\CodeIgniter->run()
 5 SYSTEMPATH\Boot.php(67): CodeIgniter\Boot::runCodeIgniter(Object(CodeIgniter\CodeIgniter))
 6 FCPATH\index.php(56): CodeIgniter\Boot::bootWeb(Object(Config\Paths))
 7 SYSTEMPATH\Commands\Server\rewrite.php(49): require_once('C:\\APK\\xampp-8.2\\htdocs\\SafeToTrip\\public\\index.php')
WARNING - 2024-06-21 22:45:33 --> [DEPRECATED] Creation of dynamic property App\Controllers\Transaksi::$wisata is deprecated in APPPATH\Controllers\Transaksi.php on line 17.
 1 SYSTEMPATH\CodeIgniter.php(903): App\Controllers\Transaksi->__construct()
 2 SYSTEMPATH\CodeIgniter.php(500): CodeIgniter\CodeIgniter->createController()
 3 SYSTEMPATH\CodeIgniter.php(355): CodeIgniter\CodeIgniter->handleRequest(null, Object(Config\Cache), false)
 4 SYSTEMPATH\Boot.php(312): CodeIgniter\CodeIgniter->run()
 5 SYSTEMPATH\Boot.php(67): CodeIgniter\Boot::runCodeIgniter(Object(CodeIgniter\CodeIgniter))
 6 FCPATH\index.php(56): CodeIgniter\Boot::bootWeb(Object(Config\Paths))
 7 SYSTEMPATH\Commands\Server\rewrite.php(49): require_once('C:\\APK\\xampp-8.2\\htdocs\\SafeToTrip\\public\\index.php')
WARNING - 2024-06-21 22:45:33 --> [DEPRECATED] Creation of dynamic property App\Controllers\Transaksi::$transaksi is deprecated in APPPATH\Controllers\Transaksi.php on line 18.
 1 SYSTEMPATH\CodeIgniter.php(903): App\Controllers\Transaksi->__construct()
 2 SYSTEMPATH\CodeIgniter.php(500): CodeIgniter\CodeIgniter->createController()
 3 SYSTEMPATH\CodeIgniter.php(355): CodeIgniter\CodeIgniter->handleRequest(null, Object(Config\Cache), false)
 4 SYSTEMPATH\Boot.php(312): CodeIgniter\CodeIgniter->run()
 5 SYSTEMPATH\Boot.php(67): CodeIgniter\Boot::runCodeIgniter(Object(CodeIgniter\CodeIgniter))
 6 FCPATH\index.php(56): CodeIgniter\Boot::bootWeb(Object(Config\Paths))
 7 SYSTEMPATH\Commands\Server\rewrite.php(49): require_once('C:\\APK\\xampp-8.2\\htdocs\\SafeToTrip\\public\\index.php')
WARNING - 2024-06-21 22:45:33 --> [DEPRECATED] Creation of dynamic property App\Controllers\Transaksi::$detail is deprecated in APPPATH\Controllers\Transaksi.php on line 19.
 1 SYSTEMPATH\CodeIgniter.php(903): App\Controllers\Transaksi->__construct()
 2 SYSTEMPATH\CodeIgniter.php(500): CodeIgniter\CodeIgniter->createController()
 3 SYSTEMPATH\CodeIgniter.php(355): CodeIgniter\CodeIgniter->handleRequest(null, Object(Config\Cache), false)
 4 SYSTEMPATH\Boot.php(312): CodeIgniter\CodeIgniter->run()
 5 SYSTEMPATH\Boot.php(67): CodeIgniter\Boot::runCodeIgniter(Object(CodeIgniter\CodeIgniter))
 6 FCPATH\index.php(56): CodeIgniter\Boot::bootWeb(Object(Config\Paths))
 7 SYSTEMPATH\Commands\Server\rewrite.php(49): require_once('C:\\APK\\xampp-8.2\\htdocs\\SafeToTrip\\public\\index.php')
INFO - 2024-06-21 22:48:33 --> Session: Class initialized using 'CodeIgniter\Session\Handlers\FileHandler' driver.
WARNING - 2024-06-21 22:48:33 --> [DEPRECATED] Creation of dynamic property App\Controllers\Transaksi::$session is deprecated in APPPATH\Controllers\Transaksi.php on line 15.
 1 SYSTEMPATH\CodeIgniter.php(903): App\Controllers\Transaksi->__construct()
 2 SYSTEMPATH\CodeIgniter.php(500): CodeIgniter\CodeIgniter->createController()
 3 SYSTEMPATH\CodeIgniter.php(355): CodeIgniter\CodeIgniter->handleRequest(null, Object(Config\Cache), false)
 4 SYSTEMPATH\Boot.php(312): CodeIgniter\CodeIgniter->run()
 5 SYSTEMPATH\Boot.php(67): CodeIgniter\Boot::runCodeIgniter(Object(CodeIgniter\CodeIgniter))
 6 FCPATH\index.php(56): CodeIgniter\Boot::bootWeb(Object(Config\Paths))
 7 SYSTEMPATH\Commands\Server\rewrite.php(49): require_once('C:\\APK\\xampp-8.2\\htdocs\\SafeToTrip\\public\\index.php')
WARNING - 2024-06-21 22:48:33 --> [DEPRECATED] Creation of dynamic property App\Controllers\Home::$session is deprecated in APPPATH\Controllers\Home.php on line 13.
 1 APPPATH\Controllers\Transaksi.php(16): App\Controllers\Home->__construct()
 2 SYSTEMPATH\CodeIgniter.php(903): App\Controllers\Transaksi->__construct()
 3 SYSTEMPATH\CodeIgniter.php(500): CodeIgniter\CodeIgniter->createController()
 4 SYSTEMPATH\CodeIgniter.php(355): CodeIgniter\CodeIgniter->handleRequest(null, Object(Config\Cache), false)
 5 SYSTEMPATH\Boot.php(312): CodeIgniter\CodeIgniter->run()
 6 SYSTEMPATH\Boot.php(67): CodeIgniter\Boot::runCodeIgniter(Object(CodeIgniter\CodeIgniter))
 7 FCPATH\index.php(56): CodeIgniter\Boot::bootWeb(Object(Config\Paths))
 8 SYSTEMPATH\Commands\Server\rewrite.php(49): require_once('C:\\APK\\xampp-8.2\\htdocs\\SafeToTrip\\public\\index.php')
WARNING - 2024-06-21 22:48:33 --> [DEPRECATED] Creation of dynamic property App\Controllers\Home::$wisata is deprecated in APPPATH\Controllers\Home.php on line 14.
 1 APPPATH\Controllers\Transaksi.php(16): App\Controllers\Home->__construct()
 2 SYSTEMPATH\CodeIgniter.php(903): App\Controllers\Transaksi->__construct()
 3 SYSTEMPATH\CodeIgniter.php(500): CodeIgniter\CodeIgniter->createController()
 4 SYSTEMPATH\CodeIgniter.php(355): CodeIgniter\CodeIgniter->handleRequest(null, Object(Config\Cache), false)
 5 SYSTEMPATH\Boot.php(312): CodeIgniter\CodeIgniter->run()
 6 SYSTEMPATH\Boot.php(67): CodeIgniter\Boot::runCodeIgniter(Object(CodeIgniter\CodeIgniter))
 7 FCPATH\index.php(56): CodeIgniter\Boot::bootWeb(Object(Config\Paths))
 8 SYSTEMPATH\Commands\Server\rewrite.php(49): require_once('C:\\APK\\xampp-8.2\\htdocs\\SafeToTrip\\public\\index.php')
WARNING - 2024-06-21 22:48:33 --> [DEPRECATED] Creation of dynamic property App\Controllers\Home::$fasilitas is deprecated in APPPATH\Controllers\Home.php on line 15.
 1 APPPATH\Controllers\Transaksi.php(16): App\Controllers\Home->__construct()
 2 SYSTEMPATH\CodeIgniter.php(903): App\Controllers\Transaksi->__construct()
 3 SYSTEMPATH\CodeIgniter.php(500): CodeIgniter\CodeIgniter->createController()
 4 SYSTEMPATH\CodeIgniter.php(355): CodeIgniter\CodeIgniter->handleRequest(null, Object(Config\Cache), false)
 5 SYSTEMPATH\Boot.php(312): CodeIgniter\CodeIgniter->run()
 6 SYSTEMPATH\Boot.php(67): CodeIgniter\Boot::runCodeIgniter(Object(CodeIgniter\CodeIgniter))
 7 FCPATH\index.php(56): CodeIgniter\Boot::bootWeb(Object(Config\Paths))
 8 SYSTEMPATH\Commands\Server\rewrite.php(49): require_once('C:\\APK\\xampp-8.2\\htdocs\\SafeToTrip\\public\\index.php')
WARNING - 2024-06-21 22:48:33 --> [DEPRECATED] Creation of dynamic property App\Controllers\Home::$harga is deprecated in APPPATH\Controllers\Home.php on line 16.
 1 APPPATH\Controllers\Transaksi.php(16): App\Controllers\Home->__construct()
 2 SYSTEMPATH\CodeIgniter.php(903): App\Controllers\Transaksi->__construct()
 3 SYSTEMPATH\CodeIgniter.php(500): CodeIgniter\CodeIgniter->createController()
 4 SYSTEMPATH\CodeIgniter.php(355): CodeIgniter\CodeIgniter->handleRequest(null, Object(Config\Cache), false)
 5 SYSTEMPATH\Boot.php(312): CodeIgniter\CodeIgniter->run()
 6 SYSTEMPATH\Boot.php(67): CodeIgniter\Boot::runCodeIgniter(Object(CodeIgniter\CodeIgniter))
 7 FCPATH\index.php(56): CodeIgniter\Boot::bootWeb(Object(Config\Paths))
 8 SYSTEMPATH\Commands\Server\rewrite.php(49): require_once('C:\\APK\\xampp-8.2\\htdocs\\SafeToTrip\\public\\index.php')
WARNING - 2024-06-21 22:48:33 --> [DEPRECATED] Creation of dynamic property App\Controllers\Transaksi::$home is deprecated in APPPATH\Controllers\Transaksi.php on line 16.
 1 SYSTEMPATH\CodeIgniter.php(903): App\Controllers\Transaksi->__construct()
 2 SYSTEMPATH\CodeIgniter.php(500): CodeIgniter\CodeIgniter->createController()
 3 SYSTEMPATH\CodeIgniter.php(355): CodeIgniter\CodeIgniter->handleRequest(null, Object(Config\Cache), false)
 4 SYSTEMPATH\Boot.php(312): CodeIgniter\CodeIgniter->run()
 5 SYSTEMPATH\Boot.php(67): CodeIgniter\Boot::runCodeIgniter(Object(CodeIgniter\CodeIgniter))
 6 FCPATH\index.php(56): CodeIgniter\Boot::bootWeb(Object(Config\Paths))
 7 SYSTEMPATH\Commands\Server\rewrite.php(49): require_once('C:\\APK\\xampp-8.2\\htdocs\\SafeToTrip\\public\\index.php')
WARNING - 2024-06-21 22:48:33 --> [DEPRECATED] Creation of dynamic property App\Controllers\Transaksi::$wisata is deprecated in APPPATH\Controllers\Transaksi.php on line 17.
 1 SYSTEMPATH\CodeIgniter.php(903): App\Controllers\Transaksi->__construct()
 2 SYSTEMPATH\CodeIgniter.php(500): CodeIgniter\CodeIgniter->createController()
 3 SYSTEMPATH\CodeIgniter.php(355): CodeIgniter\CodeIgniter->handleRequest(null, Object(Config\Cache), false)
 4 SYSTEMPATH\Boot.php(312): CodeIgniter\CodeIgniter->run()
 5 SYSTEMPATH\Boot.php(67): CodeIgniter\Boot::runCodeIgniter(Object(CodeIgniter\CodeIgniter))
 6 FCPATH\index.php(56): CodeIgniter\Boot::bootWeb(Object(Config\Paths))
 7 SYSTEMPATH\Commands\Server\rewrite.php(49): require_once('C:\\APK\\xampp-8.2\\htdocs\\SafeToTrip\\public\\index.php')
WARNING - 2024-06-21 22:48:33 --> [DEPRECATED] Creation of dynamic property App\Controllers\Transaksi::$transaksi is deprecated in APPPATH\Controllers\Transaksi.php on line 18.
 1 SYSTEMPATH\CodeIgniter.php(903): App\Controllers\Transaksi->__construct()
 2 SYSTEMPATH\CodeIgniter.php(500): CodeIgniter\CodeIgniter->createController()
 3 SYSTEMPATH\CodeIgniter.php(355): CodeIgniter\CodeIgniter->handleRequest(null, Object(Config\Cache), false)
 4 SYSTEMPATH\Boot.php(312): CodeIgniter\CodeIgniter->run()
 5 SYSTEMPATH\Boot.php(67): CodeIgniter\Boot::runCodeIgniter(Object(CodeIgniter\CodeIgniter))
 6 FCPATH\index.php(56): CodeIgniter\Boot::bootWeb(Object(Config\Paths))
 7 SYSTEMPATH\Commands\Server\rewrite.php(49): require_once('C:\\APK\\xampp-8.2\\htdocs\\SafeToTrip\\public\\index.php')
WARNING - 2024-06-21 22:48:33 --> [DEPRECATED] Creation of dynamic property App\Controllers\Transaksi::$detail is deprecated in APPPATH\Controllers\Transaksi.php on line 19.
 1 SYSTEMPATH\CodeIgniter.php(903): App\Controllers\Transaksi->__construct()
 2 SYSTEMPATH\CodeIgniter.php(500): CodeIgniter\CodeIgniter->createController()
 3 SYSTEMPATH\CodeIgniter.php(355): CodeIgniter\CodeIgniter->handleRequest(null, Object(Config\Cache), false)
 4 SYSTEMPATH\Boot.php(312): CodeIgniter\CodeIgniter->run()
 5 SYSTEMPATH\Boot.php(67): CodeIgniter\Boot::runCodeIgniter(Object(CodeIgniter\CodeIgniter))
 6 FCPATH\index.php(56): CodeIgniter\Boot::bootWeb(Object(Config\Paths))
 7 SYSTEMPATH\Commands\Server\rewrite.php(49): require_once('C:\\APK\\xampp-8.2\\htdocs\\SafeToTrip\\public\\index.php')
INFO - 2024-06-21 22:48:36 --> Session: Class initialized using 'CodeIgniter\Session\Handlers\FileHandler' driver.
WARNING - 2024-06-21 22:48:36 --> [DEPRECATED] Creation of dynamic property App\Controllers\Transaksi::$session is deprecated in APPPATH\Controllers\Transaksi.php on line 15.
 1 SYSTEMPATH\CodeIgniter.php(903): App\Controllers\Transaksi->__construct()
 2 SYSTEMPATH\CodeIgniter.php(500): CodeIgniter\CodeIgniter->createController()
 3 SYSTEMPATH\CodeIgniter.php(355): CodeIgniter\CodeIgniter->handleRequest(null, Object(Config\Cache), false)
 4 SYSTEMPATH\Boot.php(312): CodeIgniter\CodeIgniter->run()
 5 SYSTEMPATH\Boot.php(67): CodeIgniter\Boot::runCodeIgniter(Object(CodeIgniter\CodeIgniter))
 6 FCPATH\index.php(56): CodeIgniter\Boot::bootWeb(Object(Config\Paths))
 7 SYSTEMPATH\Commands\Server\rewrite.php(49): require_once('C:\\APK\\xampp-8.2\\htdocs\\SafeToTrip\\public\\index.php')
WARNING - 2024-06-21 22:48:36 --> [DEPRECATED] Creation of dynamic property App\Controllers\Home::$session is deprecated in APPPATH\Controllers\Home.php on line 13.
 1 APPPATH\Controllers\Transaksi.php(16): App\Controllers\Home->__construct()
 2 SYSTEMPATH\CodeIgniter.php(903): App\Controllers\Transaksi->__construct()
 3 SYSTEMPATH\CodeIgniter.php(500): CodeIgniter\CodeIgniter->createController()
 4 SYSTEMPATH\CodeIgniter.php(355): CodeIgniter\CodeIgniter->handleRequest(null, Object(Config\Cache), false)
 5 SYSTEMPATH\Boot.php(312): CodeIgniter\CodeIgniter->run()
 6 SYSTEMPATH\Boot.php(67): CodeIgniter\Boot::runCodeIgniter(Object(CodeIgniter\CodeIgniter))
 7 FCPATH\index.php(56): CodeIgniter\Boot::bootWeb(Object(Config\Paths))
 8 SYSTEMPATH\Commands\Server\rewrite.php(49): require_once('C:\\APK\\xampp-8.2\\htdocs\\SafeToTrip\\public\\index.php')
WARNING - 2024-06-21 22:48:36 --> [DEPRECATED] Creation of dynamic property App\Controllers\Home::$wisata is deprecated in APPPATH\Controllers\Home.php on line 14.
 1 APPPATH\Controllers\Transaksi.php(16): App\Controllers\Home->__construct()
 2 SYSTEMPATH\CodeIgniter.php(903): App\Controllers\Transaksi->__construct()
 3 SYSTEMPATH\CodeIgniter.php(500): CodeIgniter\CodeIgniter->createController()
 4 SYSTEMPATH\CodeIgniter.php(355): CodeIgniter\CodeIgniter->handleRequest(null, Object(Config\Cache), false)
 5 SYSTEMPATH\Boot.php(312): CodeIgniter\CodeIgniter->run()
 6 SYSTEMPATH\Boot.php(67): CodeIgniter\Boot::runCodeIgniter(Object(CodeIgniter\CodeIgniter))
 7 FCPATH\index.php(56): CodeIgniter\Boot::bootWeb(Object(Config\Paths))
 8 SYSTEMPATH\Commands\Server\rewrite.php(49): require_once('C:\\APK\\xampp-8.2\\htdocs\\SafeToTrip\\public\\index.php')
WARNING - 2024-06-21 22:48:36 --> [DEPRECATED] Creation of dynamic property App\Controllers\Home::$fasilitas is deprecated in APPPATH\Controllers\Home.php on line 15.
 1 APPPATH\Controllers\Transaksi.php(16): App\Controllers\Home->__construct()
 2 SYSTEMPATH\CodeIgniter.php(903): App\Controllers\Transaksi->__construct()
 3 SYSTEMPATH\CodeIgniter.php(500): CodeIgniter\CodeIgniter->createController()
 4 SYSTEMPATH\CodeIgniter.php(355): CodeIgniter\CodeIgniter->handleRequest(null, Object(Config\Cache), false)
 5 SYSTEMPATH\Boot.php(312): CodeIgniter\CodeIgniter->run()
 6 SYSTEMPATH\Boot.php(67): CodeIgniter\Boot::runCodeIgniter(Object(CodeIgniter\CodeIgniter))
 7 FCPATH\index.php(56): CodeIgniter\Boot::bootWeb(Object(Config\Paths))
 8 SYSTEMPATH\Commands\Server\rewrite.php(49): require_once('C:\\APK\\xampp-8.2\\htdocs\\SafeToTrip\\public\\index.php')
WARNING - 2024-06-21 22:48:36 --> [DEPRECATED] Creation of dynamic property App\Controllers\Home::$harga is deprecated in APPPATH\Controllers\Home.php on line 16.
 1 APPPATH\Controllers\Transaksi.php(16): App\Controllers\Home->__construct()
 2 SYSTEMPATH\CodeIgniter.php(903): App\Controllers\Transaksi->__construct()
 3 SYSTEMPATH\CodeIgniter.php(500): CodeIgniter\CodeIgniter->createController()
 4 SYSTEMPATH\CodeIgniter.php(355): CodeIgniter\CodeIgniter->handleRequest(null, Object(Config\Cache), false)
 5 SYSTEMPATH\Boot.php(312): CodeIgniter\CodeIgniter->run()
 6 SYSTEMPATH\Boot.php(67): CodeIgniter\Boot::runCodeIgniter(Object(CodeIgniter\CodeIgniter))
 7 FCPATH\index.php(56): CodeIgniter\Boot::bootWeb(Object(Config\Paths))
 8 SYSTEMPATH\Commands\Server\rewrite.php(49): require_once('C:\\APK\\xampp-8.2\\htdocs\\SafeToTrip\\public\\index.php')
WARNING - 2024-06-21 22:48:36 --> [DEPRECATED] Creation of dynamic property App\Controllers\Transaksi::$home is deprecated in APPPATH\Controllers\Transaksi.php on line 16.
 1 SYSTEMPATH\CodeIgniter.php(903): App\Controllers\Transaksi->__construct()
 2 SYSTEMPATH\CodeIgniter.php(500): CodeIgniter\CodeIgniter->createController()
 3 SYSTEMPATH\CodeIgniter.php(355): CodeIgniter\CodeIgniter->handleRequest(null, Object(Config\Cache), false)
 4 SYSTEMPATH\Boot.php(312): CodeIgniter\CodeIgniter->run()
 5 SYSTEMPATH\Boot.php(67): CodeIgniter\Boot::runCodeIgniter(Object(CodeIgniter\CodeIgniter))
 6 FCPATH\index.php(56): CodeIgniter\Boot::bootWeb(Object(Config\Paths))
 7 SYSTEMPATH\Commands\Server\rewrite.php(49): require_once('C:\\APK\\xampp-8.2\\htdocs\\SafeToTrip\\public\\index.php')
WARNING - 2024-06-21 22:48:36 --> [DEPRECATED] Creation of dynamic property App\Controllers\Transaksi::$wisata is deprecated in APPPATH\Controllers\Transaksi.php on line 17.
 1 SYSTEMPATH\CodeIgniter.php(903): App\Controllers\Transaksi->__construct()
 2 SYSTEMPATH\CodeIgniter.php(500): CodeIgniter\CodeIgniter->createController()
 3 SYSTEMPATH\CodeIgniter.php(355): CodeIgniter\CodeIgniter->handleRequest(null, Object(Config\Cache), false)
 4 SYSTEMPATH\Boot.php(312): CodeIgniter\CodeIgniter->run()
 5 SYSTEMPATH\Boot.php(67): CodeIgniter\Boot::runCodeIgniter(Object(CodeIgniter\CodeIgniter))
 6 FCPATH\index.php(56): CodeIgniter\Boot::bootWeb(Object(Config\Paths))
 7 SYSTEMPATH\Commands\Server\rewrite.php(49): require_once('C:\\APK\\xampp-8.2\\htdocs\\SafeToTrip\\public\\index.php')
WARNING - 2024-06-21 22:48:36 --> [DEPRECATED] Creation of dynamic property App\Controllers\Transaksi::$transaksi is deprecated in APPPATH\Controllers\Transaksi.php on line 18.
 1 SYSTEMPATH\CodeIgniter.php(903): App\Controllers\Transaksi->__construct()
 2 SYSTEMPATH\CodeIgniter.php(500): CodeIgniter\CodeIgniter->createController()
 3 SYSTEMPATH\CodeIgniter.php(355): CodeIgniter\CodeIgniter->handleRequest(null, Object(Config\Cache), false)
 4 SYSTEMPATH\Boot.php(312): CodeIgniter\CodeIgniter->run()
 5 SYSTEMPATH\Boot.php(67): CodeIgniter\Boot::runCodeIgniter(Object(CodeIgniter\CodeIgniter))
 6 FCPATH\index.php(56): CodeIgniter\Boot::bootWeb(Object(Config\Paths))
 7 SYSTEMPATH\Commands\Server\rewrite.php(49): require_once('C:\\APK\\xampp-8.2\\htdocs\\SafeToTrip\\public\\index.php')
WARNING - 2024-06-21 22:48:36 --> [DEPRECATED] Creation of dynamic property App\Controllers\Transaksi::$detail is deprecated in APPPATH\Controllers\Transaksi.php on line 19.
 1 SYSTEMPATH\CodeIgniter.php(903): App\Controllers\Transaksi->__construct()
 2 SYSTEMPATH\CodeIgniter.php(500): CodeIgniter\CodeIgniter->createController()
 3 SYSTEMPATH\CodeIgniter.php(355): CodeIgniter\CodeIgniter->handleRequest(null, Object(Config\Cache), false)
 4 SYSTEMPATH\Boot.php(312): CodeIgniter\CodeIgniter->run()
 5 SYSTEMPATH\Boot.php(67): CodeIgniter\Boot::runCodeIgniter(Object(CodeIgniter\CodeIgniter))
 6 FCPATH\index.php(56): CodeIgniter\Boot::bootWeb(Object(Config\Paths))
 7 SYSTEMPATH\Commands\Server\rewrite.php(49): require_once('C:\\APK\\xampp-8.2\\htdocs\\SafeToTrip\\public\\index.php')
INFO - 2024-06-21 22:48:59 --> Session: Class initialized using 'CodeIgniter\Session\Handlers\FileHandler' driver.
WARNING - 2024-06-21 22:48:59 --> [DEPRECATED] Creation of dynamic property App\Controllers\Transaksi::$session is deprecated in APPPATH\Controllers\Transaksi.php on line 15.
 1 SYSTEMPATH\CodeIgniter.php(903): App\Controllers\Transaksi->__construct()
 2 SYSTEMPATH\CodeIgniter.php(500): CodeIgniter\CodeIgniter->createController()
 3 SYSTEMPATH\CodeIgniter.php(355): CodeIgniter\CodeIgniter->handleRequest(null, Object(Config\Cache), false)
 4 SYSTEMPATH\Boot.php(312): CodeIgniter\CodeIgniter->run()
 5 SYSTEMPATH\Boot.php(67): CodeIgniter\Boot::runCodeIgniter(Object(CodeIgniter\CodeIgniter))
 6 FCPATH\index.php(56): CodeIgniter\Boot::bootWeb(Object(Config\Paths))
 7 SYSTEMPATH\Commands\Server\rewrite.php(49): require_once('C:\\APK\\xampp-8.2\\htdocs\\SafeToTrip\\public\\index.php')
WARNING - 2024-06-21 22:48:59 --> [DEPRECATED] Creation of dynamic property App\Controllers\Home::$session is deprecated in APPPATH\Controllers\Home.php on line 13.
 1 APPPATH\Controllers\Transaksi.php(16): App\Controllers\Home->__construct()
 2 SYSTEMPATH\CodeIgniter.php(903): App\Controllers\Transaksi->__construct()
 3 SYSTEMPATH\CodeIgniter.php(500): CodeIgniter\CodeIgniter->createController()
 4 SYSTEMPATH\CodeIgniter.php(355): CodeIgniter\CodeIgniter->handleRequest(null, Object(Config\Cache), false)
 5 SYSTEMPATH\Boot.php(312): CodeIgniter\CodeIgniter->run()
 6 SYSTEMPATH\Boot.php(67): CodeIgniter\Boot::runCodeIgniter(Object(CodeIgniter\CodeIgniter))
 7 FCPATH\index.php(56): CodeIgniter\Boot::bootWeb(Object(Config\Paths))
 8 SYSTEMPATH\Commands\Server\rewrite.php(49): require_once('C:\\APK\\xampp-8.2\\htdocs\\SafeToTrip\\public\\index.php')
WARNING - 2024-06-21 22:48:59 --> [DEPRECATED] Creation of dynamic property App\Controllers\Home::$wisata is deprecated in APPPATH\Controllers\Home.php on line 14.
 1 APPPATH\Controllers\Transaksi.php(16): App\Controllers\Home->__construct()
 2 SYSTEMPATH\CodeIgniter.php(903): App\Controllers\Transaksi->__construct()
 3 SYSTEMPATH\CodeIgniter.php(500): CodeIgniter\CodeIgniter->createController()
 4 SYSTEMPATH\CodeIgniter.php(355): CodeIgniter\CodeIgniter->handleRequest(null, Object(Config\Cache), false)
 5 SYSTEMPATH\Boot.php(312): CodeIgniter\CodeIgniter->run()
 6 SYSTEMPATH\Boot.php(67): CodeIgniter\Boot::runCodeIgniter(Object(CodeIgniter\CodeIgniter))
 7 FCPATH\index.php(56): CodeIgniter\Boot::bootWeb(Object(Config\Paths))
 8 SYSTEMPATH\Commands\Server\rewrite.php(49): require_once('C:\\APK\\xampp-8.2\\htdocs\\SafeToTrip\\public\\index.php')
WARNING - 2024-06-21 22:48:59 --> [DEPRECATED] Creation of dynamic property App\Controllers\Home::$fasilitas is deprecated in APPPATH\Controllers\Home.php on line 15.
 1 APPPATH\Controllers\Transaksi.php(16): App\Controllers\Home->__construct()
 2 SYSTEMPATH\CodeIgniter.php(903): App\Controllers\Transaksi->__construct()
 3 SYSTEMPATH\CodeIgniter.php(500): CodeIgniter\CodeIgniter->createController()
 4 SYSTEMPATH\CodeIgniter.php(355): CodeIgniter\CodeIgniter->handleRequest(null, Object(Config\Cache), false)
 5 SYSTEMPATH\Boot.php(312): CodeIgniter\CodeIgniter->run()
 6 SYSTEMPATH\Boot.php(67): CodeIgniter\Boot::runCodeIgniter(Object(CodeIgniter\CodeIgniter))
 7 FCPATH\index.php(56): CodeIgniter\Boot::bootWeb(Object(Config\Paths))
 8 SYSTEMPATH\Commands\Server\rewrite.php(49): require_once('C:\\APK\\xampp-8.2\\htdocs\\SafeToTrip\\public\\index.php')
WARNING - 2024-06-21 22:48:59 --> [DEPRECATED] Creation of dynamic property App\Controllers\Home::$harga is deprecated in APPPATH\Controllers\Home.php on line 16.
 1 APPPATH\Controllers\Transaksi.php(16): App\Controllers\Home->__construct()
 2 SYSTEMPATH\CodeIgniter.php(903): App\Controllers\Transaksi->__construct()
 3 SYSTEMPATH\CodeIgniter.php(500): CodeIgniter\CodeIgniter->createController()
 4 SYSTEMPATH\CodeIgniter.php(355): CodeIgniter\CodeIgniter->handleRequest(null, Object(Config\Cache), false)
 5 SYSTEMPATH\Boot.php(312): CodeIgniter\CodeIgniter->run()
 6 SYSTEMPATH\Boot.php(67): CodeIgniter\Boot::runCodeIgniter(Object(CodeIgniter\CodeIgniter))
 7 FCPATH\index.php(56): CodeIgniter\Boot::bootWeb(Object(Config\Paths))
 8 SYSTEMPATH\Commands\Server\rewrite.php(49): require_once('C:\\APK\\xampp-8.2\\htdocs\\SafeToTrip\\public\\index.php')
WARNING - 2024-06-21 22:48:59 --> [DEPRECATED] Creation of dynamic property App\Controllers\Transaksi::$home is deprecated in APPPATH\Controllers\Transaksi.php on line 16.
 1 SYSTEMPATH\CodeIgniter.php(903): App\Controllers\Transaksi->__construct()
 2 SYSTEMPATH\CodeIgniter.php(500): CodeIgniter\CodeIgniter->createController()
 3 SYSTEMPATH\CodeIgniter.php(355): CodeIgniter\CodeIgniter->handleRequest(null, Object(Config\Cache), false)
 4 SYSTEMPATH\Boot.php(312): CodeIgniter\CodeIgniter->run()
 5 SYSTEMPATH\Boot.php(67): CodeIgniter\Boot::runCodeIgniter(Object(CodeIgniter\CodeIgniter))
 6 FCPATH\index.php(56): CodeIgniter\Boot::bootWeb(Object(Config\Paths))
 7 SYSTEMPATH\Commands\Server\rewrite.php(49): require_once('C:\\APK\\xampp-8.2\\htdocs\\SafeToTrip\\public\\index.php')
WARNING - 2024-06-21 22:48:59 --> [DEPRECATED] Creation of dynamic property App\Controllers\Transaksi::$wisata is deprecated in APPPATH\Controllers\Transaksi.php on line 17.
 1 SYSTEMPATH\CodeIgniter.php(903): App\Controllers\Transaksi->__construct()
 2 SYSTEMPATH\CodeIgniter.php(500): CodeIgniter\CodeIgniter->createController()
 3 SYSTEMPATH\CodeIgniter.php(355): CodeIgniter\CodeIgniter->handleRequest(null, Object(Config\Cache), false)
 4 SYSTEMPATH\Boot.php(312): CodeIgniter\CodeIgniter->run()
 5 SYSTEMPATH\Boot.php(67): CodeIgniter\Boot::runCodeIgniter(Object(CodeIgniter\CodeIgniter))
 6 FCPATH\index.php(56): CodeIgniter\Boot::bootWeb(Object(Config\Paths))
 7 SYSTEMPATH\Commands\Server\rewrite.php(49): require_once('C:\\APK\\xampp-8.2\\htdocs\\SafeToTrip\\public\\index.php')
WARNING - 2024-06-21 22:48:59 --> [DEPRECATED] Creation of dynamic property App\Controllers\Transaksi::$transaksi is deprecated in APPPATH\Controllers\Transaksi.php on line 18.
 1 SYSTEMPATH\CodeIgniter.php(903): App\Controllers\Transaksi->__construct()
 2 SYSTEMPATH\CodeIgniter.php(500): CodeIgniter\CodeIgniter->createController()
 3 SYSTEMPATH\CodeIgniter.php(355): CodeIgniter\CodeIgniter->handleRequest(null, Object(Config\Cache), false)
 4 SYSTEMPATH\Boot.php(312): CodeIgniter\CodeIgniter->run()
 5 SYSTEMPATH\Boot.php(67): CodeIgniter\Boot::runCodeIgniter(Object(CodeIgniter\CodeIgniter))
 6 FCPATH\index.php(56): CodeIgniter\Boot::bootWeb(Object(Config\Paths))
 7 SYSTEMPATH\Commands\Server\rewrite.php(49): require_once('C:\\APK\\xampp-8.2\\htdocs\\SafeToTrip\\public\\index.php')
WARNING - 2024-06-21 22:48:59 --> [DEPRECATED] Creation of dynamic property App\Controllers\Transaksi::$detail is deprecated in APPPATH\Controllers\Transaksi.php on line 19.
 1 SYSTEMPATH\CodeIgniter.php(903): App\Controllers\Transaksi->__construct()
 2 SYSTEMPATH\CodeIgniter.php(500): CodeIgniter\CodeIgniter->createController()
 3 SYSTEMPATH\CodeIgniter.php(355): CodeIgniter\CodeIgniter->handleRequest(null, Object(Config\Cache), false)
 4 SYSTEMPATH\Boot.php(312): CodeIgniter\CodeIgniter->run()
 5 SYSTEMPATH\Boot.php(67): CodeIgniter\Boot::runCodeIgniter(Object(CodeIgniter\CodeIgniter))
 6 FCPATH\index.php(56): CodeIgniter\Boot::bootWeb(Object(Config\Paths))
 7 SYSTEMPATH\Commands\Server\rewrite.php(49): require_once('C:\\APK\\xampp-8.2\\htdocs\\SafeToTrip\\public\\index.php')
INFO - 2024-06-21 22:49:08 --> Session: Class initialized using 'CodeIgniter\Session\Handlers\FileHandler' driver.
WARNING - 2024-06-21 22:49:08 --> [DEPRECATED] Creation of dynamic property App\Controllers\Transaksi::$session is deprecated in APPPATH\Controllers\Transaksi.php on line 15.
 1 SYSTEMPATH\CodeIgniter.php(903): App\Controllers\Transaksi->__construct()
 2 SYSTEMPATH\CodeIgniter.php(500): CodeIgniter\CodeIgniter->createController()
 3 SYSTEMPATH\CodeIgniter.php(355): CodeIgniter\CodeIgniter->handleRequest(null, Object(Config\Cache), false)
 4 SYSTEMPATH\Boot.php(312): CodeIgniter\CodeIgniter->run()
 5 SYSTEMPATH\Boot.php(67): CodeIgniter\Boot::runCodeIgniter(Object(CodeIgniter\CodeIgniter))
 6 FCPATH\index.php(56): CodeIgniter\Boot::bootWeb(Object(Config\Paths))
 7 SYSTEMPATH\Commands\Server\rewrite.php(49): require_once('C:\\APK\\xampp-8.2\\htdocs\\SafeToTrip\\public\\index.php')
WARNING - 2024-06-21 22:49:08 --> [DEPRECATED] Creation of dynamic property App\Controllers\Home::$session is deprecated in APPPATH\Controllers\Home.php on line 13.
 1 APPPATH\Controllers\Transaksi.php(16): App\Controllers\Home->__construct()
 2 SYSTEMPATH\CodeIgniter.php(903): App\Controllers\Transaksi->__construct()
 3 SYSTEMPATH\CodeIgniter.php(500): CodeIgniter\CodeIgniter->createController()
 4 SYSTEMPATH\CodeIgniter.php(355): CodeIgniter\CodeIgniter->handleRequest(null, Object(Config\Cache), false)
 5 SYSTEMPATH\Boot.php(312): CodeIgniter\CodeIgniter->run()
 6 SYSTEMPATH\Boot.php(67): CodeIgniter\Boot::runCodeIgniter(Object(CodeIgniter\CodeIgniter))
 7 FCPATH\index.php(56): CodeIgniter\Boot::bootWeb(Object(Config\Paths))
 8 SYSTEMPATH\Commands\Server\rewrite.php(49): require_once('C:\\APK\\xampp-8.2\\htdocs\\SafeToTrip\\public\\index.php')
WARNING - 2024-06-21 22:49:08 --> [DEPRECATED] Creation of dynamic property App\Controllers\Home::$wisata is deprecated in APPPATH\Controllers\Home.php on line 14.
 1 APPPATH\Controllers\Transaksi.php(16): App\Controllers\Home->__construct()
 2 SYSTEMPATH\CodeIgniter.php(903): App\Controllers\Transaksi->__construct()
 3 SYSTEMPATH\CodeIgniter.php(500): CodeIgniter\CodeIgniter->createController()
 4 SYSTEMPATH\CodeIgniter.php(355): CodeIgniter\CodeIgniter->handleRequest(null, Object(Config\Cache), false)
 5 SYSTEMPATH\Boot.php(312): CodeIgniter\CodeIgniter->run()
 6 SYSTEMPATH\Boot.php(67): CodeIgniter\Boot::runCodeIgniter(Object(CodeIgniter\CodeIgniter))
 7 FCPATH\index.php(56): CodeIgniter\Boot::bootWeb(Object(Config\Paths))
 8 SYSTEMPATH\Commands\Server\rewrite.php(49): require_once('C:\\APK\\xampp-8.2\\htdocs\\SafeToTrip\\public\\index.php')
WARNING - 2024-06-21 22:49:08 --> [DEPRECATED] Creation of dynamic property App\Controllers\Home::$fasilitas is deprecated in APPPATH\Controllers\Home.php on line 15.
 1 APPPATH\Controllers\Transaksi.php(16): App\Controllers\Home->__construct()
 2 SYSTEMPATH\CodeIgniter.php(903): App\Controllers\Transaksi->__construct()
 3 SYSTEMPATH\CodeIgniter.php(500): CodeIgniter\CodeIgniter->createController()
 4 SYSTEMPATH\CodeIgniter.php(355): CodeIgniter\CodeIgniter->handleRequest(null, Object(Config\Cache), false)
 5 SYSTEMPATH\Boot.php(312): CodeIgniter\CodeIgniter->run()
 6 SYSTEMPATH\Boot.php(67): CodeIgniter\Boot::runCodeIgniter(Object(CodeIgniter\CodeIgniter))
 7 FCPATH\index.php(56): CodeIgniter\Boot::bootWeb(Object(Config\Paths))
 8 SYSTEMPATH\Commands\Server\rewrite.php(49): require_once('C:\\APK\\xampp-8.2\\htdocs\\SafeToTrip\\public\\index.php')
WARNING - 2024-06-21 22:49:08 --> [DEPRECATED] Creation of dynamic property App\Controllers\Home::$harga is deprecated in APPPATH\Controllers\Home.php on line 16.
 1 APPPATH\Controllers\Transaksi.php(16): App\Controllers\Home->__construct()
 2 SYSTEMPATH\CodeIgniter.php(903): App\Controllers\Transaksi->__construct()
 3 SYSTEMPATH\CodeIgniter.php(500): CodeIgniter\CodeIgniter->createController()
 4 SYSTEMPATH\CodeIgniter.php(355): CodeIgniter\CodeIgniter->handleRequest(null, Object(Config\Cache), false)
 5 SYSTEMPATH\Boot.php(312): CodeIgniter\CodeIgniter->run()
 6 SYSTEMPATH\Boot.php(67): CodeIgniter\Boot::runCodeIgniter(Object(CodeIgniter\CodeIgniter))
 7 FCPATH\index.php(56): CodeIgniter\Boot::bootWeb(Object(Config\Paths))
 8 SYSTEMPATH\Commands\Server\rewrite.php(49): require_once('C:\\APK\\xampp-8.2\\htdocs\\SafeToTrip\\public\\index.php')
WARNING - 2024-06-21 22:49:08 --> [DEPRECATED] Creation of dynamic property App\Controllers\Transaksi::$home is deprecated in APPPATH\Controllers\Transaksi.php on line 16.
 1 SYSTEMPATH\CodeIgniter.php(903): App\Controllers\Transaksi->__construct()
 2 SYSTEMPATH\CodeIgniter.php(500): CodeIgniter\CodeIgniter->createController()
 3 SYSTEMPATH\CodeIgniter.php(355): CodeIgniter\CodeIgniter->handleRequest(null, Object(Config\Cache), false)
 4 SYSTEMPATH\Boot.php(312): CodeIgniter\CodeIgniter->run()
 5 SYSTEMPATH\Boot.php(67): CodeIgniter\Boot::runCodeIgniter(Object(CodeIgniter\CodeIgniter))
 6 FCPATH\index.php(56): CodeIgniter\Boot::bootWeb(Object(Config\Paths))
 7 SYSTEMPATH\Commands\Server\rewrite.php(49): require_once('C:\\APK\\xampp-8.2\\htdocs\\SafeToTrip\\public\\index.php')
WARNING - 2024-06-21 22:49:08 --> [DEPRECATED] Creation of dynamic property App\Controllers\Transaksi::$wisata is deprecated in APPPATH\Controllers\Transaksi.php on line 17.
 1 SYSTEMPATH\CodeIgniter.php(903): App\Controllers\Transaksi->__construct()
 2 SYSTEMPATH\CodeIgniter.php(500): CodeIgniter\CodeIgniter->createController()
 3 SYSTEMPATH\CodeIgniter.php(355): CodeIgniter\CodeIgniter->handleRequest(null, Object(Config\Cache), false)
 4 SYSTEMPATH\Boot.php(312): CodeIgniter\CodeIgniter->run()
 5 SYSTEMPATH\Boot.php(67): CodeIgniter\Boot::runCodeIgniter(Object(CodeIgniter\CodeIgniter))
 6 FCPATH\index.php(56): CodeIgniter\Boot::bootWeb(Object(Config\Paths))
 7 SYSTEMPATH\Commands\Server\rewrite.php(49): require_once('C:\\APK\\xampp-8.2\\htdocs\\SafeToTrip\\public\\index.php')
WARNING - 2024-06-21 22:49:08 --> [DEPRECATED] Creation of dynamic property App\Controllers\Transaksi::$transaksi is deprecated in APPPATH\Controllers\Transaksi.php on line 18.
 1 SYSTEMPATH\CodeIgniter.php(903): App\Controllers\Transaksi->__construct()
 2 SYSTEMPATH\CodeIgniter.php(500): CodeIgniter\CodeIgniter->createController()
 3 SYSTEMPATH\CodeIgniter.php(355): CodeIgniter\CodeIgniter->handleRequest(null, Object(Config\Cache), false)
 4 SYSTEMPATH\Boot.php(312): CodeIgniter\CodeIgniter->run()
 5 SYSTEMPATH\Boot.php(67): CodeIgniter\Boot::runCodeIgniter(Object(CodeIgniter\CodeIgniter))
 6 FCPATH\index.php(56): CodeIgniter\Boot::bootWeb(Object(Config\Paths))
 7 SYSTEMPATH\Commands\Server\rewrite.php(49): require_once('C:\\APK\\xampp-8.2\\htdocs\\SafeToTrip\\public\\index.php')
WARNING - 2024-06-21 22:49:08 --> [DEPRECATED] Creation of dynamic property App\Controllers\Transaksi::$detail is deprecated in APPPATH\Controllers\Transaksi.php on line 19.
 1 SYSTEMPATH\CodeIgniter.php(903): App\Controllers\Transaksi->__construct()
 2 SYSTEMPATH\CodeIgniter.php(500): CodeIgniter\CodeIgniter->createController()
 3 SYSTEMPATH\CodeIgniter.php(355): CodeIgniter\CodeIgniter->handleRequest(null, Object(Config\Cache), false)
 4 SYSTEMPATH\Boot.php(312): CodeIgniter\CodeIgniter->run()
 5 SYSTEMPATH\Boot.php(67): CodeIgniter\Boot::runCodeIgniter(Object(CodeIgniter\CodeIgniter))
 6 FCPATH\index.php(56): CodeIgniter\Boot::bootWeb(Object(Config\Paths))
 7 SYSTEMPATH\Commands\Server\rewrite.php(49): require_once('C:\\APK\\xampp-8.2\\htdocs\\SafeToTrip\\public\\index.php')
INFO - 2024-06-21 22:49:36 --> Session: Class initialized using 'CodeIgniter\Session\Handlers\FileHandler' driver.
WARNING - 2024-06-21 22:49:36 --> [DEPRECATED] Creation of dynamic property App\Controllers\Transaksi::$session is deprecated in APPPATH\Controllers\Transaksi.php on line 15.
 1 SYSTEMPATH\CodeIgniter.php(903): App\Controllers\Transaksi->__construct()
 2 SYSTEMPATH\CodeIgniter.php(500): CodeIgniter\CodeIgniter->createController()
 3 SYSTEMPATH\CodeIgniter.php(355): CodeIgniter\CodeIgniter->handleRequest(null, Object(Config\Cache), false)
 4 SYSTEMPATH\Boot.php(312): CodeIgniter\CodeIgniter->run()
 5 SYSTEMPATH\Boot.php(67): CodeIgniter\Boot::runCodeIgniter(Object(CodeIgniter\CodeIgniter))
 6 FCPATH\index.php(56): CodeIgniter\Boot::bootWeb(Object(Config\Paths))
 7 SYSTEMPATH\Commands\Server\rewrite.php(49): require_once('C:\\APK\\xampp-8.2\\htdocs\\SafeToTrip\\public\\index.php')
WARNING - 2024-06-21 22:49:36 --> [DEPRECATED] Creation of dynamic property App\Controllers\Home::$session is deprecated in APPPATH\Controllers\Home.php on line 13.
 1 APPPATH\Controllers\Transaksi.php(16): App\Controllers\Home->__construct()
 2 SYSTEMPATH\CodeIgniter.php(903): App\Controllers\Transaksi->__construct()
 3 SYSTEMPATH\CodeIgniter.php(500): CodeIgniter\CodeIgniter->createController()
 4 SYSTEMPATH\CodeIgniter.php(355): CodeIgniter\CodeIgniter->handleRequest(null, Object(Config\Cache), false)
 5 SYSTEMPATH\Boot.php(312): CodeIgniter\CodeIgniter->run()
 6 SYSTEMPATH\Boot.php(67): CodeIgniter\Boot::runCodeIgniter(Object(CodeIgniter\CodeIgniter))
 7 FCPATH\index.php(56): CodeIgniter\Boot::bootWeb(Object(Config\Paths))
 8 SYSTEMPATH\Commands\Server\rewrite.php(49): require_once('C:\\APK\\xampp-8.2\\htdocs\\SafeToTrip\\public\\index.php')
WARNING - 2024-06-21 22:49:36 --> [DEPRECATED] Creation of dynamic property App\Controllers\Home::$wisata is deprecated in APPPATH\Controllers\Home.php on line 14.
 1 APPPATH\Controllers\Transaksi.php(16): App\Controllers\Home->__construct()
 2 SYSTEMPATH\CodeIgniter.php(903): App\Controllers\Transaksi->__construct()
 3 SYSTEMPATH\CodeIgniter.php(500): CodeIgniter\CodeIgniter->createController()
 4 SYSTEMPATH\CodeIgniter.php(355): CodeIgniter\CodeIgniter->handleRequest(null, Object(Config\Cache), false)
 5 SYSTEMPATH\Boot.php(312): CodeIgniter\CodeIgniter->run()
 6 SYSTEMPATH\Boot.php(67): CodeIgniter\Boot::runCodeIgniter(Object(CodeIgniter\CodeIgniter))
 7 FCPATH\index.php(56): CodeIgniter\Boot::bootWeb(Object(Config\Paths))
 8 SYSTEMPATH\Commands\Server\rewrite.php(49): require_once('C:\\APK\\xampp-8.2\\htdocs\\SafeToTrip\\public\\index.php')
WARNING - 2024-06-21 22:49:36 --> [DEPRECATED] Creation of dynamic property App\Controllers\Home::$fasilitas is deprecated in APPPATH\Controllers\Home.php on line 15.
 1 APPPATH\Controllers\Transaksi.php(16): App\Controllers\Home->__construct()
 2 SYSTEMPATH\CodeIgniter.php(903): App\Controllers\Transaksi->__construct()
 3 SYSTEMPATH\CodeIgniter.php(500): CodeIgniter\CodeIgniter->createController()
 4 SYSTEMPATH\CodeIgniter.php(355): CodeIgniter\CodeIgniter->handleRequest(null, Object(Config\Cache), false)
 5 SYSTEMPATH\Boot.php(312): CodeIgniter\CodeIgniter->run()
 6 SYSTEMPATH\Boot.php(67): CodeIgniter\Boot::runCodeIgniter(Object(CodeIgniter\CodeIgniter))
 7 FCPATH\index.php(56): CodeIgniter\Boot::bootWeb(Object(Config\Paths))
 8 SYSTEMPATH\Commands\Server\rewrite.php(49): require_once('C:\\APK\\xampp-8.2\\htdocs\\SafeToTrip\\public\\index.php')
WARNING - 2024-06-21 22:49:36 --> [DEPRECATED] Creation of dynamic property App\Controllers\Home::$harga is deprecated in APPPATH\Controllers\Home.php on line 16.
 1 APPPATH\Controllers\Transaksi.php(16): App\Controllers\Home->__construct()
 2 SYSTEMPATH\CodeIgniter.php(903): App\Controllers\Transaksi->__construct()
 3 SYSTEMPATH\CodeIgniter.php(500): CodeIgniter\CodeIgniter->createController()
 4 SYSTEMPATH\CodeIgniter.php(355): CodeIgniter\CodeIgniter->handleRequest(null, Object(Config\Cache), false)
 5 SYSTEMPATH\Boot.php(312): CodeIgniter\CodeIgniter->run()
 6 SYSTEMPATH\Boot.php(67): CodeIgniter\Boot::runCodeIgniter(Object(CodeIgniter\CodeIgniter))
 7 FCPATH\index.php(56): CodeIgniter\Boot::bootWeb(Object(Config\Paths))
 8 SYSTEMPATH\Commands\Server\rewrite.php(49): require_once('C:\\APK\\xampp-8.2\\htdocs\\SafeToTrip\\public\\index.php')
WARNING - 2024-06-21 22:49:36 --> [DEPRECATED] Creation of dynamic property App\Controllers\Transaksi::$home is deprecated in APPPATH\Controllers\Transaksi.php on line 16.
 1 SYSTEMPATH\CodeIgniter.php(903): App\Controllers\Transaksi->__construct()
 2 SYSTEMPATH\CodeIgniter.php(500): CodeIgniter\CodeIgniter->createController()
 3 SYSTEMPATH\CodeIgniter.php(355): CodeIgniter\CodeIgniter->handleRequest(null, Object(Config\Cache), false)
 4 SYSTEMPATH\Boot.php(312): CodeIgniter\CodeIgniter->run()
 5 SYSTEMPATH\Boot.php(67): CodeIgniter\Boot::runCodeIgniter(Object(CodeIgniter\CodeIgniter))
 6 FCPATH\index.php(56): CodeIgniter\Boot::bootWeb(Object(Config\Paths))
 7 SYSTEMPATH\Commands\Server\rewrite.php(49): require_once('C:\\APK\\xampp-8.2\\htdocs\\SafeToTrip\\public\\index.php')
WARNING - 2024-06-21 22:49:36 --> [DEPRECATED] Creation of dynamic property App\Controllers\Transaksi::$wisata is deprecated in APPPATH\Controllers\Transaksi.php on line 17.
 1 SYSTEMPATH\CodeIgniter.php(903): App\Controllers\Transaksi->__construct()
 2 SYSTEMPATH\CodeIgniter.php(500): CodeIgniter\CodeIgniter->createController()
 3 SYSTEMPATH\CodeIgniter.php(355): CodeIgniter\CodeIgniter->handleRequest(null, Object(Config\Cache), false)
 4 SYSTEMPATH\Boot.php(312): CodeIgniter\CodeIgniter->run()
 5 SYSTEMPATH\Boot.php(67): CodeIgniter\Boot::runCodeIgniter(Object(CodeIgniter\CodeIgniter))
 6 FCPATH\index.php(56): CodeIgniter\Boot::bootWeb(Object(Config\Paths))
 7 SYSTEMPATH\Commands\Server\rewrite.php(49): require_once('C:\\APK\\xampp-8.2\\htdocs\\SafeToTrip\\public\\index.php')
WARNING - 2024-06-21 22:49:36 --> [DEPRECATED] Creation of dynamic property App\Controllers\Transaksi::$transaksi is deprecated in APPPATH\Controllers\Transaksi.php on line 18.
 1 SYSTEMPATH\CodeIgniter.php(903): App\Controllers\Transaksi->__construct()
 2 SYSTEMPATH\CodeIgniter.php(500): CodeIgniter\CodeIgniter->createController()
 3 SYSTEMPATH\CodeIgniter.php(355): CodeIgniter\CodeIgniter->handleRequest(null, Object(Config\Cache), false)
 4 SYSTEMPATH\Boot.php(312): CodeIgniter\CodeIgniter->run()
 5 SYSTEMPATH\Boot.php(67): CodeIgniter\Boot::runCodeIgniter(Object(CodeIgniter\CodeIgniter))
 6 FCPATH\index.php(56): CodeIgniter\Boot::bootWeb(Object(Config\Paths))
 7 SYSTEMPATH\Commands\Server\rewrite.php(49): require_once('C:\\APK\\xampp-8.2\\htdocs\\SafeToTrip\\public\\index.php')
WARNING - 2024-06-21 22:49:36 --> [DEPRECATED] Creation of dynamic property App\Controllers\Transaksi::$detail is deprecated in APPPATH\Controllers\Transaksi.php on line 19.
 1 SYSTEMPATH\CodeIgniter.php(903): App\Controllers\Transaksi->__construct()
 2 SYSTEMPATH\CodeIgniter.php(500): CodeIgniter\CodeIgniter->createController()
 3 SYSTEMPATH\CodeIgniter.php(355): CodeIgniter\CodeIgniter->handleRequest(null, Object(Config\Cache), false)
 4 SYSTEMPATH\Boot.php(312): CodeIgniter\CodeIgniter->run()
 5 SYSTEMPATH\Boot.php(67): CodeIgniter\Boot::runCodeIgniter(Object(CodeIgniter\CodeIgniter))
 6 FCPATH\index.php(56): CodeIgniter\Boot::bootWeb(Object(Config\Paths))
 7 SYSTEMPATH\Commands\Server\rewrite.php(49): require_once('C:\\APK\\xampp-8.2\\htdocs\\SafeToTrip\\public\\index.php')
INFO - 2024-06-21 22:49:39 --> Session: Class initialized using 'CodeIgniter\Session\Handlers\FileHandler' driver.
WARNING - 2024-06-21 22:49:39 --> [DEPRECATED] Creation of dynamic property App\Controllers\Transaksi::$session is deprecated in APPPATH\Controllers\Transaksi.php on line 15.
 1 SYSTEMPATH\CodeIgniter.php(903): App\Controllers\Transaksi->__construct()
 2 SYSTEMPATH\CodeIgniter.php(500): CodeIgniter\CodeIgniter->createController()
 3 SYSTEMPATH\CodeIgniter.php(355): CodeIgniter\CodeIgniter->handleRequest(null, Object(Config\Cache), false)
 4 SYSTEMPATH\Boot.php(312): CodeIgniter\CodeIgniter->run()
 5 SYSTEMPATH\Boot.php(67): CodeIgniter\Boot::runCodeIgniter(Object(CodeIgniter\CodeIgniter))
 6 FCPATH\index.php(56): CodeIgniter\Boot::bootWeb(Object(Config\Paths))
 7 SYSTEMPATH\Commands\Server\rewrite.php(49): require_once('C:\\APK\\xampp-8.2\\htdocs\\SafeToTrip\\public\\index.php')
WARNING - 2024-06-21 22:49:39 --> [DEPRECATED] Creation of dynamic property App\Controllers\Home::$session is deprecated in APPPATH\Controllers\Home.php on line 13.
 1 APPPATH\Controllers\Transaksi.php(16): App\Controllers\Home->__construct()
 2 SYSTEMPATH\CodeIgniter.php(903): App\Controllers\Transaksi->__construct()
 3 SYSTEMPATH\CodeIgniter.php(500): CodeIgniter\CodeIgniter->createController()
 4 SYSTEMPATH\CodeIgniter.php(355): CodeIgniter\CodeIgniter->handleRequest(null, Object(Config\Cache), false)
 5 SYSTEMPATH\Boot.php(312): CodeIgniter\CodeIgniter->run()
 6 SYSTEMPATH\Boot.php(67): CodeIgniter\Boot::runCodeIgniter(Object(CodeIgniter\CodeIgniter))
 7 FCPATH\index.php(56): CodeIgniter\Boot::bootWeb(Object(Config\Paths))
 8 SYSTEMPATH\Commands\Server\rewrite.php(49): require_once('C:\\APK\\xampp-8.2\\htdocs\\SafeToTrip\\public\\index.php')
WARNING - 2024-06-21 22:49:39 --> [DEPRECATED] Creation of dynamic property App\Controllers\Home::$wisata is deprecated in APPPATH\Controllers\Home.php on line 14.
 1 APPPATH\Controllers\Transaksi.php(16): App\Controllers\Home->__construct()
 2 SYSTEMPATH\CodeIgniter.php(903): App\Controllers\Transaksi->__construct()
 3 SYSTEMPATH\CodeIgniter.php(500): CodeIgniter\CodeIgniter->createController()
 4 SYSTEMPATH\CodeIgniter.php(355): CodeIgniter\CodeIgniter->handleRequest(null, Object(Config\Cache), false)
 5 SYSTEMPATH\Boot.php(312): CodeIgniter\CodeIgniter->run()
 6 SYSTEMPATH\Boot.php(67): CodeIgniter\Boot::runCodeIgniter(Object(CodeIgniter\CodeIgniter))
 7 FCPATH\index.php(56): CodeIgniter\Boot::bootWeb(Object(Config\Paths))
 8 SYSTEMPATH\Commands\Server\rewrite.php(49): require_once('C:\\APK\\xampp-8.2\\htdocs\\SafeToTrip\\public\\index.php')
WARNING - 2024-06-21 22:49:39 --> [DEPRECATED] Creation of dynamic property App\Controllers\Home::$fasilitas is deprecated in APPPATH\Controllers\Home.php on line 15.
 1 APPPATH\Controllers\Transaksi.php(16): App\Controllers\Home->__construct()
 2 SYSTEMPATH\CodeIgniter.php(903): App\Controllers\Transaksi->__construct()
 3 SYSTEMPATH\CodeIgniter.php(500): CodeIgniter\CodeIgniter->createController()
 4 SYSTEMPATH\CodeIgniter.php(355): CodeIgniter\CodeIgniter->handleRequest(null, Object(Config\Cache), false)
 5 SYSTEMPATH\Boot.php(312): CodeIgniter\CodeIgniter->run()
 6 SYSTEMPATH\Boot.php(67): CodeIgniter\Boot::runCodeIgniter(Object(CodeIgniter\CodeIgniter))
 7 FCPATH\index.php(56): CodeIgniter\Boot::bootWeb(Object(Config\Paths))
 8 SYSTEMPATH\Commands\Server\rewrite.php(49): require_once('C:\\APK\\xampp-8.2\\htdocs\\SafeToTrip\\public\\index.php')
WARNING - 2024-06-21 22:49:39 --> [DEPRECATED] Creation of dynamic property App\Controllers\Home::$harga is deprecated in APPPATH\Controllers\Home.php on line 16.
 1 APPPATH\Controllers\Transaksi.php(16): App\Controllers\Home->__construct()
 2 SYSTEMPATH\CodeIgniter.php(903): App\Controllers\Transaksi->__construct()
 3 SYSTEMPATH\CodeIgniter.php(500): CodeIgniter\CodeIgniter->createController()
 4 SYSTEMPATH\CodeIgniter.php(355): CodeIgniter\CodeIgniter->handleRequest(null, Object(Config\Cache), false)
 5 SYSTEMPATH\Boot.php(312): CodeIgniter\CodeIgniter->run()
 6 SYSTEMPATH\Boot.php(67): CodeIgniter\Boot::runCodeIgniter(Object(CodeIgniter\CodeIgniter))
 7 FCPATH\index.php(56): CodeIgniter\Boot::bootWeb(Object(Config\Paths))
 8 SYSTEMPATH\Commands\Server\rewrite.php(49): require_once('C:\\APK\\xampp-8.2\\htdocs\\SafeToTrip\\public\\index.php')
WARNING - 2024-06-21 22:49:39 --> [DEPRECATED] Creation of dynamic property App\Controllers\Transaksi::$home is deprecated in APPPATH\Controllers\Transaksi.php on line 16.
 1 SYSTEMPATH\CodeIgniter.php(903): App\Controllers\Transaksi->__construct()
 2 SYSTEMPATH\CodeIgniter.php(500): CodeIgniter\CodeIgniter->createController()
 3 SYSTEMPATH\CodeIgniter.php(355): CodeIgniter\CodeIgniter->handleRequest(null, Object(Config\Cache), false)
 4 SYSTEMPATH\Boot.php(312): CodeIgniter\CodeIgniter->run()
 5 SYSTEMPATH\Boot.php(67): CodeIgniter\Boot::runCodeIgniter(Object(CodeIgniter\CodeIgniter))
 6 FCPATH\index.php(56): CodeIgniter\Boot::bootWeb(Object(Config\Paths))
 7 SYSTEMPATH\Commands\Server\rewrite.php(49): require_once('C:\\APK\\xampp-8.2\\htdocs\\SafeToTrip\\public\\index.php')
WARNING - 2024-06-21 22:49:39 --> [DEPRECATED] Creation of dynamic property App\Controllers\Transaksi::$wisata is deprecated in APPPATH\Controllers\Transaksi.php on line 17.
 1 SYSTEMPATH\CodeIgniter.php(903): App\Controllers\Transaksi->__construct()
 2 SYSTEMPATH\CodeIgniter.php(500): CodeIgniter\CodeIgniter->createController()
 3 SYSTEMPATH\CodeIgniter.php(355): CodeIgniter\CodeIgniter->handleRequest(null, Object(Config\Cache), false)
 4 SYSTEMPATH\Boot.php(312): CodeIgniter\CodeIgniter->run()
 5 SYSTEMPATH\Boot.php(67): CodeIgniter\Boot::runCodeIgniter(Object(CodeIgniter\CodeIgniter))
 6 FCPATH\index.php(56): CodeIgniter\Boot::bootWeb(Object(Config\Paths))
 7 SYSTEMPATH\Commands\Server\rewrite.php(49): require_once('C:\\APK\\xampp-8.2\\htdocs\\SafeToTrip\\public\\index.php')
WARNING - 2024-06-21 22:49:39 --> [DEPRECATED] Creation of dynamic property App\Controllers\Transaksi::$transaksi is deprecated in APPPATH\Controllers\Transaksi.php on line 18.
 1 SYSTEMPATH\CodeIgniter.php(903): App\Controllers\Transaksi->__construct()
 2 SYSTEMPATH\CodeIgniter.php(500): CodeIgniter\CodeIgniter->createController()
 3 SYSTEMPATH\CodeIgniter.php(355): CodeIgniter\CodeIgniter->handleRequest(null, Object(Config\Cache), false)
 4 SYSTEMPATH\Boot.php(312): CodeIgniter\CodeIgniter->run()
 5 SYSTEMPATH\Boot.php(67): CodeIgniter\Boot::runCodeIgniter(Object(CodeIgniter\CodeIgniter))
 6 FCPATH\index.php(56): CodeIgniter\Boot::bootWeb(Object(Config\Paths))
 7 SYSTEMPATH\Commands\Server\rewrite.php(49): require_once('C:\\APK\\xampp-8.2\\htdocs\\SafeToTrip\\public\\index.php')
WARNING - 2024-06-21 22:49:39 --> [DEPRECATED] Creation of dynamic property App\Controllers\Transaksi::$detail is deprecated in APPPATH\Controllers\Transaksi.php on line 19.
 1 SYSTEMPATH\CodeIgniter.php(903): App\Controllers\Transaksi->__construct()
 2 SYSTEMPATH\CodeIgniter.php(500): CodeIgniter\CodeIgniter->createController()
 3 SYSTEMPATH\CodeIgniter.php(355): CodeIgniter\CodeIgniter->handleRequest(null, Object(Config\Cache), false)
 4 SYSTEMPATH\Boot.php(312): CodeIgniter\CodeIgniter->run()
 5 SYSTEMPATH\Boot.php(67): CodeIgniter\Boot::runCodeIgniter(Object(CodeIgniter\CodeIgniter))
 6 FCPATH\index.php(56): CodeIgniter\Boot::bootWeb(Object(Config\Paths))
 7 SYSTEMPATH\Commands\Server\rewrite.php(49): require_once('C:\\APK\\xampp-8.2\\htdocs\\SafeToTrip\\public\\index.php')
