INFO - 2024-06-12 05:57:08 --> Session: Class initialized using 'CodeIgniter\Session\Handlers\FileHandler' driver.
WARNING - 2024-06-12 05:57:08 --> [DEPRECATED] Creation of dynamic property App\Controllers\Home::$session is deprecated in APPPATH\Controllers\Home.php on line 12.
 1 SYSTEMPATH\CodeIgniter.php(903): App\Controllers\Home->__construct()
 2 SYSTEMPATH\CodeIgniter.php(500): CodeIgniter\CodeIgniter->createController()
 3 SYSTEMPATH\CodeIgniter.php(355): CodeIgniter\CodeIgniter->handleRequest(null, Object(Config\Cache), false)
 4 SYSTEMPATH\Boot.php(312): CodeIgniter\CodeIgniter->run()
 5 SYSTEMPATH\Boot.php(67): CodeIgniter\Boot::runCodeIgniter(Object(CodeIgniter\CodeIgniter))
 6 FCPATH\index.php(56): CodeIgniter\Boot::bootWeb(Object(Config\Paths))
 7 SYSTEMPATH\Commands\Server\rewrite.php(49): require_once('C:\\APK\\xampp-8.2\\htdocs\\SafeToTrip\\public\\index.php')
WARNING - 2024-06-12 05:57:08 --> [DEPRECATED] Creation of dynamic property App\Controllers\Home::$wisata is deprecated in APPPATH\Controllers\Home.php on line 13.
 1 SYSTEMPATH\CodeIgniter.php(903): App\Controllers\Home->__construct()
 2 SYSTEMPATH\CodeIgniter.php(500): CodeIgniter\CodeIgniter->createController()
 3 SYSTEMPATH\CodeIgniter.php(355): CodeIgniter\CodeIgniter->handleRequest(null, Object(Config\Cache), false)
 4 SYSTEMPATH\Boot.php(312): CodeIgniter\CodeIgniter->run()
 5 SYSTEMPATH\Boot.php(67): CodeIgniter\Boot::runCodeIgniter(Object(CodeIgniter\CodeIgniter))
 6 FCPATH\index.php(56): CodeIgniter\Boot::bootWeb(Object(Config\Paths))
 7 SYSTEMPATH\Commands\Server\rewrite.php(49): require_once('C:\\APK\\xampp-8.2\\htdocs\\SafeToTrip\\public\\index.php')
WARNING - 2024-06-12 05:57:08 --> [DEPRECATED] Creation of dynamic property App\Controllers\Home::$fasilitas is deprecated in APPPATH\Controllers\Home.php on line 14.
 1 SYSTEMPATH\CodeIgniter.php(903): App\Controllers\Home->__construct()
 2 SYSTEMPATH\CodeIgniter.php(500): CodeIgniter\CodeIgniter->createController()
 3 SYSTEMPATH\CodeIgniter.php(355): CodeIgniter\CodeIgniter->handleRequest(null, Object(Config\Cache), false)
 4 SYSTEMPATH\Boot.php(312): CodeIgniter\CodeIgniter->run()
 5 SYSTEMPATH\Boot.php(67): CodeIgniter\Boot::runCodeIgniter(Object(CodeIgniter\CodeIgniter))
 6 FCPATH\index.php(56): CodeIgniter\Boot::bootWeb(Object(Config\Paths))
 7 SYSTEMPATH\Commands\Server\rewrite.php(49): require_once('C:\\APK\\xampp-8.2\\htdocs\\SafeToTrip\\public\\index.php')
INFO - 2024-06-12 05:58:05 --> Session: Class initialized using 'CodeIgniter\Session\Handlers\FileHandler' driver.
WARNING - 2024-06-12 05:58:05 --> [DEPRECATED] Creation of dynamic property App\Controllers\Login::$session is deprecated in APPPATH\Controllers\Login.php on line 13.
 1 SYSTEMPATH\CodeIgniter.php(903): App\Controllers\Login->__construct()
 2 SYSTEMPATH\CodeIgniter.php(500): CodeIgniter\CodeIgniter->createController()
 3 SYSTEMPATH\CodeIgniter.php(355): CodeIgniter\CodeIgniter->handleRequest(null, Object(Config\Cache), false)
 4 SYSTEMPATH\Boot.php(312): CodeIgniter\CodeIgniter->run()
 5 SYSTEMPATH\Boot.php(67): CodeIgniter\Boot::runCodeIgniter(Object(CodeIgniter\CodeIgniter))
 6 FCPATH\index.php(56): CodeIgniter\Boot::bootWeb(Object(Config\Paths))
 7 SYSTEMPATH\Commands\Server\rewrite.php(49): require_once('C:\\APK\\xampp-8.2\\htdocs\\SafeToTrip\\public\\index.php')
WARNING - 2024-06-12 05:58:05 --> [DEPRECATED] Creation of dynamic property App\Controllers\Login::$wisata is deprecated in APPPATH\Controllers\Login.php on line 14.
 1 SYSTEMPATH\CodeIgniter.php(903): App\Controllers\Login->__construct()
 2 SYSTEMPATH\CodeIgniter.php(500): CodeIgniter\CodeIgniter->createController()
 3 SYSTEMPATH\CodeIgniter.php(355): CodeIgniter\CodeIgniter->handleRequest(null, Object(Config\Cache), false)
 4 SYSTEMPATH\Boot.php(312): CodeIgniter\CodeIgniter->run()
 5 SYSTEMPATH\Boot.php(67): CodeIgniter\Boot::runCodeIgniter(Object(CodeIgniter\CodeIgniter))
 6 FCPATH\index.php(56): CodeIgniter\Boot::bootWeb(Object(Config\Paths))
 7 SYSTEMPATH\Commands\Server\rewrite.php(49): require_once('C:\\APK\\xampp-8.2\\htdocs\\SafeToTrip\\public\\index.php')
INFO - 2024-06-12 05:58:11 --> Session: Class initialized using 'CodeIgniter\Session\Handlers\FileHandler' driver.
WARNING - 2024-06-12 05:58:11 --> [DEPRECATED] Creation of dynamic property App\Controllers\Login::$session is deprecated in APPPATH\Controllers\Login.php on line 13.
 1 SYSTEMPATH\CodeIgniter.php(903): App\Controllers\Login->__construct()
 2 SYSTEMPATH\CodeIgniter.php(500): CodeIgniter\CodeIgniter->createController()
 3 SYSTEMPATH\CodeIgniter.php(355): CodeIgniter\CodeIgniter->handleRequest(null, Object(Config\Cache), false)
 4 SYSTEMPATH\Boot.php(312): CodeIgniter\CodeIgniter->run()
 5 SYSTEMPATH\Boot.php(67): CodeIgniter\Boot::runCodeIgniter(Object(CodeIgniter\CodeIgniter))
 6 FCPATH\index.php(56): CodeIgniter\Boot::bootWeb(Object(Config\Paths))
 7 SYSTEMPATH\Commands\Server\rewrite.php(49): require_once('C:\\APK\\xampp-8.2\\htdocs\\SafeToTrip\\public\\index.php')
WARNING - 2024-06-12 05:58:11 --> [DEPRECATED] Creation of dynamic property App\Controllers\Login::$wisata is deprecated in APPPATH\Controllers\Login.php on line 14.
 1 SYSTEMPATH\CodeIgniter.php(903): App\Controllers\Login->__construct()
 2 SYSTEMPATH\CodeIgniter.php(500): CodeIgniter\CodeIgniter->createController()
 3 SYSTEMPATH\CodeIgniter.php(355): CodeIgniter\CodeIgniter->handleRequest(null, Object(Config\Cache), false)
 4 SYSTEMPATH\Boot.php(312): CodeIgniter\CodeIgniter->run()
 5 SYSTEMPATH\Boot.php(67): CodeIgniter\Boot::runCodeIgniter(Object(CodeIgniter\CodeIgniter))
 6 FCPATH\index.php(56): CodeIgniter\Boot::bootWeb(Object(Config\Paths))
 7 SYSTEMPATH\Commands\Server\rewrite.php(49): require_once('C:\\APK\\xampp-8.2\\htdocs\\SafeToTrip\\public\\index.php')
INFO - 2024-06-12 05:58:11 --> Session: Class initialized using 'CodeIgniter\Session\Handlers\FileHandler' driver.
WARNING - 2024-06-12 05:58:11 --> [DEPRECATED] Creation of dynamic property App\Controllers\Home::$session is deprecated in APPPATH\Controllers\Home.php on line 12.
 1 SYSTEMPATH\CodeIgniter.php(903): App\Controllers\Home->__construct()
 2 SYSTEMPATH\CodeIgniter.php(500): CodeIgniter\CodeIgniter->createController()
 3 SYSTEMPATH\CodeIgniter.php(355): CodeIgniter\CodeIgniter->handleRequest(null, Object(Config\Cache), false)
 4 SYSTEMPATH\Boot.php(312): CodeIgniter\CodeIgniter->run()
 5 SYSTEMPATH\Boot.php(67): CodeIgniter\Boot::runCodeIgniter(Object(CodeIgniter\CodeIgniter))
 6 FCPATH\index.php(56): CodeIgniter\Boot::bootWeb(Object(Config\Paths))
 7 SYSTEMPATH\Commands\Server\rewrite.php(49): require_once('C:\\APK\\xampp-8.2\\htdocs\\SafeToTrip\\public\\index.php')
WARNING - 2024-06-12 05:58:11 --> [DEPRECATED] Creation of dynamic property App\Controllers\Home::$wisata is deprecated in APPPATH\Controllers\Home.php on line 13.
 1 SYSTEMPATH\CodeIgniter.php(903): App\Controllers\Home->__construct()
 2 SYSTEMPATH\CodeIgniter.php(500): CodeIgniter\CodeIgniter->createController()
 3 SYSTEMPATH\CodeIgniter.php(355): CodeIgniter\CodeIgniter->handleRequest(null, Object(Config\Cache), false)
 4 SYSTEMPATH\Boot.php(312): CodeIgniter\CodeIgniter->run()
 5 SYSTEMPATH\Boot.php(67): CodeIgniter\Boot::runCodeIgniter(Object(CodeIgniter\CodeIgniter))
 6 FCPATH\index.php(56): CodeIgniter\Boot::bootWeb(Object(Config\Paths))
 7 SYSTEMPATH\Commands\Server\rewrite.php(49): require_once('C:\\APK\\xampp-8.2\\htdocs\\SafeToTrip\\public\\index.php')
WARNING - 2024-06-12 05:58:11 --> [DEPRECATED] Creation of dynamic property App\Controllers\Home::$fasilitas is deprecated in APPPATH\Controllers\Home.php on line 14.
 1 SYSTEMPATH\CodeIgniter.php(903): App\Controllers\Home->__construct()
 2 SYSTEMPATH\CodeIgniter.php(500): CodeIgniter\CodeIgniter->createController()
 3 SYSTEMPATH\CodeIgniter.php(355): CodeIgniter\CodeIgniter->handleRequest(null, Object(Config\Cache), false)
 4 SYSTEMPATH\Boot.php(312): CodeIgniter\CodeIgniter->run()
 5 SYSTEMPATH\Boot.php(67): CodeIgniter\Boot::runCodeIgniter(Object(CodeIgniter\CodeIgniter))
 6 FCPATH\index.php(56): CodeIgniter\Boot::bootWeb(Object(Config\Paths))
 7 SYSTEMPATH\Commands\Server\rewrite.php(49): require_once('C:\\APK\\xampp-8.2\\htdocs\\SafeToTrip\\public\\index.php')
INFO - 2024-06-12 05:58:25 --> Session: Class initialized using 'CodeIgniter\Session\Handlers\FileHandler' driver.
WARNING - 2024-06-12 05:58:25 --> [DEPRECATED] Creation of dynamic property App\Controllers\Home::$session is deprecated in APPPATH\Controllers\Home.php on line 12.
 1 APPPATH\Controllers\Harga.php(14): App\Controllers\Home->__construct()
 2 SYSTEMPATH\CodeIgniter.php(903): App\Controllers\Harga->__construct()
 3 SYSTEMPATH\CodeIgniter.php(500): CodeIgniter\CodeIgniter->createController()
 4 SYSTEMPATH\CodeIgniter.php(355): CodeIgniter\CodeIgniter->handleRequest(null, Object(Config\Cache), false)
 5 SYSTEMPATH\Boot.php(312): CodeIgniter\CodeIgniter->run()
 6 SYSTEMPATH\Boot.php(67): CodeIgniter\Boot::runCodeIgniter(Object(CodeIgniter\CodeIgniter))
 7 FCPATH\index.php(56): CodeIgniter\Boot::bootWeb(Object(Config\Paths))
 8 SYSTEMPATH\Commands\Server\rewrite.php(49): require_once('C:\\APK\\xampp-8.2\\htdocs\\SafeToTrip\\public\\index.php')
WARNING - 2024-06-12 05:58:25 --> [DEPRECATED] Creation of dynamic property App\Controllers\Home::$wisata is deprecated in APPPATH\Controllers\Home.php on line 13.
 1 APPPATH\Controllers\Harga.php(14): App\Controllers\Home->__construct()
 2 SYSTEMPATH\CodeIgniter.php(903): App\Controllers\Harga->__construct()
 3 SYSTEMPATH\CodeIgniter.php(500): CodeIgniter\CodeIgniter->createController()
 4 SYSTEMPATH\CodeIgniter.php(355): CodeIgniter\CodeIgniter->handleRequest(null, Object(Config\Cache), false)
 5 SYSTEMPATH\Boot.php(312): CodeIgniter\CodeIgniter->run()
 6 SYSTEMPATH\Boot.php(67): CodeIgniter\Boot::runCodeIgniter(Object(CodeIgniter\CodeIgniter))
 7 FCPATH\index.php(56): CodeIgniter\Boot::bootWeb(Object(Config\Paths))
 8 SYSTEMPATH\Commands\Server\rewrite.php(49): require_once('C:\\APK\\xampp-8.2\\htdocs\\SafeToTrip\\public\\index.php')
WARNING - 2024-06-12 05:58:25 --> [DEPRECATED] Creation of dynamic property App\Controllers\Home::$fasilitas is deprecated in APPPATH\Controllers\Home.php on line 14.
 1 APPPATH\Controllers\Harga.php(14): App\Controllers\Home->__construct()
 2 SYSTEMPATH\CodeIgniter.php(903): App\Controllers\Harga->__construct()
 3 SYSTEMPATH\CodeIgniter.php(500): CodeIgniter\CodeIgniter->createController()
 4 SYSTEMPATH\CodeIgniter.php(355): CodeIgniter\CodeIgniter->handleRequest(null, Object(Config\Cache), false)
 5 SYSTEMPATH\Boot.php(312): CodeIgniter\CodeIgniter->run()
 6 SYSTEMPATH\Boot.php(67): CodeIgniter\Boot::runCodeIgniter(Object(CodeIgniter\CodeIgniter))
 7 FCPATH\index.php(56): CodeIgniter\Boot::bootWeb(Object(Config\Paths))
 8 SYSTEMPATH\Commands\Server\rewrite.php(49): require_once('C:\\APK\\xampp-8.2\\htdocs\\SafeToTrip\\public\\index.php')
WARNING - 2024-06-12 05:58:25 --> [DEPRECATED] Creation of dynamic property App\Controllers\Harga::$home is deprecated in APPPATH\Controllers\Harga.php on line 14.
 1 SYSTEMPATH\CodeIgniter.php(903): App\Controllers\Harga->__construct()
 2 SYSTEMPATH\CodeIgniter.php(500): CodeIgniter\CodeIgniter->createController()
 3 SYSTEMPATH\CodeIgniter.php(355): CodeIgniter\CodeIgniter->handleRequest(null, Object(Config\Cache), false)
 4 SYSTEMPATH\Boot.php(312): CodeIgniter\CodeIgniter->run()
 5 SYSTEMPATH\Boot.php(67): CodeIgniter\Boot::runCodeIgniter(Object(CodeIgniter\CodeIgniter))
 6 FCPATH\index.php(56): CodeIgniter\Boot::bootWeb(Object(Config\Paths))
 7 SYSTEMPATH\Commands\Server\rewrite.php(49): require_once('C:\\APK\\xampp-8.2\\htdocs\\SafeToTrip\\public\\index.php')
WARNING - 2024-06-12 05:58:25 --> [DEPRECATED] Creation of dynamic property App\Controllers\Harga::$wisata is deprecated in APPPATH\Controllers\Harga.php on line 15.
 1 SYSTEMPATH\CodeIgniter.php(903): App\Controllers\Harga->__construct()
 2 SYSTEMPATH\CodeIgniter.php(500): CodeIgniter\CodeIgniter->createController()
 3 SYSTEMPATH\CodeIgniter.php(355): CodeIgniter\CodeIgniter->handleRequest(null, Object(Config\Cache), false)
 4 SYSTEMPATH\Boot.php(312): CodeIgniter\CodeIgniter->run()
 5 SYSTEMPATH\Boot.php(67): CodeIgniter\Boot::runCodeIgniter(Object(CodeIgniter\CodeIgniter))
 6 FCPATH\index.php(56): CodeIgniter\Boot::bootWeb(Object(Config\Paths))
 7 SYSTEMPATH\Commands\Server\rewrite.php(49): require_once('C:\\APK\\xampp-8.2\\htdocs\\SafeToTrip\\public\\index.php')
WARNING - 2024-06-12 05:58:25 --> [DEPRECATED] Creation of dynamic property App\Controllers\Harga::$harga is deprecated in APPPATH\Controllers\Harga.php on line 16.
 1 SYSTEMPATH\CodeIgniter.php(903): App\Controllers\Harga->__construct()
 2 SYSTEMPATH\CodeIgniter.php(500): CodeIgniter\CodeIgniter->createController()
 3 SYSTEMPATH\CodeIgniter.php(355): CodeIgniter\CodeIgniter->handleRequest(null, Object(Config\Cache), false)
 4 SYSTEMPATH\Boot.php(312): CodeIgniter\CodeIgniter->run()
 5 SYSTEMPATH\Boot.php(67): CodeIgniter\Boot::runCodeIgniter(Object(CodeIgniter\CodeIgniter))
 6 FCPATH\index.php(56): CodeIgniter\Boot::bootWeb(Object(Config\Paths))
 7 SYSTEMPATH\Commands\Server\rewrite.php(49): require_once('C:\\APK\\xampp-8.2\\htdocs\\SafeToTrip\\public\\index.php')
INFO - 2024-06-12 06:00:45 --> Session: Class initialized using 'CodeIgniter\Session\Handlers\FileHandler' driver.
WARNING - 2024-06-12 06:00:45 --> [DEPRECATED] Creation of dynamic property App\Controllers\Home::$session is deprecated in APPPATH\Controllers\Home.php on line 12.
 1 APPPATH\Controllers\Harga.php(14): App\Controllers\Home->__construct()
 2 SYSTEMPATH\CodeIgniter.php(903): App\Controllers\Harga->__construct()
 3 SYSTEMPATH\CodeIgniter.php(500): CodeIgniter\CodeIgniter->createController()
 4 SYSTEMPATH\CodeIgniter.php(355): CodeIgniter\CodeIgniter->handleRequest(null, Object(Config\Cache), false)
 5 SYSTEMPATH\Boot.php(312): CodeIgniter\CodeIgniter->run()
 6 SYSTEMPATH\Boot.php(67): CodeIgniter\Boot::runCodeIgniter(Object(CodeIgniter\CodeIgniter))
 7 FCPATH\index.php(56): CodeIgniter\Boot::bootWeb(Object(Config\Paths))
 8 SYSTEMPATH\Commands\Server\rewrite.php(49): require_once('C:\\APK\\xampp-8.2\\htdocs\\SafeToTrip\\public\\index.php')
WARNING - 2024-06-12 06:00:45 --> [DEPRECATED] Creation of dynamic property App\Controllers\Home::$wisata is deprecated in APPPATH\Controllers\Home.php on line 13.
 1 APPPATH\Controllers\Harga.php(14): App\Controllers\Home->__construct()
 2 SYSTEMPATH\CodeIgniter.php(903): App\Controllers\Harga->__construct()
 3 SYSTEMPATH\CodeIgniter.php(500): CodeIgniter\CodeIgniter->createController()
 4 SYSTEMPATH\CodeIgniter.php(355): CodeIgniter\CodeIgniter->handleRequest(null, Object(Config\Cache), false)
 5 SYSTEMPATH\Boot.php(312): CodeIgniter\CodeIgniter->run()
 6 SYSTEMPATH\Boot.php(67): CodeIgniter\Boot::runCodeIgniter(Object(CodeIgniter\CodeIgniter))
 7 FCPATH\index.php(56): CodeIgniter\Boot::bootWeb(Object(Config\Paths))
 8 SYSTEMPATH\Commands\Server\rewrite.php(49): require_once('C:\\APK\\xampp-8.2\\htdocs\\SafeToTrip\\public\\index.php')
WARNING - 2024-06-12 06:00:45 --> [DEPRECATED] Creation of dynamic property App\Controllers\Home::$fasilitas is deprecated in APPPATH\Controllers\Home.php on line 14.
 1 APPPATH\Controllers\Harga.php(14): App\Controllers\Home->__construct()
 2 SYSTEMPATH\CodeIgniter.php(903): App\Controllers\Harga->__construct()
 3 SYSTEMPATH\CodeIgniter.php(500): CodeIgniter\CodeIgniter->createController()
 4 SYSTEMPATH\CodeIgniter.php(355): CodeIgniter\CodeIgniter->handleRequest(null, Object(Config\Cache), false)
 5 SYSTEMPATH\Boot.php(312): CodeIgniter\CodeIgniter->run()
 6 SYSTEMPATH\Boot.php(67): CodeIgniter\Boot::runCodeIgniter(Object(CodeIgniter\CodeIgniter))
 7 FCPATH\index.php(56): CodeIgniter\Boot::bootWeb(Object(Config\Paths))
 8 SYSTEMPATH\Commands\Server\rewrite.php(49): require_once('C:\\APK\\xampp-8.2\\htdocs\\SafeToTrip\\public\\index.php')
WARNING - 2024-06-12 06:00:45 --> [DEPRECATED] Creation of dynamic property App\Controllers\Harga::$home is deprecated in APPPATH\Controllers\Harga.php on line 14.
 1 SYSTEMPATH\CodeIgniter.php(903): App\Controllers\Harga->__construct()
 2 SYSTEMPATH\CodeIgniter.php(500): CodeIgniter\CodeIgniter->createController()
 3 SYSTEMPATH\CodeIgniter.php(355): CodeIgniter\CodeIgniter->handleRequest(null, Object(Config\Cache), false)
 4 SYSTEMPATH\Boot.php(312): CodeIgniter\CodeIgniter->run()
 5 SYSTEMPATH\Boot.php(67): CodeIgniter\Boot::runCodeIgniter(Object(CodeIgniter\CodeIgniter))
 6 FCPATH\index.php(56): CodeIgniter\Boot::bootWeb(Object(Config\Paths))
 7 SYSTEMPATH\Commands\Server\rewrite.php(49): require_once('C:\\APK\\xampp-8.2\\htdocs\\SafeToTrip\\public\\index.php')
WARNING - 2024-06-12 06:00:45 --> [DEPRECATED] Creation of dynamic property App\Controllers\Harga::$wisata is deprecated in APPPATH\Controllers\Harga.php on line 15.
 1 SYSTEMPATH\CodeIgniter.php(903): App\Controllers\Harga->__construct()
 2 SYSTEMPATH\CodeIgniter.php(500): CodeIgniter\CodeIgniter->createController()
 3 SYSTEMPATH\CodeIgniter.php(355): CodeIgniter\CodeIgniter->handleRequest(null, Object(Config\Cache), false)
 4 SYSTEMPATH\Boot.php(312): CodeIgniter\CodeIgniter->run()
 5 SYSTEMPATH\Boot.php(67): CodeIgniter\Boot::runCodeIgniter(Object(CodeIgniter\CodeIgniter))
 6 FCPATH\index.php(56): CodeIgniter\Boot::bootWeb(Object(Config\Paths))
 7 SYSTEMPATH\Commands\Server\rewrite.php(49): require_once('C:\\APK\\xampp-8.2\\htdocs\\SafeToTrip\\public\\index.php')
WARNING - 2024-06-12 06:00:45 --> [DEPRECATED] Creation of dynamic property App\Controllers\Harga::$harga is deprecated in APPPATH\Controllers\Harga.php on line 16.
 1 SYSTEMPATH\CodeIgniter.php(903): App\Controllers\Harga->__construct()
 2 SYSTEMPATH\CodeIgniter.php(500): CodeIgniter\CodeIgniter->createController()
 3 SYSTEMPATH\CodeIgniter.php(355): CodeIgniter\CodeIgniter->handleRequest(null, Object(Config\Cache), false)
 4 SYSTEMPATH\Boot.php(312): CodeIgniter\CodeIgniter->run()
 5 SYSTEMPATH\Boot.php(67): CodeIgniter\Boot::runCodeIgniter(Object(CodeIgniter\CodeIgniter))
 6 FCPATH\index.php(56): CodeIgniter\Boot::bootWeb(Object(Config\Paths))
 7 SYSTEMPATH\Commands\Server\rewrite.php(49): require_once('C:\\APK\\xampp-8.2\\htdocs\\SafeToTrip\\public\\index.php')
INFO - 2024-06-12 06:00:59 --> Session: Class initialized using 'CodeIgniter\Session\Handlers\FileHandler' driver.
WARNING - 2024-06-12 06:00:59 --> [DEPRECATED] Creation of dynamic property App\Controllers\Home::$session is deprecated in APPPATH\Controllers\Home.php on line 12.
 1 APPPATH\Controllers\Harga.php(14): App\Controllers\Home->__construct()
 2 SYSTEMPATH\CodeIgniter.php(903): App\Controllers\Harga->__construct()
 3 SYSTEMPATH\CodeIgniter.php(500): CodeIgniter\CodeIgniter->createController()
 4 SYSTEMPATH\CodeIgniter.php(355): CodeIgniter\CodeIgniter->handleRequest(null, Object(Config\Cache), false)
 5 SYSTEMPATH\Boot.php(312): CodeIgniter\CodeIgniter->run()
 6 SYSTEMPATH\Boot.php(67): CodeIgniter\Boot::runCodeIgniter(Object(CodeIgniter\CodeIgniter))
 7 FCPATH\index.php(56): CodeIgniter\Boot::bootWeb(Object(Config\Paths))
 8 SYSTEMPATH\Commands\Server\rewrite.php(49): require_once('C:\\APK\\xampp-8.2\\htdocs\\SafeToTrip\\public\\index.php')
WARNING - 2024-06-12 06:00:59 --> [DEPRECATED] Creation of dynamic property App\Controllers\Home::$wisata is deprecated in APPPATH\Controllers\Home.php on line 13.
 1 APPPATH\Controllers\Harga.php(14): App\Controllers\Home->__construct()
 2 SYSTEMPATH\CodeIgniter.php(903): App\Controllers\Harga->__construct()
 3 SYSTEMPATH\CodeIgniter.php(500): CodeIgniter\CodeIgniter->createController()
 4 SYSTEMPATH\CodeIgniter.php(355): CodeIgniter\CodeIgniter->handleRequest(null, Object(Config\Cache), false)
 5 SYSTEMPATH\Boot.php(312): CodeIgniter\CodeIgniter->run()
 6 SYSTEMPATH\Boot.php(67): CodeIgniter\Boot::runCodeIgniter(Object(CodeIgniter\CodeIgniter))
 7 FCPATH\index.php(56): CodeIgniter\Boot::bootWeb(Object(Config\Paths))
 8 SYSTEMPATH\Commands\Server\rewrite.php(49): require_once('C:\\APK\\xampp-8.2\\htdocs\\SafeToTrip\\public\\index.php')
WARNING - 2024-06-12 06:00:59 --> [DEPRECATED] Creation of dynamic property App\Controllers\Home::$fasilitas is deprecated in APPPATH\Controllers\Home.php on line 14.
 1 APPPATH\Controllers\Harga.php(14): App\Controllers\Home->__construct()
 2 SYSTEMPATH\CodeIgniter.php(903): App\Controllers\Harga->__construct()
 3 SYSTEMPATH\CodeIgniter.php(500): CodeIgniter\CodeIgniter->createController()
 4 SYSTEMPATH\CodeIgniter.php(355): CodeIgniter\CodeIgniter->handleRequest(null, Object(Config\Cache), false)
 5 SYSTEMPATH\Boot.php(312): CodeIgniter\CodeIgniter->run()
 6 SYSTEMPATH\Boot.php(67): CodeIgniter\Boot::runCodeIgniter(Object(CodeIgniter\CodeIgniter))
 7 FCPATH\index.php(56): CodeIgniter\Boot::bootWeb(Object(Config\Paths))
 8 SYSTEMPATH\Commands\Server\rewrite.php(49): require_once('C:\\APK\\xampp-8.2\\htdocs\\SafeToTrip\\public\\index.php')
WARNING - 2024-06-12 06:00:59 --> [DEPRECATED] Creation of dynamic property App\Controllers\Harga::$home is deprecated in APPPATH\Controllers\Harga.php on line 14.
 1 SYSTEMPATH\CodeIgniter.php(903): App\Controllers\Harga->__construct()
 2 SYSTEMPATH\CodeIgniter.php(500): CodeIgniter\CodeIgniter->createController()
 3 SYSTEMPATH\CodeIgniter.php(355): CodeIgniter\CodeIgniter->handleRequest(null, Object(Config\Cache), false)
 4 SYSTEMPATH\Boot.php(312): CodeIgniter\CodeIgniter->run()
 5 SYSTEMPATH\Boot.php(67): CodeIgniter\Boot::runCodeIgniter(Object(CodeIgniter\CodeIgniter))
 6 FCPATH\index.php(56): CodeIgniter\Boot::bootWeb(Object(Config\Paths))
 7 SYSTEMPATH\Commands\Server\rewrite.php(49): require_once('C:\\APK\\xampp-8.2\\htdocs\\SafeToTrip\\public\\index.php')
WARNING - 2024-06-12 06:00:59 --> [DEPRECATED] Creation of dynamic property App\Controllers\Harga::$wisata is deprecated in APPPATH\Controllers\Harga.php on line 15.
 1 SYSTEMPATH\CodeIgniter.php(903): App\Controllers\Harga->__construct()
 2 SYSTEMPATH\CodeIgniter.php(500): CodeIgniter\CodeIgniter->createController()
 3 SYSTEMPATH\CodeIgniter.php(355): CodeIgniter\CodeIgniter->handleRequest(null, Object(Config\Cache), false)
 4 SYSTEMPATH\Boot.php(312): CodeIgniter\CodeIgniter->run()
 5 SYSTEMPATH\Boot.php(67): CodeIgniter\Boot::runCodeIgniter(Object(CodeIgniter\CodeIgniter))
 6 FCPATH\index.php(56): CodeIgniter\Boot::bootWeb(Object(Config\Paths))
 7 SYSTEMPATH\Commands\Server\rewrite.php(49): require_once('C:\\APK\\xampp-8.2\\htdocs\\SafeToTrip\\public\\index.php')
WARNING - 2024-06-12 06:00:59 --> [DEPRECATED] Creation of dynamic property App\Controllers\Harga::$harga is deprecated in APPPATH\Controllers\Harga.php on line 16.
 1 SYSTEMPATH\CodeIgniter.php(903): App\Controllers\Harga->__construct()
 2 SYSTEMPATH\CodeIgniter.php(500): CodeIgniter\CodeIgniter->createController()
 3 SYSTEMPATH\CodeIgniter.php(355): CodeIgniter\CodeIgniter->handleRequest(null, Object(Config\Cache), false)
 4 SYSTEMPATH\Boot.php(312): CodeIgniter\CodeIgniter->run()
 5 SYSTEMPATH\Boot.php(67): CodeIgniter\Boot::runCodeIgniter(Object(CodeIgniter\CodeIgniter))
 6 FCPATH\index.php(56): CodeIgniter\Boot::bootWeb(Object(Config\Paths))
 7 SYSTEMPATH\Commands\Server\rewrite.php(49): require_once('C:\\APK\\xampp-8.2\\htdocs\\SafeToTrip\\public\\index.php')
INFO - 2024-06-12 06:01:44 --> Session: Class initialized using 'CodeIgniter\Session\Handlers\FileHandler' driver.
WARNING - 2024-06-12 06:01:44 --> [DEPRECATED] Creation of dynamic property App\Controllers\Home::$session is deprecated in APPPATH\Controllers\Home.php on line 12.
 1 APPPATH\Controllers\Harga.php(14): App\Controllers\Home->__construct()
 2 SYSTEMPATH\CodeIgniter.php(903): App\Controllers\Harga->__construct()
 3 SYSTEMPATH\CodeIgniter.php(500): CodeIgniter\CodeIgniter->createController()
 4 SYSTEMPATH\CodeIgniter.php(355): CodeIgniter\CodeIgniter->handleRequest(null, Object(Config\Cache), false)
 5 SYSTEMPATH\Boot.php(312): CodeIgniter\CodeIgniter->run()
 6 SYSTEMPATH\Boot.php(67): CodeIgniter\Boot::runCodeIgniter(Object(CodeIgniter\CodeIgniter))
 7 FCPATH\index.php(56): CodeIgniter\Boot::bootWeb(Object(Config\Paths))
 8 SYSTEMPATH\Commands\Server\rewrite.php(49): require_once('C:\\APK\\xampp-8.2\\htdocs\\SafeToTrip\\public\\index.php')
WARNING - 2024-06-12 06:01:44 --> [DEPRECATED] Creation of dynamic property App\Controllers\Home::$wisata is deprecated in APPPATH\Controllers\Home.php on line 13.
 1 APPPATH\Controllers\Harga.php(14): App\Controllers\Home->__construct()
 2 SYSTEMPATH\CodeIgniter.php(903): App\Controllers\Harga->__construct()
 3 SYSTEMPATH\CodeIgniter.php(500): CodeIgniter\CodeIgniter->createController()
 4 SYSTEMPATH\CodeIgniter.php(355): CodeIgniter\CodeIgniter->handleRequest(null, Object(Config\Cache), false)
 5 SYSTEMPATH\Boot.php(312): CodeIgniter\CodeIgniter->run()
 6 SYSTEMPATH\Boot.php(67): CodeIgniter\Boot::runCodeIgniter(Object(CodeIgniter\CodeIgniter))
 7 FCPATH\index.php(56): CodeIgniter\Boot::bootWeb(Object(Config\Paths))
 8 SYSTEMPATH\Commands\Server\rewrite.php(49): require_once('C:\\APK\\xampp-8.2\\htdocs\\SafeToTrip\\public\\index.php')
WARNING - 2024-06-12 06:01:44 --> [DEPRECATED] Creation of dynamic property App\Controllers\Home::$fasilitas is deprecated in APPPATH\Controllers\Home.php on line 14.
 1 APPPATH\Controllers\Harga.php(14): App\Controllers\Home->__construct()
 2 SYSTEMPATH\CodeIgniter.php(903): App\Controllers\Harga->__construct()
 3 SYSTEMPATH\CodeIgniter.php(500): CodeIgniter\CodeIgniter->createController()
 4 SYSTEMPATH\CodeIgniter.php(355): CodeIgniter\CodeIgniter->handleRequest(null, Object(Config\Cache), false)
 5 SYSTEMPATH\Boot.php(312): CodeIgniter\CodeIgniter->run()
 6 SYSTEMPATH\Boot.php(67): CodeIgniter\Boot::runCodeIgniter(Object(CodeIgniter\CodeIgniter))
 7 FCPATH\index.php(56): CodeIgniter\Boot::bootWeb(Object(Config\Paths))
 8 SYSTEMPATH\Commands\Server\rewrite.php(49): require_once('C:\\APK\\xampp-8.2\\htdocs\\SafeToTrip\\public\\index.php')
WARNING - 2024-06-12 06:01:44 --> [DEPRECATED] Creation of dynamic property App\Controllers\Harga::$home is deprecated in APPPATH\Controllers\Harga.php on line 14.
 1 SYSTEMPATH\CodeIgniter.php(903): App\Controllers\Harga->__construct()
 2 SYSTEMPATH\CodeIgniter.php(500): CodeIgniter\CodeIgniter->createController()
 3 SYSTEMPATH\CodeIgniter.php(355): CodeIgniter\CodeIgniter->handleRequest(null, Object(Config\Cache), false)
 4 SYSTEMPATH\Boot.php(312): CodeIgniter\CodeIgniter->run()
 5 SYSTEMPATH\Boot.php(67): CodeIgniter\Boot::runCodeIgniter(Object(CodeIgniter\CodeIgniter))
 6 FCPATH\index.php(56): CodeIgniter\Boot::bootWeb(Object(Config\Paths))
 7 SYSTEMPATH\Commands\Server\rewrite.php(49): require_once('C:\\APK\\xampp-8.2\\htdocs\\SafeToTrip\\public\\index.php')
WARNING - 2024-06-12 06:01:44 --> [DEPRECATED] Creation of dynamic property App\Controllers\Harga::$wisata is deprecated in APPPATH\Controllers\Harga.php on line 15.
 1 SYSTEMPATH\CodeIgniter.php(903): App\Controllers\Harga->__construct()
 2 SYSTEMPATH\CodeIgniter.php(500): CodeIgniter\CodeIgniter->createController()
 3 SYSTEMPATH\CodeIgniter.php(355): CodeIgniter\CodeIgniter->handleRequest(null, Object(Config\Cache), false)
 4 SYSTEMPATH\Boot.php(312): CodeIgniter\CodeIgniter->run()
 5 SYSTEMPATH\Boot.php(67): CodeIgniter\Boot::runCodeIgniter(Object(CodeIgniter\CodeIgniter))
 6 FCPATH\index.php(56): CodeIgniter\Boot::bootWeb(Object(Config\Paths))
 7 SYSTEMPATH\Commands\Server\rewrite.php(49): require_once('C:\\APK\\xampp-8.2\\htdocs\\SafeToTrip\\public\\index.php')
WARNING - 2024-06-12 06:01:44 --> [DEPRECATED] Creation of dynamic property App\Controllers\Harga::$harga is deprecated in APPPATH\Controllers\Harga.php on line 16.
 1 SYSTEMPATH\CodeIgniter.php(903): App\Controllers\Harga->__construct()
 2 SYSTEMPATH\CodeIgniter.php(500): CodeIgniter\CodeIgniter->createController()
 3 SYSTEMPATH\CodeIgniter.php(355): CodeIgniter\CodeIgniter->handleRequest(null, Object(Config\Cache), false)
 4 SYSTEMPATH\Boot.php(312): CodeIgniter\CodeIgniter->run()
 5 SYSTEMPATH\Boot.php(67): CodeIgniter\Boot::runCodeIgniter(Object(CodeIgniter\CodeIgniter))
 6 FCPATH\index.php(56): CodeIgniter\Boot::bootWeb(Object(Config\Paths))
 7 SYSTEMPATH\Commands\Server\rewrite.php(49): require_once('C:\\APK\\xampp-8.2\\htdocs\\SafeToTrip\\public\\index.php')
INFO - 2024-06-12 06:01:46 --> Session: Class initialized using 'CodeIgniter\Session\Handlers\FileHandler' driver.
WARNING - 2024-06-12 06:01:46 --> [DEPRECATED] Creation of dynamic property App\Controllers\Home::$session is deprecated in APPPATH\Controllers\Home.php on line 12.
 1 APPPATH\Controllers\Harga.php(14): App\Controllers\Home->__construct()
 2 SYSTEMPATH\CodeIgniter.php(903): App\Controllers\Harga->__construct()
 3 SYSTEMPATH\CodeIgniter.php(500): CodeIgniter\CodeIgniter->createController()
 4 SYSTEMPATH\CodeIgniter.php(355): CodeIgniter\CodeIgniter->handleRequest(null, Object(Config\Cache), false)
 5 SYSTEMPATH\Boot.php(312): CodeIgniter\CodeIgniter->run()
 6 SYSTEMPATH\Boot.php(67): CodeIgniter\Boot::runCodeIgniter(Object(CodeIgniter\CodeIgniter))
 7 FCPATH\index.php(56): CodeIgniter\Boot::bootWeb(Object(Config\Paths))
 8 SYSTEMPATH\Commands\Server\rewrite.php(49): require_once('C:\\APK\\xampp-8.2\\htdocs\\SafeToTrip\\public\\index.php')
WARNING - 2024-06-12 06:01:46 --> [DEPRECATED] Creation of dynamic property App\Controllers\Home::$wisata is deprecated in APPPATH\Controllers\Home.php on line 13.
 1 APPPATH\Controllers\Harga.php(14): App\Controllers\Home->__construct()
 2 SYSTEMPATH\CodeIgniter.php(903): App\Controllers\Harga->__construct()
 3 SYSTEMPATH\CodeIgniter.php(500): CodeIgniter\CodeIgniter->createController()
 4 SYSTEMPATH\CodeIgniter.php(355): CodeIgniter\CodeIgniter->handleRequest(null, Object(Config\Cache), false)
 5 SYSTEMPATH\Boot.php(312): CodeIgniter\CodeIgniter->run()
 6 SYSTEMPATH\Boot.php(67): CodeIgniter\Boot::runCodeIgniter(Object(CodeIgniter\CodeIgniter))
 7 FCPATH\index.php(56): CodeIgniter\Boot::bootWeb(Object(Config\Paths))
 8 SYSTEMPATH\Commands\Server\rewrite.php(49): require_once('C:\\APK\\xampp-8.2\\htdocs\\SafeToTrip\\public\\index.php')
WARNING - 2024-06-12 06:01:46 --> [DEPRECATED] Creation of dynamic property App\Controllers\Home::$fasilitas is deprecated in APPPATH\Controllers\Home.php on line 14.
 1 APPPATH\Controllers\Harga.php(14): App\Controllers\Home->__construct()
 2 SYSTEMPATH\CodeIgniter.php(903): App\Controllers\Harga->__construct()
 3 SYSTEMPATH\CodeIgniter.php(500): CodeIgniter\CodeIgniter->createController()
 4 SYSTEMPATH\CodeIgniter.php(355): CodeIgniter\CodeIgniter->handleRequest(null, Object(Config\Cache), false)
 5 SYSTEMPATH\Boot.php(312): CodeIgniter\CodeIgniter->run()
 6 SYSTEMPATH\Boot.php(67): CodeIgniter\Boot::runCodeIgniter(Object(CodeIgniter\CodeIgniter))
 7 FCPATH\index.php(56): CodeIgniter\Boot::bootWeb(Object(Config\Paths))
 8 SYSTEMPATH\Commands\Server\rewrite.php(49): require_once('C:\\APK\\xampp-8.2\\htdocs\\SafeToTrip\\public\\index.php')
WARNING - 2024-06-12 06:01:46 --> [DEPRECATED] Creation of dynamic property App\Controllers\Harga::$home is deprecated in APPPATH\Controllers\Harga.php on line 14.
 1 SYSTEMPATH\CodeIgniter.php(903): App\Controllers\Harga->__construct()
 2 SYSTEMPATH\CodeIgniter.php(500): CodeIgniter\CodeIgniter->createController()
 3 SYSTEMPATH\CodeIgniter.php(355): CodeIgniter\CodeIgniter->handleRequest(null, Object(Config\Cache), false)
 4 SYSTEMPATH\Boot.php(312): CodeIgniter\CodeIgniter->run()
 5 SYSTEMPATH\Boot.php(67): CodeIgniter\Boot::runCodeIgniter(Object(CodeIgniter\CodeIgniter))
 6 FCPATH\index.php(56): CodeIgniter\Boot::bootWeb(Object(Config\Paths))
 7 SYSTEMPATH\Commands\Server\rewrite.php(49): require_once('C:\\APK\\xampp-8.2\\htdocs\\SafeToTrip\\public\\index.php')
WARNING - 2024-06-12 06:01:46 --> [DEPRECATED] Creation of dynamic property App\Controllers\Harga::$wisata is deprecated in APPPATH\Controllers\Harga.php on line 15.
 1 SYSTEMPATH\CodeIgniter.php(903): App\Controllers\Harga->__construct()
 2 SYSTEMPATH\CodeIgniter.php(500): CodeIgniter\CodeIgniter->createController()
 3 SYSTEMPATH\CodeIgniter.php(355): CodeIgniter\CodeIgniter->handleRequest(null, Object(Config\Cache), false)
 4 SYSTEMPATH\Boot.php(312): CodeIgniter\CodeIgniter->run()
 5 SYSTEMPATH\Boot.php(67): CodeIgniter\Boot::runCodeIgniter(Object(CodeIgniter\CodeIgniter))
 6 FCPATH\index.php(56): CodeIgniter\Boot::bootWeb(Object(Config\Paths))
 7 SYSTEMPATH\Commands\Server\rewrite.php(49): require_once('C:\\APK\\xampp-8.2\\htdocs\\SafeToTrip\\public\\index.php')
WARNING - 2024-06-12 06:01:46 --> [DEPRECATED] Creation of dynamic property App\Controllers\Harga::$harga is deprecated in APPPATH\Controllers\Harga.php on line 16.
 1 SYSTEMPATH\CodeIgniter.php(903): App\Controllers\Harga->__construct()
 2 SYSTEMPATH\CodeIgniter.php(500): CodeIgniter\CodeIgniter->createController()
 3 SYSTEMPATH\CodeIgniter.php(355): CodeIgniter\CodeIgniter->handleRequest(null, Object(Config\Cache), false)
 4 SYSTEMPATH\Boot.php(312): CodeIgniter\CodeIgniter->run()
 5 SYSTEMPATH\Boot.php(67): CodeIgniter\Boot::runCodeIgniter(Object(CodeIgniter\CodeIgniter))
 6 FCPATH\index.php(56): CodeIgniter\Boot::bootWeb(Object(Config\Paths))
 7 SYSTEMPATH\Commands\Server\rewrite.php(49): require_once('C:\\APK\\xampp-8.2\\htdocs\\SafeToTrip\\public\\index.php')
INFO - 2024-06-12 06:03:14 --> Session: Class initialized using 'CodeIgniter\Session\Handlers\FileHandler' driver.
WARNING - 2024-06-12 06:03:14 --> [DEPRECATED] Creation of dynamic property App\Controllers\Home::$session is deprecated in APPPATH\Controllers\Home.php on line 12.
 1 APPPATH\Controllers\Harga.php(14): App\Controllers\Home->__construct()
 2 SYSTEMPATH\CodeIgniter.php(903): App\Controllers\Harga->__construct()
 3 SYSTEMPATH\CodeIgniter.php(500): CodeIgniter\CodeIgniter->createController()
 4 SYSTEMPATH\CodeIgniter.php(355): CodeIgniter\CodeIgniter->handleRequest(null, Object(Config\Cache), false)
 5 SYSTEMPATH\Boot.php(312): CodeIgniter\CodeIgniter->run()
 6 SYSTEMPATH\Boot.php(67): CodeIgniter\Boot::runCodeIgniter(Object(CodeIgniter\CodeIgniter))
 7 FCPATH\index.php(56): CodeIgniter\Boot::bootWeb(Object(Config\Paths))
 8 SYSTEMPATH\Commands\Server\rewrite.php(49): require_once('C:\\APK\\xampp-8.2\\htdocs\\SafeToTrip\\public\\index.php')
WARNING - 2024-06-12 06:03:14 --> [DEPRECATED] Creation of dynamic property App\Controllers\Home::$wisata is deprecated in APPPATH\Controllers\Home.php on line 13.
 1 APPPATH\Controllers\Harga.php(14): App\Controllers\Home->__construct()
 2 SYSTEMPATH\CodeIgniter.php(903): App\Controllers\Harga->__construct()
 3 SYSTEMPATH\CodeIgniter.php(500): CodeIgniter\CodeIgniter->createController()
 4 SYSTEMPATH\CodeIgniter.php(355): CodeIgniter\CodeIgniter->handleRequest(null, Object(Config\Cache), false)
 5 SYSTEMPATH\Boot.php(312): CodeIgniter\CodeIgniter->run()
 6 SYSTEMPATH\Boot.php(67): CodeIgniter\Boot::runCodeIgniter(Object(CodeIgniter\CodeIgniter))
 7 FCPATH\index.php(56): CodeIgniter\Boot::bootWeb(Object(Config\Paths))
 8 SYSTEMPATH\Commands\Server\rewrite.php(49): require_once('C:\\APK\\xampp-8.2\\htdocs\\SafeToTrip\\public\\index.php')
WARNING - 2024-06-12 06:03:14 --> [DEPRECATED] Creation of dynamic property App\Controllers\Home::$fasilitas is deprecated in APPPATH\Controllers\Home.php on line 14.
 1 APPPATH\Controllers\Harga.php(14): App\Controllers\Home->__construct()
 2 SYSTEMPATH\CodeIgniter.php(903): App\Controllers\Harga->__construct()
 3 SYSTEMPATH\CodeIgniter.php(500): CodeIgniter\CodeIgniter->createController()
 4 SYSTEMPATH\CodeIgniter.php(355): CodeIgniter\CodeIgniter->handleRequest(null, Object(Config\Cache), false)
 5 SYSTEMPATH\Boot.php(312): CodeIgniter\CodeIgniter->run()
 6 SYSTEMPATH\Boot.php(67): CodeIgniter\Boot::runCodeIgniter(Object(CodeIgniter\CodeIgniter))
 7 FCPATH\index.php(56): CodeIgniter\Boot::bootWeb(Object(Config\Paths))
 8 SYSTEMPATH\Commands\Server\rewrite.php(49): require_once('C:\\APK\\xampp-8.2\\htdocs\\SafeToTrip\\public\\index.php')
WARNING - 2024-06-12 06:03:14 --> [DEPRECATED] Creation of dynamic property App\Controllers\Harga::$home is deprecated in APPPATH\Controllers\Harga.php on line 14.
 1 SYSTEMPATH\CodeIgniter.php(903): App\Controllers\Harga->__construct()
 2 SYSTEMPATH\CodeIgniter.php(500): CodeIgniter\CodeIgniter->createController()
 3 SYSTEMPATH\CodeIgniter.php(355): CodeIgniter\CodeIgniter->handleRequest(null, Object(Config\Cache), false)
 4 SYSTEMPATH\Boot.php(312): CodeIgniter\CodeIgniter->run()
 5 SYSTEMPATH\Boot.php(67): CodeIgniter\Boot::runCodeIgniter(Object(CodeIgniter\CodeIgniter))
 6 FCPATH\index.php(56): CodeIgniter\Boot::bootWeb(Object(Config\Paths))
 7 SYSTEMPATH\Commands\Server\rewrite.php(49): require_once('C:\\APK\\xampp-8.2\\htdocs\\SafeToTrip\\public\\index.php')
WARNING - 2024-06-12 06:03:14 --> [DEPRECATED] Creation of dynamic property App\Controllers\Harga::$wisata is deprecated in APPPATH\Controllers\Harga.php on line 15.
 1 SYSTEMPATH\CodeIgniter.php(903): App\Controllers\Harga->__construct()
 2 SYSTEMPATH\CodeIgniter.php(500): CodeIgniter\CodeIgniter->createController()
 3 SYSTEMPATH\CodeIgniter.php(355): CodeIgniter\CodeIgniter->handleRequest(null, Object(Config\Cache), false)
 4 SYSTEMPATH\Boot.php(312): CodeIgniter\CodeIgniter->run()
 5 SYSTEMPATH\Boot.php(67): CodeIgniter\Boot::runCodeIgniter(Object(CodeIgniter\CodeIgniter))
 6 FCPATH\index.php(56): CodeIgniter\Boot::bootWeb(Object(Config\Paths))
 7 SYSTEMPATH\Commands\Server\rewrite.php(49): require_once('C:\\APK\\xampp-8.2\\htdocs\\SafeToTrip\\public\\index.php')
WARNING - 2024-06-12 06:03:14 --> [DEPRECATED] Creation of dynamic property App\Controllers\Harga::$harga is deprecated in APPPATH\Controllers\Harga.php on line 16.
 1 SYSTEMPATH\CodeIgniter.php(903): App\Controllers\Harga->__construct()
 2 SYSTEMPATH\CodeIgniter.php(500): CodeIgniter\CodeIgniter->createController()
 3 SYSTEMPATH\CodeIgniter.php(355): CodeIgniter\CodeIgniter->handleRequest(null, Object(Config\Cache), false)
 4 SYSTEMPATH\Boot.php(312): CodeIgniter\CodeIgniter->run()
 5 SYSTEMPATH\Boot.php(67): CodeIgniter\Boot::runCodeIgniter(Object(CodeIgniter\CodeIgniter))
 6 FCPATH\index.php(56): CodeIgniter\Boot::bootWeb(Object(Config\Paths))
 7 SYSTEMPATH\Commands\Server\rewrite.php(49): require_once('C:\\APK\\xampp-8.2\\htdocs\\SafeToTrip\\public\\index.php')
CRITICAL - 2024-06-12 06:03:14 --> CodeIgniter\Database\Exceptions\DataException: Allowed fields must be specified for model: "App\Models\HargaTiketModel"
[Method: POST, Route: harga/store]
in SYSTEMPATH\Model.php on line 813.
 1 SYSTEMPATH\Model.php(813): CodeIgniter\Database\Exceptions\DataException::forInvalidAllowedFields('App\\Models\\HargaTiketModel')
 2 SYSTEMPATH\BaseModel.php(821): CodeIgniter\Model->doProtectFieldsForInsert([...])
 3 SYSTEMPATH\Model.php(791): CodeIgniter\BaseModel->insert([...], true)
 4 APPPATH\Controllers\Harga.php(44): CodeIgniter\Model->insert([...])
 5 SYSTEMPATH\CodeIgniter.php(933): App\Controllers\Harga->store()
 6 SYSTEMPATH\CodeIgniter.php(509): CodeIgniter\CodeIgniter->runController(Object(App\Controllers\Harga))
 7 SYSTEMPATH\CodeIgniter.php(355): CodeIgniter\CodeIgniter->handleRequest(null, Object(Config\Cache), false)
 8 SYSTEMPATH\Boot.php(312): CodeIgniter\CodeIgniter->run()
 9 SYSTEMPATH\Boot.php(67): CodeIgniter\Boot::runCodeIgniter(Object(CodeIgniter\CodeIgniter))
10 FCPATH\index.php(56): CodeIgniter\Boot::bootWeb(Object(Config\Paths))
11 SYSTEMPATH\Commands\Server\rewrite.php(49): require_once('C:\\APK\\xampp-8.2\\htdocs\\SafeToTrip\\public\\index.php')
INFO - 2024-06-12 06:05:15 --> Session: Class initialized using 'CodeIgniter\Session\Handlers\FileHandler' driver.
WARNING - 2024-06-12 06:05:15 --> [DEPRECATED] Creation of dynamic property App\Controllers\Home::$session is deprecated in APPPATH\Controllers\Home.php on line 12.
 1 APPPATH\Controllers\Harga.php(14): App\Controllers\Home->__construct()
 2 SYSTEMPATH\CodeIgniter.php(903): App\Controllers\Harga->__construct()
 3 SYSTEMPATH\CodeIgniter.php(500): CodeIgniter\CodeIgniter->createController()
 4 SYSTEMPATH\CodeIgniter.php(355): CodeIgniter\CodeIgniter->handleRequest(null, Object(Config\Cache), false)
 5 SYSTEMPATH\Boot.php(312): CodeIgniter\CodeIgniter->run()
 6 SYSTEMPATH\Boot.php(67): CodeIgniter\Boot::runCodeIgniter(Object(CodeIgniter\CodeIgniter))
 7 FCPATH\index.php(56): CodeIgniter\Boot::bootWeb(Object(Config\Paths))
 8 SYSTEMPATH\Commands\Server\rewrite.php(49): require_once('C:\\APK\\xampp-8.2\\htdocs\\SafeToTrip\\public\\index.php')
WARNING - 2024-06-12 06:05:15 --> [DEPRECATED] Creation of dynamic property App\Controllers\Home::$wisata is deprecated in APPPATH\Controllers\Home.php on line 13.
 1 APPPATH\Controllers\Harga.php(14): App\Controllers\Home->__construct()
 2 SYSTEMPATH\CodeIgniter.php(903): App\Controllers\Harga->__construct()
 3 SYSTEMPATH\CodeIgniter.php(500): CodeIgniter\CodeIgniter->createController()
 4 SYSTEMPATH\CodeIgniter.php(355): CodeIgniter\CodeIgniter->handleRequest(null, Object(Config\Cache), false)
 5 SYSTEMPATH\Boot.php(312): CodeIgniter\CodeIgniter->run()
 6 SYSTEMPATH\Boot.php(67): CodeIgniter\Boot::runCodeIgniter(Object(CodeIgniter\CodeIgniter))
 7 FCPATH\index.php(56): CodeIgniter\Boot::bootWeb(Object(Config\Paths))
 8 SYSTEMPATH\Commands\Server\rewrite.php(49): require_once('C:\\APK\\xampp-8.2\\htdocs\\SafeToTrip\\public\\index.php')
WARNING - 2024-06-12 06:05:15 --> [DEPRECATED] Creation of dynamic property App\Controllers\Home::$fasilitas is deprecated in APPPATH\Controllers\Home.php on line 14.
 1 APPPATH\Controllers\Harga.php(14): App\Controllers\Home->__construct()
 2 SYSTEMPATH\CodeIgniter.php(903): App\Controllers\Harga->__construct()
 3 SYSTEMPATH\CodeIgniter.php(500): CodeIgniter\CodeIgniter->createController()
 4 SYSTEMPATH\CodeIgniter.php(355): CodeIgniter\CodeIgniter->handleRequest(null, Object(Config\Cache), false)
 5 SYSTEMPATH\Boot.php(312): CodeIgniter\CodeIgniter->run()
 6 SYSTEMPATH\Boot.php(67): CodeIgniter\Boot::runCodeIgniter(Object(CodeIgniter\CodeIgniter))
 7 FCPATH\index.php(56): CodeIgniter\Boot::bootWeb(Object(Config\Paths))
 8 SYSTEMPATH\Commands\Server\rewrite.php(49): require_once('C:\\APK\\xampp-8.2\\htdocs\\SafeToTrip\\public\\index.php')
WARNING - 2024-06-12 06:05:15 --> [DEPRECATED] Creation of dynamic property App\Controllers\Harga::$home is deprecated in APPPATH\Controllers\Harga.php on line 14.
 1 SYSTEMPATH\CodeIgniter.php(903): App\Controllers\Harga->__construct()
 2 SYSTEMPATH\CodeIgniter.php(500): CodeIgniter\CodeIgniter->createController()
 3 SYSTEMPATH\CodeIgniter.php(355): CodeIgniter\CodeIgniter->handleRequest(null, Object(Config\Cache), false)
 4 SYSTEMPATH\Boot.php(312): CodeIgniter\CodeIgniter->run()
 5 SYSTEMPATH\Boot.php(67): CodeIgniter\Boot::runCodeIgniter(Object(CodeIgniter\CodeIgniter))
 6 FCPATH\index.php(56): CodeIgniter\Boot::bootWeb(Object(Config\Paths))
 7 SYSTEMPATH\Commands\Server\rewrite.php(49): require_once('C:\\APK\\xampp-8.2\\htdocs\\SafeToTrip\\public\\index.php')
WARNING - 2024-06-12 06:05:15 --> [DEPRECATED] Creation of dynamic property App\Controllers\Harga::$wisata is deprecated in APPPATH\Controllers\Harga.php on line 15.
 1 SYSTEMPATH\CodeIgniter.php(903): App\Controllers\Harga->__construct()
 2 SYSTEMPATH\CodeIgniter.php(500): CodeIgniter\CodeIgniter->createController()
 3 SYSTEMPATH\CodeIgniter.php(355): CodeIgniter\CodeIgniter->handleRequest(null, Object(Config\Cache), false)
 4 SYSTEMPATH\Boot.php(312): CodeIgniter\CodeIgniter->run()
 5 SYSTEMPATH\Boot.php(67): CodeIgniter\Boot::runCodeIgniter(Object(CodeIgniter\CodeIgniter))
 6 FCPATH\index.php(56): CodeIgniter\Boot::bootWeb(Object(Config\Paths))
 7 SYSTEMPATH\Commands\Server\rewrite.php(49): require_once('C:\\APK\\xampp-8.2\\htdocs\\SafeToTrip\\public\\index.php')
WARNING - 2024-06-12 06:05:15 --> [DEPRECATED] Creation of dynamic property App\Controllers\Harga::$harga is deprecated in APPPATH\Controllers\Harga.php on line 16.
 1 SYSTEMPATH\CodeIgniter.php(903): App\Controllers\Harga->__construct()
 2 SYSTEMPATH\CodeIgniter.php(500): CodeIgniter\CodeIgniter->createController()
 3 SYSTEMPATH\CodeIgniter.php(355): CodeIgniter\CodeIgniter->handleRequest(null, Object(Config\Cache), false)
 4 SYSTEMPATH\Boot.php(312): CodeIgniter\CodeIgniter->run()
 5 SYSTEMPATH\Boot.php(67): CodeIgniter\Boot::runCodeIgniter(Object(CodeIgniter\CodeIgniter))
 6 FCPATH\index.php(56): CodeIgniter\Boot::bootWeb(Object(Config\Paths))
 7 SYSTEMPATH\Commands\Server\rewrite.php(49): require_once('C:\\APK\\xampp-8.2\\htdocs\\SafeToTrip\\public\\index.php')
INFO - 2024-06-12 06:05:17 --> Session: Class initialized using 'CodeIgniter\Session\Handlers\FileHandler' driver.
WARNING - 2024-06-12 06:05:17 --> [DEPRECATED] Creation of dynamic property App\Controllers\Home::$session is deprecated in APPPATH\Controllers\Home.php on line 12.
 1 APPPATH\Controllers\Harga.php(14): App\Controllers\Home->__construct()
 2 SYSTEMPATH\CodeIgniter.php(903): App\Controllers\Harga->__construct()
 3 SYSTEMPATH\CodeIgniter.php(500): CodeIgniter\CodeIgniter->createController()
 4 SYSTEMPATH\CodeIgniter.php(355): CodeIgniter\CodeIgniter->handleRequest(null, Object(Config\Cache), false)
 5 SYSTEMPATH\Boot.php(312): CodeIgniter\CodeIgniter->run()
 6 SYSTEMPATH\Boot.php(67): CodeIgniter\Boot::runCodeIgniter(Object(CodeIgniter\CodeIgniter))
 7 FCPATH\index.php(56): CodeIgniter\Boot::bootWeb(Object(Config\Paths))
 8 SYSTEMPATH\Commands\Server\rewrite.php(49): require_once('C:\\APK\\xampp-8.2\\htdocs\\SafeToTrip\\public\\index.php')
WARNING - 2024-06-12 06:05:17 --> [DEPRECATED] Creation of dynamic property App\Controllers\Home::$wisata is deprecated in APPPATH\Controllers\Home.php on line 13.
 1 APPPATH\Controllers\Harga.php(14): App\Controllers\Home->__construct()
 2 SYSTEMPATH\CodeIgniter.php(903): App\Controllers\Harga->__construct()
 3 SYSTEMPATH\CodeIgniter.php(500): CodeIgniter\CodeIgniter->createController()
 4 SYSTEMPATH\CodeIgniter.php(355): CodeIgniter\CodeIgniter->handleRequest(null, Object(Config\Cache), false)
 5 SYSTEMPATH\Boot.php(312): CodeIgniter\CodeIgniter->run()
 6 SYSTEMPATH\Boot.php(67): CodeIgniter\Boot::runCodeIgniter(Object(CodeIgniter\CodeIgniter))
 7 FCPATH\index.php(56): CodeIgniter\Boot::bootWeb(Object(Config\Paths))
 8 SYSTEMPATH\Commands\Server\rewrite.php(49): require_once('C:\\APK\\xampp-8.2\\htdocs\\SafeToTrip\\public\\index.php')
WARNING - 2024-06-12 06:05:17 --> [DEPRECATED] Creation of dynamic property App\Controllers\Home::$fasilitas is deprecated in APPPATH\Controllers\Home.php on line 14.
 1 APPPATH\Controllers\Harga.php(14): App\Controllers\Home->__construct()
 2 SYSTEMPATH\CodeIgniter.php(903): App\Controllers\Harga->__construct()
 3 SYSTEMPATH\CodeIgniter.php(500): CodeIgniter\CodeIgniter->createController()
 4 SYSTEMPATH\CodeIgniter.php(355): CodeIgniter\CodeIgniter->handleRequest(null, Object(Config\Cache), false)
 5 SYSTEMPATH\Boot.php(312): CodeIgniter\CodeIgniter->run()
 6 SYSTEMPATH\Boot.php(67): CodeIgniter\Boot::runCodeIgniter(Object(CodeIgniter\CodeIgniter))
 7 FCPATH\index.php(56): CodeIgniter\Boot::bootWeb(Object(Config\Paths))
 8 SYSTEMPATH\Commands\Server\rewrite.php(49): require_once('C:\\APK\\xampp-8.2\\htdocs\\SafeToTrip\\public\\index.php')
WARNING - 2024-06-12 06:05:17 --> [DEPRECATED] Creation of dynamic property App\Controllers\Harga::$home is deprecated in APPPATH\Controllers\Harga.php on line 14.
 1 SYSTEMPATH\CodeIgniter.php(903): App\Controllers\Harga->__construct()
 2 SYSTEMPATH\CodeIgniter.php(500): CodeIgniter\CodeIgniter->createController()
 3 SYSTEMPATH\CodeIgniter.php(355): CodeIgniter\CodeIgniter->handleRequest(null, Object(Config\Cache), false)
 4 SYSTEMPATH\Boot.php(312): CodeIgniter\CodeIgniter->run()
 5 SYSTEMPATH\Boot.php(67): CodeIgniter\Boot::runCodeIgniter(Object(CodeIgniter\CodeIgniter))
 6 FCPATH\index.php(56): CodeIgniter\Boot::bootWeb(Object(Config\Paths))
 7 SYSTEMPATH\Commands\Server\rewrite.php(49): require_once('C:\\APK\\xampp-8.2\\htdocs\\SafeToTrip\\public\\index.php')
WARNING - 2024-06-12 06:05:17 --> [DEPRECATED] Creation of dynamic property App\Controllers\Harga::$wisata is deprecated in APPPATH\Controllers\Harga.php on line 15.
 1 SYSTEMPATH\CodeIgniter.php(903): App\Controllers\Harga->__construct()
 2 SYSTEMPATH\CodeIgniter.php(500): CodeIgniter\CodeIgniter->createController()
 3 SYSTEMPATH\CodeIgniter.php(355): CodeIgniter\CodeIgniter->handleRequest(null, Object(Config\Cache), false)
 4 SYSTEMPATH\Boot.php(312): CodeIgniter\CodeIgniter->run()
 5 SYSTEMPATH\Boot.php(67): CodeIgniter\Boot::runCodeIgniter(Object(CodeIgniter\CodeIgniter))
 6 FCPATH\index.php(56): CodeIgniter\Boot::bootWeb(Object(Config\Paths))
 7 SYSTEMPATH\Commands\Server\rewrite.php(49): require_once('C:\\APK\\xampp-8.2\\htdocs\\SafeToTrip\\public\\index.php')
WARNING - 2024-06-12 06:05:17 --> [DEPRECATED] Creation of dynamic property App\Controllers\Harga::$harga is deprecated in APPPATH\Controllers\Harga.php on line 16.
 1 SYSTEMPATH\CodeIgniter.php(903): App\Controllers\Harga->__construct()
 2 SYSTEMPATH\CodeIgniter.php(500): CodeIgniter\CodeIgniter->createController()
 3 SYSTEMPATH\CodeIgniter.php(355): CodeIgniter\CodeIgniter->handleRequest(null, Object(Config\Cache), false)
 4 SYSTEMPATH\Boot.php(312): CodeIgniter\CodeIgniter->run()
 5 SYSTEMPATH\Boot.php(67): CodeIgniter\Boot::runCodeIgniter(Object(CodeIgniter\CodeIgniter))
 6 FCPATH\index.php(56): CodeIgniter\Boot::bootWeb(Object(Config\Paths))
 7 SYSTEMPATH\Commands\Server\rewrite.php(49): require_once('C:\\APK\\xampp-8.2\\htdocs\\SafeToTrip\\public\\index.php')
INFO - 2024-06-12 06:05:35 --> Session: Class initialized using 'CodeIgniter\Session\Handlers\FileHandler' driver.
WARNING - 2024-06-12 06:05:35 --> [DEPRECATED] Creation of dynamic property App\Controllers\Home::$session is deprecated in APPPATH\Controllers\Home.php on line 12.
 1 APPPATH\Controllers\Harga.php(14): App\Controllers\Home->__construct()
 2 SYSTEMPATH\CodeIgniter.php(903): App\Controllers\Harga->__construct()
 3 SYSTEMPATH\CodeIgniter.php(500): CodeIgniter\CodeIgniter->createController()
 4 SYSTEMPATH\CodeIgniter.php(355): CodeIgniter\CodeIgniter->handleRequest(null, Object(Config\Cache), false)
 5 SYSTEMPATH\Boot.php(312): CodeIgniter\CodeIgniter->run()
 6 SYSTEMPATH\Boot.php(67): CodeIgniter\Boot::runCodeIgniter(Object(CodeIgniter\CodeIgniter))
 7 FCPATH\index.php(56): CodeIgniter\Boot::bootWeb(Object(Config\Paths))
 8 SYSTEMPATH\Commands\Server\rewrite.php(49): require_once('C:\\APK\\xampp-8.2\\htdocs\\SafeToTrip\\public\\index.php')
WARNING - 2024-06-12 06:05:35 --> [DEPRECATED] Creation of dynamic property App\Controllers\Home::$wisata is deprecated in APPPATH\Controllers\Home.php on line 13.
 1 APPPATH\Controllers\Harga.php(14): App\Controllers\Home->__construct()
 2 SYSTEMPATH\CodeIgniter.php(903): App\Controllers\Harga->__construct()
 3 SYSTEMPATH\CodeIgniter.php(500): CodeIgniter\CodeIgniter->createController()
 4 SYSTEMPATH\CodeIgniter.php(355): CodeIgniter\CodeIgniter->handleRequest(null, Object(Config\Cache), false)
 5 SYSTEMPATH\Boot.php(312): CodeIgniter\CodeIgniter->run()
 6 SYSTEMPATH\Boot.php(67): CodeIgniter\Boot::runCodeIgniter(Object(CodeIgniter\CodeIgniter))
 7 FCPATH\index.php(56): CodeIgniter\Boot::bootWeb(Object(Config\Paths))
 8 SYSTEMPATH\Commands\Server\rewrite.php(49): require_once('C:\\APK\\xampp-8.2\\htdocs\\SafeToTrip\\public\\index.php')
WARNING - 2024-06-12 06:05:35 --> [DEPRECATED] Creation of dynamic property App\Controllers\Home::$fasilitas is deprecated in APPPATH\Controllers\Home.php on line 14.
 1 APPPATH\Controllers\Harga.php(14): App\Controllers\Home->__construct()
 2 SYSTEMPATH\CodeIgniter.php(903): App\Controllers\Harga->__construct()
 3 SYSTEMPATH\CodeIgniter.php(500): CodeIgniter\CodeIgniter->createController()
 4 SYSTEMPATH\CodeIgniter.php(355): CodeIgniter\CodeIgniter->handleRequest(null, Object(Config\Cache), false)
 5 SYSTEMPATH\Boot.php(312): CodeIgniter\CodeIgniter->run()
 6 SYSTEMPATH\Boot.php(67): CodeIgniter\Boot::runCodeIgniter(Object(CodeIgniter\CodeIgniter))
 7 FCPATH\index.php(56): CodeIgniter\Boot::bootWeb(Object(Config\Paths))
 8 SYSTEMPATH\Commands\Server\rewrite.php(49): require_once('C:\\APK\\xampp-8.2\\htdocs\\SafeToTrip\\public\\index.php')
WARNING - 2024-06-12 06:05:35 --> [DEPRECATED] Creation of dynamic property App\Controllers\Harga::$home is deprecated in APPPATH\Controllers\Harga.php on line 14.
 1 SYSTEMPATH\CodeIgniter.php(903): App\Controllers\Harga->__construct()
 2 SYSTEMPATH\CodeIgniter.php(500): CodeIgniter\CodeIgniter->createController()
 3 SYSTEMPATH\CodeIgniter.php(355): CodeIgniter\CodeIgniter->handleRequest(null, Object(Config\Cache), false)
 4 SYSTEMPATH\Boot.php(312): CodeIgniter\CodeIgniter->run()
 5 SYSTEMPATH\Boot.php(67): CodeIgniter\Boot::runCodeIgniter(Object(CodeIgniter\CodeIgniter))
 6 FCPATH\index.php(56): CodeIgniter\Boot::bootWeb(Object(Config\Paths))
 7 SYSTEMPATH\Commands\Server\rewrite.php(49): require_once('C:\\APK\\xampp-8.2\\htdocs\\SafeToTrip\\public\\index.php')
WARNING - 2024-06-12 06:05:35 --> [DEPRECATED] Creation of dynamic property App\Controllers\Harga::$wisata is deprecated in APPPATH\Controllers\Harga.php on line 15.
 1 SYSTEMPATH\CodeIgniter.php(903): App\Controllers\Harga->__construct()
 2 SYSTEMPATH\CodeIgniter.php(500): CodeIgniter\CodeIgniter->createController()
 3 SYSTEMPATH\CodeIgniter.php(355): CodeIgniter\CodeIgniter->handleRequest(null, Object(Config\Cache), false)
 4 SYSTEMPATH\Boot.php(312): CodeIgniter\CodeIgniter->run()
 5 SYSTEMPATH\Boot.php(67): CodeIgniter\Boot::runCodeIgniter(Object(CodeIgniter\CodeIgniter))
 6 FCPATH\index.php(56): CodeIgniter\Boot::bootWeb(Object(Config\Paths))
 7 SYSTEMPATH\Commands\Server\rewrite.php(49): require_once('C:\\APK\\xampp-8.2\\htdocs\\SafeToTrip\\public\\index.php')
WARNING - 2024-06-12 06:05:35 --> [DEPRECATED] Creation of dynamic property App\Controllers\Harga::$harga is deprecated in APPPATH\Controllers\Harga.php on line 16.
 1 SYSTEMPATH\CodeIgniter.php(903): App\Controllers\Harga->__construct()
 2 SYSTEMPATH\CodeIgniter.php(500): CodeIgniter\CodeIgniter->createController()
 3 SYSTEMPATH\CodeIgniter.php(355): CodeIgniter\CodeIgniter->handleRequest(null, Object(Config\Cache), false)
 4 SYSTEMPATH\Boot.php(312): CodeIgniter\CodeIgniter->run()
 5 SYSTEMPATH\Boot.php(67): CodeIgniter\Boot::runCodeIgniter(Object(CodeIgniter\CodeIgniter))
 6 FCPATH\index.php(56): CodeIgniter\Boot::bootWeb(Object(Config\Paths))
 7 SYSTEMPATH\Commands\Server\rewrite.php(49): require_once('C:\\APK\\xampp-8.2\\htdocs\\SafeToTrip\\public\\index.php')
ERROR - 2024-06-12 06:05:35 --> mysqli_sql_exception: Table 'safetotrip.hargatikets' doesn't exist in C:\APK\xampp-8.2\htdocs\SafeToTrip\system\Database\MySQLi\Connection.php:308
Stack trace:
#0 C:\APK\xampp-8.2\htdocs\SafeToTrip\system\Database\MySQLi\Connection.php(308): mysqli->query('INSERT INTO `ha...', 0)
#1 C:\APK\xampp-8.2\htdocs\SafeToTrip\system\Database\BaseConnection.php(722): CodeIgniter\Database\MySQLi\Connection->execute('INSERT INTO `ha...')
#2 C:\APK\xampp-8.2\htdocs\SafeToTrip\system\Database\BaseConnection.php(636): CodeIgniter\Database\BaseConnection->simpleQuery('INSERT INTO `ha...')
#3 C:\APK\xampp-8.2\htdocs\SafeToTrip\system\Database\BaseBuilder.php(2325): CodeIgniter\Database\BaseConnection->query('INSERT INTO `ha...', Array, false)
#4 C:\APK\xampp-8.2\htdocs\SafeToTrip\system\Model.php(383): CodeIgniter\Database\BaseBuilder->insert()
#5 C:\APK\xampp-8.2\htdocs\SafeToTrip\system\BaseModel.php(840): CodeIgniter\Model->doInsert(Array)
#6 C:\APK\xampp-8.2\htdocs\SafeToTrip\system\Model.php(791): CodeIgniter\BaseModel->insert(Array, true)
#7 C:\APK\xampp-8.2\htdocs\SafeToTrip\app\Controllers\Harga.php(44): CodeIgniter\Model->insert(Array)
#8 C:\APK\xampp-8.2\htdocs\SafeToTrip\system\CodeIgniter.php(933): App\Controllers\Harga->store()
#9 C:\APK\xampp-8.2\htdocs\SafeToTrip\system\CodeIgniter.php(509): CodeIgniter\CodeIgniter->runController(Object(App\Controllers\Harga))
#10 C:\APK\xampp-8.2\htdocs\SafeToTrip\system\CodeIgniter.php(355): CodeIgniter\CodeIgniter->handleRequest(NULL, Object(Config\Cache), false)
#11 C:\APK\xampp-8.2\htdocs\SafeToTrip\system\Boot.php(312): CodeIgniter\CodeIgniter->run()
#12 C:\APK\xampp-8.2\htdocs\SafeToTrip\system\Boot.php(67): CodeIgniter\Boot::runCodeIgniter(Object(CodeIgniter\CodeIgniter))
#13 C:\APK\xampp-8.2\htdocs\SafeToTrip\public\index.php(56): CodeIgniter\Boot::bootWeb(Object(Config\Paths))
#14 C:\APK\xampp-8.2\htdocs\SafeToTrip\system\Commands\Server\rewrite.php(49): require_once('C:\\APK\\xampp-8....')
#15 {main}
CRITICAL - 2024-06-12 06:05:35 --> CodeIgniter\Database\Exceptions\DatabaseException: Table 'safetotrip.hargatikets' doesn't exist
[Method: POST, Route: harga/store]
in SYSTEMPATH\Database\BaseConnection.php on line 676.
 1 SYSTEMPATH\Database\BaseBuilder.php(2325): CodeIgniter\Database\BaseConnection->query('INSERT INTO `hargatikets` (`id_wisata`, `jenis_tiket`, `harga`, `tanggal_mulai`, `tanggal_selesai`, `created_at`, `updated_at`) VALUES (:id_wisata:, :jenis_tiket:, :harga:, :tanggal_mulai:, :tanggal_selesai:, :created_at:, :updated_at:)', [...], false)
 2 SYSTEMPATH\Model.php(383): CodeIgniter\Database\BaseBuilder->insert()
 3 SYSTEMPATH\BaseModel.php(840): CodeIgniter\Model->doInsert([...])
 4 SYSTEMPATH\Model.php(791): CodeIgniter\BaseModel->insert([...], true)
 5 APPPATH\Controllers\Harga.php(44): CodeIgniter\Model->insert([...])
 6 SYSTEMPATH\CodeIgniter.php(933): App\Controllers\Harga->store()
 7 SYSTEMPATH\CodeIgniter.php(509): CodeIgniter\CodeIgniter->runController(Object(App\Controllers\Harga))
 8 SYSTEMPATH\CodeIgniter.php(355): CodeIgniter\CodeIgniter->handleRequest(null, Object(Config\Cache), false)
 9 SYSTEMPATH\Boot.php(312): CodeIgniter\CodeIgniter->run()
10 SYSTEMPATH\Boot.php(67): CodeIgniter\Boot::runCodeIgniter(Object(CodeIgniter\CodeIgniter))
11 FCPATH\index.php(56): CodeIgniter\Boot::bootWeb(Object(Config\Paths))
12 SYSTEMPATH\Commands\Server\rewrite.php(49): require_once('C:\\APK\\xampp-8.2\\htdocs\\SafeToTrip\\public\\index.php')
CRITICAL - 2024-06-12 06:05:35 --> [Caused by] CodeIgniter\Database\Exceptions\DatabaseException: Table 'safetotrip.hargatikets' doesn't exist
in SYSTEMPATH\Database\MySQLi\Connection.php on line 313.
 1 SYSTEMPATH\Database\BaseConnection.php(722): CodeIgniter\Database\MySQLi\Connection->execute('INSERT INTO `hargatikets` (`id_wisata`, `jenis_tiket`, `harga`, `tanggal_mulai`, `tanggal_selesai`, `created_at`, `updated_at`) VALUES (\'7\', \'dewasa\', \'25000\', \'2024-06-01\', \'2024-06-30\', \'2024-06-12 06:05:35\', \'2024-06-12 06:05:35\')')
 2 SYSTEMPATH\Database\BaseConnection.php(636): CodeIgniter\Database\BaseConnection->simpleQuery('INSERT INTO `hargatikets` (`id_wisata`, `jenis_tiket`, `harga`, `tanggal_mulai`, `tanggal_selesai`, `created_at`, `updated_at`) VALUES (\'7\', \'dewasa\', \'25000\', \'2024-06-01\', \'2024-06-30\', \'2024-06-12 06:05:35\', \'2024-06-12 06:05:35\')')
 3 SYSTEMPATH\Database\BaseBuilder.php(2325): CodeIgniter\Database\BaseConnection->query('INSERT INTO `hargatikets` (`id_wisata`, `jenis_tiket`, `harga`, `tanggal_mulai`, `tanggal_selesai`, `created_at`, `updated_at`) VALUES (:id_wisata:, :jenis_tiket:, :harga:, :tanggal_mulai:, :tanggal_selesai:, :created_at:, :updated_at:)', [...], false)
 4 SYSTEMPATH\Model.php(383): CodeIgniter\Database\BaseBuilder->insert()
 5 SYSTEMPATH\BaseModel.php(840): CodeIgniter\Model->doInsert([...])
 6 SYSTEMPATH\Model.php(791): CodeIgniter\BaseModel->insert([...], true)
 7 APPPATH\Controllers\Harga.php(44): CodeIgniter\Model->insert([...])
 8 SYSTEMPATH\CodeIgniter.php(933): App\Controllers\Harga->store()
 9 SYSTEMPATH\CodeIgniter.php(509): CodeIgniter\CodeIgniter->runController(Object(App\Controllers\Harga))
10 SYSTEMPATH\CodeIgniter.php(355): CodeIgniter\CodeIgniter->handleRequest(null, Object(Config\Cache), false)
11 SYSTEMPATH\Boot.php(312): CodeIgniter\CodeIgniter->run()
12 SYSTEMPATH\Boot.php(67): CodeIgniter\Boot::runCodeIgniter(Object(CodeIgniter\CodeIgniter))
13 FCPATH\index.php(56): CodeIgniter\Boot::bootWeb(Object(Config\Paths))
14 SYSTEMPATH\Commands\Server\rewrite.php(49): require_once('C:\\APK\\xampp-8.2\\htdocs\\SafeToTrip\\public\\index.php')
CRITICAL - 2024-06-12 06:05:35 --> [Caused by] mysqli_sql_exception: Table 'safetotrip.hargatikets' doesn't exist
in SYSTEMPATH\Database\MySQLi\Connection.php on line 308.
 1 SYSTEMPATH\Database\MySQLi\Connection.php(308): mysqli->query('INSERT INTO `hargatikets` (`id_wisata`, `jenis_tiket`, `harga`, `tanggal_mulai`, `tanggal_selesai`, `created_at`, `updated_at`) VALUES (\'7\', \'dewasa\', \'25000\', \'2024-06-01\', \'2024-06-30\', \'2024-06-12 06:05:35\', \'2024-06-12 06:05:35\')', 0)
 2 SYSTEMPATH\Database\BaseConnection.php(722): CodeIgniter\Database\MySQLi\Connection->execute('INSERT INTO `hargatikets` (`id_wisata`, `jenis_tiket`, `harga`, `tanggal_mulai`, `tanggal_selesai`, `created_at`, `updated_at`) VALUES (\'7\', \'dewasa\', \'25000\', \'2024-06-01\', \'2024-06-30\', \'2024-06-12 06:05:35\', \'2024-06-12 06:05:35\')')
 3 SYSTEMPATH\Database\BaseConnection.php(636): CodeIgniter\Database\BaseConnection->simpleQuery('INSERT INTO `hargatikets` (`id_wisata`, `jenis_tiket`, `harga`, `tanggal_mulai`, `tanggal_selesai`, `created_at`, `updated_at`) VALUES (\'7\', \'dewasa\', \'25000\', \'2024-06-01\', \'2024-06-30\', \'2024-06-12 06:05:35\', \'2024-06-12 06:05:35\')')
 4 SYSTEMPATH\Database\BaseBuilder.php(2325): CodeIgniter\Database\BaseConnection->query('INSERT INTO `hargatikets` (`id_wisata`, `jenis_tiket`, `harga`, `tanggal_mulai`, `tanggal_selesai`, `created_at`, `updated_at`) VALUES (:id_wisata:, :jenis_tiket:, :harga:, :tanggal_mulai:, :tanggal_selesai:, :created_at:, :updated_at:)', [...], false)
 5 SYSTEMPATH\Model.php(383): CodeIgniter\Database\BaseBuilder->insert()
 6 SYSTEMPATH\BaseModel.php(840): CodeIgniter\Model->doInsert([...])
 7 SYSTEMPATH\Model.php(791): CodeIgniter\BaseModel->insert([...], true)
 8 APPPATH\Controllers\Harga.php(44): CodeIgniter\Model->insert([...])
 9 SYSTEMPATH\CodeIgniter.php(933): App\Controllers\Harga->store()
10 SYSTEMPATH\CodeIgniter.php(509): CodeIgniter\CodeIgniter->runController(Object(App\Controllers\Harga))
11 SYSTEMPATH\CodeIgniter.php(355): CodeIgniter\CodeIgniter->handleRequest(null, Object(Config\Cache), false)
12 SYSTEMPATH\Boot.php(312): CodeIgniter\CodeIgniter->run()
13 SYSTEMPATH\Boot.php(67): CodeIgniter\Boot::runCodeIgniter(Object(CodeIgniter\CodeIgniter))
14 FCPATH\index.php(56): CodeIgniter\Boot::bootWeb(Object(Config\Paths))
15 SYSTEMPATH\Commands\Server\rewrite.php(49): require_once('C:\\APK\\xampp-8.2\\htdocs\\SafeToTrip\\public\\index.php')
INFO - 2024-06-12 06:06:01 --> Session: Class initialized using 'CodeIgniter\Session\Handlers\FileHandler' driver.
WARNING - 2024-06-12 06:06:01 --> [DEPRECATED] Creation of dynamic property App\Controllers\Home::$session is deprecated in APPPATH\Controllers\Home.php on line 12.
 1 APPPATH\Controllers\Harga.php(14): App\Controllers\Home->__construct()
 2 SYSTEMPATH\CodeIgniter.php(903): App\Controllers\Harga->__construct()
 3 SYSTEMPATH\CodeIgniter.php(500): CodeIgniter\CodeIgniter->createController()
 4 SYSTEMPATH\CodeIgniter.php(355): CodeIgniter\CodeIgniter->handleRequest(null, Object(Config\Cache), false)
 5 SYSTEMPATH\Boot.php(312): CodeIgniter\CodeIgniter->run()
 6 SYSTEMPATH\Boot.php(67): CodeIgniter\Boot::runCodeIgniter(Object(CodeIgniter\CodeIgniter))
 7 FCPATH\index.php(56): CodeIgniter\Boot::bootWeb(Object(Config\Paths))
 8 SYSTEMPATH\Commands\Server\rewrite.php(49): require_once('C:\\APK\\xampp-8.2\\htdocs\\SafeToTrip\\public\\index.php')
WARNING - 2024-06-12 06:06:01 --> [DEPRECATED] Creation of dynamic property App\Controllers\Home::$wisata is deprecated in APPPATH\Controllers\Home.php on line 13.
 1 APPPATH\Controllers\Harga.php(14): App\Controllers\Home->__construct()
 2 SYSTEMPATH\CodeIgniter.php(903): App\Controllers\Harga->__construct()
 3 SYSTEMPATH\CodeIgniter.php(500): CodeIgniter\CodeIgniter->createController()
 4 SYSTEMPATH\CodeIgniter.php(355): CodeIgniter\CodeIgniter->handleRequest(null, Object(Config\Cache), false)
 5 SYSTEMPATH\Boot.php(312): CodeIgniter\CodeIgniter->run()
 6 SYSTEMPATH\Boot.php(67): CodeIgniter\Boot::runCodeIgniter(Object(CodeIgniter\CodeIgniter))
 7 FCPATH\index.php(56): CodeIgniter\Boot::bootWeb(Object(Config\Paths))
 8 SYSTEMPATH\Commands\Server\rewrite.php(49): require_once('C:\\APK\\xampp-8.2\\htdocs\\SafeToTrip\\public\\index.php')
WARNING - 2024-06-12 06:06:01 --> [DEPRECATED] Creation of dynamic property App\Controllers\Home::$fasilitas is deprecated in APPPATH\Controllers\Home.php on line 14.
 1 APPPATH\Controllers\Harga.php(14): App\Controllers\Home->__construct()
 2 SYSTEMPATH\CodeIgniter.php(903): App\Controllers\Harga->__construct()
 3 SYSTEMPATH\CodeIgniter.php(500): CodeIgniter\CodeIgniter->createController()
 4 SYSTEMPATH\CodeIgniter.php(355): CodeIgniter\CodeIgniter->handleRequest(null, Object(Config\Cache), false)
 5 SYSTEMPATH\Boot.php(312): CodeIgniter\CodeIgniter->run()
 6 SYSTEMPATH\Boot.php(67): CodeIgniter\Boot::runCodeIgniter(Object(CodeIgniter\CodeIgniter))
 7 FCPATH\index.php(56): CodeIgniter\Boot::bootWeb(Object(Config\Paths))
 8 SYSTEMPATH\Commands\Server\rewrite.php(49): require_once('C:\\APK\\xampp-8.2\\htdocs\\SafeToTrip\\public\\index.php')
WARNING - 2024-06-12 06:06:01 --> [DEPRECATED] Creation of dynamic property App\Controllers\Harga::$home is deprecated in APPPATH\Controllers\Harga.php on line 14.
 1 SYSTEMPATH\CodeIgniter.php(903): App\Controllers\Harga->__construct()
 2 SYSTEMPATH\CodeIgniter.php(500): CodeIgniter\CodeIgniter->createController()
 3 SYSTEMPATH\CodeIgniter.php(355): CodeIgniter\CodeIgniter->handleRequest(null, Object(Config\Cache), false)
 4 SYSTEMPATH\Boot.php(312): CodeIgniter\CodeIgniter->run()
 5 SYSTEMPATH\Boot.php(67): CodeIgniter\Boot::runCodeIgniter(Object(CodeIgniter\CodeIgniter))
 6 FCPATH\index.php(56): CodeIgniter\Boot::bootWeb(Object(Config\Paths))
 7 SYSTEMPATH\Commands\Server\rewrite.php(49): require_once('C:\\APK\\xampp-8.2\\htdocs\\SafeToTrip\\public\\index.php')
WARNING - 2024-06-12 06:06:01 --> [DEPRECATED] Creation of dynamic property App\Controllers\Harga::$wisata is deprecated in APPPATH\Controllers\Harga.php on line 15.
 1 SYSTEMPATH\CodeIgniter.php(903): App\Controllers\Harga->__construct()
 2 SYSTEMPATH\CodeIgniter.php(500): CodeIgniter\CodeIgniter->createController()
 3 SYSTEMPATH\CodeIgniter.php(355): CodeIgniter\CodeIgniter->handleRequest(null, Object(Config\Cache), false)
 4 SYSTEMPATH\Boot.php(312): CodeIgniter\CodeIgniter->run()
 5 SYSTEMPATH\Boot.php(67): CodeIgniter\Boot::runCodeIgniter(Object(CodeIgniter\CodeIgniter))
 6 FCPATH\index.php(56): CodeIgniter\Boot::bootWeb(Object(Config\Paths))
 7 SYSTEMPATH\Commands\Server\rewrite.php(49): require_once('C:\\APK\\xampp-8.2\\htdocs\\SafeToTrip\\public\\index.php')
WARNING - 2024-06-12 06:06:01 --> [DEPRECATED] Creation of dynamic property App\Controllers\Harga::$harga is deprecated in APPPATH\Controllers\Harga.php on line 16.
 1 SYSTEMPATH\CodeIgniter.php(903): App\Controllers\Harga->__construct()
 2 SYSTEMPATH\CodeIgniter.php(500): CodeIgniter\CodeIgniter->createController()
 3 SYSTEMPATH\CodeIgniter.php(355): CodeIgniter\CodeIgniter->handleRequest(null, Object(Config\Cache), false)
 4 SYSTEMPATH\Boot.php(312): CodeIgniter\CodeIgniter->run()
 5 SYSTEMPATH\Boot.php(67): CodeIgniter\Boot::runCodeIgniter(Object(CodeIgniter\CodeIgniter))
 6 FCPATH\index.php(56): CodeIgniter\Boot::bootWeb(Object(Config\Paths))
 7 SYSTEMPATH\Commands\Server\rewrite.php(49): require_once('C:\\APK\\xampp-8.2\\htdocs\\SafeToTrip\\public\\index.php')
ERROR - 2024-06-12 06:06:01 --> mysqli_sql_exception: Unknown column 'tanggal_mulai' in 'field list' in C:\APK\xampp-8.2\htdocs\SafeToTrip\system\Database\MySQLi\Connection.php:308
Stack trace:
#0 C:\APK\xampp-8.2\htdocs\SafeToTrip\system\Database\MySQLi\Connection.php(308): mysqli->query('INSERT INTO `ha...', 0)
#1 C:\APK\xampp-8.2\htdocs\SafeToTrip\system\Database\BaseConnection.php(722): CodeIgniter\Database\MySQLi\Connection->execute('INSERT INTO `ha...')
#2 C:\APK\xampp-8.2\htdocs\SafeToTrip\system\Database\BaseConnection.php(636): CodeIgniter\Database\BaseConnection->simpleQuery('INSERT INTO `ha...')
#3 C:\APK\xampp-8.2\htdocs\SafeToTrip\system\Database\BaseBuilder.php(2325): CodeIgniter\Database\BaseConnection->query('INSERT INTO `ha...', Array, false)
#4 C:\APK\xampp-8.2\htdocs\SafeToTrip\system\Model.php(383): CodeIgniter\Database\BaseBuilder->insert()
#5 C:\APK\xampp-8.2\htdocs\SafeToTrip\system\BaseModel.php(840): CodeIgniter\Model->doInsert(Array)
#6 C:\APK\xampp-8.2\htdocs\SafeToTrip\system\Model.php(791): CodeIgniter\BaseModel->insert(Array, true)
#7 C:\APK\xampp-8.2\htdocs\SafeToTrip\app\Controllers\Harga.php(44): CodeIgniter\Model->insert(Array)
#8 C:\APK\xampp-8.2\htdocs\SafeToTrip\system\CodeIgniter.php(933): App\Controllers\Harga->store()
#9 C:\APK\xampp-8.2\htdocs\SafeToTrip\system\CodeIgniter.php(509): CodeIgniter\CodeIgniter->runController(Object(App\Controllers\Harga))
#10 C:\APK\xampp-8.2\htdocs\SafeToTrip\system\CodeIgniter.php(355): CodeIgniter\CodeIgniter->handleRequest(NULL, Object(Config\Cache), false)
#11 C:\APK\xampp-8.2\htdocs\SafeToTrip\system\Boot.php(312): CodeIgniter\CodeIgniter->run()
#12 C:\APK\xampp-8.2\htdocs\SafeToTrip\system\Boot.php(67): CodeIgniter\Boot::runCodeIgniter(Object(CodeIgniter\CodeIgniter))
#13 C:\APK\xampp-8.2\htdocs\SafeToTrip\public\index.php(56): CodeIgniter\Boot::bootWeb(Object(Config\Paths))
#14 C:\APK\xampp-8.2\htdocs\SafeToTrip\system\Commands\Server\rewrite.php(49): require_once('C:\\APK\\xampp-8....')
#15 {main}
CRITICAL - 2024-06-12 06:06:01 --> CodeIgniter\Database\Exceptions\DatabaseException: Unknown column 'tanggal_mulai' in 'field list'
[Method: POST, Route: harga/store]
in SYSTEMPATH\Database\BaseConnection.php on line 676.
 1 SYSTEMPATH\Database\BaseBuilder.php(2325): CodeIgniter\Database\BaseConnection->query('INSERT INTO `harga_tiket` (`id_wisata`, `jenis_tiket`, `harga`, `tanggal_mulai`, `tanggal_selesai`, `created_at`, `updated_at`) VALUES (:id_wisata:, :jenis_tiket:, :harga:, :tanggal_mulai:, :tanggal_selesai:, :created_at:, :updated_at:)', [...], false)
 2 SYSTEMPATH\Model.php(383): CodeIgniter\Database\BaseBuilder->insert()
 3 SYSTEMPATH\BaseModel.php(840): CodeIgniter\Model->doInsert([...])
 4 SYSTEMPATH\Model.php(791): CodeIgniter\BaseModel->insert([...], true)
 5 APPPATH\Controllers\Harga.php(44): CodeIgniter\Model->insert([...])
 6 SYSTEMPATH\CodeIgniter.php(933): App\Controllers\Harga->store()
 7 SYSTEMPATH\CodeIgniter.php(509): CodeIgniter\CodeIgniter->runController(Object(App\Controllers\Harga))
 8 SYSTEMPATH\CodeIgniter.php(355): CodeIgniter\CodeIgniter->handleRequest(null, Object(Config\Cache), false)
 9 SYSTEMPATH\Boot.php(312): CodeIgniter\CodeIgniter->run()
10 SYSTEMPATH\Boot.php(67): CodeIgniter\Boot::runCodeIgniter(Object(CodeIgniter\CodeIgniter))
11 FCPATH\index.php(56): CodeIgniter\Boot::bootWeb(Object(Config\Paths))
12 SYSTEMPATH\Commands\Server\rewrite.php(49): require_once('C:\\APK\\xampp-8.2\\htdocs\\SafeToTrip\\public\\index.php')
CRITICAL - 2024-06-12 06:06:01 --> [Caused by] CodeIgniter\Database\Exceptions\DatabaseException: Unknown column 'tanggal_mulai' in 'field list'
in SYSTEMPATH\Database\MySQLi\Connection.php on line 313.
 1 SYSTEMPATH\Database\BaseConnection.php(722): CodeIgniter\Database\MySQLi\Connection->execute('INSERT INTO `harga_tiket` (`id_wisata`, `jenis_tiket`, `harga`, `tanggal_mulai`, `tanggal_selesai`, `created_at`, `updated_at`) VALUES (\'7\', \'dewasa\', \'25000\', \'2024-06-01\', \'2024-06-30\', \'2024-06-12 06:06:01\', \'2024-06-12 06:06:01\')')
 2 SYSTEMPATH\Database\BaseConnection.php(636): CodeIgniter\Database\BaseConnection->simpleQuery('INSERT INTO `harga_tiket` (`id_wisata`, `jenis_tiket`, `harga`, `tanggal_mulai`, `tanggal_selesai`, `created_at`, `updated_at`) VALUES (\'7\', \'dewasa\', \'25000\', \'2024-06-01\', \'2024-06-30\', \'2024-06-12 06:06:01\', \'2024-06-12 06:06:01\')')
 3 SYSTEMPATH\Database\BaseBuilder.php(2325): CodeIgniter\Database\BaseConnection->query('INSERT INTO `harga_tiket` (`id_wisata`, `jenis_tiket`, `harga`, `tanggal_mulai`, `tanggal_selesai`, `created_at`, `updated_at`) VALUES (:id_wisata:, :jenis_tiket:, :harga:, :tanggal_mulai:, :tanggal_selesai:, :created_at:, :updated_at:)', [...], false)
 4 SYSTEMPATH\Model.php(383): CodeIgniter\Database\BaseBuilder->insert()
 5 SYSTEMPATH\BaseModel.php(840): CodeIgniter\Model->doInsert([...])
 6 SYSTEMPATH\Model.php(791): CodeIgniter\BaseModel->insert([...], true)
 7 APPPATH\Controllers\Harga.php(44): CodeIgniter\Model->insert([...])
 8 SYSTEMPATH\CodeIgniter.php(933): App\Controllers\Harga->store()
 9 SYSTEMPATH\CodeIgniter.php(509): CodeIgniter\CodeIgniter->runController(Object(App\Controllers\Harga))
10 SYSTEMPATH\CodeIgniter.php(355): CodeIgniter\CodeIgniter->handleRequest(null, Object(Config\Cache), false)
11 SYSTEMPATH\Boot.php(312): CodeIgniter\CodeIgniter->run()
12 SYSTEMPATH\Boot.php(67): CodeIgniter\Boot::runCodeIgniter(Object(CodeIgniter\CodeIgniter))
13 FCPATH\index.php(56): CodeIgniter\Boot::bootWeb(Object(Config\Paths))
14 SYSTEMPATH\Commands\Server\rewrite.php(49): require_once('C:\\APK\\xampp-8.2\\htdocs\\SafeToTrip\\public\\index.php')
CRITICAL - 2024-06-12 06:06:01 --> [Caused by] mysqli_sql_exception: Unknown column 'tanggal_mulai' in 'field list'
in SYSTEMPATH\Database\MySQLi\Connection.php on line 308.
 1 SYSTEMPATH\Database\MySQLi\Connection.php(308): mysqli->query('INSERT INTO `harga_tiket` (`id_wisata`, `jenis_tiket`, `harga`, `tanggal_mulai`, `tanggal_selesai`, `created_at`, `updated_at`) VALUES (\'7\', \'dewasa\', \'25000\', \'2024-06-01\', \'2024-06-30\', \'2024-06-12 06:06:01\', \'2024-06-12 06:06:01\')', 0)
 2 SYSTEMPATH\Database\BaseConnection.php(722): CodeIgniter\Database\MySQLi\Connection->execute('INSERT INTO `harga_tiket` (`id_wisata`, `jenis_tiket`, `harga`, `tanggal_mulai`, `tanggal_selesai`, `created_at`, `updated_at`) VALUES (\'7\', \'dewasa\', \'25000\', \'2024-06-01\', \'2024-06-30\', \'2024-06-12 06:06:01\', \'2024-06-12 06:06:01\')')
 3 SYSTEMPATH\Database\BaseConnection.php(636): CodeIgniter\Database\BaseConnection->simpleQuery('INSERT INTO `harga_tiket` (`id_wisata`, `jenis_tiket`, `harga`, `tanggal_mulai`, `tanggal_selesai`, `created_at`, `updated_at`) VALUES (\'7\', \'dewasa\', \'25000\', \'2024-06-01\', \'2024-06-30\', \'2024-06-12 06:06:01\', \'2024-06-12 06:06:01\')')
 4 SYSTEMPATH\Database\BaseBuilder.php(2325): CodeIgniter\Database\BaseConnection->query('INSERT INTO `harga_tiket` (`id_wisata`, `jenis_tiket`, `harga`, `tanggal_mulai`, `tanggal_selesai`, `created_at`, `updated_at`) VALUES (:id_wisata:, :jenis_tiket:, :harga:, :tanggal_mulai:, :tanggal_selesai:, :created_at:, :updated_at:)', [...], false)
 5 SYSTEMPATH\Model.php(383): CodeIgniter\Database\BaseBuilder->insert()
 6 SYSTEMPATH\BaseModel.php(840): CodeIgniter\Model->doInsert([...])
 7 SYSTEMPATH\Model.php(791): CodeIgniter\BaseModel->insert([...], true)
 8 APPPATH\Controllers\Harga.php(44): CodeIgniter\Model->insert([...])
 9 SYSTEMPATH\CodeIgniter.php(933): App\Controllers\Harga->store()
10 SYSTEMPATH\CodeIgniter.php(509): CodeIgniter\CodeIgniter->runController(Object(App\Controllers\Harga))
11 SYSTEMPATH\CodeIgniter.php(355): CodeIgniter\CodeIgniter->handleRequest(null, Object(Config\Cache), false)
12 SYSTEMPATH\Boot.php(312): CodeIgniter\CodeIgniter->run()
13 SYSTEMPATH\Boot.php(67): CodeIgniter\Boot::runCodeIgniter(Object(CodeIgniter\CodeIgniter))
14 FCPATH\index.php(56): CodeIgniter\Boot::bootWeb(Object(Config\Paths))
15 SYSTEMPATH\Commands\Server\rewrite.php(49): require_once('C:\\APK\\xampp-8.2\\htdocs\\SafeToTrip\\public\\index.php')
INFO - 2024-06-12 06:06:47 --> Session: Class initialized using 'CodeIgniter\Session\Handlers\FileHandler' driver.
WARNING - 2024-06-12 06:06:47 --> [DEPRECATED] Creation of dynamic property App\Controllers\Home::$session is deprecated in APPPATH\Controllers\Home.php on line 12.
 1 APPPATH\Controllers\Harga.php(14): App\Controllers\Home->__construct()
 2 SYSTEMPATH\CodeIgniter.php(903): App\Controllers\Harga->__construct()
 3 SYSTEMPATH\CodeIgniter.php(500): CodeIgniter\CodeIgniter->createController()
 4 SYSTEMPATH\CodeIgniter.php(355): CodeIgniter\CodeIgniter->handleRequest(null, Object(Config\Cache), false)
 5 SYSTEMPATH\Boot.php(312): CodeIgniter\CodeIgniter->run()
 6 SYSTEMPATH\Boot.php(67): CodeIgniter\Boot::runCodeIgniter(Object(CodeIgniter\CodeIgniter))
 7 FCPATH\index.php(56): CodeIgniter\Boot::bootWeb(Object(Config\Paths))
 8 SYSTEMPATH\Commands\Server\rewrite.php(49): require_once('C:\\APK\\xampp-8.2\\htdocs\\SafeToTrip\\public\\index.php')
WARNING - 2024-06-12 06:06:47 --> [DEPRECATED] Creation of dynamic property App\Controllers\Home::$wisata is deprecated in APPPATH\Controllers\Home.php on line 13.
 1 APPPATH\Controllers\Harga.php(14): App\Controllers\Home->__construct()
 2 SYSTEMPATH\CodeIgniter.php(903): App\Controllers\Harga->__construct()
 3 SYSTEMPATH\CodeIgniter.php(500): CodeIgniter\CodeIgniter->createController()
 4 SYSTEMPATH\CodeIgniter.php(355): CodeIgniter\CodeIgniter->handleRequest(null, Object(Config\Cache), false)
 5 SYSTEMPATH\Boot.php(312): CodeIgniter\CodeIgniter->run()
 6 SYSTEMPATH\Boot.php(67): CodeIgniter\Boot::runCodeIgniter(Object(CodeIgniter\CodeIgniter))
 7 FCPATH\index.php(56): CodeIgniter\Boot::bootWeb(Object(Config\Paths))
 8 SYSTEMPATH\Commands\Server\rewrite.php(49): require_once('C:\\APK\\xampp-8.2\\htdocs\\SafeToTrip\\public\\index.php')
WARNING - 2024-06-12 06:06:47 --> [DEPRECATED] Creation of dynamic property App\Controllers\Home::$fasilitas is deprecated in APPPATH\Controllers\Home.php on line 14.
 1 APPPATH\Controllers\Harga.php(14): App\Controllers\Home->__construct()
 2 SYSTEMPATH\CodeIgniter.php(903): App\Controllers\Harga->__construct()
 3 SYSTEMPATH\CodeIgniter.php(500): CodeIgniter\CodeIgniter->createController()
 4 SYSTEMPATH\CodeIgniter.php(355): CodeIgniter\CodeIgniter->handleRequest(null, Object(Config\Cache), false)
 5 SYSTEMPATH\Boot.php(312): CodeIgniter\CodeIgniter->run()
 6 SYSTEMPATH\Boot.php(67): CodeIgniter\Boot::runCodeIgniter(Object(CodeIgniter\CodeIgniter))
 7 FCPATH\index.php(56): CodeIgniter\Boot::bootWeb(Object(Config\Paths))
 8 SYSTEMPATH\Commands\Server\rewrite.php(49): require_once('C:\\APK\\xampp-8.2\\htdocs\\SafeToTrip\\public\\index.php')
WARNING - 2024-06-12 06:06:47 --> [DEPRECATED] Creation of dynamic property App\Controllers\Harga::$home is deprecated in APPPATH\Controllers\Harga.php on line 14.
 1 SYSTEMPATH\CodeIgniter.php(903): App\Controllers\Harga->__construct()
 2 SYSTEMPATH\CodeIgniter.php(500): CodeIgniter\CodeIgniter->createController()
 3 SYSTEMPATH\CodeIgniter.php(355): CodeIgniter\CodeIgniter->handleRequest(null, Object(Config\Cache), false)
 4 SYSTEMPATH\Boot.php(312): CodeIgniter\CodeIgniter->run()
 5 SYSTEMPATH\Boot.php(67): CodeIgniter\Boot::runCodeIgniter(Object(CodeIgniter\CodeIgniter))
 6 FCPATH\index.php(56): CodeIgniter\Boot::bootWeb(Object(Config\Paths))
 7 SYSTEMPATH\Commands\Server\rewrite.php(49): require_once('C:\\APK\\xampp-8.2\\htdocs\\SafeToTrip\\public\\index.php')
WARNING - 2024-06-12 06:06:47 --> [DEPRECATED] Creation of dynamic property App\Controllers\Harga::$wisata is deprecated in APPPATH\Controllers\Harga.php on line 15.
 1 SYSTEMPATH\CodeIgniter.php(903): App\Controllers\Harga->__construct()
 2 SYSTEMPATH\CodeIgniter.php(500): CodeIgniter\CodeIgniter->createController()
 3 SYSTEMPATH\CodeIgniter.php(355): CodeIgniter\CodeIgniter->handleRequest(null, Object(Config\Cache), false)
 4 SYSTEMPATH\Boot.php(312): CodeIgniter\CodeIgniter->run()
 5 SYSTEMPATH\Boot.php(67): CodeIgniter\Boot::runCodeIgniter(Object(CodeIgniter\CodeIgniter))
 6 FCPATH\index.php(56): CodeIgniter\Boot::bootWeb(Object(Config\Paths))
 7 SYSTEMPATH\Commands\Server\rewrite.php(49): require_once('C:\\APK\\xampp-8.2\\htdocs\\SafeToTrip\\public\\index.php')
WARNING - 2024-06-12 06:06:47 --> [DEPRECATED] Creation of dynamic property App\Controllers\Harga::$harga is deprecated in APPPATH\Controllers\Harga.php on line 16.
 1 SYSTEMPATH\CodeIgniter.php(903): App\Controllers\Harga->__construct()
 2 SYSTEMPATH\CodeIgniter.php(500): CodeIgniter\CodeIgniter->createController()
 3 SYSTEMPATH\CodeIgniter.php(355): CodeIgniter\CodeIgniter->handleRequest(null, Object(Config\Cache), false)
 4 SYSTEMPATH\Boot.php(312): CodeIgniter\CodeIgniter->run()
 5 SYSTEMPATH\Boot.php(67): CodeIgniter\Boot::runCodeIgniter(Object(CodeIgniter\CodeIgniter))
 6 FCPATH\index.php(56): CodeIgniter\Boot::bootWeb(Object(Config\Paths))
 7 SYSTEMPATH\Commands\Server\rewrite.php(49): require_once('C:\\APK\\xampp-8.2\\htdocs\\SafeToTrip\\public\\index.php')
INFO - 2024-06-12 06:06:49 --> Session: Class initialized using 'CodeIgniter\Session\Handlers\FileHandler' driver.
WARNING - 2024-06-12 06:06:49 --> [DEPRECATED] Creation of dynamic property App\Controllers\Home::$session is deprecated in APPPATH\Controllers\Home.php on line 12.
 1 APPPATH\Controllers\Harga.php(14): App\Controllers\Home->__construct()
 2 SYSTEMPATH\CodeIgniter.php(903): App\Controllers\Harga->__construct()
 3 SYSTEMPATH\CodeIgniter.php(500): CodeIgniter\CodeIgniter->createController()
 4 SYSTEMPATH\CodeIgniter.php(355): CodeIgniter\CodeIgniter->handleRequest(null, Object(Config\Cache), false)
 5 SYSTEMPATH\Boot.php(312): CodeIgniter\CodeIgniter->run()
 6 SYSTEMPATH\Boot.php(67): CodeIgniter\Boot::runCodeIgniter(Object(CodeIgniter\CodeIgniter))
 7 FCPATH\index.php(56): CodeIgniter\Boot::bootWeb(Object(Config\Paths))
 8 SYSTEMPATH\Commands\Server\rewrite.php(49): require_once('C:\\APK\\xampp-8.2\\htdocs\\SafeToTrip\\public\\index.php')
WARNING - 2024-06-12 06:06:49 --> [DEPRECATED] Creation of dynamic property App\Controllers\Home::$wisata is deprecated in APPPATH\Controllers\Home.php on line 13.
 1 APPPATH\Controllers\Harga.php(14): App\Controllers\Home->__construct()
 2 SYSTEMPATH\CodeIgniter.php(903): App\Controllers\Harga->__construct()
 3 SYSTEMPATH\CodeIgniter.php(500): CodeIgniter\CodeIgniter->createController()
 4 SYSTEMPATH\CodeIgniter.php(355): CodeIgniter\CodeIgniter->handleRequest(null, Object(Config\Cache), false)
 5 SYSTEMPATH\Boot.php(312): CodeIgniter\CodeIgniter->run()
 6 SYSTEMPATH\Boot.php(67): CodeIgniter\Boot::runCodeIgniter(Object(CodeIgniter\CodeIgniter))
 7 FCPATH\index.php(56): CodeIgniter\Boot::bootWeb(Object(Config\Paths))
 8 SYSTEMPATH\Commands\Server\rewrite.php(49): require_once('C:\\APK\\xampp-8.2\\htdocs\\SafeToTrip\\public\\index.php')
WARNING - 2024-06-12 06:06:49 --> [DEPRECATED] Creation of dynamic property App\Controllers\Home::$fasilitas is deprecated in APPPATH\Controllers\Home.php on line 14.
 1 APPPATH\Controllers\Harga.php(14): App\Controllers\Home->__construct()
 2 SYSTEMPATH\CodeIgniter.php(903): App\Controllers\Harga->__construct()
 3 SYSTEMPATH\CodeIgniter.php(500): CodeIgniter\CodeIgniter->createController()
 4 SYSTEMPATH\CodeIgniter.php(355): CodeIgniter\CodeIgniter->handleRequest(null, Object(Config\Cache), false)
 5 SYSTEMPATH\Boot.php(312): CodeIgniter\CodeIgniter->run()
 6 SYSTEMPATH\Boot.php(67): CodeIgniter\Boot::runCodeIgniter(Object(CodeIgniter\CodeIgniter))
 7 FCPATH\index.php(56): CodeIgniter\Boot::bootWeb(Object(Config\Paths))
 8 SYSTEMPATH\Commands\Server\rewrite.php(49): require_once('C:\\APK\\xampp-8.2\\htdocs\\SafeToTrip\\public\\index.php')
WARNING - 2024-06-12 06:06:49 --> [DEPRECATED] Creation of dynamic property App\Controllers\Harga::$home is deprecated in APPPATH\Controllers\Harga.php on line 14.
 1 SYSTEMPATH\CodeIgniter.php(903): App\Controllers\Harga->__construct()
 2 SYSTEMPATH\CodeIgniter.php(500): CodeIgniter\CodeIgniter->createController()
 3 SYSTEMPATH\CodeIgniter.php(355): CodeIgniter\CodeIgniter->handleRequest(null, Object(Config\Cache), false)
 4 SYSTEMPATH\Boot.php(312): CodeIgniter\CodeIgniter->run()
 5 SYSTEMPATH\Boot.php(67): CodeIgniter\Boot::runCodeIgniter(Object(CodeIgniter\CodeIgniter))
 6 FCPATH\index.php(56): CodeIgniter\Boot::bootWeb(Object(Config\Paths))
 7 SYSTEMPATH\Commands\Server\rewrite.php(49): require_once('C:\\APK\\xampp-8.2\\htdocs\\SafeToTrip\\public\\index.php')
WARNING - 2024-06-12 06:06:49 --> [DEPRECATED] Creation of dynamic property App\Controllers\Harga::$wisata is deprecated in APPPATH\Controllers\Harga.php on line 15.
 1 SYSTEMPATH\CodeIgniter.php(903): App\Controllers\Harga->__construct()
 2 SYSTEMPATH\CodeIgniter.php(500): CodeIgniter\CodeIgniter->createController()
 3 SYSTEMPATH\CodeIgniter.php(355): CodeIgniter\CodeIgniter->handleRequest(null, Object(Config\Cache), false)
 4 SYSTEMPATH\Boot.php(312): CodeIgniter\CodeIgniter->run()
 5 SYSTEMPATH\Boot.php(67): CodeIgniter\Boot::runCodeIgniter(Object(CodeIgniter\CodeIgniter))
 6 FCPATH\index.php(56): CodeIgniter\Boot::bootWeb(Object(Config\Paths))
 7 SYSTEMPATH\Commands\Server\rewrite.php(49): require_once('C:\\APK\\xampp-8.2\\htdocs\\SafeToTrip\\public\\index.php')
WARNING - 2024-06-12 06:06:49 --> [DEPRECATED] Creation of dynamic property App\Controllers\Harga::$harga is deprecated in APPPATH\Controllers\Harga.php on line 16.
 1 SYSTEMPATH\CodeIgniter.php(903): App\Controllers\Harga->__construct()
 2 SYSTEMPATH\CodeIgniter.php(500): CodeIgniter\CodeIgniter->createController()
 3 SYSTEMPATH\CodeIgniter.php(355): CodeIgniter\CodeIgniter->handleRequest(null, Object(Config\Cache), false)
 4 SYSTEMPATH\Boot.php(312): CodeIgniter\CodeIgniter->run()
 5 SYSTEMPATH\Boot.php(67): CodeIgniter\Boot::runCodeIgniter(Object(CodeIgniter\CodeIgniter))
 6 FCPATH\index.php(56): CodeIgniter\Boot::bootWeb(Object(Config\Paths))
 7 SYSTEMPATH\Commands\Server\rewrite.php(49): require_once('C:\\APK\\xampp-8.2\\htdocs\\SafeToTrip\\public\\index.php')
INFO - 2024-06-12 06:07:01 --> Session: Class initialized using 'CodeIgniter\Session\Handlers\FileHandler' driver.
WARNING - 2024-06-12 06:07:01 --> [DEPRECATED] Creation of dynamic property App\Controllers\Home::$session is deprecated in APPPATH\Controllers\Home.php on line 12.
 1 APPPATH\Controllers\Harga.php(14): App\Controllers\Home->__construct()
 2 SYSTEMPATH\CodeIgniter.php(903): App\Controllers\Harga->__construct()
 3 SYSTEMPATH\CodeIgniter.php(500): CodeIgniter\CodeIgniter->createController()
 4 SYSTEMPATH\CodeIgniter.php(355): CodeIgniter\CodeIgniter->handleRequest(null, Object(Config\Cache), false)
 5 SYSTEMPATH\Boot.php(312): CodeIgniter\CodeIgniter->run()
 6 SYSTEMPATH\Boot.php(67): CodeIgniter\Boot::runCodeIgniter(Object(CodeIgniter\CodeIgniter))
 7 FCPATH\index.php(56): CodeIgniter\Boot::bootWeb(Object(Config\Paths))
 8 SYSTEMPATH\Commands\Server\rewrite.php(49): require_once('C:\\APK\\xampp-8.2\\htdocs\\SafeToTrip\\public\\index.php')
WARNING - 2024-06-12 06:07:01 --> [DEPRECATED] Creation of dynamic property App\Controllers\Home::$wisata is deprecated in APPPATH\Controllers\Home.php on line 13.
 1 APPPATH\Controllers\Harga.php(14): App\Controllers\Home->__construct()
 2 SYSTEMPATH\CodeIgniter.php(903): App\Controllers\Harga->__construct()
 3 SYSTEMPATH\CodeIgniter.php(500): CodeIgniter\CodeIgniter->createController()
 4 SYSTEMPATH\CodeIgniter.php(355): CodeIgniter\CodeIgniter->handleRequest(null, Object(Config\Cache), false)
 5 SYSTEMPATH\Boot.php(312): CodeIgniter\CodeIgniter->run()
 6 SYSTEMPATH\Boot.php(67): CodeIgniter\Boot::runCodeIgniter(Object(CodeIgniter\CodeIgniter))
 7 FCPATH\index.php(56): CodeIgniter\Boot::bootWeb(Object(Config\Paths))
 8 SYSTEMPATH\Commands\Server\rewrite.php(49): require_once('C:\\APK\\xampp-8.2\\htdocs\\SafeToTrip\\public\\index.php')
WARNING - 2024-06-12 06:07:01 --> [DEPRECATED] Creation of dynamic property App\Controllers\Home::$fasilitas is deprecated in APPPATH\Controllers\Home.php on line 14.
 1 APPPATH\Controllers\Harga.php(14): App\Controllers\Home->__construct()
 2 SYSTEMPATH\CodeIgniter.php(903): App\Controllers\Harga->__construct()
 3 SYSTEMPATH\CodeIgniter.php(500): CodeIgniter\CodeIgniter->createController()
 4 SYSTEMPATH\CodeIgniter.php(355): CodeIgniter\CodeIgniter->handleRequest(null, Object(Config\Cache), false)
 5 SYSTEMPATH\Boot.php(312): CodeIgniter\CodeIgniter->run()
 6 SYSTEMPATH\Boot.php(67): CodeIgniter\Boot::runCodeIgniter(Object(CodeIgniter\CodeIgniter))
 7 FCPATH\index.php(56): CodeIgniter\Boot::bootWeb(Object(Config\Paths))
 8 SYSTEMPATH\Commands\Server\rewrite.php(49): require_once('C:\\APK\\xampp-8.2\\htdocs\\SafeToTrip\\public\\index.php')
WARNING - 2024-06-12 06:07:01 --> [DEPRECATED] Creation of dynamic property App\Controllers\Harga::$home is deprecated in APPPATH\Controllers\Harga.php on line 14.
 1 SYSTEMPATH\CodeIgniter.php(903): App\Controllers\Harga->__construct()
 2 SYSTEMPATH\CodeIgniter.php(500): CodeIgniter\CodeIgniter->createController()
 3 SYSTEMPATH\CodeIgniter.php(355): CodeIgniter\CodeIgniter->handleRequest(null, Object(Config\Cache), false)
 4 SYSTEMPATH\Boot.php(312): CodeIgniter\CodeIgniter->run()
 5 SYSTEMPATH\Boot.php(67): CodeIgniter\Boot::runCodeIgniter(Object(CodeIgniter\CodeIgniter))
 6 FCPATH\index.php(56): CodeIgniter\Boot::bootWeb(Object(Config\Paths))
 7 SYSTEMPATH\Commands\Server\rewrite.php(49): require_once('C:\\APK\\xampp-8.2\\htdocs\\SafeToTrip\\public\\index.php')
WARNING - 2024-06-12 06:07:01 --> [DEPRECATED] Creation of dynamic property App\Controllers\Harga::$wisata is deprecated in APPPATH\Controllers\Harga.php on line 15.
 1 SYSTEMPATH\CodeIgniter.php(903): App\Controllers\Harga->__construct()
 2 SYSTEMPATH\CodeIgniter.php(500): CodeIgniter\CodeIgniter->createController()
 3 SYSTEMPATH\CodeIgniter.php(355): CodeIgniter\CodeIgniter->handleRequest(null, Object(Config\Cache), false)
 4 SYSTEMPATH\Boot.php(312): CodeIgniter\CodeIgniter->run()
 5 SYSTEMPATH\Boot.php(67): CodeIgniter\Boot::runCodeIgniter(Object(CodeIgniter\CodeIgniter))
 6 FCPATH\index.php(56): CodeIgniter\Boot::bootWeb(Object(Config\Paths))
 7 SYSTEMPATH\Commands\Server\rewrite.php(49): require_once('C:\\APK\\xampp-8.2\\htdocs\\SafeToTrip\\public\\index.php')
WARNING - 2024-06-12 06:07:01 --> [DEPRECATED] Creation of dynamic property App\Controllers\Harga::$harga is deprecated in APPPATH\Controllers\Harga.php on line 16.
 1 SYSTEMPATH\CodeIgniter.php(903): App\Controllers\Harga->__construct()
 2 SYSTEMPATH\CodeIgniter.php(500): CodeIgniter\CodeIgniter->createController()
 3 SYSTEMPATH\CodeIgniter.php(355): CodeIgniter\CodeIgniter->handleRequest(null, Object(Config\Cache), false)
 4 SYSTEMPATH\Boot.php(312): CodeIgniter\CodeIgniter->run()
 5 SYSTEMPATH\Boot.php(67): CodeIgniter\Boot::runCodeIgniter(Object(CodeIgniter\CodeIgniter))
 6 FCPATH\index.php(56): CodeIgniter\Boot::bootWeb(Object(Config\Paths))
 7 SYSTEMPATH\Commands\Server\rewrite.php(49): require_once('C:\\APK\\xampp-8.2\\htdocs\\SafeToTrip\\public\\index.php')
INFO - 2024-06-12 06:07:01 --> Session: Class initialized using 'CodeIgniter\Session\Handlers\FileHandler' driver.
WARNING - 2024-06-12 06:07:01 --> [DEPRECATED] Creation of dynamic property App\Controllers\Home::$session is deprecated in APPPATH\Controllers\Home.php on line 12.
 1 APPPATH\Controllers\Harga.php(14): App\Controllers\Home->__construct()
 2 SYSTEMPATH\CodeIgniter.php(903): App\Controllers\Harga->__construct()
 3 SYSTEMPATH\CodeIgniter.php(500): CodeIgniter\CodeIgniter->createController()
 4 SYSTEMPATH\CodeIgniter.php(355): CodeIgniter\CodeIgniter->handleRequest(null, Object(Config\Cache), false)
 5 SYSTEMPATH\Boot.php(312): CodeIgniter\CodeIgniter->run()
 6 SYSTEMPATH\Boot.php(67): CodeIgniter\Boot::runCodeIgniter(Object(CodeIgniter\CodeIgniter))
 7 FCPATH\index.php(56): CodeIgniter\Boot::bootWeb(Object(Config\Paths))
 8 SYSTEMPATH\Commands\Server\rewrite.php(49): require_once('C:\\APK\\xampp-8.2\\htdocs\\SafeToTrip\\public\\index.php')
WARNING - 2024-06-12 06:07:01 --> [DEPRECATED] Creation of dynamic property App\Controllers\Home::$wisata is deprecated in APPPATH\Controllers\Home.php on line 13.
 1 APPPATH\Controllers\Harga.php(14): App\Controllers\Home->__construct()
 2 SYSTEMPATH\CodeIgniter.php(903): App\Controllers\Harga->__construct()
 3 SYSTEMPATH\CodeIgniter.php(500): CodeIgniter\CodeIgniter->createController()
 4 SYSTEMPATH\CodeIgniter.php(355): CodeIgniter\CodeIgniter->handleRequest(null, Object(Config\Cache), false)
 5 SYSTEMPATH\Boot.php(312): CodeIgniter\CodeIgniter->run()
 6 SYSTEMPATH\Boot.php(67): CodeIgniter\Boot::runCodeIgniter(Object(CodeIgniter\CodeIgniter))
 7 FCPATH\index.php(56): CodeIgniter\Boot::bootWeb(Object(Config\Paths))
 8 SYSTEMPATH\Commands\Server\rewrite.php(49): require_once('C:\\APK\\xampp-8.2\\htdocs\\SafeToTrip\\public\\index.php')
WARNING - 2024-06-12 06:07:01 --> [DEPRECATED] Creation of dynamic property App\Controllers\Home::$fasilitas is deprecated in APPPATH\Controllers\Home.php on line 14.
 1 APPPATH\Controllers\Harga.php(14): App\Controllers\Home->__construct()
 2 SYSTEMPATH\CodeIgniter.php(903): App\Controllers\Harga->__construct()
 3 SYSTEMPATH\CodeIgniter.php(500): CodeIgniter\CodeIgniter->createController()
 4 SYSTEMPATH\CodeIgniter.php(355): CodeIgniter\CodeIgniter->handleRequest(null, Object(Config\Cache), false)
 5 SYSTEMPATH\Boot.php(312): CodeIgniter\CodeIgniter->run()
 6 SYSTEMPATH\Boot.php(67): CodeIgniter\Boot::runCodeIgniter(Object(CodeIgniter\CodeIgniter))
 7 FCPATH\index.php(56): CodeIgniter\Boot::bootWeb(Object(Config\Paths))
 8 SYSTEMPATH\Commands\Server\rewrite.php(49): require_once('C:\\APK\\xampp-8.2\\htdocs\\SafeToTrip\\public\\index.php')
WARNING - 2024-06-12 06:07:01 --> [DEPRECATED] Creation of dynamic property App\Controllers\Harga::$home is deprecated in APPPATH\Controllers\Harga.php on line 14.
 1 SYSTEMPATH\CodeIgniter.php(903): App\Controllers\Harga->__construct()
 2 SYSTEMPATH\CodeIgniter.php(500): CodeIgniter\CodeIgniter->createController()
 3 SYSTEMPATH\CodeIgniter.php(355): CodeIgniter\CodeIgniter->handleRequest(null, Object(Config\Cache), false)
 4 SYSTEMPATH\Boot.php(312): CodeIgniter\CodeIgniter->run()
 5 SYSTEMPATH\Boot.php(67): CodeIgniter\Boot::runCodeIgniter(Object(CodeIgniter\CodeIgniter))
 6 FCPATH\index.php(56): CodeIgniter\Boot::bootWeb(Object(Config\Paths))
 7 SYSTEMPATH\Commands\Server\rewrite.php(49): require_once('C:\\APK\\xampp-8.2\\htdocs\\SafeToTrip\\public\\index.php')
WARNING - 2024-06-12 06:07:01 --> [DEPRECATED] Creation of dynamic property App\Controllers\Harga::$wisata is deprecated in APPPATH\Controllers\Harga.php on line 15.
 1 SYSTEMPATH\CodeIgniter.php(903): App\Controllers\Harga->__construct()
 2 SYSTEMPATH\CodeIgniter.php(500): CodeIgniter\CodeIgniter->createController()
 3 SYSTEMPATH\CodeIgniter.php(355): CodeIgniter\CodeIgniter->handleRequest(null, Object(Config\Cache), false)
 4 SYSTEMPATH\Boot.php(312): CodeIgniter\CodeIgniter->run()
 5 SYSTEMPATH\Boot.php(67): CodeIgniter\Boot::runCodeIgniter(Object(CodeIgniter\CodeIgniter))
 6 FCPATH\index.php(56): CodeIgniter\Boot::bootWeb(Object(Config\Paths))
 7 SYSTEMPATH\Commands\Server\rewrite.php(49): require_once('C:\\APK\\xampp-8.2\\htdocs\\SafeToTrip\\public\\index.php')
WARNING - 2024-06-12 06:07:01 --> [DEPRECATED] Creation of dynamic property App\Controllers\Harga::$harga is deprecated in APPPATH\Controllers\Harga.php on line 16.
 1 SYSTEMPATH\CodeIgniter.php(903): App\Controllers\Harga->__construct()
 2 SYSTEMPATH\CodeIgniter.php(500): CodeIgniter\CodeIgniter->createController()
 3 SYSTEMPATH\CodeIgniter.php(355): CodeIgniter\CodeIgniter->handleRequest(null, Object(Config\Cache), false)
 4 SYSTEMPATH\Boot.php(312): CodeIgniter\CodeIgniter->run()
 5 SYSTEMPATH\Boot.php(67): CodeIgniter\Boot::runCodeIgniter(Object(CodeIgniter\CodeIgniter))
 6 FCPATH\index.php(56): CodeIgniter\Boot::bootWeb(Object(Config\Paths))
 7 SYSTEMPATH\Commands\Server\rewrite.php(49): require_once('C:\\APK\\xampp-8.2\\htdocs\\SafeToTrip\\public\\index.php')
INFO - 2024-06-12 06:08:59 --> Session: Class initialized using 'CodeIgniter\Session\Handlers\FileHandler' driver.
WARNING - 2024-06-12 06:08:59 --> [DEPRECATED] Creation of dynamic property App\Controllers\Login::$session is deprecated in APPPATH\Controllers\Login.php on line 13.
 1 SYSTEMPATH\CodeIgniter.php(903): App\Controllers\Login->__construct()
 2 SYSTEMPATH\CodeIgniter.php(500): CodeIgniter\CodeIgniter->createController()
 3 SYSTEMPATH\CodeIgniter.php(355): CodeIgniter\CodeIgniter->handleRequest(null, Object(Config\Cache), false)
 4 SYSTEMPATH\Boot.php(312): CodeIgniter\CodeIgniter->run()
 5 SYSTEMPATH\Boot.php(67): CodeIgniter\Boot::runCodeIgniter(Object(CodeIgniter\CodeIgniter))
 6 FCPATH\index.php(56): CodeIgniter\Boot::bootWeb(Object(Config\Paths))
 7 SYSTEMPATH\Commands\Server\rewrite.php(49): require_once('C:\\APK\\xampp-8.2\\htdocs\\SafeToTrip\\public\\index.php')
WARNING - 2024-06-12 06:08:59 --> [DEPRECATED] Creation of dynamic property App\Controllers\Login::$wisata is deprecated in APPPATH\Controllers\Login.php on line 14.
 1 SYSTEMPATH\CodeIgniter.php(903): App\Controllers\Login->__construct()
 2 SYSTEMPATH\CodeIgniter.php(500): CodeIgniter\CodeIgniter->createController()
 3 SYSTEMPATH\CodeIgniter.php(355): CodeIgniter\CodeIgniter->handleRequest(null, Object(Config\Cache), false)
 4 SYSTEMPATH\Boot.php(312): CodeIgniter\CodeIgniter->run()
 5 SYSTEMPATH\Boot.php(67): CodeIgniter\Boot::runCodeIgniter(Object(CodeIgniter\CodeIgniter))
 6 FCPATH\index.php(56): CodeIgniter\Boot::bootWeb(Object(Config\Paths))
 7 SYSTEMPATH\Commands\Server\rewrite.php(49): require_once('C:\\APK\\xampp-8.2\\htdocs\\SafeToTrip\\public\\index.php')
INFO - 2024-06-12 06:08:59 --> Session: Class initialized using 'CodeIgniter\Session\Handlers\FileHandler' driver.
WARNING - 2024-06-12 06:08:59 --> [DEPRECATED] Creation of dynamic property App\Controllers\Login::$session is deprecated in APPPATH\Controllers\Login.php on line 13.
 1 SYSTEMPATH\CodeIgniter.php(903): App\Controllers\Login->__construct()
 2 SYSTEMPATH\CodeIgniter.php(500): CodeIgniter\CodeIgniter->createController()
 3 SYSTEMPATH\CodeIgniter.php(355): CodeIgniter\CodeIgniter->handleRequest(null, Object(Config\Cache), false)
 4 SYSTEMPATH\Boot.php(312): CodeIgniter\CodeIgniter->run()
 5 SYSTEMPATH\Boot.php(67): CodeIgniter\Boot::runCodeIgniter(Object(CodeIgniter\CodeIgniter))
 6 FCPATH\index.php(56): CodeIgniter\Boot::bootWeb(Object(Config\Paths))
 7 SYSTEMPATH\Commands\Server\rewrite.php(49): require_once('C:\\APK\\xampp-8.2\\htdocs\\SafeToTrip\\public\\index.php')
WARNING - 2024-06-12 06:08:59 --> [DEPRECATED] Creation of dynamic property App\Controllers\Login::$wisata is deprecated in APPPATH\Controllers\Login.php on line 14.
 1 SYSTEMPATH\CodeIgniter.php(903): App\Controllers\Login->__construct()
 2 SYSTEMPATH\CodeIgniter.php(500): CodeIgniter\CodeIgniter->createController()
 3 SYSTEMPATH\CodeIgniter.php(355): CodeIgniter\CodeIgniter->handleRequest(null, Object(Config\Cache), false)
 4 SYSTEMPATH\Boot.php(312): CodeIgniter\CodeIgniter->run()
 5 SYSTEMPATH\Boot.php(67): CodeIgniter\Boot::runCodeIgniter(Object(CodeIgniter\CodeIgniter))
 6 FCPATH\index.php(56): CodeIgniter\Boot::bootWeb(Object(Config\Paths))
 7 SYSTEMPATH\Commands\Server\rewrite.php(49): require_once('C:\\APK\\xampp-8.2\\htdocs\\SafeToTrip\\public\\index.php')
INFO - 2024-06-12 06:09:07 --> Session: Class initialized using 'CodeIgniter\Session\Handlers\FileHandler' driver.
WARNING - 2024-06-12 06:09:07 --> [DEPRECATED] Creation of dynamic property App\Controllers\Login::$session is deprecated in APPPATH\Controllers\Login.php on line 13.
 1 SYSTEMPATH\CodeIgniter.php(903): App\Controllers\Login->__construct()
 2 SYSTEMPATH\CodeIgniter.php(500): CodeIgniter\CodeIgniter->createController()
 3 SYSTEMPATH\CodeIgniter.php(355): CodeIgniter\CodeIgniter->handleRequest(null, Object(Config\Cache), false)
 4 SYSTEMPATH\Boot.php(312): CodeIgniter\CodeIgniter->run()
 5 SYSTEMPATH\Boot.php(67): CodeIgniter\Boot::runCodeIgniter(Object(CodeIgniter\CodeIgniter))
 6 FCPATH\index.php(56): CodeIgniter\Boot::bootWeb(Object(Config\Paths))
 7 SYSTEMPATH\Commands\Server\rewrite.php(49): require_once('C:\\APK\\xampp-8.2\\htdocs\\SafeToTrip\\public\\index.php')
WARNING - 2024-06-12 06:09:07 --> [DEPRECATED] Creation of dynamic property App\Controllers\Login::$wisata is deprecated in APPPATH\Controllers\Login.php on line 14.
 1 SYSTEMPATH\CodeIgniter.php(903): App\Controllers\Login->__construct()
 2 SYSTEMPATH\CodeIgniter.php(500): CodeIgniter\CodeIgniter->createController()
 3 SYSTEMPATH\CodeIgniter.php(355): CodeIgniter\CodeIgniter->handleRequest(null, Object(Config\Cache), false)
 4 SYSTEMPATH\Boot.php(312): CodeIgniter\CodeIgniter->run()
 5 SYSTEMPATH\Boot.php(67): CodeIgniter\Boot::runCodeIgniter(Object(CodeIgniter\CodeIgniter))
 6 FCPATH\index.php(56): CodeIgniter\Boot::bootWeb(Object(Config\Paths))
 7 SYSTEMPATH\Commands\Server\rewrite.php(49): require_once('C:\\APK\\xampp-8.2\\htdocs\\SafeToTrip\\public\\index.php')
INFO - 2024-06-12 06:09:07 --> Session: Class initialized using 'CodeIgniter\Session\Handlers\FileHandler' driver.
WARNING - 2024-06-12 06:09:07 --> [DEPRECATED] Creation of dynamic property App\Controllers\Home::$session is deprecated in APPPATH\Controllers\Home.php on line 12.
 1 SYSTEMPATH\CodeIgniter.php(903): App\Controllers\Home->__construct()
 2 SYSTEMPATH\CodeIgniter.php(500): CodeIgniter\CodeIgniter->createController()
 3 SYSTEMPATH\CodeIgniter.php(355): CodeIgniter\CodeIgniter->handleRequest(null, Object(Config\Cache), false)
 4 SYSTEMPATH\Boot.php(312): CodeIgniter\CodeIgniter->run()
 5 SYSTEMPATH\Boot.php(67): CodeIgniter\Boot::runCodeIgniter(Object(CodeIgniter\CodeIgniter))
 6 FCPATH\index.php(56): CodeIgniter\Boot::bootWeb(Object(Config\Paths))
 7 SYSTEMPATH\Commands\Server\rewrite.php(49): require_once('C:\\APK\\xampp-8.2\\htdocs\\SafeToTrip\\public\\index.php')
WARNING - 2024-06-12 06:09:07 --> [DEPRECATED] Creation of dynamic property App\Controllers\Home::$wisata is deprecated in APPPATH\Controllers\Home.php on line 13.
 1 SYSTEMPATH\CodeIgniter.php(903): App\Controllers\Home->__construct()
 2 SYSTEMPATH\CodeIgniter.php(500): CodeIgniter\CodeIgniter->createController()
 3 SYSTEMPATH\CodeIgniter.php(355): CodeIgniter\CodeIgniter->handleRequest(null, Object(Config\Cache), false)
 4 SYSTEMPATH\Boot.php(312): CodeIgniter\CodeIgniter->run()
 5 SYSTEMPATH\Boot.php(67): CodeIgniter\Boot::runCodeIgniter(Object(CodeIgniter\CodeIgniter))
 6 FCPATH\index.php(56): CodeIgniter\Boot::bootWeb(Object(Config\Paths))
 7 SYSTEMPATH\Commands\Server\rewrite.php(49): require_once('C:\\APK\\xampp-8.2\\htdocs\\SafeToTrip\\public\\index.php')
WARNING - 2024-06-12 06:09:07 --> [DEPRECATED] Creation of dynamic property App\Controllers\Home::$fasilitas is deprecated in APPPATH\Controllers\Home.php on line 14.
 1 SYSTEMPATH\CodeIgniter.php(903): App\Controllers\Home->__construct()
 2 SYSTEMPATH\CodeIgniter.php(500): CodeIgniter\CodeIgniter->createController()
 3 SYSTEMPATH\CodeIgniter.php(355): CodeIgniter\CodeIgniter->handleRequest(null, Object(Config\Cache), false)
 4 SYSTEMPATH\Boot.php(312): CodeIgniter\CodeIgniter->run()
 5 SYSTEMPATH\Boot.php(67): CodeIgniter\Boot::runCodeIgniter(Object(CodeIgniter\CodeIgniter))
 6 FCPATH\index.php(56): CodeIgniter\Boot::bootWeb(Object(Config\Paths))
 7 SYSTEMPATH\Commands\Server\rewrite.php(49): require_once('C:\\APK\\xampp-8.2\\htdocs\\SafeToTrip\\public\\index.php')
INFO - 2024-06-12 06:11:02 --> Session: Class initialized using 'CodeIgniter\Session\Handlers\FileHandler' driver.
WARNING - 2024-06-12 06:11:02 --> [DEPRECATED] Creation of dynamic property App\Controllers\Login::$session is deprecated in APPPATH\Controllers\Login.php on line 13.
 1 SYSTEMPATH\CodeIgniter.php(903): App\Controllers\Login->__construct()
 2 SYSTEMPATH\CodeIgniter.php(500): CodeIgniter\CodeIgniter->createController()
 3 SYSTEMPATH\CodeIgniter.php(355): CodeIgniter\CodeIgniter->handleRequest(null, Object(Config\Cache), false)
 4 SYSTEMPATH\Boot.php(312): CodeIgniter\CodeIgniter->run()
 5 SYSTEMPATH\Boot.php(67): CodeIgniter\Boot::runCodeIgniter(Object(CodeIgniter\CodeIgniter))
 6 FCPATH\index.php(56): CodeIgniter\Boot::bootWeb(Object(Config\Paths))
 7 SYSTEMPATH\Commands\Server\rewrite.php(49): require_once('C:\\APK\\xampp-8.2\\htdocs\\SafeToTrip\\public\\index.php')
WARNING - 2024-06-12 06:11:02 --> [DEPRECATED] Creation of dynamic property App\Controllers\Login::$wisata is deprecated in APPPATH\Controllers\Login.php on line 14.
 1 SYSTEMPATH\CodeIgniter.php(903): App\Controllers\Login->__construct()
 2 SYSTEMPATH\CodeIgniter.php(500): CodeIgniter\CodeIgniter->createController()
 3 SYSTEMPATH\CodeIgniter.php(355): CodeIgniter\CodeIgniter->handleRequest(null, Object(Config\Cache), false)
 4 SYSTEMPATH\Boot.php(312): CodeIgniter\CodeIgniter->run()
 5 SYSTEMPATH\Boot.php(67): CodeIgniter\Boot::runCodeIgniter(Object(CodeIgniter\CodeIgniter))
 6 FCPATH\index.php(56): CodeIgniter\Boot::bootWeb(Object(Config\Paths))
 7 SYSTEMPATH\Commands\Server\rewrite.php(49): require_once('C:\\APK\\xampp-8.2\\htdocs\\SafeToTrip\\public\\index.php')
INFO - 2024-06-12 06:11:02 --> Session: Class initialized using 'CodeIgniter\Session\Handlers\FileHandler' driver.
WARNING - 2024-06-12 06:11:02 --> [DEPRECATED] Creation of dynamic property App\Controllers\Login::$session is deprecated in APPPATH\Controllers\Login.php on line 13.
 1 SYSTEMPATH\CodeIgniter.php(903): App\Controllers\Login->__construct()
 2 SYSTEMPATH\CodeIgniter.php(500): CodeIgniter\CodeIgniter->createController()
 3 SYSTEMPATH\CodeIgniter.php(355): CodeIgniter\CodeIgniter->handleRequest(null, Object(Config\Cache), false)
 4 SYSTEMPATH\Boot.php(312): CodeIgniter\CodeIgniter->run()
 5 SYSTEMPATH\Boot.php(67): CodeIgniter\Boot::runCodeIgniter(Object(CodeIgniter\CodeIgniter))
 6 FCPATH\index.php(56): CodeIgniter\Boot::bootWeb(Object(Config\Paths))
 7 SYSTEMPATH\Commands\Server\rewrite.php(49): require_once('C:\\APK\\xampp-8.2\\htdocs\\SafeToTrip\\public\\index.php')
WARNING - 2024-06-12 06:11:02 --> [DEPRECATED] Creation of dynamic property App\Controllers\Login::$wisata is deprecated in APPPATH\Controllers\Login.php on line 14.
 1 SYSTEMPATH\CodeIgniter.php(903): App\Controllers\Login->__construct()
 2 SYSTEMPATH\CodeIgniter.php(500): CodeIgniter\CodeIgniter->createController()
 3 SYSTEMPATH\CodeIgniter.php(355): CodeIgniter\CodeIgniter->handleRequest(null, Object(Config\Cache), false)
 4 SYSTEMPATH\Boot.php(312): CodeIgniter\CodeIgniter->run()
 5 SYSTEMPATH\Boot.php(67): CodeIgniter\Boot::runCodeIgniter(Object(CodeIgniter\CodeIgniter))
 6 FCPATH\index.php(56): CodeIgniter\Boot::bootWeb(Object(Config\Paths))
 7 SYSTEMPATH\Commands\Server\rewrite.php(49): require_once('C:\\APK\\xampp-8.2\\htdocs\\SafeToTrip\\public\\index.php')
INFO - 2024-06-12 06:11:07 --> Session: Class initialized using 'CodeIgniter\Session\Handlers\FileHandler' driver.
WARNING - 2024-06-12 06:11:07 --> [DEPRECATED] Creation of dynamic property App\Controllers\Login::$session is deprecated in APPPATH\Controllers\Login.php on line 13.
 1 SYSTEMPATH\CodeIgniter.php(903): App\Controllers\Login->__construct()
 2 SYSTEMPATH\CodeIgniter.php(500): CodeIgniter\CodeIgniter->createController()
 3 SYSTEMPATH\CodeIgniter.php(355): CodeIgniter\CodeIgniter->handleRequest(null, Object(Config\Cache), false)
 4 SYSTEMPATH\Boot.php(312): CodeIgniter\CodeIgniter->run()
 5 SYSTEMPATH\Boot.php(67): CodeIgniter\Boot::runCodeIgniter(Object(CodeIgniter\CodeIgniter))
 6 FCPATH\index.php(56): CodeIgniter\Boot::bootWeb(Object(Config\Paths))
 7 SYSTEMPATH\Commands\Server\rewrite.php(49): require_once('C:\\APK\\xampp-8.2\\htdocs\\SafeToTrip\\public\\index.php')
WARNING - 2024-06-12 06:11:07 --> [DEPRECATED] Creation of dynamic property App\Controllers\Login::$wisata is deprecated in APPPATH\Controllers\Login.php on line 14.
 1 SYSTEMPATH\CodeIgniter.php(903): App\Controllers\Login->__construct()
 2 SYSTEMPATH\CodeIgniter.php(500): CodeIgniter\CodeIgniter->createController()
 3 SYSTEMPATH\CodeIgniter.php(355): CodeIgniter\CodeIgniter->handleRequest(null, Object(Config\Cache), false)
 4 SYSTEMPATH\Boot.php(312): CodeIgniter\CodeIgniter->run()
 5 SYSTEMPATH\Boot.php(67): CodeIgniter\Boot::runCodeIgniter(Object(CodeIgniter\CodeIgniter))
 6 FCPATH\index.php(56): CodeIgniter\Boot::bootWeb(Object(Config\Paths))
 7 SYSTEMPATH\Commands\Server\rewrite.php(49): require_once('C:\\APK\\xampp-8.2\\htdocs\\SafeToTrip\\public\\index.php')
INFO - 2024-06-12 06:11:58 --> Session: Class initialized using 'CodeIgniter\Session\Handlers\FileHandler' driver.
WARNING - 2024-06-12 06:11:58 --> [DEPRECATED] Creation of dynamic property App\Controllers\Login::$session is deprecated in APPPATH\Controllers\Login.php on line 13.
 1 SYSTEMPATH\CodeIgniter.php(903): App\Controllers\Login->__construct()
 2 SYSTEMPATH\CodeIgniter.php(500): CodeIgniter\CodeIgniter->createController()
 3 SYSTEMPATH\CodeIgniter.php(355): CodeIgniter\CodeIgniter->handleRequest(null, Object(Config\Cache), false)
 4 SYSTEMPATH\Boot.php(312): CodeIgniter\CodeIgniter->run()
 5 SYSTEMPATH\Boot.php(67): CodeIgniter\Boot::runCodeIgniter(Object(CodeIgniter\CodeIgniter))
 6 FCPATH\index.php(56): CodeIgniter\Boot::bootWeb(Object(Config\Paths))
 7 SYSTEMPATH\Commands\Server\rewrite.php(49): require_once('C:\\APK\\xampp-8.2\\htdocs\\SafeToTrip\\public\\index.php')
WARNING - 2024-06-12 06:11:58 --> [DEPRECATED] Creation of dynamic property App\Controllers\Login::$wisata is deprecated in APPPATH\Controllers\Login.php on line 14.
 1 SYSTEMPATH\CodeIgniter.php(903): App\Controllers\Login->__construct()
 2 SYSTEMPATH\CodeIgniter.php(500): CodeIgniter\CodeIgniter->createController()
 3 SYSTEMPATH\CodeIgniter.php(355): CodeIgniter\CodeIgniter->handleRequest(null, Object(Config\Cache), false)
 4 SYSTEMPATH\Boot.php(312): CodeIgniter\CodeIgniter->run()
 5 SYSTEMPATH\Boot.php(67): CodeIgniter\Boot::runCodeIgniter(Object(CodeIgniter\CodeIgniter))
 6 FCPATH\index.php(56): CodeIgniter\Boot::bootWeb(Object(Config\Paths))
 7 SYSTEMPATH\Commands\Server\rewrite.php(49): require_once('C:\\APK\\xampp-8.2\\htdocs\\SafeToTrip\\public\\index.php')
INFO - 2024-06-12 06:11:58 --> Session: Class initialized using 'CodeIgniter\Session\Handlers\FileHandler' driver.
WARNING - 2024-06-12 06:11:58 --> [DEPRECATED] Creation of dynamic property App\Controllers\Login::$session is deprecated in APPPATH\Controllers\Login.php on line 13.
 1 SYSTEMPATH\CodeIgniter.php(903): App\Controllers\Login->__construct()
 2 SYSTEMPATH\CodeIgniter.php(500): CodeIgniter\CodeIgniter->createController()
 3 SYSTEMPATH\CodeIgniter.php(355): CodeIgniter\CodeIgniter->handleRequest(null, Object(Config\Cache), false)
 4 SYSTEMPATH\Boot.php(312): CodeIgniter\CodeIgniter->run()
 5 SYSTEMPATH\Boot.php(67): CodeIgniter\Boot::runCodeIgniter(Object(CodeIgniter\CodeIgniter))
 6 FCPATH\index.php(56): CodeIgniter\Boot::bootWeb(Object(Config\Paths))
 7 SYSTEMPATH\Commands\Server\rewrite.php(49): require_once('C:\\APK\\xampp-8.2\\htdocs\\SafeToTrip\\public\\index.php')
WARNING - 2024-06-12 06:11:58 --> [DEPRECATED] Creation of dynamic property App\Controllers\Login::$wisata is deprecated in APPPATH\Controllers\Login.php on line 14.
 1 SYSTEMPATH\CodeIgniter.php(903): App\Controllers\Login->__construct()
 2 SYSTEMPATH\CodeIgniter.php(500): CodeIgniter\CodeIgniter->createController()
 3 SYSTEMPATH\CodeIgniter.php(355): CodeIgniter\CodeIgniter->handleRequest(null, Object(Config\Cache), false)
 4 SYSTEMPATH\Boot.php(312): CodeIgniter\CodeIgniter->run()
 5 SYSTEMPATH\Boot.php(67): CodeIgniter\Boot::runCodeIgniter(Object(CodeIgniter\CodeIgniter))
 6 FCPATH\index.php(56): CodeIgniter\Boot::bootWeb(Object(Config\Paths))
 7 SYSTEMPATH\Commands\Server\rewrite.php(49): require_once('C:\\APK\\xampp-8.2\\htdocs\\SafeToTrip\\public\\index.php')
INFO - 2024-06-12 06:12:05 --> Session: Class initialized using 'CodeIgniter\Session\Handlers\FileHandler' driver.
WARNING - 2024-06-12 06:12:05 --> [DEPRECATED] Creation of dynamic property App\Controllers\Login::$session is deprecated in APPPATH\Controllers\Login.php on line 13.
 1 SYSTEMPATH\CodeIgniter.php(903): App\Controllers\Login->__construct()
 2 SYSTEMPATH\CodeIgniter.php(500): CodeIgniter\CodeIgniter->createController()
 3 SYSTEMPATH\CodeIgniter.php(355): CodeIgniter\CodeIgniter->handleRequest(null, Object(Config\Cache), false)
 4 SYSTEMPATH\Boot.php(312): CodeIgniter\CodeIgniter->run()
 5 SYSTEMPATH\Boot.php(67): CodeIgniter\Boot::runCodeIgniter(Object(CodeIgniter\CodeIgniter))
 6 FCPATH\index.php(56): CodeIgniter\Boot::bootWeb(Object(Config\Paths))
 7 SYSTEMPATH\Commands\Server\rewrite.php(49): require_once('C:\\APK\\xampp-8.2\\htdocs\\SafeToTrip\\public\\index.php')
WARNING - 2024-06-12 06:12:05 --> [DEPRECATED] Creation of dynamic property App\Controllers\Login::$wisata is deprecated in APPPATH\Controllers\Login.php on line 14.
 1 SYSTEMPATH\CodeIgniter.php(903): App\Controllers\Login->__construct()
 2 SYSTEMPATH\CodeIgniter.php(500): CodeIgniter\CodeIgniter->createController()
 3 SYSTEMPATH\CodeIgniter.php(355): CodeIgniter\CodeIgniter->handleRequest(null, Object(Config\Cache), false)
 4 SYSTEMPATH\Boot.php(312): CodeIgniter\CodeIgniter->run()
 5 SYSTEMPATH\Boot.php(67): CodeIgniter\Boot::runCodeIgniter(Object(CodeIgniter\CodeIgniter))
 6 FCPATH\index.php(56): CodeIgniter\Boot::bootWeb(Object(Config\Paths))
 7 SYSTEMPATH\Commands\Server\rewrite.php(49): require_once('C:\\APK\\xampp-8.2\\htdocs\\SafeToTrip\\public\\index.php')
INFO - 2024-06-12 06:12:06 --> Session: Class initialized using 'CodeIgniter\Session\Handlers\FileHandler' driver.
WARNING - 2024-06-12 06:12:06 --> [DEPRECATED] Creation of dynamic property App\Controllers\Home::$session is deprecated in APPPATH\Controllers\Home.php on line 12.
 1 SYSTEMPATH\CodeIgniter.php(903): App\Controllers\Home->__construct()
 2 SYSTEMPATH\CodeIgniter.php(500): CodeIgniter\CodeIgniter->createController()
 3 SYSTEMPATH\CodeIgniter.php(355): CodeIgniter\CodeIgniter->handleRequest(null, Object(Config\Cache), false)
 4 SYSTEMPATH\Boot.php(312): CodeIgniter\CodeIgniter->run()
 5 SYSTEMPATH\Boot.php(67): CodeIgniter\Boot::runCodeIgniter(Object(CodeIgniter\CodeIgniter))
 6 FCPATH\index.php(56): CodeIgniter\Boot::bootWeb(Object(Config\Paths))
 7 SYSTEMPATH\Commands\Server\rewrite.php(49): require_once('C:\\APK\\xampp-8.2\\htdocs\\SafeToTrip\\public\\index.php')
WARNING - 2024-06-12 06:12:06 --> [DEPRECATED] Creation of dynamic property App\Controllers\Home::$wisata is deprecated in APPPATH\Controllers\Home.php on line 13.
 1 SYSTEMPATH\CodeIgniter.php(903): App\Controllers\Home->__construct()
 2 SYSTEMPATH\CodeIgniter.php(500): CodeIgniter\CodeIgniter->createController()
 3 SYSTEMPATH\CodeIgniter.php(355): CodeIgniter\CodeIgniter->handleRequest(null, Object(Config\Cache), false)
 4 SYSTEMPATH\Boot.php(312): CodeIgniter\CodeIgniter->run()
 5 SYSTEMPATH\Boot.php(67): CodeIgniter\Boot::runCodeIgniter(Object(CodeIgniter\CodeIgniter))
 6 FCPATH\index.php(56): CodeIgniter\Boot::bootWeb(Object(Config\Paths))
 7 SYSTEMPATH\Commands\Server\rewrite.php(49): require_once('C:\\APK\\xampp-8.2\\htdocs\\SafeToTrip\\public\\index.php')
WARNING - 2024-06-12 06:12:06 --> [DEPRECATED] Creation of dynamic property App\Controllers\Home::$fasilitas is deprecated in APPPATH\Controllers\Home.php on line 14.
 1 SYSTEMPATH\CodeIgniter.php(903): App\Controllers\Home->__construct()
 2 SYSTEMPATH\CodeIgniter.php(500): CodeIgniter\CodeIgniter->createController()
 3 SYSTEMPATH\CodeIgniter.php(355): CodeIgniter\CodeIgniter->handleRequest(null, Object(Config\Cache), false)
 4 SYSTEMPATH\Boot.php(312): CodeIgniter\CodeIgniter->run()
 5 SYSTEMPATH\Boot.php(67): CodeIgniter\Boot::runCodeIgniter(Object(CodeIgniter\CodeIgniter))
 6 FCPATH\index.php(56): CodeIgniter\Boot::bootWeb(Object(Config\Paths))
 7 SYSTEMPATH\Commands\Server\rewrite.php(49): require_once('C:\\APK\\xampp-8.2\\htdocs\\SafeToTrip\\public\\index.php')
CRITICAL - 2024-06-12 06:12:06 --> ErrorException: Undefined variable $admin
[Method: GET, Route: dashboard]
in APPPATH\Views\temp_adminpage\header.php on line 33.
 1 APPPATH\Views\temp_adminpage\header.php(33): CodeIgniter\Debug\Exceptions->errorHandler(2, 'Undefined variable $admin', 'C:\\APK\\xampp-8.2\\htdocs\\SafeToTrip\\app\\Views\\temp_adminpage\\header.php', 33)
 2 SYSTEMPATH\View\View.php(234): include('C:\\APK\\xampp-8.2\\htdocs\\SafeToTrip\\app\\Views\\temp_adminpage\\header.php')
 3 SYSTEMPATH\View\View.php(237): CodeIgniter\View\View->CodeIgniter\View\{closure}()
 4 SYSTEMPATH\View\View.php(484): CodeIgniter\View\View->render('temp_adminpage/header', null, true)
 5 APPPATH\Views\adminpage\index.php(1): CodeIgniter\View\View->include('temp_adminpage/header')
 6 SYSTEMPATH\View\View.php(234): include('C:\\APK\\xampp-8.2\\htdocs\\SafeToTrip\\app\\Views\\adminpage\\index.php')
 7 SYSTEMPATH\View\View.php(237): CodeIgniter\View\View->CodeIgniter\View\{closure}()
 8 SYSTEMPATH\Common.php(1171): CodeIgniter\View\View->render('adminpage/index', [], true)
 9 APPPATH\Controllers\Home.php(49): view('adminpage/index', [...])
10 SYSTEMPATH\CodeIgniter.php(933): App\Controllers\Home->adminpage()
11 SYSTEMPATH\CodeIgniter.php(509): CodeIgniter\CodeIgniter->runController(Object(App\Controllers\Home))
12 SYSTEMPATH\CodeIgniter.php(355): CodeIgniter\CodeIgniter->handleRequest(null, Object(Config\Cache), false)
13 SYSTEMPATH\Boot.php(312): CodeIgniter\CodeIgniter->run()
14 SYSTEMPATH\Boot.php(67): CodeIgniter\Boot::runCodeIgniter(Object(CodeIgniter\CodeIgniter))
15 FCPATH\index.php(56): CodeIgniter\Boot::bootWeb(Object(Config\Paths))
16 SYSTEMPATH\Commands\Server\rewrite.php(49): require_once('C:\\APK\\xampp-8.2\\htdocs\\SafeToTrip\\public\\index.php')
INFO - 2024-06-12 06:13:50 --> Session: Class initialized using 'CodeIgniter\Session\Handlers\FileHandler' driver.
WARNING - 2024-06-12 06:13:50 --> [DEPRECATED] Creation of dynamic property App\Controllers\Home::$session is deprecated in APPPATH\Controllers\Home.php on line 12.
 1 SYSTEMPATH\CodeIgniter.php(903): App\Controllers\Home->__construct()
 2 SYSTEMPATH\CodeIgniter.php(500): CodeIgniter\CodeIgniter->createController()
 3 SYSTEMPATH\CodeIgniter.php(355): CodeIgniter\CodeIgniter->handleRequest(null, Object(Config\Cache), false)
 4 SYSTEMPATH\Boot.php(312): CodeIgniter\CodeIgniter->run()
 5 SYSTEMPATH\Boot.php(67): CodeIgniter\Boot::runCodeIgniter(Object(CodeIgniter\CodeIgniter))
 6 FCPATH\index.php(56): CodeIgniter\Boot::bootWeb(Object(Config\Paths))
 7 SYSTEMPATH\Commands\Server\rewrite.php(49): require_once('C:\\APK\\xampp-8.2\\htdocs\\SafeToTrip\\public\\index.php')
WARNING - 2024-06-12 06:13:50 --> [DEPRECATED] Creation of dynamic property App\Controllers\Home::$wisata is deprecated in APPPATH\Controllers\Home.php on line 13.
 1 SYSTEMPATH\CodeIgniter.php(903): App\Controllers\Home->__construct()
 2 SYSTEMPATH\CodeIgniter.php(500): CodeIgniter\CodeIgniter->createController()
 3 SYSTEMPATH\CodeIgniter.php(355): CodeIgniter\CodeIgniter->handleRequest(null, Object(Config\Cache), false)
 4 SYSTEMPATH\Boot.php(312): CodeIgniter\CodeIgniter->run()
 5 SYSTEMPATH\Boot.php(67): CodeIgniter\Boot::runCodeIgniter(Object(CodeIgniter\CodeIgniter))
 6 FCPATH\index.php(56): CodeIgniter\Boot::bootWeb(Object(Config\Paths))
 7 SYSTEMPATH\Commands\Server\rewrite.php(49): require_once('C:\\APK\\xampp-8.2\\htdocs\\SafeToTrip\\public\\index.php')
WARNING - 2024-06-12 06:13:50 --> [DEPRECATED] Creation of dynamic property App\Controllers\Home::$fasilitas is deprecated in APPPATH\Controllers\Home.php on line 14.
 1 SYSTEMPATH\CodeIgniter.php(903): App\Controllers\Home->__construct()
 2 SYSTEMPATH\CodeIgniter.php(500): CodeIgniter\CodeIgniter->createController()
 3 SYSTEMPATH\CodeIgniter.php(355): CodeIgniter\CodeIgniter->handleRequest(null, Object(Config\Cache), false)
 4 SYSTEMPATH\Boot.php(312): CodeIgniter\CodeIgniter->run()
 5 SYSTEMPATH\Boot.php(67): CodeIgniter\Boot::runCodeIgniter(Object(CodeIgniter\CodeIgniter))
 6 FCPATH\index.php(56): CodeIgniter\Boot::bootWeb(Object(Config\Paths))
 7 SYSTEMPATH\Commands\Server\rewrite.php(49): require_once('C:\\APK\\xampp-8.2\\htdocs\\SafeToTrip\\public\\index.php')
CRITICAL - 2024-06-12 06:13:50 --> ErrorException: Attempt to read property "nama_wisata" on array
[Method: GET, Route: dashboard]
in APPPATH\Views\temp_adminpage\header.php on line 33.
 1 APPPATH\Views\temp_adminpage\header.php(33): CodeIgniter\Debug\Exceptions->errorHandler(2, 'Attempt to read property "nama_wisata" on array', 'C:\\APK\\xampp-8.2\\htdocs\\SafeToTrip\\app\\Views\\temp_adminpage\\header.php', 33)
 2 SYSTEMPATH\View\View.php(234): include('C:\\APK\\xampp-8.2\\htdocs\\SafeToTrip\\app\\Views\\temp_adminpage\\header.php')
 3 SYSTEMPATH\View\View.php(237): CodeIgniter\View\View->CodeIgniter\View\{closure}()
 4 SYSTEMPATH\View\View.php(484): CodeIgniter\View\View->render('temp_adminpage/header', null, true)
 5 APPPATH\Views\adminpage\index.php(1): CodeIgniter\View\View->include('temp_adminpage/header')
 6 SYSTEMPATH\View\View.php(234): include('C:\\APK\\xampp-8.2\\htdocs\\SafeToTrip\\app\\Views\\adminpage\\index.php')
 7 SYSTEMPATH\View\View.php(237): CodeIgniter\View\View->CodeIgniter\View\{closure}()
 8 SYSTEMPATH\Common.php(1171): CodeIgniter\View\View->render('adminpage/index', [], true)
 9 APPPATH\Controllers\Home.php(43): view('adminpage/index', [...])
10 SYSTEMPATH\CodeIgniter.php(933): App\Controllers\Home->adminpage()
11 SYSTEMPATH\CodeIgniter.php(509): CodeIgniter\CodeIgniter->runController(Object(App\Controllers\Home))
12 SYSTEMPATH\CodeIgniter.php(355): CodeIgniter\CodeIgniter->handleRequest(null, Object(Config\Cache), false)
13 SYSTEMPATH\Boot.php(312): CodeIgniter\CodeIgniter->run()
14 SYSTEMPATH\Boot.php(67): CodeIgniter\Boot::runCodeIgniter(Object(CodeIgniter\CodeIgniter))
15 FCPATH\index.php(56): CodeIgniter\Boot::bootWeb(Object(Config\Paths))
16 SYSTEMPATH\Commands\Server\rewrite.php(49): require_once('C:\\APK\\xampp-8.2\\htdocs\\SafeToTrip\\public\\index.php')
INFO - 2024-06-12 06:14:00 --> Session: Class initialized using 'CodeIgniter\Session\Handlers\FileHandler' driver.
WARNING - 2024-06-12 06:14:00 --> [DEPRECATED] Creation of dynamic property App\Controllers\Home::$session is deprecated in APPPATH\Controllers\Home.php on line 12.
 1 SYSTEMPATH\CodeIgniter.php(903): App\Controllers\Home->__construct()
 2 SYSTEMPATH\CodeIgniter.php(500): CodeIgniter\CodeIgniter->createController()
 3 SYSTEMPATH\CodeIgniter.php(355): CodeIgniter\CodeIgniter->handleRequest(null, Object(Config\Cache), false)
 4 SYSTEMPATH\Boot.php(312): CodeIgniter\CodeIgniter->run()
 5 SYSTEMPATH\Boot.php(67): CodeIgniter\Boot::runCodeIgniter(Object(CodeIgniter\CodeIgniter))
 6 FCPATH\index.php(56): CodeIgniter\Boot::bootWeb(Object(Config\Paths))
 7 SYSTEMPATH\Commands\Server\rewrite.php(49): require_once('C:\\APK\\xampp-8.2\\htdocs\\SafeToTrip\\public\\index.php')
WARNING - 2024-06-12 06:14:00 --> [DEPRECATED] Creation of dynamic property App\Controllers\Home::$wisata is deprecated in APPPATH\Controllers\Home.php on line 13.
 1 SYSTEMPATH\CodeIgniter.php(903): App\Controllers\Home->__construct()
 2 SYSTEMPATH\CodeIgniter.php(500): CodeIgniter\CodeIgniter->createController()
 3 SYSTEMPATH\CodeIgniter.php(355): CodeIgniter\CodeIgniter->handleRequest(null, Object(Config\Cache), false)
 4 SYSTEMPATH\Boot.php(312): CodeIgniter\CodeIgniter->run()
 5 SYSTEMPATH\Boot.php(67): CodeIgniter\Boot::runCodeIgniter(Object(CodeIgniter\CodeIgniter))
 6 FCPATH\index.php(56): CodeIgniter\Boot::bootWeb(Object(Config\Paths))
 7 SYSTEMPATH\Commands\Server\rewrite.php(49): require_once('C:\\APK\\xampp-8.2\\htdocs\\SafeToTrip\\public\\index.php')
WARNING - 2024-06-12 06:14:00 --> [DEPRECATED] Creation of dynamic property App\Controllers\Home::$fasilitas is deprecated in APPPATH\Controllers\Home.php on line 14.
 1 SYSTEMPATH\CodeIgniter.php(903): App\Controllers\Home->__construct()
 2 SYSTEMPATH\CodeIgniter.php(500): CodeIgniter\CodeIgniter->createController()
 3 SYSTEMPATH\CodeIgniter.php(355): CodeIgniter\CodeIgniter->handleRequest(null, Object(Config\Cache), false)
 4 SYSTEMPATH\Boot.php(312): CodeIgniter\CodeIgniter->run()
 5 SYSTEMPATH\Boot.php(67): CodeIgniter\Boot::runCodeIgniter(Object(CodeIgniter\CodeIgniter))
 6 FCPATH\index.php(56): CodeIgniter\Boot::bootWeb(Object(Config\Paths))
 7 SYSTEMPATH\Commands\Server\rewrite.php(49): require_once('C:\\APK\\xampp-8.2\\htdocs\\SafeToTrip\\public\\index.php')
INFO - 2024-06-12 06:14:50 --> Session: Class initialized using 'CodeIgniter\Session\Handlers\FileHandler' driver.
WARNING - 2024-06-12 06:14:50 --> [DEPRECATED] Creation of dynamic property App\Controllers\Login::$session is deprecated in APPPATH\Controllers\Login.php on line 13.
 1 SYSTEMPATH\CodeIgniter.php(903): App\Controllers\Login->__construct()
 2 SYSTEMPATH\CodeIgniter.php(500): CodeIgniter\CodeIgniter->createController()
 3 SYSTEMPATH\CodeIgniter.php(355): CodeIgniter\CodeIgniter->handleRequest(null, Object(Config\Cache), false)
 4 SYSTEMPATH\Boot.php(312): CodeIgniter\CodeIgniter->run()
 5 SYSTEMPATH\Boot.php(67): CodeIgniter\Boot::runCodeIgniter(Object(CodeIgniter\CodeIgniter))
 6 FCPATH\index.php(56): CodeIgniter\Boot::bootWeb(Object(Config\Paths))
 7 SYSTEMPATH\Commands\Server\rewrite.php(49): require_once('C:\\APK\\xampp-8.2\\htdocs\\SafeToTrip\\public\\index.php')
WARNING - 2024-06-12 06:14:50 --> [DEPRECATED] Creation of dynamic property App\Controllers\Login::$wisata is deprecated in APPPATH\Controllers\Login.php on line 14.
 1 SYSTEMPATH\CodeIgniter.php(903): App\Controllers\Login->__construct()
 2 SYSTEMPATH\CodeIgniter.php(500): CodeIgniter\CodeIgniter->createController()
 3 SYSTEMPATH\CodeIgniter.php(355): CodeIgniter\CodeIgniter->handleRequest(null, Object(Config\Cache), false)
 4 SYSTEMPATH\Boot.php(312): CodeIgniter\CodeIgniter->run()
 5 SYSTEMPATH\Boot.php(67): CodeIgniter\Boot::runCodeIgniter(Object(CodeIgniter\CodeIgniter))
 6 FCPATH\index.php(56): CodeIgniter\Boot::bootWeb(Object(Config\Paths))
 7 SYSTEMPATH\Commands\Server\rewrite.php(49): require_once('C:\\APK\\xampp-8.2\\htdocs\\SafeToTrip\\public\\index.php')
INFO - 2024-06-12 06:14:50 --> Session: Class initialized using 'CodeIgniter\Session\Handlers\FileHandler' driver.
WARNING - 2024-06-12 06:14:50 --> [DEPRECATED] Creation of dynamic property App\Controllers\Login::$session is deprecated in APPPATH\Controllers\Login.php on line 13.
 1 SYSTEMPATH\CodeIgniter.php(903): App\Controllers\Login->__construct()
 2 SYSTEMPATH\CodeIgniter.php(500): CodeIgniter\CodeIgniter->createController()
 3 SYSTEMPATH\CodeIgniter.php(355): CodeIgniter\CodeIgniter->handleRequest(null, Object(Config\Cache), false)
 4 SYSTEMPATH\Boot.php(312): CodeIgniter\CodeIgniter->run()
 5 SYSTEMPATH\Boot.php(67): CodeIgniter\Boot::runCodeIgniter(Object(CodeIgniter\CodeIgniter))
 6 FCPATH\index.php(56): CodeIgniter\Boot::bootWeb(Object(Config\Paths))
 7 SYSTEMPATH\Commands\Server\rewrite.php(49): require_once('C:\\APK\\xampp-8.2\\htdocs\\SafeToTrip\\public\\index.php')
WARNING - 2024-06-12 06:14:50 --> [DEPRECATED] Creation of dynamic property App\Controllers\Login::$wisata is deprecated in APPPATH\Controllers\Login.php on line 14.
 1 SYSTEMPATH\CodeIgniter.php(903): App\Controllers\Login->__construct()
 2 SYSTEMPATH\CodeIgniter.php(500): CodeIgniter\CodeIgniter->createController()
 3 SYSTEMPATH\CodeIgniter.php(355): CodeIgniter\CodeIgniter->handleRequest(null, Object(Config\Cache), false)
 4 SYSTEMPATH\Boot.php(312): CodeIgniter\CodeIgniter->run()
 5 SYSTEMPATH\Boot.php(67): CodeIgniter\Boot::runCodeIgniter(Object(CodeIgniter\CodeIgniter))
 6 FCPATH\index.php(56): CodeIgniter\Boot::bootWeb(Object(Config\Paths))
 7 SYSTEMPATH\Commands\Server\rewrite.php(49): require_once('C:\\APK\\xampp-8.2\\htdocs\\SafeToTrip\\public\\index.php')
INFO - 2024-06-12 06:14:56 --> Session: Class initialized using 'CodeIgniter\Session\Handlers\FileHandler' driver.
WARNING - 2024-06-12 06:14:56 --> [DEPRECATED] Creation of dynamic property App\Controllers\Login::$session is deprecated in APPPATH\Controllers\Login.php on line 13.
 1 SYSTEMPATH\CodeIgniter.php(903): App\Controllers\Login->__construct()
 2 SYSTEMPATH\CodeIgniter.php(500): CodeIgniter\CodeIgniter->createController()
 3 SYSTEMPATH\CodeIgniter.php(355): CodeIgniter\CodeIgniter->handleRequest(null, Object(Config\Cache), false)
 4 SYSTEMPATH\Boot.php(312): CodeIgniter\CodeIgniter->run()
 5 SYSTEMPATH\Boot.php(67): CodeIgniter\Boot::runCodeIgniter(Object(CodeIgniter\CodeIgniter))
 6 FCPATH\index.php(56): CodeIgniter\Boot::bootWeb(Object(Config\Paths))
 7 SYSTEMPATH\Commands\Server\rewrite.php(49): require_once('C:\\APK\\xampp-8.2\\htdocs\\SafeToTrip\\public\\index.php')
WARNING - 2024-06-12 06:14:56 --> [DEPRECATED] Creation of dynamic property App\Controllers\Login::$wisata is deprecated in APPPATH\Controllers\Login.php on line 14.
 1 SYSTEMPATH\CodeIgniter.php(903): App\Controllers\Login->__construct()
 2 SYSTEMPATH\CodeIgniter.php(500): CodeIgniter\CodeIgniter->createController()
 3 SYSTEMPATH\CodeIgniter.php(355): CodeIgniter\CodeIgniter->handleRequest(null, Object(Config\Cache), false)
 4 SYSTEMPATH\Boot.php(312): CodeIgniter\CodeIgniter->run()
 5 SYSTEMPATH\Boot.php(67): CodeIgniter\Boot::runCodeIgniter(Object(CodeIgniter\CodeIgniter))
 6 FCPATH\index.php(56): CodeIgniter\Boot::bootWeb(Object(Config\Paths))
 7 SYSTEMPATH\Commands\Server\rewrite.php(49): require_once('C:\\APK\\xampp-8.2\\htdocs\\SafeToTrip\\public\\index.php')
INFO - 2024-06-12 06:16:25 --> Session: Class initialized using 'CodeIgniter\Session\Handlers\FileHandler' driver.
WARNING - 2024-06-12 06:16:25 --> [DEPRECATED] Creation of dynamic property App\Controllers\Login::$session is deprecated in APPPATH\Controllers\Login.php on line 13.
 1 SYSTEMPATH\CodeIgniter.php(903): App\Controllers\Login->__construct()
 2 SYSTEMPATH\CodeIgniter.php(500): CodeIgniter\CodeIgniter->createController()
 3 SYSTEMPATH\CodeIgniter.php(355): CodeIgniter\CodeIgniter->handleRequest(null, Object(Config\Cache), false)
 4 SYSTEMPATH\Boot.php(312): CodeIgniter\CodeIgniter->run()
 5 SYSTEMPATH\Boot.php(67): CodeIgniter\Boot::runCodeIgniter(Object(CodeIgniter\CodeIgniter))
 6 FCPATH\index.php(56): CodeIgniter\Boot::bootWeb(Object(Config\Paths))
 7 SYSTEMPATH\Commands\Server\rewrite.php(49): require_once('C:\\APK\\xampp-8.2\\htdocs\\SafeToTrip\\public\\index.php')
WARNING - 2024-06-12 06:16:25 --> [DEPRECATED] Creation of dynamic property App\Controllers\Login::$wisata is deprecated in APPPATH\Controllers\Login.php on line 14.
 1 SYSTEMPATH\CodeIgniter.php(903): App\Controllers\Login->__construct()
 2 SYSTEMPATH\CodeIgniter.php(500): CodeIgniter\CodeIgniter->createController()
 3 SYSTEMPATH\CodeIgniter.php(355): CodeIgniter\CodeIgniter->handleRequest(null, Object(Config\Cache), false)
 4 SYSTEMPATH\Boot.php(312): CodeIgniter\CodeIgniter->run()
 5 SYSTEMPATH\Boot.php(67): CodeIgniter\Boot::runCodeIgniter(Object(CodeIgniter\CodeIgniter))
 6 FCPATH\index.php(56): CodeIgniter\Boot::bootWeb(Object(Config\Paths))
 7 SYSTEMPATH\Commands\Server\rewrite.php(49): require_once('C:\\APK\\xampp-8.2\\htdocs\\SafeToTrip\\public\\index.php')
INFO - 2024-06-12 06:16:38 --> Session: Class initialized using 'CodeIgniter\Session\Handlers\FileHandler' driver.
WARNING - 2024-06-12 06:16:38 --> [DEPRECATED] Creation of dynamic property App\Controllers\Login::$session is deprecated in APPPATH\Controllers\Login.php on line 13.
 1 SYSTEMPATH\CodeIgniter.php(903): App\Controllers\Login->__construct()
 2 SYSTEMPATH\CodeIgniter.php(500): CodeIgniter\CodeIgniter->createController()
 3 SYSTEMPATH\CodeIgniter.php(355): CodeIgniter\CodeIgniter->handleRequest(null, Object(Config\Cache), false)
 4 SYSTEMPATH\Boot.php(312): CodeIgniter\CodeIgniter->run()
 5 SYSTEMPATH\Boot.php(67): CodeIgniter\Boot::runCodeIgniter(Object(CodeIgniter\CodeIgniter))
 6 FCPATH\index.php(56): CodeIgniter\Boot::bootWeb(Object(Config\Paths))
 7 SYSTEMPATH\Commands\Server\rewrite.php(49): require_once('C:\\APK\\xampp-8.2\\htdocs\\SafeToTrip\\public\\index.php')
WARNING - 2024-06-12 06:16:38 --> [DEPRECATED] Creation of dynamic property App\Controllers\Login::$wisata is deprecated in APPPATH\Controllers\Login.php on line 14.
 1 SYSTEMPATH\CodeIgniter.php(903): App\Controllers\Login->__construct()
 2 SYSTEMPATH\CodeIgniter.php(500): CodeIgniter\CodeIgniter->createController()
 3 SYSTEMPATH\CodeIgniter.php(355): CodeIgniter\CodeIgniter->handleRequest(null, Object(Config\Cache), false)
 4 SYSTEMPATH\Boot.php(312): CodeIgniter\CodeIgniter->run()
 5 SYSTEMPATH\Boot.php(67): CodeIgniter\Boot::runCodeIgniter(Object(CodeIgniter\CodeIgniter))
 6 FCPATH\index.php(56): CodeIgniter\Boot::bootWeb(Object(Config\Paths))
 7 SYSTEMPATH\Commands\Server\rewrite.php(49): require_once('C:\\APK\\xampp-8.2\\htdocs\\SafeToTrip\\public\\index.php')
INFO - 2024-06-12 06:16:38 --> Session: Class initialized using 'CodeIgniter\Session\Handlers\FileHandler' driver.
WARNING - 2024-06-12 06:16:38 --> [DEPRECATED] Creation of dynamic property App\Controllers\Home::$session is deprecated in APPPATH\Controllers\Home.php on line 12.
 1 SYSTEMPATH\CodeIgniter.php(903): App\Controllers\Home->__construct()
 2 SYSTEMPATH\CodeIgniter.php(500): CodeIgniter\CodeIgniter->createController()
 3 SYSTEMPATH\CodeIgniter.php(355): CodeIgniter\CodeIgniter->handleRequest(null, Object(Config\Cache), false)
 4 SYSTEMPATH\Boot.php(312): CodeIgniter\CodeIgniter->run()
 5 SYSTEMPATH\Boot.php(67): CodeIgniter\Boot::runCodeIgniter(Object(CodeIgniter\CodeIgniter))
 6 FCPATH\index.php(56): CodeIgniter\Boot::bootWeb(Object(Config\Paths))
 7 SYSTEMPATH\Commands\Server\rewrite.php(49): require_once('C:\\APK\\xampp-8.2\\htdocs\\SafeToTrip\\public\\index.php')
WARNING - 2024-06-12 06:16:38 --> [DEPRECATED] Creation of dynamic property App\Controllers\Home::$wisata is deprecated in APPPATH\Controllers\Home.php on line 13.
 1 SYSTEMPATH\CodeIgniter.php(903): App\Controllers\Home->__construct()
 2 SYSTEMPATH\CodeIgniter.php(500): CodeIgniter\CodeIgniter->createController()
 3 SYSTEMPATH\CodeIgniter.php(355): CodeIgniter\CodeIgniter->handleRequest(null, Object(Config\Cache), false)
 4 SYSTEMPATH\Boot.php(312): CodeIgniter\CodeIgniter->run()
 5 SYSTEMPATH\Boot.php(67): CodeIgniter\Boot::runCodeIgniter(Object(CodeIgniter\CodeIgniter))
 6 FCPATH\index.php(56): CodeIgniter\Boot::bootWeb(Object(Config\Paths))
 7 SYSTEMPATH\Commands\Server\rewrite.php(49): require_once('C:\\APK\\xampp-8.2\\htdocs\\SafeToTrip\\public\\index.php')
WARNING - 2024-06-12 06:16:38 --> [DEPRECATED] Creation of dynamic property App\Controllers\Home::$fasilitas is deprecated in APPPATH\Controllers\Home.php on line 14.
 1 SYSTEMPATH\CodeIgniter.php(903): App\Controllers\Home->__construct()
 2 SYSTEMPATH\CodeIgniter.php(500): CodeIgniter\CodeIgniter->createController()
 3 SYSTEMPATH\CodeIgniter.php(355): CodeIgniter\CodeIgniter->handleRequest(null, Object(Config\Cache), false)
 4 SYSTEMPATH\Boot.php(312): CodeIgniter\CodeIgniter->run()
 5 SYSTEMPATH\Boot.php(67): CodeIgniter\Boot::runCodeIgniter(Object(CodeIgniter\CodeIgniter))
 6 FCPATH\index.php(56): CodeIgniter\Boot::bootWeb(Object(Config\Paths))
 7 SYSTEMPATH\Commands\Server\rewrite.php(49): require_once('C:\\APK\\xampp-8.2\\htdocs\\SafeToTrip\\public\\index.php')
INFO - 2024-06-12 06:16:52 --> Session: Class initialized using 'CodeIgniter\Session\Handlers\FileHandler' driver.
WARNING - 2024-06-12 06:16:52 --> [DEPRECATED] Creation of dynamic property App\Controllers\Home::$session is deprecated in APPPATH\Controllers\Home.php on line 12.
 1 SYSTEMPATH\CodeIgniter.php(903): App\Controllers\Home->__construct()
 2 SYSTEMPATH\CodeIgniter.php(500): CodeIgniter\CodeIgniter->createController()
 3 SYSTEMPATH\CodeIgniter.php(355): CodeIgniter\CodeIgniter->handleRequest(null, Object(Config\Cache), false)
 4 SYSTEMPATH\Boot.php(312): CodeIgniter\CodeIgniter->run()
 5 SYSTEMPATH\Boot.php(67): CodeIgniter\Boot::runCodeIgniter(Object(CodeIgniter\CodeIgniter))
 6 FCPATH\index.php(56): CodeIgniter\Boot::bootWeb(Object(Config\Paths))
 7 SYSTEMPATH\Commands\Server\rewrite.php(49): require_once('C:\\APK\\xampp-8.2\\htdocs\\SafeToTrip\\public\\index.php')
WARNING - 2024-06-12 06:16:52 --> [DEPRECATED] Creation of dynamic property App\Controllers\Home::$wisata is deprecated in APPPATH\Controllers\Home.php on line 13.
 1 SYSTEMPATH\CodeIgniter.php(903): App\Controllers\Home->__construct()
 2 SYSTEMPATH\CodeIgniter.php(500): CodeIgniter\CodeIgniter->createController()
 3 SYSTEMPATH\CodeIgniter.php(355): CodeIgniter\CodeIgniter->handleRequest(null, Object(Config\Cache), false)
 4 SYSTEMPATH\Boot.php(312): CodeIgniter\CodeIgniter->run()
 5 SYSTEMPATH\Boot.php(67): CodeIgniter\Boot::runCodeIgniter(Object(CodeIgniter\CodeIgniter))
 6 FCPATH\index.php(56): CodeIgniter\Boot::bootWeb(Object(Config\Paths))
 7 SYSTEMPATH\Commands\Server\rewrite.php(49): require_once('C:\\APK\\xampp-8.2\\htdocs\\SafeToTrip\\public\\index.php')
WARNING - 2024-06-12 06:16:52 --> [DEPRECATED] Creation of dynamic property App\Controllers\Home::$fasilitas is deprecated in APPPATH\Controllers\Home.php on line 14.
 1 SYSTEMPATH\CodeIgniter.php(903): App\Controllers\Home->__construct()
 2 SYSTEMPATH\CodeIgniter.php(500): CodeIgniter\CodeIgniter->createController()
 3 SYSTEMPATH\CodeIgniter.php(355): CodeIgniter\CodeIgniter->handleRequest(null, Object(Config\Cache), false)
 4 SYSTEMPATH\Boot.php(312): CodeIgniter\CodeIgniter->run()
 5 SYSTEMPATH\Boot.php(67): CodeIgniter\Boot::runCodeIgniter(Object(CodeIgniter\CodeIgniter))
 6 FCPATH\index.php(56): CodeIgniter\Boot::bootWeb(Object(Config\Paths))
 7 SYSTEMPATH\Commands\Server\rewrite.php(49): require_once('C:\\APK\\xampp-8.2\\htdocs\\SafeToTrip\\public\\index.php')
CRITICAL - 2024-06-12 06:16:52 --> ErrorException: Attempt to read property "nama_wisata" on array
[Method: GET, Route: dashboard]
in APPPATH\Views\temp_adminpage\header.php on line 33.
 1 APPPATH\Views\temp_adminpage\header.php(33): CodeIgniter\Debug\Exceptions->errorHandler(2, 'Attempt to read property "nama_wisata" on array', 'C:\\APK\\xampp-8.2\\htdocs\\SafeToTrip\\app\\Views\\temp_adminpage\\header.php', 33)
 2 SYSTEMPATH\View\View.php(234): include('C:\\APK\\xampp-8.2\\htdocs\\SafeToTrip\\app\\Views\\temp_adminpage\\header.php')
 3 SYSTEMPATH\View\View.php(237): CodeIgniter\View\View->CodeIgniter\View\{closure}()
 4 SYSTEMPATH\View\View.php(484): CodeIgniter\View\View->render('temp_adminpage/header', null, true)
 5 APPPATH\Views\adminpage\index.php(1): CodeIgniter\View\View->include('temp_adminpage/header')
 6 SYSTEMPATH\View\View.php(234): include('C:\\APK\\xampp-8.2\\htdocs\\SafeToTrip\\app\\Views\\adminpage\\index.php')
 7 SYSTEMPATH\View\View.php(237): CodeIgniter\View\View->CodeIgniter\View\{closure}()
 8 SYSTEMPATH\Common.php(1171): CodeIgniter\View\View->render('adminpage/index', [], true)
 9 APPPATH\Controllers\Home.php(43): view('adminpage/index', [...])
10 SYSTEMPATH\CodeIgniter.php(933): App\Controllers\Home->adminpage()
11 SYSTEMPATH\CodeIgniter.php(509): CodeIgniter\CodeIgniter->runController(Object(App\Controllers\Home))
12 SYSTEMPATH\CodeIgniter.php(355): CodeIgniter\CodeIgniter->handleRequest(null, Object(Config\Cache), false)
13 SYSTEMPATH\Boot.php(312): CodeIgniter\CodeIgniter->run()
14 SYSTEMPATH\Boot.php(67): CodeIgniter\Boot::runCodeIgniter(Object(CodeIgniter\CodeIgniter))
15 FCPATH\index.php(56): CodeIgniter\Boot::bootWeb(Object(Config\Paths))
16 SYSTEMPATH\Commands\Server\rewrite.php(49): require_once('C:\\APK\\xampp-8.2\\htdocs\\SafeToTrip\\public\\index.php')
INFO - 2024-06-12 06:17:15 --> Session: Class initialized using 'CodeIgniter\Session\Handlers\FileHandler' driver.
WARNING - 2024-06-12 06:17:15 --> [DEPRECATED] Creation of dynamic property App\Controllers\Home::$session is deprecated in APPPATH\Controllers\Home.php on line 12.
 1 SYSTEMPATH\CodeIgniter.php(903): App\Controllers\Home->__construct()
 2 SYSTEMPATH\CodeIgniter.php(500): CodeIgniter\CodeIgniter->createController()
 3 SYSTEMPATH\CodeIgniter.php(355): CodeIgniter\CodeIgniter->handleRequest(null, Object(Config\Cache), false)
 4 SYSTEMPATH\Boot.php(312): CodeIgniter\CodeIgniter->run()
 5 SYSTEMPATH\Boot.php(67): CodeIgniter\Boot::runCodeIgniter(Object(CodeIgniter\CodeIgniter))
 6 FCPATH\index.php(56): CodeIgniter\Boot::bootWeb(Object(Config\Paths))
 7 SYSTEMPATH\Commands\Server\rewrite.php(49): require_once('C:\\APK\\xampp-8.2\\htdocs\\SafeToTrip\\public\\index.php')
WARNING - 2024-06-12 06:17:15 --> [DEPRECATED] Creation of dynamic property App\Controllers\Home::$wisata is deprecated in APPPATH\Controllers\Home.php on line 13.
 1 SYSTEMPATH\CodeIgniter.php(903): App\Controllers\Home->__construct()
 2 SYSTEMPATH\CodeIgniter.php(500): CodeIgniter\CodeIgniter->createController()
 3 SYSTEMPATH\CodeIgniter.php(355): CodeIgniter\CodeIgniter->handleRequest(null, Object(Config\Cache), false)
 4 SYSTEMPATH\Boot.php(312): CodeIgniter\CodeIgniter->run()
 5 SYSTEMPATH\Boot.php(67): CodeIgniter\Boot::runCodeIgniter(Object(CodeIgniter\CodeIgniter))
 6 FCPATH\index.php(56): CodeIgniter\Boot::bootWeb(Object(Config\Paths))
 7 SYSTEMPATH\Commands\Server\rewrite.php(49): require_once('C:\\APK\\xampp-8.2\\htdocs\\SafeToTrip\\public\\index.php')
WARNING - 2024-06-12 06:17:15 --> [DEPRECATED] Creation of dynamic property App\Controllers\Home::$fasilitas is deprecated in APPPATH\Controllers\Home.php on line 14.
 1 SYSTEMPATH\CodeIgniter.php(903): App\Controllers\Home->__construct()
 2 SYSTEMPATH\CodeIgniter.php(500): CodeIgniter\CodeIgniter->createController()
 3 SYSTEMPATH\CodeIgniter.php(355): CodeIgniter\CodeIgniter->handleRequest(null, Object(Config\Cache), false)
 4 SYSTEMPATH\Boot.php(312): CodeIgniter\CodeIgniter->run()
 5 SYSTEMPATH\Boot.php(67): CodeIgniter\Boot::runCodeIgniter(Object(CodeIgniter\CodeIgniter))
 6 FCPATH\index.php(56): CodeIgniter\Boot::bootWeb(Object(Config\Paths))
 7 SYSTEMPATH\Commands\Server\rewrite.php(49): require_once('C:\\APK\\xampp-8.2\\htdocs\\SafeToTrip\\public\\index.php')
INFO - 2024-06-12 06:17:20 --> Session: Class initialized using 'CodeIgniter\Session\Handlers\FileHandler' driver.
WARNING - 2024-06-12 06:17:20 --> [DEPRECATED] Creation of dynamic property App\Controllers\Home::$session is deprecated in APPPATH\Controllers\Home.php on line 12.
 1 APPPATH\Controllers\Harga.php(14): App\Controllers\Home->__construct()
 2 SYSTEMPATH\CodeIgniter.php(903): App\Controllers\Harga->__construct()
 3 SYSTEMPATH\CodeIgniter.php(500): CodeIgniter\CodeIgniter->createController()
 4 SYSTEMPATH\CodeIgniter.php(355): CodeIgniter\CodeIgniter->handleRequest(null, Object(Config\Cache), false)
 5 SYSTEMPATH\Boot.php(312): CodeIgniter\CodeIgniter->run()
 6 SYSTEMPATH\Boot.php(67): CodeIgniter\Boot::runCodeIgniter(Object(CodeIgniter\CodeIgniter))
 7 FCPATH\index.php(56): CodeIgniter\Boot::bootWeb(Object(Config\Paths))
 8 SYSTEMPATH\Commands\Server\rewrite.php(49): require_once('C:\\APK\\xampp-8.2\\htdocs\\SafeToTrip\\public\\index.php')
WARNING - 2024-06-12 06:17:20 --> [DEPRECATED] Creation of dynamic property App\Controllers\Home::$wisata is deprecated in APPPATH\Controllers\Home.php on line 13.
 1 APPPATH\Controllers\Harga.php(14): App\Controllers\Home->__construct()
 2 SYSTEMPATH\CodeIgniter.php(903): App\Controllers\Harga->__construct()
 3 SYSTEMPATH\CodeIgniter.php(500): CodeIgniter\CodeIgniter->createController()
 4 SYSTEMPATH\CodeIgniter.php(355): CodeIgniter\CodeIgniter->handleRequest(null, Object(Config\Cache), false)
 5 SYSTEMPATH\Boot.php(312): CodeIgniter\CodeIgniter->run()
 6 SYSTEMPATH\Boot.php(67): CodeIgniter\Boot::runCodeIgniter(Object(CodeIgniter\CodeIgniter))
 7 FCPATH\index.php(56): CodeIgniter\Boot::bootWeb(Object(Config\Paths))
 8 SYSTEMPATH\Commands\Server\rewrite.php(49): require_once('C:\\APK\\xampp-8.2\\htdocs\\SafeToTrip\\public\\index.php')
WARNING - 2024-06-12 06:17:20 --> [DEPRECATED] Creation of dynamic property App\Controllers\Home::$fasilitas is deprecated in APPPATH\Controllers\Home.php on line 14.
 1 APPPATH\Controllers\Harga.php(14): App\Controllers\Home->__construct()
 2 SYSTEMPATH\CodeIgniter.php(903): App\Controllers\Harga->__construct()
 3 SYSTEMPATH\CodeIgniter.php(500): CodeIgniter\CodeIgniter->createController()
 4 SYSTEMPATH\CodeIgniter.php(355): CodeIgniter\CodeIgniter->handleRequest(null, Object(Config\Cache), false)
 5 SYSTEMPATH\Boot.php(312): CodeIgniter\CodeIgniter->run()
 6 SYSTEMPATH\Boot.php(67): CodeIgniter\Boot::runCodeIgniter(Object(CodeIgniter\CodeIgniter))
 7 FCPATH\index.php(56): CodeIgniter\Boot::bootWeb(Object(Config\Paths))
 8 SYSTEMPATH\Commands\Server\rewrite.php(49): require_once('C:\\APK\\xampp-8.2\\htdocs\\SafeToTrip\\public\\index.php')
WARNING - 2024-06-12 06:17:20 --> [DEPRECATED] Creation of dynamic property App\Controllers\Harga::$home is deprecated in APPPATH\Controllers\Harga.php on line 14.
 1 SYSTEMPATH\CodeIgniter.php(903): App\Controllers\Harga->__construct()
 2 SYSTEMPATH\CodeIgniter.php(500): CodeIgniter\CodeIgniter->createController()
 3 SYSTEMPATH\CodeIgniter.php(355): CodeIgniter\CodeIgniter->handleRequest(null, Object(Config\Cache), false)
 4 SYSTEMPATH\Boot.php(312): CodeIgniter\CodeIgniter->run()
 5 SYSTEMPATH\Boot.php(67): CodeIgniter\Boot::runCodeIgniter(Object(CodeIgniter\CodeIgniter))
 6 FCPATH\index.php(56): CodeIgniter\Boot::bootWeb(Object(Config\Paths))
 7 SYSTEMPATH\Commands\Server\rewrite.php(49): require_once('C:\\APK\\xampp-8.2\\htdocs\\SafeToTrip\\public\\index.php')
WARNING - 2024-06-12 06:17:20 --> [DEPRECATED] Creation of dynamic property App\Controllers\Harga::$wisata is deprecated in APPPATH\Controllers\Harga.php on line 15.
 1 SYSTEMPATH\CodeIgniter.php(903): App\Controllers\Harga->__construct()
 2 SYSTEMPATH\CodeIgniter.php(500): CodeIgniter\CodeIgniter->createController()
 3 SYSTEMPATH\CodeIgniter.php(355): CodeIgniter\CodeIgniter->handleRequest(null, Object(Config\Cache), false)
 4 SYSTEMPATH\Boot.php(312): CodeIgniter\CodeIgniter->run()
 5 SYSTEMPATH\Boot.php(67): CodeIgniter\Boot::runCodeIgniter(Object(CodeIgniter\CodeIgniter))
 6 FCPATH\index.php(56): CodeIgniter\Boot::bootWeb(Object(Config\Paths))
 7 SYSTEMPATH\Commands\Server\rewrite.php(49): require_once('C:\\APK\\xampp-8.2\\htdocs\\SafeToTrip\\public\\index.php')
WARNING - 2024-06-12 06:17:20 --> [DEPRECATED] Creation of dynamic property App\Controllers\Harga::$harga is deprecated in APPPATH\Controllers\Harga.php on line 16.
 1 SYSTEMPATH\CodeIgniter.php(903): App\Controllers\Harga->__construct()
 2 SYSTEMPATH\CodeIgniter.php(500): CodeIgniter\CodeIgniter->createController()
 3 SYSTEMPATH\CodeIgniter.php(355): CodeIgniter\CodeIgniter->handleRequest(null, Object(Config\Cache), false)
 4 SYSTEMPATH\Boot.php(312): CodeIgniter\CodeIgniter->run()
 5 SYSTEMPATH\Boot.php(67): CodeIgniter\Boot::runCodeIgniter(Object(CodeIgniter\CodeIgniter))
 6 FCPATH\index.php(56): CodeIgniter\Boot::bootWeb(Object(Config\Paths))
 7 SYSTEMPATH\Commands\Server\rewrite.php(49): require_once('C:\\APK\\xampp-8.2\\htdocs\\SafeToTrip\\public\\index.php')
INFO - 2024-06-12 06:19:51 --> Session: Class initialized using 'CodeIgniter\Session\Handlers\FileHandler' driver.
WARNING - 2024-06-12 06:19:51 --> [DEPRECATED] Creation of dynamic property App\Controllers\Home::$session is deprecated in APPPATH\Controllers\Home.php on line 12.
 1 APPPATH\Controllers\Harga.php(14): App\Controllers\Home->__construct()
 2 SYSTEMPATH\CodeIgniter.php(903): App\Controllers\Harga->__construct()
 3 SYSTEMPATH\CodeIgniter.php(500): CodeIgniter\CodeIgniter->createController()
 4 SYSTEMPATH\CodeIgniter.php(355): CodeIgniter\CodeIgniter->handleRequest(null, Object(Config\Cache), false)
 5 SYSTEMPATH\Boot.php(312): CodeIgniter\CodeIgniter->run()
 6 SYSTEMPATH\Boot.php(67): CodeIgniter\Boot::runCodeIgniter(Object(CodeIgniter\CodeIgniter))
 7 FCPATH\index.php(56): CodeIgniter\Boot::bootWeb(Object(Config\Paths))
 8 SYSTEMPATH\Commands\Server\rewrite.php(49): require_once('C:\\APK\\xampp-8.2\\htdocs\\SafeToTrip\\public\\index.php')
WARNING - 2024-06-12 06:19:51 --> [DEPRECATED] Creation of dynamic property App\Controllers\Home::$wisata is deprecated in APPPATH\Controllers\Home.php on line 13.
 1 APPPATH\Controllers\Harga.php(14): App\Controllers\Home->__construct()
 2 SYSTEMPATH\CodeIgniter.php(903): App\Controllers\Harga->__construct()
 3 SYSTEMPATH\CodeIgniter.php(500): CodeIgniter\CodeIgniter->createController()
 4 SYSTEMPATH\CodeIgniter.php(355): CodeIgniter\CodeIgniter->handleRequest(null, Object(Config\Cache), false)
 5 SYSTEMPATH\Boot.php(312): CodeIgniter\CodeIgniter->run()
 6 SYSTEMPATH\Boot.php(67): CodeIgniter\Boot::runCodeIgniter(Object(CodeIgniter\CodeIgniter))
 7 FCPATH\index.php(56): CodeIgniter\Boot::bootWeb(Object(Config\Paths))
 8 SYSTEMPATH\Commands\Server\rewrite.php(49): require_once('C:\\APK\\xampp-8.2\\htdocs\\SafeToTrip\\public\\index.php')
WARNING - 2024-06-12 06:19:51 --> [DEPRECATED] Creation of dynamic property App\Controllers\Home::$fasilitas is deprecated in APPPATH\Controllers\Home.php on line 14.
 1 APPPATH\Controllers\Harga.php(14): App\Controllers\Home->__construct()
 2 SYSTEMPATH\CodeIgniter.php(903): App\Controllers\Harga->__construct()
 3 SYSTEMPATH\CodeIgniter.php(500): CodeIgniter\CodeIgniter->createController()
 4 SYSTEMPATH\CodeIgniter.php(355): CodeIgniter\CodeIgniter->handleRequest(null, Object(Config\Cache), false)
 5 SYSTEMPATH\Boot.php(312): CodeIgniter\CodeIgniter->run()
 6 SYSTEMPATH\Boot.php(67): CodeIgniter\Boot::runCodeIgniter(Object(CodeIgniter\CodeIgniter))
 7 FCPATH\index.php(56): CodeIgniter\Boot::bootWeb(Object(Config\Paths))
 8 SYSTEMPATH\Commands\Server\rewrite.php(49): require_once('C:\\APK\\xampp-8.2\\htdocs\\SafeToTrip\\public\\index.php')
WARNING - 2024-06-12 06:19:51 --> [DEPRECATED] Creation of dynamic property App\Controllers\Harga::$home is deprecated in APPPATH\Controllers\Harga.php on line 14.
 1 SYSTEMPATH\CodeIgniter.php(903): App\Controllers\Harga->__construct()
 2 SYSTEMPATH\CodeIgniter.php(500): CodeIgniter\CodeIgniter->createController()
 3 SYSTEMPATH\CodeIgniter.php(355): CodeIgniter\CodeIgniter->handleRequest(null, Object(Config\Cache), false)
 4 SYSTEMPATH\Boot.php(312): CodeIgniter\CodeIgniter->run()
 5 SYSTEMPATH\Boot.php(67): CodeIgniter\Boot::runCodeIgniter(Object(CodeIgniter\CodeIgniter))
 6 FCPATH\index.php(56): CodeIgniter\Boot::bootWeb(Object(Config\Paths))
 7 SYSTEMPATH\Commands\Server\rewrite.php(49): require_once('C:\\APK\\xampp-8.2\\htdocs\\SafeToTrip\\public\\index.php')
WARNING - 2024-06-12 06:19:51 --> [DEPRECATED] Creation of dynamic property App\Controllers\Harga::$wisata is deprecated in APPPATH\Controllers\Harga.php on line 15.
 1 SYSTEMPATH\CodeIgniter.php(903): App\Controllers\Harga->__construct()
 2 SYSTEMPATH\CodeIgniter.php(500): CodeIgniter\CodeIgniter->createController()
 3 SYSTEMPATH\CodeIgniter.php(355): CodeIgniter\CodeIgniter->handleRequest(null, Object(Config\Cache), false)
 4 SYSTEMPATH\Boot.php(312): CodeIgniter\CodeIgniter->run()
 5 SYSTEMPATH\Boot.php(67): CodeIgniter\Boot::runCodeIgniter(Object(CodeIgniter\CodeIgniter))
 6 FCPATH\index.php(56): CodeIgniter\Boot::bootWeb(Object(Config\Paths))
 7 SYSTEMPATH\Commands\Server\rewrite.php(49): require_once('C:\\APK\\xampp-8.2\\htdocs\\SafeToTrip\\public\\index.php')
WARNING - 2024-06-12 06:19:51 --> [DEPRECATED] Creation of dynamic property App\Controllers\Harga::$harga is deprecated in APPPATH\Controllers\Harga.php on line 16.
 1 SYSTEMPATH\CodeIgniter.php(903): App\Controllers\Harga->__construct()
 2 SYSTEMPATH\CodeIgniter.php(500): CodeIgniter\CodeIgniter->createController()
 3 SYSTEMPATH\CodeIgniter.php(355): CodeIgniter\CodeIgniter->handleRequest(null, Object(Config\Cache), false)
 4 SYSTEMPATH\Boot.php(312): CodeIgniter\CodeIgniter->run()
 5 SYSTEMPATH\Boot.php(67): CodeIgniter\Boot::runCodeIgniter(Object(CodeIgniter\CodeIgniter))
 6 FCPATH\index.php(56): CodeIgniter\Boot::bootWeb(Object(Config\Paths))
 7 SYSTEMPATH\Commands\Server\rewrite.php(49): require_once('C:\\APK\\xampp-8.2\\htdocs\\SafeToTrip\\public\\index.php')
INFO - 2024-06-12 06:20:06 --> Session: Class initialized using 'CodeIgniter\Session\Handlers\FileHandler' driver.
WARNING - 2024-06-12 06:20:06 --> [DEPRECATED] Creation of dynamic property App\Controllers\Home::$session is deprecated in APPPATH\Controllers\Home.php on line 12.
 1 APPPATH\Controllers\Harga.php(14): App\Controllers\Home->__construct()
 2 SYSTEMPATH\CodeIgniter.php(903): App\Controllers\Harga->__construct()
 3 SYSTEMPATH\CodeIgniter.php(500): CodeIgniter\CodeIgniter->createController()
 4 SYSTEMPATH\CodeIgniter.php(355): CodeIgniter\CodeIgniter->handleRequest(null, Object(Config\Cache), false)
 5 SYSTEMPATH\Boot.php(312): CodeIgniter\CodeIgniter->run()
 6 SYSTEMPATH\Boot.php(67): CodeIgniter\Boot::runCodeIgniter(Object(CodeIgniter\CodeIgniter))
 7 FCPATH\index.php(56): CodeIgniter\Boot::bootWeb(Object(Config\Paths))
 8 SYSTEMPATH\Commands\Server\rewrite.php(49): require_once('C:\\APK\\xampp-8.2\\htdocs\\SafeToTrip\\public\\index.php')
WARNING - 2024-06-12 06:20:06 --> [DEPRECATED] Creation of dynamic property App\Controllers\Home::$wisata is deprecated in APPPATH\Controllers\Home.php on line 13.
 1 APPPATH\Controllers\Harga.php(14): App\Controllers\Home->__construct()
 2 SYSTEMPATH\CodeIgniter.php(903): App\Controllers\Harga->__construct()
 3 SYSTEMPATH\CodeIgniter.php(500): CodeIgniter\CodeIgniter->createController()
 4 SYSTEMPATH\CodeIgniter.php(355): CodeIgniter\CodeIgniter->handleRequest(null, Object(Config\Cache), false)
 5 SYSTEMPATH\Boot.php(312): CodeIgniter\CodeIgniter->run()
 6 SYSTEMPATH\Boot.php(67): CodeIgniter\Boot::runCodeIgniter(Object(CodeIgniter\CodeIgniter))
 7 FCPATH\index.php(56): CodeIgniter\Boot::bootWeb(Object(Config\Paths))
 8 SYSTEMPATH\Commands\Server\rewrite.php(49): require_once('C:\\APK\\xampp-8.2\\htdocs\\SafeToTrip\\public\\index.php')
WARNING - 2024-06-12 06:20:06 --> [DEPRECATED] Creation of dynamic property App\Controllers\Home::$fasilitas is deprecated in APPPATH\Controllers\Home.php on line 14.
 1 APPPATH\Controllers\Harga.php(14): App\Controllers\Home->__construct()
 2 SYSTEMPATH\CodeIgniter.php(903): App\Controllers\Harga->__construct()
 3 SYSTEMPATH\CodeIgniter.php(500): CodeIgniter\CodeIgniter->createController()
 4 SYSTEMPATH\CodeIgniter.php(355): CodeIgniter\CodeIgniter->handleRequest(null, Object(Config\Cache), false)
 5 SYSTEMPATH\Boot.php(312): CodeIgniter\CodeIgniter->run()
 6 SYSTEMPATH\Boot.php(67): CodeIgniter\Boot::runCodeIgniter(Object(CodeIgniter\CodeIgniter))
 7 FCPATH\index.php(56): CodeIgniter\Boot::bootWeb(Object(Config\Paths))
 8 SYSTEMPATH\Commands\Server\rewrite.php(49): require_once('C:\\APK\\xampp-8.2\\htdocs\\SafeToTrip\\public\\index.php')
WARNING - 2024-06-12 06:20:06 --> [DEPRECATED] Creation of dynamic property App\Controllers\Harga::$home is deprecated in APPPATH\Controllers\Harga.php on line 14.
 1 SYSTEMPATH\CodeIgniter.php(903): App\Controllers\Harga->__construct()
 2 SYSTEMPATH\CodeIgniter.php(500): CodeIgniter\CodeIgniter->createController()
 3 SYSTEMPATH\CodeIgniter.php(355): CodeIgniter\CodeIgniter->handleRequest(null, Object(Config\Cache), false)
 4 SYSTEMPATH\Boot.php(312): CodeIgniter\CodeIgniter->run()
 5 SYSTEMPATH\Boot.php(67): CodeIgniter\Boot::runCodeIgniter(Object(CodeIgniter\CodeIgniter))
 6 FCPATH\index.php(56): CodeIgniter\Boot::bootWeb(Object(Config\Paths))
 7 SYSTEMPATH\Commands\Server\rewrite.php(49): require_once('C:\\APK\\xampp-8.2\\htdocs\\SafeToTrip\\public\\index.php')
WARNING - 2024-06-12 06:20:06 --> [DEPRECATED] Creation of dynamic property App\Controllers\Harga::$wisata is deprecated in APPPATH\Controllers\Harga.php on line 15.
 1 SYSTEMPATH\CodeIgniter.php(903): App\Controllers\Harga->__construct()
 2 SYSTEMPATH\CodeIgniter.php(500): CodeIgniter\CodeIgniter->createController()
 3 SYSTEMPATH\CodeIgniter.php(355): CodeIgniter\CodeIgniter->handleRequest(null, Object(Config\Cache), false)
 4 SYSTEMPATH\Boot.php(312): CodeIgniter\CodeIgniter->run()
 5 SYSTEMPATH\Boot.php(67): CodeIgniter\Boot::runCodeIgniter(Object(CodeIgniter\CodeIgniter))
 6 FCPATH\index.php(56): CodeIgniter\Boot::bootWeb(Object(Config\Paths))
 7 SYSTEMPATH\Commands\Server\rewrite.php(49): require_once('C:\\APK\\xampp-8.2\\htdocs\\SafeToTrip\\public\\index.php')
WARNING - 2024-06-12 06:20:06 --> [DEPRECATED] Creation of dynamic property App\Controllers\Harga::$harga is deprecated in APPPATH\Controllers\Harga.php on line 16.
 1 SYSTEMPATH\CodeIgniter.php(903): App\Controllers\Harga->__construct()
 2 SYSTEMPATH\CodeIgniter.php(500): CodeIgniter\CodeIgniter->createController()
 3 SYSTEMPATH\CodeIgniter.php(355): CodeIgniter\CodeIgniter->handleRequest(null, Object(Config\Cache), false)
 4 SYSTEMPATH\Boot.php(312): CodeIgniter\CodeIgniter->run()
 5 SYSTEMPATH\Boot.php(67): CodeIgniter\Boot::runCodeIgniter(Object(CodeIgniter\CodeIgniter))
 6 FCPATH\index.php(56): CodeIgniter\Boot::bootWeb(Object(Config\Paths))
 7 SYSTEMPATH\Commands\Server\rewrite.php(49): require_once('C:\\APK\\xampp-8.2\\htdocs\\SafeToTrip\\public\\index.php')
INFO - 2024-06-12 06:20:27 --> Session: Class initialized using 'CodeIgniter\Session\Handlers\FileHandler' driver.
WARNING - 2024-06-12 06:20:27 --> [DEPRECATED] Creation of dynamic property App\Controllers\Home::$session is deprecated in APPPATH\Controllers\Home.php on line 12.
 1 APPPATH\Controllers\Harga.php(14): App\Controllers\Home->__construct()
 2 SYSTEMPATH\CodeIgniter.php(903): App\Controllers\Harga->__construct()
 3 SYSTEMPATH\CodeIgniter.php(500): CodeIgniter\CodeIgniter->createController()
 4 SYSTEMPATH\CodeIgniter.php(355): CodeIgniter\CodeIgniter->handleRequest(null, Object(Config\Cache), false)
 5 SYSTEMPATH\Boot.php(312): CodeIgniter\CodeIgniter->run()
 6 SYSTEMPATH\Boot.php(67): CodeIgniter\Boot::runCodeIgniter(Object(CodeIgniter\CodeIgniter))
 7 FCPATH\index.php(56): CodeIgniter\Boot::bootWeb(Object(Config\Paths))
 8 SYSTEMPATH\Commands\Server\rewrite.php(49): require_once('C:\\APK\\xampp-8.2\\htdocs\\SafeToTrip\\public\\index.php')
WARNING - 2024-06-12 06:20:27 --> [DEPRECATED] Creation of dynamic property App\Controllers\Home::$wisata is deprecated in APPPATH\Controllers\Home.php on line 13.
 1 APPPATH\Controllers\Harga.php(14): App\Controllers\Home->__construct()
 2 SYSTEMPATH\CodeIgniter.php(903): App\Controllers\Harga->__construct()
 3 SYSTEMPATH\CodeIgniter.php(500): CodeIgniter\CodeIgniter->createController()
 4 SYSTEMPATH\CodeIgniter.php(355): CodeIgniter\CodeIgniter->handleRequest(null, Object(Config\Cache), false)
 5 SYSTEMPATH\Boot.php(312): CodeIgniter\CodeIgniter->run()
 6 SYSTEMPATH\Boot.php(67): CodeIgniter\Boot::runCodeIgniter(Object(CodeIgniter\CodeIgniter))
 7 FCPATH\index.php(56): CodeIgniter\Boot::bootWeb(Object(Config\Paths))
 8 SYSTEMPATH\Commands\Server\rewrite.php(49): require_once('C:\\APK\\xampp-8.2\\htdocs\\SafeToTrip\\public\\index.php')
WARNING - 2024-06-12 06:20:27 --> [DEPRECATED] Creation of dynamic property App\Controllers\Home::$fasilitas is deprecated in APPPATH\Controllers\Home.php on line 14.
 1 APPPATH\Controllers\Harga.php(14): App\Controllers\Home->__construct()
 2 SYSTEMPATH\CodeIgniter.php(903): App\Controllers\Harga->__construct()
 3 SYSTEMPATH\CodeIgniter.php(500): CodeIgniter\CodeIgniter->createController()
 4 SYSTEMPATH\CodeIgniter.php(355): CodeIgniter\CodeIgniter->handleRequest(null, Object(Config\Cache), false)
 5 SYSTEMPATH\Boot.php(312): CodeIgniter\CodeIgniter->run()
 6 SYSTEMPATH\Boot.php(67): CodeIgniter\Boot::runCodeIgniter(Object(CodeIgniter\CodeIgniter))
 7 FCPATH\index.php(56): CodeIgniter\Boot::bootWeb(Object(Config\Paths))
 8 SYSTEMPATH\Commands\Server\rewrite.php(49): require_once('C:\\APK\\xampp-8.2\\htdocs\\SafeToTrip\\public\\index.php')
WARNING - 2024-06-12 06:20:27 --> [DEPRECATED] Creation of dynamic property App\Controllers\Harga::$home is deprecated in APPPATH\Controllers\Harga.php on line 14.
 1 SYSTEMPATH\CodeIgniter.php(903): App\Controllers\Harga->__construct()
 2 SYSTEMPATH\CodeIgniter.php(500): CodeIgniter\CodeIgniter->createController()
 3 SYSTEMPATH\CodeIgniter.php(355): CodeIgniter\CodeIgniter->handleRequest(null, Object(Config\Cache), false)
 4 SYSTEMPATH\Boot.php(312): CodeIgniter\CodeIgniter->run()
 5 SYSTEMPATH\Boot.php(67): CodeIgniter\Boot::runCodeIgniter(Object(CodeIgniter\CodeIgniter))
 6 FCPATH\index.php(56): CodeIgniter\Boot::bootWeb(Object(Config\Paths))
 7 SYSTEMPATH\Commands\Server\rewrite.php(49): require_once('C:\\APK\\xampp-8.2\\htdocs\\SafeToTrip\\public\\index.php')
WARNING - 2024-06-12 06:20:27 --> [DEPRECATED] Creation of dynamic property App\Controllers\Harga::$wisata is deprecated in APPPATH\Controllers\Harga.php on line 15.
 1 SYSTEMPATH\CodeIgniter.php(903): App\Controllers\Harga->__construct()
 2 SYSTEMPATH\CodeIgniter.php(500): CodeIgniter\CodeIgniter->createController()
 3 SYSTEMPATH\CodeIgniter.php(355): CodeIgniter\CodeIgniter->handleRequest(null, Object(Config\Cache), false)
 4 SYSTEMPATH\Boot.php(312): CodeIgniter\CodeIgniter->run()
 5 SYSTEMPATH\Boot.php(67): CodeIgniter\Boot::runCodeIgniter(Object(CodeIgniter\CodeIgniter))
 6 FCPATH\index.php(56): CodeIgniter\Boot::bootWeb(Object(Config\Paths))
 7 SYSTEMPATH\Commands\Server\rewrite.php(49): require_once('C:\\APK\\xampp-8.2\\htdocs\\SafeToTrip\\public\\index.php')
WARNING - 2024-06-12 06:20:27 --> [DEPRECATED] Creation of dynamic property App\Controllers\Harga::$harga is deprecated in APPPATH\Controllers\Harga.php on line 16.
 1 SYSTEMPATH\CodeIgniter.php(903): App\Controllers\Harga->__construct()
 2 SYSTEMPATH\CodeIgniter.php(500): CodeIgniter\CodeIgniter->createController()
 3 SYSTEMPATH\CodeIgniter.php(355): CodeIgniter\CodeIgniter->handleRequest(null, Object(Config\Cache), false)
 4 SYSTEMPATH\Boot.php(312): CodeIgniter\CodeIgniter->run()
 5 SYSTEMPATH\Boot.php(67): CodeIgniter\Boot::runCodeIgniter(Object(CodeIgniter\CodeIgniter))
 6 FCPATH\index.php(56): CodeIgniter\Boot::bootWeb(Object(Config\Paths))
 7 SYSTEMPATH\Commands\Server\rewrite.php(49): require_once('C:\\APK\\xampp-8.2\\htdocs\\SafeToTrip\\public\\index.php')
INFO - 2024-06-12 06:20:47 --> Session: Class initialized using 'CodeIgniter\Session\Handlers\FileHandler' driver.
WARNING - 2024-06-12 06:20:47 --> [DEPRECATED] Creation of dynamic property App\Controllers\Home::$session is deprecated in APPPATH\Controllers\Home.php on line 12.
 1 APPPATH\Controllers\Harga.php(14): App\Controllers\Home->__construct()
 2 SYSTEMPATH\CodeIgniter.php(903): App\Controllers\Harga->__construct()
 3 SYSTEMPATH\CodeIgniter.php(500): CodeIgniter\CodeIgniter->createController()
 4 SYSTEMPATH\CodeIgniter.php(355): CodeIgniter\CodeIgniter->handleRequest(null, Object(Config\Cache), false)
 5 SYSTEMPATH\Boot.php(312): CodeIgniter\CodeIgniter->run()
 6 SYSTEMPATH\Boot.php(67): CodeIgniter\Boot::runCodeIgniter(Object(CodeIgniter\CodeIgniter))
 7 FCPATH\index.php(56): CodeIgniter\Boot::bootWeb(Object(Config\Paths))
 8 SYSTEMPATH\Commands\Server\rewrite.php(49): require_once('C:\\APK\\xampp-8.2\\htdocs\\SafeToTrip\\public\\index.php')
WARNING - 2024-06-12 06:20:47 --> [DEPRECATED] Creation of dynamic property App\Controllers\Home::$wisata is deprecated in APPPATH\Controllers\Home.php on line 13.
 1 APPPATH\Controllers\Harga.php(14): App\Controllers\Home->__construct()
 2 SYSTEMPATH\CodeIgniter.php(903): App\Controllers\Harga->__construct()
 3 SYSTEMPATH\CodeIgniter.php(500): CodeIgniter\CodeIgniter->createController()
 4 SYSTEMPATH\CodeIgniter.php(355): CodeIgniter\CodeIgniter->handleRequest(null, Object(Config\Cache), false)
 5 SYSTEMPATH\Boot.php(312): CodeIgniter\CodeIgniter->run()
 6 SYSTEMPATH\Boot.php(67): CodeIgniter\Boot::runCodeIgniter(Object(CodeIgniter\CodeIgniter))
 7 FCPATH\index.php(56): CodeIgniter\Boot::bootWeb(Object(Config\Paths))
 8 SYSTEMPATH\Commands\Server\rewrite.php(49): require_once('C:\\APK\\xampp-8.2\\htdocs\\SafeToTrip\\public\\index.php')
WARNING - 2024-06-12 06:20:47 --> [DEPRECATED] Creation of dynamic property App\Controllers\Home::$fasilitas is deprecated in APPPATH\Controllers\Home.php on line 14.
 1 APPPATH\Controllers\Harga.php(14): App\Controllers\Home->__construct()
 2 SYSTEMPATH\CodeIgniter.php(903): App\Controllers\Harga->__construct()
 3 SYSTEMPATH\CodeIgniter.php(500): CodeIgniter\CodeIgniter->createController()
 4 SYSTEMPATH\CodeIgniter.php(355): CodeIgniter\CodeIgniter->handleRequest(null, Object(Config\Cache), false)
 5 SYSTEMPATH\Boot.php(312): CodeIgniter\CodeIgniter->run()
 6 SYSTEMPATH\Boot.php(67): CodeIgniter\Boot::runCodeIgniter(Object(CodeIgniter\CodeIgniter))
 7 FCPATH\index.php(56): CodeIgniter\Boot::bootWeb(Object(Config\Paths))
 8 SYSTEMPATH\Commands\Server\rewrite.php(49): require_once('C:\\APK\\xampp-8.2\\htdocs\\SafeToTrip\\public\\index.php')
WARNING - 2024-06-12 06:20:47 --> [DEPRECATED] Creation of dynamic property App\Controllers\Harga::$home is deprecated in APPPATH\Controllers\Harga.php on line 14.
 1 SYSTEMPATH\CodeIgniter.php(903): App\Controllers\Harga->__construct()
 2 SYSTEMPATH\CodeIgniter.php(500): CodeIgniter\CodeIgniter->createController()
 3 SYSTEMPATH\CodeIgniter.php(355): CodeIgniter\CodeIgniter->handleRequest(null, Object(Config\Cache), false)
 4 SYSTEMPATH\Boot.php(312): CodeIgniter\CodeIgniter->run()
 5 SYSTEMPATH\Boot.php(67): CodeIgniter\Boot::runCodeIgniter(Object(CodeIgniter\CodeIgniter))
 6 FCPATH\index.php(56): CodeIgniter\Boot::bootWeb(Object(Config\Paths))
 7 SYSTEMPATH\Commands\Server\rewrite.php(49): require_once('C:\\APK\\xampp-8.2\\htdocs\\SafeToTrip\\public\\index.php')
WARNING - 2024-06-12 06:20:47 --> [DEPRECATED] Creation of dynamic property App\Controllers\Harga::$wisata is deprecated in APPPATH\Controllers\Harga.php on line 15.
 1 SYSTEMPATH\CodeIgniter.php(903): App\Controllers\Harga->__construct()
 2 SYSTEMPATH\CodeIgniter.php(500): CodeIgniter\CodeIgniter->createController()
 3 SYSTEMPATH\CodeIgniter.php(355): CodeIgniter\CodeIgniter->handleRequest(null, Object(Config\Cache), false)
 4 SYSTEMPATH\Boot.php(312): CodeIgniter\CodeIgniter->run()
 5 SYSTEMPATH\Boot.php(67): CodeIgniter\Boot::runCodeIgniter(Object(CodeIgniter\CodeIgniter))
 6 FCPATH\index.php(56): CodeIgniter\Boot::bootWeb(Object(Config\Paths))
 7 SYSTEMPATH\Commands\Server\rewrite.php(49): require_once('C:\\APK\\xampp-8.2\\htdocs\\SafeToTrip\\public\\index.php')
WARNING - 2024-06-12 06:20:47 --> [DEPRECATED] Creation of dynamic property App\Controllers\Harga::$harga is deprecated in APPPATH\Controllers\Harga.php on line 16.
 1 SYSTEMPATH\CodeIgniter.php(903): App\Controllers\Harga->__construct()
 2 SYSTEMPATH\CodeIgniter.php(500): CodeIgniter\CodeIgniter->createController()
 3 SYSTEMPATH\CodeIgniter.php(355): CodeIgniter\CodeIgniter->handleRequest(null, Object(Config\Cache), false)
 4 SYSTEMPATH\Boot.php(312): CodeIgniter\CodeIgniter->run()
 5 SYSTEMPATH\Boot.php(67): CodeIgniter\Boot::runCodeIgniter(Object(CodeIgniter\CodeIgniter))
 6 FCPATH\index.php(56): CodeIgniter\Boot::bootWeb(Object(Config\Paths))
 7 SYSTEMPATH\Commands\Server\rewrite.php(49): require_once('C:\\APK\\xampp-8.2\\htdocs\\SafeToTrip\\public\\index.php')
INFO - 2024-06-12 06:23:13 --> Session: Class initialized using 'CodeIgniter\Session\Handlers\FileHandler' driver.
WARNING - 2024-06-12 06:23:13 --> [DEPRECATED] Creation of dynamic property App\Controllers\Home::$session is deprecated in APPPATH\Controllers\Home.php on line 12.
 1 APPPATH\Controllers\Harga.php(14): App\Controllers\Home->__construct()
 2 SYSTEMPATH\CodeIgniter.php(903): App\Controllers\Harga->__construct()
 3 SYSTEMPATH\CodeIgniter.php(500): CodeIgniter\CodeIgniter->createController()
 4 SYSTEMPATH\CodeIgniter.php(355): CodeIgniter\CodeIgniter->handleRequest(null, Object(Config\Cache), false)
 5 SYSTEMPATH\Boot.php(312): CodeIgniter\CodeIgniter->run()
 6 SYSTEMPATH\Boot.php(67): CodeIgniter\Boot::runCodeIgniter(Object(CodeIgniter\CodeIgniter))
 7 FCPATH\index.php(56): CodeIgniter\Boot::bootWeb(Object(Config\Paths))
 8 SYSTEMPATH\Commands\Server\rewrite.php(49): require_once('C:\\APK\\xampp-8.2\\htdocs\\SafeToTrip\\public\\index.php')
WARNING - 2024-06-12 06:23:13 --> [DEPRECATED] Creation of dynamic property App\Controllers\Home::$wisata is deprecated in APPPATH\Controllers\Home.php on line 13.
 1 APPPATH\Controllers\Harga.php(14): App\Controllers\Home->__construct()
 2 SYSTEMPATH\CodeIgniter.php(903): App\Controllers\Harga->__construct()
 3 SYSTEMPATH\CodeIgniter.php(500): CodeIgniter\CodeIgniter->createController()
 4 SYSTEMPATH\CodeIgniter.php(355): CodeIgniter\CodeIgniter->handleRequest(null, Object(Config\Cache), false)
 5 SYSTEMPATH\Boot.php(312): CodeIgniter\CodeIgniter->run()
 6 SYSTEMPATH\Boot.php(67): CodeIgniter\Boot::runCodeIgniter(Object(CodeIgniter\CodeIgniter))
 7 FCPATH\index.php(56): CodeIgniter\Boot::bootWeb(Object(Config\Paths))
 8 SYSTEMPATH\Commands\Server\rewrite.php(49): require_once('C:\\APK\\xampp-8.2\\htdocs\\SafeToTrip\\public\\index.php')
WARNING - 2024-06-12 06:23:13 --> [DEPRECATED] Creation of dynamic property App\Controllers\Home::$fasilitas is deprecated in APPPATH\Controllers\Home.php on line 14.
 1 APPPATH\Controllers\Harga.php(14): App\Controllers\Home->__construct()
 2 SYSTEMPATH\CodeIgniter.php(903): App\Controllers\Harga->__construct()
 3 SYSTEMPATH\CodeIgniter.php(500): CodeIgniter\CodeIgniter->createController()
 4 SYSTEMPATH\CodeIgniter.php(355): CodeIgniter\CodeIgniter->handleRequest(null, Object(Config\Cache), false)
 5 SYSTEMPATH\Boot.php(312): CodeIgniter\CodeIgniter->run()
 6 SYSTEMPATH\Boot.php(67): CodeIgniter\Boot::runCodeIgniter(Object(CodeIgniter\CodeIgniter))
 7 FCPATH\index.php(56): CodeIgniter\Boot::bootWeb(Object(Config\Paths))
 8 SYSTEMPATH\Commands\Server\rewrite.php(49): require_once('C:\\APK\\xampp-8.2\\htdocs\\SafeToTrip\\public\\index.php')
WARNING - 2024-06-12 06:23:13 --> [DEPRECATED] Creation of dynamic property App\Controllers\Harga::$home is deprecated in APPPATH\Controllers\Harga.php on line 14.
 1 SYSTEMPATH\CodeIgniter.php(903): App\Controllers\Harga->__construct()
 2 SYSTEMPATH\CodeIgniter.php(500): CodeIgniter\CodeIgniter->createController()
 3 SYSTEMPATH\CodeIgniter.php(355): CodeIgniter\CodeIgniter->handleRequest(null, Object(Config\Cache), false)
 4 SYSTEMPATH\Boot.php(312): CodeIgniter\CodeIgniter->run()
 5 SYSTEMPATH\Boot.php(67): CodeIgniter\Boot::runCodeIgniter(Object(CodeIgniter\CodeIgniter))
 6 FCPATH\index.php(56): CodeIgniter\Boot::bootWeb(Object(Config\Paths))
 7 SYSTEMPATH\Commands\Server\rewrite.php(49): require_once('C:\\APK\\xampp-8.2\\htdocs\\SafeToTrip\\public\\index.php')
WARNING - 2024-06-12 06:23:13 --> [DEPRECATED] Creation of dynamic property App\Controllers\Harga::$wisata is deprecated in APPPATH\Controllers\Harga.php on line 15.
 1 SYSTEMPATH\CodeIgniter.php(903): App\Controllers\Harga->__construct()
 2 SYSTEMPATH\CodeIgniter.php(500): CodeIgniter\CodeIgniter->createController()
 3 SYSTEMPATH\CodeIgniter.php(355): CodeIgniter\CodeIgniter->handleRequest(null, Object(Config\Cache), false)
 4 SYSTEMPATH\Boot.php(312): CodeIgniter\CodeIgniter->run()
 5 SYSTEMPATH\Boot.php(67): CodeIgniter\Boot::runCodeIgniter(Object(CodeIgniter\CodeIgniter))
 6 FCPATH\index.php(56): CodeIgniter\Boot::bootWeb(Object(Config\Paths))
 7 SYSTEMPATH\Commands\Server\rewrite.php(49): require_once('C:\\APK\\xampp-8.2\\htdocs\\SafeToTrip\\public\\index.php')
WARNING - 2024-06-12 06:23:13 --> [DEPRECATED] Creation of dynamic property App\Controllers\Harga::$harga is deprecated in APPPATH\Controllers\Harga.php on line 16.
 1 SYSTEMPATH\CodeIgniter.php(903): App\Controllers\Harga->__construct()
 2 SYSTEMPATH\CodeIgniter.php(500): CodeIgniter\CodeIgniter->createController()
 3 SYSTEMPATH\CodeIgniter.php(355): CodeIgniter\CodeIgniter->handleRequest(null, Object(Config\Cache), false)
 4 SYSTEMPATH\Boot.php(312): CodeIgniter\CodeIgniter->run()
 5 SYSTEMPATH\Boot.php(67): CodeIgniter\Boot::runCodeIgniter(Object(CodeIgniter\CodeIgniter))
 6 FCPATH\index.php(56): CodeIgniter\Boot::bootWeb(Object(Config\Paths))
 7 SYSTEMPATH\Commands\Server\rewrite.php(49): require_once('C:\\APK\\xampp-8.2\\htdocs\\SafeToTrip\\public\\index.php')
CRITICAL - 2024-06-12 06:23:13 --> ErrorException: Undefined array key "id_fasilitas"
[Method: GET, Route: harga]
in APPPATH\Views\adminpage\harga\index.php on line 52.
 1 APPPATH\Views\adminpage\harga\index.php(52): CodeIgniter\Debug\Exceptions->errorHandler(2, 'Undefined array key "id_fasilitas"', 'C:\\APK\\xampp-8.2\\htdocs\\SafeToTrip\\app\\Views\\adminpage\\harga\\index.php', 52)
 2 SYSTEMPATH\View\View.php(234): include('C:\\APK\\xampp-8.2\\htdocs\\SafeToTrip\\app\\Views\\adminpage\\harga\\index.php')
 3 SYSTEMPATH\View\View.php(237): CodeIgniter\View\View->CodeIgniter\View\{closure}()
 4 SYSTEMPATH\Common.php(1171): CodeIgniter\View\View->render('adminpage/harga/index', [], true)
 5 APPPATH\Controllers\Harga.php(22): view('adminpage/harga/index', [...])
 6 SYSTEMPATH\CodeIgniter.php(933): App\Controllers\Harga->index()
 7 SYSTEMPATH\CodeIgniter.php(509): CodeIgniter\CodeIgniter->runController(Object(App\Controllers\Harga))
 8 SYSTEMPATH\CodeIgniter.php(355): CodeIgniter\CodeIgniter->handleRequest(null, Object(Config\Cache), false)
 9 SYSTEMPATH\Boot.php(312): CodeIgniter\CodeIgniter->run()
10 SYSTEMPATH\Boot.php(67): CodeIgniter\Boot::runCodeIgniter(Object(CodeIgniter\CodeIgniter))
11 FCPATH\index.php(56): CodeIgniter\Boot::bootWeb(Object(Config\Paths))
12 SYSTEMPATH\Commands\Server\rewrite.php(49): require_once('C:\\APK\\xampp-8.2\\htdocs\\SafeToTrip\\public\\index.php')
INFO - 2024-06-12 06:24:07 --> Session: Class initialized using 'CodeIgniter\Session\Handlers\FileHandler' driver.
WARNING - 2024-06-12 06:24:07 --> [DEPRECATED] Creation of dynamic property App\Controllers\Home::$session is deprecated in APPPATH\Controllers\Home.php on line 12.
 1 APPPATH\Controllers\Harga.php(14): App\Controllers\Home->__construct()
 2 SYSTEMPATH\CodeIgniter.php(903): App\Controllers\Harga->__construct()
 3 SYSTEMPATH\CodeIgniter.php(500): CodeIgniter\CodeIgniter->createController()
 4 SYSTEMPATH\CodeIgniter.php(355): CodeIgniter\CodeIgniter->handleRequest(null, Object(Config\Cache), false)
 5 SYSTEMPATH\Boot.php(312): CodeIgniter\CodeIgniter->run()
 6 SYSTEMPATH\Boot.php(67): CodeIgniter\Boot::runCodeIgniter(Object(CodeIgniter\CodeIgniter))
 7 FCPATH\index.php(56): CodeIgniter\Boot::bootWeb(Object(Config\Paths))
 8 SYSTEMPATH\Commands\Server\rewrite.php(49): require_once('C:\\APK\\xampp-8.2\\htdocs\\SafeToTrip\\public\\index.php')
WARNING - 2024-06-12 06:24:07 --> [DEPRECATED] Creation of dynamic property App\Controllers\Home::$wisata is deprecated in APPPATH\Controllers\Home.php on line 13.
 1 APPPATH\Controllers\Harga.php(14): App\Controllers\Home->__construct()
 2 SYSTEMPATH\CodeIgniter.php(903): App\Controllers\Harga->__construct()
 3 SYSTEMPATH\CodeIgniter.php(500): CodeIgniter\CodeIgniter->createController()
 4 SYSTEMPATH\CodeIgniter.php(355): CodeIgniter\CodeIgniter->handleRequest(null, Object(Config\Cache), false)
 5 SYSTEMPATH\Boot.php(312): CodeIgniter\CodeIgniter->run()
 6 SYSTEMPATH\Boot.php(67): CodeIgniter\Boot::runCodeIgniter(Object(CodeIgniter\CodeIgniter))
 7 FCPATH\index.php(56): CodeIgniter\Boot::bootWeb(Object(Config\Paths))
 8 SYSTEMPATH\Commands\Server\rewrite.php(49): require_once('C:\\APK\\xampp-8.2\\htdocs\\SafeToTrip\\public\\index.php')
WARNING - 2024-06-12 06:24:07 --> [DEPRECATED] Creation of dynamic property App\Controllers\Home::$fasilitas is deprecated in APPPATH\Controllers\Home.php on line 14.
 1 APPPATH\Controllers\Harga.php(14): App\Controllers\Home->__construct()
 2 SYSTEMPATH\CodeIgniter.php(903): App\Controllers\Harga->__construct()
 3 SYSTEMPATH\CodeIgniter.php(500): CodeIgniter\CodeIgniter->createController()
 4 SYSTEMPATH\CodeIgniter.php(355): CodeIgniter\CodeIgniter->handleRequest(null, Object(Config\Cache), false)
 5 SYSTEMPATH\Boot.php(312): CodeIgniter\CodeIgniter->run()
 6 SYSTEMPATH\Boot.php(67): CodeIgniter\Boot::runCodeIgniter(Object(CodeIgniter\CodeIgniter))
 7 FCPATH\index.php(56): CodeIgniter\Boot::bootWeb(Object(Config\Paths))
 8 SYSTEMPATH\Commands\Server\rewrite.php(49): require_once('C:\\APK\\xampp-8.2\\htdocs\\SafeToTrip\\public\\index.php')
WARNING - 2024-06-12 06:24:07 --> [DEPRECATED] Creation of dynamic property App\Controllers\Harga::$home is deprecated in APPPATH\Controllers\Harga.php on line 14.
 1 SYSTEMPATH\CodeIgniter.php(903): App\Controllers\Harga->__construct()
 2 SYSTEMPATH\CodeIgniter.php(500): CodeIgniter\CodeIgniter->createController()
 3 SYSTEMPATH\CodeIgniter.php(355): CodeIgniter\CodeIgniter->handleRequest(null, Object(Config\Cache), false)
 4 SYSTEMPATH\Boot.php(312): CodeIgniter\CodeIgniter->run()
 5 SYSTEMPATH\Boot.php(67): CodeIgniter\Boot::runCodeIgniter(Object(CodeIgniter\CodeIgniter))
 6 FCPATH\index.php(56): CodeIgniter\Boot::bootWeb(Object(Config\Paths))
 7 SYSTEMPATH\Commands\Server\rewrite.php(49): require_once('C:\\APK\\xampp-8.2\\htdocs\\SafeToTrip\\public\\index.php')
WARNING - 2024-06-12 06:24:07 --> [DEPRECATED] Creation of dynamic property App\Controllers\Harga::$wisata is deprecated in APPPATH\Controllers\Harga.php on line 15.
 1 SYSTEMPATH\CodeIgniter.php(903): App\Controllers\Harga->__construct()
 2 SYSTEMPATH\CodeIgniter.php(500): CodeIgniter\CodeIgniter->createController()
 3 SYSTEMPATH\CodeIgniter.php(355): CodeIgniter\CodeIgniter->handleRequest(null, Object(Config\Cache), false)
 4 SYSTEMPATH\Boot.php(312): CodeIgniter\CodeIgniter->run()
 5 SYSTEMPATH\Boot.php(67): CodeIgniter\Boot::runCodeIgniter(Object(CodeIgniter\CodeIgniter))
 6 FCPATH\index.php(56): CodeIgniter\Boot::bootWeb(Object(Config\Paths))
 7 SYSTEMPATH\Commands\Server\rewrite.php(49): require_once('C:\\APK\\xampp-8.2\\htdocs\\SafeToTrip\\public\\index.php')
WARNING - 2024-06-12 06:24:07 --> [DEPRECATED] Creation of dynamic property App\Controllers\Harga::$harga is deprecated in APPPATH\Controllers\Harga.php on line 16.
 1 SYSTEMPATH\CodeIgniter.php(903): App\Controllers\Harga->__construct()
 2 SYSTEMPATH\CodeIgniter.php(500): CodeIgniter\CodeIgniter->createController()
 3 SYSTEMPATH\CodeIgniter.php(355): CodeIgniter\CodeIgniter->handleRequest(null, Object(Config\Cache), false)
 4 SYSTEMPATH\Boot.php(312): CodeIgniter\CodeIgniter->run()
 5 SYSTEMPATH\Boot.php(67): CodeIgniter\Boot::runCodeIgniter(Object(CodeIgniter\CodeIgniter))
 6 FCPATH\index.php(56): CodeIgniter\Boot::bootWeb(Object(Config\Paths))
 7 SYSTEMPATH\Commands\Server\rewrite.php(49): require_once('C:\\APK\\xampp-8.2\\htdocs\\SafeToTrip\\public\\index.php')
CRITICAL - 2024-06-12 06:24:07 --> ErrorException: Undefined array key "jenis"
[Method: GET, Route: harga]
in APPPATH\Views\adminpage\harga\index.php on line 52.
 1 APPPATH\Views\adminpage\harga\index.php(52): CodeIgniter\Debug\Exceptions->errorHandler(2, 'Undefined array key "jenis"', 'C:\\APK\\xampp-8.2\\htdocs\\SafeToTrip\\app\\Views\\adminpage\\harga\\index.php', 52)
 2 SYSTEMPATH\View\View.php(234): include('C:\\APK\\xampp-8.2\\htdocs\\SafeToTrip\\app\\Views\\adminpage\\harga\\index.php')
 3 SYSTEMPATH\View\View.php(237): CodeIgniter\View\View->CodeIgniter\View\{closure}()
 4 SYSTEMPATH\Common.php(1171): CodeIgniter\View\View->render('adminpage/harga/index', [], true)
 5 APPPATH\Controllers\Harga.php(22): view('adminpage/harga/index', [...])
 6 SYSTEMPATH\CodeIgniter.php(933): App\Controllers\Harga->index()
 7 SYSTEMPATH\CodeIgniter.php(509): CodeIgniter\CodeIgniter->runController(Object(App\Controllers\Harga))
 8 SYSTEMPATH\CodeIgniter.php(355): CodeIgniter\CodeIgniter->handleRequest(null, Object(Config\Cache), false)
 9 SYSTEMPATH\Boot.php(312): CodeIgniter\CodeIgniter->run()
10 SYSTEMPATH\Boot.php(67): CodeIgniter\Boot::runCodeIgniter(Object(CodeIgniter\CodeIgniter))
11 FCPATH\index.php(56): CodeIgniter\Boot::bootWeb(Object(Config\Paths))
12 SYSTEMPATH\Commands\Server\rewrite.php(49): require_once('C:\\APK\\xampp-8.2\\htdocs\\SafeToTrip\\public\\index.php')
INFO - 2024-06-12 06:24:15 --> Session: Class initialized using 'CodeIgniter\Session\Handlers\FileHandler' driver.
WARNING - 2024-06-12 06:24:15 --> [DEPRECATED] Creation of dynamic property App\Controllers\Home::$session is deprecated in APPPATH\Controllers\Home.php on line 12.
 1 APPPATH\Controllers\Harga.php(14): App\Controllers\Home->__construct()
 2 SYSTEMPATH\CodeIgniter.php(903): App\Controllers\Harga->__construct()
 3 SYSTEMPATH\CodeIgniter.php(500): CodeIgniter\CodeIgniter->createController()
 4 SYSTEMPATH\CodeIgniter.php(355): CodeIgniter\CodeIgniter->handleRequest(null, Object(Config\Cache), false)
 5 SYSTEMPATH\Boot.php(312): CodeIgniter\CodeIgniter->run()
 6 SYSTEMPATH\Boot.php(67): CodeIgniter\Boot::runCodeIgniter(Object(CodeIgniter\CodeIgniter))
 7 FCPATH\index.php(56): CodeIgniter\Boot::bootWeb(Object(Config\Paths))
 8 SYSTEMPATH\Commands\Server\rewrite.php(49): require_once('C:\\APK\\xampp-8.2\\htdocs\\SafeToTrip\\public\\index.php')
WARNING - 2024-06-12 06:24:15 --> [DEPRECATED] Creation of dynamic property App\Controllers\Home::$wisata is deprecated in APPPATH\Controllers\Home.php on line 13.
 1 APPPATH\Controllers\Harga.php(14): App\Controllers\Home->__construct()
 2 SYSTEMPATH\CodeIgniter.php(903): App\Controllers\Harga->__construct()
 3 SYSTEMPATH\CodeIgniter.php(500): CodeIgniter\CodeIgniter->createController()
 4 SYSTEMPATH\CodeIgniter.php(355): CodeIgniter\CodeIgniter->handleRequest(null, Object(Config\Cache), false)
 5 SYSTEMPATH\Boot.php(312): CodeIgniter\CodeIgniter->run()
 6 SYSTEMPATH\Boot.php(67): CodeIgniter\Boot::runCodeIgniter(Object(CodeIgniter\CodeIgniter))
 7 FCPATH\index.php(56): CodeIgniter\Boot::bootWeb(Object(Config\Paths))
 8 SYSTEMPATH\Commands\Server\rewrite.php(49): require_once('C:\\APK\\xampp-8.2\\htdocs\\SafeToTrip\\public\\index.php')
WARNING - 2024-06-12 06:24:15 --> [DEPRECATED] Creation of dynamic property App\Controllers\Home::$fasilitas is deprecated in APPPATH\Controllers\Home.php on line 14.
 1 APPPATH\Controllers\Harga.php(14): App\Controllers\Home->__construct()
 2 SYSTEMPATH\CodeIgniter.php(903): App\Controllers\Harga->__construct()
 3 SYSTEMPATH\CodeIgniter.php(500): CodeIgniter\CodeIgniter->createController()
 4 SYSTEMPATH\CodeIgniter.php(355): CodeIgniter\CodeIgniter->handleRequest(null, Object(Config\Cache), false)
 5 SYSTEMPATH\Boot.php(312): CodeIgniter\CodeIgniter->run()
 6 SYSTEMPATH\Boot.php(67): CodeIgniter\Boot::runCodeIgniter(Object(CodeIgniter\CodeIgniter))
 7 FCPATH\index.php(56): CodeIgniter\Boot::bootWeb(Object(Config\Paths))
 8 SYSTEMPATH\Commands\Server\rewrite.php(49): require_once('C:\\APK\\xampp-8.2\\htdocs\\SafeToTrip\\public\\index.php')
WARNING - 2024-06-12 06:24:15 --> [DEPRECATED] Creation of dynamic property App\Controllers\Harga::$home is deprecated in APPPATH\Controllers\Harga.php on line 14.
 1 SYSTEMPATH\CodeIgniter.php(903): App\Controllers\Harga->__construct()
 2 SYSTEMPATH\CodeIgniter.php(500): CodeIgniter\CodeIgniter->createController()
 3 SYSTEMPATH\CodeIgniter.php(355): CodeIgniter\CodeIgniter->handleRequest(null, Object(Config\Cache), false)
 4 SYSTEMPATH\Boot.php(312): CodeIgniter\CodeIgniter->run()
 5 SYSTEMPATH\Boot.php(67): CodeIgniter\Boot::runCodeIgniter(Object(CodeIgniter\CodeIgniter))
 6 FCPATH\index.php(56): CodeIgniter\Boot::bootWeb(Object(Config\Paths))
 7 SYSTEMPATH\Commands\Server\rewrite.php(49): require_once('C:\\APK\\xampp-8.2\\htdocs\\SafeToTrip\\public\\index.php')
WARNING - 2024-06-12 06:24:15 --> [DEPRECATED] Creation of dynamic property App\Controllers\Harga::$wisata is deprecated in APPPATH\Controllers\Harga.php on line 15.
 1 SYSTEMPATH\CodeIgniter.php(903): App\Controllers\Harga->__construct()
 2 SYSTEMPATH\CodeIgniter.php(500): CodeIgniter\CodeIgniter->createController()
 3 SYSTEMPATH\CodeIgniter.php(355): CodeIgniter\CodeIgniter->handleRequest(null, Object(Config\Cache), false)
 4 SYSTEMPATH\Boot.php(312): CodeIgniter\CodeIgniter->run()
 5 SYSTEMPATH\Boot.php(67): CodeIgniter\Boot::runCodeIgniter(Object(CodeIgniter\CodeIgniter))
 6 FCPATH\index.php(56): CodeIgniter\Boot::bootWeb(Object(Config\Paths))
 7 SYSTEMPATH\Commands\Server\rewrite.php(49): require_once('C:\\APK\\xampp-8.2\\htdocs\\SafeToTrip\\public\\index.php')
WARNING - 2024-06-12 06:24:15 --> [DEPRECATED] Creation of dynamic property App\Controllers\Harga::$harga is deprecated in APPPATH\Controllers\Harga.php on line 16.
 1 SYSTEMPATH\CodeIgniter.php(903): App\Controllers\Harga->__construct()
 2 SYSTEMPATH\CodeIgniter.php(500): CodeIgniter\CodeIgniter->createController()
 3 SYSTEMPATH\CodeIgniter.php(355): CodeIgniter\CodeIgniter->handleRequest(null, Object(Config\Cache), false)
 4 SYSTEMPATH\Boot.php(312): CodeIgniter\CodeIgniter->run()
 5 SYSTEMPATH\Boot.php(67): CodeIgniter\Boot::runCodeIgniter(Object(CodeIgniter\CodeIgniter))
 6 FCPATH\index.php(56): CodeIgniter\Boot::bootWeb(Object(Config\Paths))
 7 SYSTEMPATH\Commands\Server\rewrite.php(49): require_once('C:\\APK\\xampp-8.2\\htdocs\\SafeToTrip\\public\\index.php')
INFO - 2024-06-12 06:25:17 --> Session: Class initialized using 'CodeIgniter\Session\Handlers\FileHandler' driver.
WARNING - 2024-06-12 06:25:17 --> [DEPRECATED] Creation of dynamic property App\Controllers\Home::$session is deprecated in APPPATH\Controllers\Home.php on line 12.
 1 APPPATH\Controllers\Harga.php(14): App\Controllers\Home->__construct()
 2 SYSTEMPATH\CodeIgniter.php(903): App\Controllers\Harga->__construct()
 3 SYSTEMPATH\CodeIgniter.php(500): CodeIgniter\CodeIgniter->createController()
 4 SYSTEMPATH\CodeIgniter.php(355): CodeIgniter\CodeIgniter->handleRequest(null, Object(Config\Cache), false)
 5 SYSTEMPATH\Boot.php(312): CodeIgniter\CodeIgniter->run()
 6 SYSTEMPATH\Boot.php(67): CodeIgniter\Boot::runCodeIgniter(Object(CodeIgniter\CodeIgniter))
 7 FCPATH\index.php(56): CodeIgniter\Boot::bootWeb(Object(Config\Paths))
 8 SYSTEMPATH\Commands\Server\rewrite.php(49): require_once('C:\\APK\\xampp-8.2\\htdocs\\SafeToTrip\\public\\index.php')
WARNING - 2024-06-12 06:25:17 --> [DEPRECATED] Creation of dynamic property App\Controllers\Home::$wisata is deprecated in APPPATH\Controllers\Home.php on line 13.
 1 APPPATH\Controllers\Harga.php(14): App\Controllers\Home->__construct()
 2 SYSTEMPATH\CodeIgniter.php(903): App\Controllers\Harga->__construct()
 3 SYSTEMPATH\CodeIgniter.php(500): CodeIgniter\CodeIgniter->createController()
 4 SYSTEMPATH\CodeIgniter.php(355): CodeIgniter\CodeIgniter->handleRequest(null, Object(Config\Cache), false)
 5 SYSTEMPATH\Boot.php(312): CodeIgniter\CodeIgniter->run()
 6 SYSTEMPATH\Boot.php(67): CodeIgniter\Boot::runCodeIgniter(Object(CodeIgniter\CodeIgniter))
 7 FCPATH\index.php(56): CodeIgniter\Boot::bootWeb(Object(Config\Paths))
 8 SYSTEMPATH\Commands\Server\rewrite.php(49): require_once('C:\\APK\\xampp-8.2\\htdocs\\SafeToTrip\\public\\index.php')
WARNING - 2024-06-12 06:25:17 --> [DEPRECATED] Creation of dynamic property App\Controllers\Home::$fasilitas is deprecated in APPPATH\Controllers\Home.php on line 14.
 1 APPPATH\Controllers\Harga.php(14): App\Controllers\Home->__construct()
 2 SYSTEMPATH\CodeIgniter.php(903): App\Controllers\Harga->__construct()
 3 SYSTEMPATH\CodeIgniter.php(500): CodeIgniter\CodeIgniter->createController()
 4 SYSTEMPATH\CodeIgniter.php(355): CodeIgniter\CodeIgniter->handleRequest(null, Object(Config\Cache), false)
 5 SYSTEMPATH\Boot.php(312): CodeIgniter\CodeIgniter->run()
 6 SYSTEMPATH\Boot.php(67): CodeIgniter\Boot::runCodeIgniter(Object(CodeIgniter\CodeIgniter))
 7 FCPATH\index.php(56): CodeIgniter\Boot::bootWeb(Object(Config\Paths))
 8 SYSTEMPATH\Commands\Server\rewrite.php(49): require_once('C:\\APK\\xampp-8.2\\htdocs\\SafeToTrip\\public\\index.php')
WARNING - 2024-06-12 06:25:17 --> [DEPRECATED] Creation of dynamic property App\Controllers\Harga::$home is deprecated in APPPATH\Controllers\Harga.php on line 14.
 1 SYSTEMPATH\CodeIgniter.php(903): App\Controllers\Harga->__construct()
 2 SYSTEMPATH\CodeIgniter.php(500): CodeIgniter\CodeIgniter->createController()
 3 SYSTEMPATH\CodeIgniter.php(355): CodeIgniter\CodeIgniter->handleRequest(null, Object(Config\Cache), false)
 4 SYSTEMPATH\Boot.php(312): CodeIgniter\CodeIgniter->run()
 5 SYSTEMPATH\Boot.php(67): CodeIgniter\Boot::runCodeIgniter(Object(CodeIgniter\CodeIgniter))
 6 FCPATH\index.php(56): CodeIgniter\Boot::bootWeb(Object(Config\Paths))
 7 SYSTEMPATH\Commands\Server\rewrite.php(49): require_once('C:\\APK\\xampp-8.2\\htdocs\\SafeToTrip\\public\\index.php')
WARNING - 2024-06-12 06:25:17 --> [DEPRECATED] Creation of dynamic property App\Controllers\Harga::$wisata is deprecated in APPPATH\Controllers\Harga.php on line 15.
 1 SYSTEMPATH\CodeIgniter.php(903): App\Controllers\Harga->__construct()
 2 SYSTEMPATH\CodeIgniter.php(500): CodeIgniter\CodeIgniter->createController()
 3 SYSTEMPATH\CodeIgniter.php(355): CodeIgniter\CodeIgniter->handleRequest(null, Object(Config\Cache), false)
 4 SYSTEMPATH\Boot.php(312): CodeIgniter\CodeIgniter->run()
 5 SYSTEMPATH\Boot.php(67): CodeIgniter\Boot::runCodeIgniter(Object(CodeIgniter\CodeIgniter))
 6 FCPATH\index.php(56): CodeIgniter\Boot::bootWeb(Object(Config\Paths))
 7 SYSTEMPATH\Commands\Server\rewrite.php(49): require_once('C:\\APK\\xampp-8.2\\htdocs\\SafeToTrip\\public\\index.php')
WARNING - 2024-06-12 06:25:17 --> [DEPRECATED] Creation of dynamic property App\Controllers\Harga::$harga is deprecated in APPPATH\Controllers\Harga.php on line 16.
 1 SYSTEMPATH\CodeIgniter.php(903): App\Controllers\Harga->__construct()
 2 SYSTEMPATH\CodeIgniter.php(500): CodeIgniter\CodeIgniter->createController()
 3 SYSTEMPATH\CodeIgniter.php(355): CodeIgniter\CodeIgniter->handleRequest(null, Object(Config\Cache), false)
 4 SYSTEMPATH\Boot.php(312): CodeIgniter\CodeIgniter->run()
 5 SYSTEMPATH\Boot.php(67): CodeIgniter\Boot::runCodeIgniter(Object(CodeIgniter\CodeIgniter))
 6 FCPATH\index.php(56): CodeIgniter\Boot::bootWeb(Object(Config\Paths))
 7 SYSTEMPATH\Commands\Server\rewrite.php(49): require_once('C:\\APK\\xampp-8.2\\htdocs\\SafeToTrip\\public\\index.php')
INFO - 2024-06-12 06:25:19 --> Session: Class initialized using 'CodeIgniter\Session\Handlers\FileHandler' driver.
WARNING - 2024-06-12 06:25:19 --> [DEPRECATED] Creation of dynamic property App\Controllers\Home::$session is deprecated in APPPATH\Controllers\Home.php on line 12.
 1 APPPATH\Controllers\Harga.php(14): App\Controllers\Home->__construct()
 2 SYSTEMPATH\CodeIgniter.php(903): App\Controllers\Harga->__construct()
 3 SYSTEMPATH\CodeIgniter.php(500): CodeIgniter\CodeIgniter->createController()
 4 SYSTEMPATH\CodeIgniter.php(355): CodeIgniter\CodeIgniter->handleRequest(null, Object(Config\Cache), false)
 5 SYSTEMPATH\Boot.php(312): CodeIgniter\CodeIgniter->run()
 6 SYSTEMPATH\Boot.php(67): CodeIgniter\Boot::runCodeIgniter(Object(CodeIgniter\CodeIgniter))
 7 FCPATH\index.php(56): CodeIgniter\Boot::bootWeb(Object(Config\Paths))
 8 SYSTEMPATH\Commands\Server\rewrite.php(49): require_once('C:\\APK\\xampp-8.2\\htdocs\\SafeToTrip\\public\\index.php')
WARNING - 2024-06-12 06:25:19 --> [DEPRECATED] Creation of dynamic property App\Controllers\Home::$wisata is deprecated in APPPATH\Controllers\Home.php on line 13.
 1 APPPATH\Controllers\Harga.php(14): App\Controllers\Home->__construct()
 2 SYSTEMPATH\CodeIgniter.php(903): App\Controllers\Harga->__construct()
 3 SYSTEMPATH\CodeIgniter.php(500): CodeIgniter\CodeIgniter->createController()
 4 SYSTEMPATH\CodeIgniter.php(355): CodeIgniter\CodeIgniter->handleRequest(null, Object(Config\Cache), false)
 5 SYSTEMPATH\Boot.php(312): CodeIgniter\CodeIgniter->run()
 6 SYSTEMPATH\Boot.php(67): CodeIgniter\Boot::runCodeIgniter(Object(CodeIgniter\CodeIgniter))
 7 FCPATH\index.php(56): CodeIgniter\Boot::bootWeb(Object(Config\Paths))
 8 SYSTEMPATH\Commands\Server\rewrite.php(49): require_once('C:\\APK\\xampp-8.2\\htdocs\\SafeToTrip\\public\\index.php')
WARNING - 2024-06-12 06:25:19 --> [DEPRECATED] Creation of dynamic property App\Controllers\Home::$fasilitas is deprecated in APPPATH\Controllers\Home.php on line 14.
 1 APPPATH\Controllers\Harga.php(14): App\Controllers\Home->__construct()
 2 SYSTEMPATH\CodeIgniter.php(903): App\Controllers\Harga->__construct()
 3 SYSTEMPATH\CodeIgniter.php(500): CodeIgniter\CodeIgniter->createController()
 4 SYSTEMPATH\CodeIgniter.php(355): CodeIgniter\CodeIgniter->handleRequest(null, Object(Config\Cache), false)
 5 SYSTEMPATH\Boot.php(312): CodeIgniter\CodeIgniter->run()
 6 SYSTEMPATH\Boot.php(67): CodeIgniter\Boot::runCodeIgniter(Object(CodeIgniter\CodeIgniter))
 7 FCPATH\index.php(56): CodeIgniter\Boot::bootWeb(Object(Config\Paths))
 8 SYSTEMPATH\Commands\Server\rewrite.php(49): require_once('C:\\APK\\xampp-8.2\\htdocs\\SafeToTrip\\public\\index.php')
WARNING - 2024-06-12 06:25:19 --> [DEPRECATED] Creation of dynamic property App\Controllers\Harga::$home is deprecated in APPPATH\Controllers\Harga.php on line 14.
 1 SYSTEMPATH\CodeIgniter.php(903): App\Controllers\Harga->__construct()
 2 SYSTEMPATH\CodeIgniter.php(500): CodeIgniter\CodeIgniter->createController()
 3 SYSTEMPATH\CodeIgniter.php(355): CodeIgniter\CodeIgniter->handleRequest(null, Object(Config\Cache), false)
 4 SYSTEMPATH\Boot.php(312): CodeIgniter\CodeIgniter->run()
 5 SYSTEMPATH\Boot.php(67): CodeIgniter\Boot::runCodeIgniter(Object(CodeIgniter\CodeIgniter))
 6 FCPATH\index.php(56): CodeIgniter\Boot::bootWeb(Object(Config\Paths))
 7 SYSTEMPATH\Commands\Server\rewrite.php(49): require_once('C:\\APK\\xampp-8.2\\htdocs\\SafeToTrip\\public\\index.php')
WARNING - 2024-06-12 06:25:19 --> [DEPRECATED] Creation of dynamic property App\Controllers\Harga::$wisata is deprecated in APPPATH\Controllers\Harga.php on line 15.
 1 SYSTEMPATH\CodeIgniter.php(903): App\Controllers\Harga->__construct()
 2 SYSTEMPATH\CodeIgniter.php(500): CodeIgniter\CodeIgniter->createController()
 3 SYSTEMPATH\CodeIgniter.php(355): CodeIgniter\CodeIgniter->handleRequest(null, Object(Config\Cache), false)
 4 SYSTEMPATH\Boot.php(312): CodeIgniter\CodeIgniter->run()
 5 SYSTEMPATH\Boot.php(67): CodeIgniter\Boot::runCodeIgniter(Object(CodeIgniter\CodeIgniter))
 6 FCPATH\index.php(56): CodeIgniter\Boot::bootWeb(Object(Config\Paths))
 7 SYSTEMPATH\Commands\Server\rewrite.php(49): require_once('C:\\APK\\xampp-8.2\\htdocs\\SafeToTrip\\public\\index.php')
WARNING - 2024-06-12 06:25:19 --> [DEPRECATED] Creation of dynamic property App\Controllers\Harga::$harga is deprecated in APPPATH\Controllers\Harga.php on line 16.
 1 SYSTEMPATH\CodeIgniter.php(903): App\Controllers\Harga->__construct()
 2 SYSTEMPATH\CodeIgniter.php(500): CodeIgniter\CodeIgniter->createController()
 3 SYSTEMPATH\CodeIgniter.php(355): CodeIgniter\CodeIgniter->handleRequest(null, Object(Config\Cache), false)
 4 SYSTEMPATH\Boot.php(312): CodeIgniter\CodeIgniter->run()
 5 SYSTEMPATH\Boot.php(67): CodeIgniter\Boot::runCodeIgniter(Object(CodeIgniter\CodeIgniter))
 6 FCPATH\index.php(56): CodeIgniter\Boot::bootWeb(Object(Config\Paths))
 7 SYSTEMPATH\Commands\Server\rewrite.php(49): require_once('C:\\APK\\xampp-8.2\\htdocs\\SafeToTrip\\public\\index.php')
INFO - 2024-06-12 06:25:19 --> Session: Class initialized using 'CodeIgniter\Session\Handlers\FileHandler' driver.
WARNING - 2024-06-12 06:25:19 --> [DEPRECATED] Creation of dynamic property App\Controllers\Home::$session is deprecated in APPPATH\Controllers\Home.php on line 12.
 1 APPPATH\Controllers\Harga.php(14): App\Controllers\Home->__construct()
 2 SYSTEMPATH\CodeIgniter.php(903): App\Controllers\Harga->__construct()
 3 SYSTEMPATH\CodeIgniter.php(500): CodeIgniter\CodeIgniter->createController()
 4 SYSTEMPATH\CodeIgniter.php(355): CodeIgniter\CodeIgniter->handleRequest(null, Object(Config\Cache), false)
 5 SYSTEMPATH\Boot.php(312): CodeIgniter\CodeIgniter->run()
 6 SYSTEMPATH\Boot.php(67): CodeIgniter\Boot::runCodeIgniter(Object(CodeIgniter\CodeIgniter))
 7 FCPATH\index.php(56): CodeIgniter\Boot::bootWeb(Object(Config\Paths))
 8 SYSTEMPATH\Commands\Server\rewrite.php(49): require_once('C:\\APK\\xampp-8.2\\htdocs\\SafeToTrip\\public\\index.php')
WARNING - 2024-06-12 06:25:19 --> [DEPRECATED] Creation of dynamic property App\Controllers\Home::$wisata is deprecated in APPPATH\Controllers\Home.php on line 13.
 1 APPPATH\Controllers\Harga.php(14): App\Controllers\Home->__construct()
 2 SYSTEMPATH\CodeIgniter.php(903): App\Controllers\Harga->__construct()
 3 SYSTEMPATH\CodeIgniter.php(500): CodeIgniter\CodeIgniter->createController()
 4 SYSTEMPATH\CodeIgniter.php(355): CodeIgniter\CodeIgniter->handleRequest(null, Object(Config\Cache), false)
 5 SYSTEMPATH\Boot.php(312): CodeIgniter\CodeIgniter->run()
 6 SYSTEMPATH\Boot.php(67): CodeIgniter\Boot::runCodeIgniter(Object(CodeIgniter\CodeIgniter))
 7 FCPATH\index.php(56): CodeIgniter\Boot::bootWeb(Object(Config\Paths))
 8 SYSTEMPATH\Commands\Server\rewrite.php(49): require_once('C:\\APK\\xampp-8.2\\htdocs\\SafeToTrip\\public\\index.php')
WARNING - 2024-06-12 06:25:19 --> [DEPRECATED] Creation of dynamic property App\Controllers\Home::$fasilitas is deprecated in APPPATH\Controllers\Home.php on line 14.
 1 APPPATH\Controllers\Harga.php(14): App\Controllers\Home->__construct()
 2 SYSTEMPATH\CodeIgniter.php(903): App\Controllers\Harga->__construct()
 3 SYSTEMPATH\CodeIgniter.php(500): CodeIgniter\CodeIgniter->createController()
 4 SYSTEMPATH\CodeIgniter.php(355): CodeIgniter\CodeIgniter->handleRequest(null, Object(Config\Cache), false)
 5 SYSTEMPATH\Boot.php(312): CodeIgniter\CodeIgniter->run()
 6 SYSTEMPATH\Boot.php(67): CodeIgniter\Boot::runCodeIgniter(Object(CodeIgniter\CodeIgniter))
 7 FCPATH\index.php(56): CodeIgniter\Boot::bootWeb(Object(Config\Paths))
 8 SYSTEMPATH\Commands\Server\rewrite.php(49): require_once('C:\\APK\\xampp-8.2\\htdocs\\SafeToTrip\\public\\index.php')
WARNING - 2024-06-12 06:25:19 --> [DEPRECATED] Creation of dynamic property App\Controllers\Harga::$home is deprecated in APPPATH\Controllers\Harga.php on line 14.
 1 SYSTEMPATH\CodeIgniter.php(903): App\Controllers\Harga->__construct()
 2 SYSTEMPATH\CodeIgniter.php(500): CodeIgniter\CodeIgniter->createController()
 3 SYSTEMPATH\CodeIgniter.php(355): CodeIgniter\CodeIgniter->handleRequest(null, Object(Config\Cache), false)
 4 SYSTEMPATH\Boot.php(312): CodeIgniter\CodeIgniter->run()
 5 SYSTEMPATH\Boot.php(67): CodeIgniter\Boot::runCodeIgniter(Object(CodeIgniter\CodeIgniter))
 6 FCPATH\index.php(56): CodeIgniter\Boot::bootWeb(Object(Config\Paths))
 7 SYSTEMPATH\Commands\Server\rewrite.php(49): require_once('C:\\APK\\xampp-8.2\\htdocs\\SafeToTrip\\public\\index.php')
WARNING - 2024-06-12 06:25:19 --> [DEPRECATED] Creation of dynamic property App\Controllers\Harga::$wisata is deprecated in APPPATH\Controllers\Harga.php on line 15.
 1 SYSTEMPATH\CodeIgniter.php(903): App\Controllers\Harga->__construct()
 2 SYSTEMPATH\CodeIgniter.php(500): CodeIgniter\CodeIgniter->createController()
 3 SYSTEMPATH\CodeIgniter.php(355): CodeIgniter\CodeIgniter->handleRequest(null, Object(Config\Cache), false)
 4 SYSTEMPATH\Boot.php(312): CodeIgniter\CodeIgniter->run()
 5 SYSTEMPATH\Boot.php(67): CodeIgniter\Boot::runCodeIgniter(Object(CodeIgniter\CodeIgniter))
 6 FCPATH\index.php(56): CodeIgniter\Boot::bootWeb(Object(Config\Paths))
 7 SYSTEMPATH\Commands\Server\rewrite.php(49): require_once('C:\\APK\\xampp-8.2\\htdocs\\SafeToTrip\\public\\index.php')
WARNING - 2024-06-12 06:25:19 --> [DEPRECATED] Creation of dynamic property App\Controllers\Harga::$harga is deprecated in APPPATH\Controllers\Harga.php on line 16.
 1 SYSTEMPATH\CodeIgniter.php(903): App\Controllers\Harga->__construct()
 2 SYSTEMPATH\CodeIgniter.php(500): CodeIgniter\CodeIgniter->createController()
 3 SYSTEMPATH\CodeIgniter.php(355): CodeIgniter\CodeIgniter->handleRequest(null, Object(Config\Cache), false)
 4 SYSTEMPATH\Boot.php(312): CodeIgniter\CodeIgniter->run()
 5 SYSTEMPATH\Boot.php(67): CodeIgniter\Boot::runCodeIgniter(Object(CodeIgniter\CodeIgniter))
 6 FCPATH\index.php(56): CodeIgniter\Boot::bootWeb(Object(Config\Paths))
 7 SYSTEMPATH\Commands\Server\rewrite.php(49): require_once('C:\\APK\\xampp-8.2\\htdocs\\SafeToTrip\\public\\index.php')
INFO - 2024-06-12 06:25:20 --> Session: Class initialized using 'CodeIgniter\Session\Handlers\FileHandler' driver.
WARNING - 2024-06-12 06:25:20 --> [DEPRECATED] Creation of dynamic property App\Controllers\Home::$session is deprecated in APPPATH\Controllers\Home.php on line 12.
 1 APPPATH\Controllers\Harga.php(14): App\Controllers\Home->__construct()
 2 SYSTEMPATH\CodeIgniter.php(903): App\Controllers\Harga->__construct()
 3 SYSTEMPATH\CodeIgniter.php(500): CodeIgniter\CodeIgniter->createController()
 4 SYSTEMPATH\CodeIgniter.php(355): CodeIgniter\CodeIgniter->handleRequest(null, Object(Config\Cache), false)
 5 SYSTEMPATH\Boot.php(312): CodeIgniter\CodeIgniter->run()
 6 SYSTEMPATH\Boot.php(67): CodeIgniter\Boot::runCodeIgniter(Object(CodeIgniter\CodeIgniter))
 7 FCPATH\index.php(56): CodeIgniter\Boot::bootWeb(Object(Config\Paths))
 8 SYSTEMPATH\Commands\Server\rewrite.php(49): require_once('C:\\APK\\xampp-8.2\\htdocs\\SafeToTrip\\public\\index.php')
WARNING - 2024-06-12 06:25:20 --> [DEPRECATED] Creation of dynamic property App\Controllers\Home::$wisata is deprecated in APPPATH\Controllers\Home.php on line 13.
 1 APPPATH\Controllers\Harga.php(14): App\Controllers\Home->__construct()
 2 SYSTEMPATH\CodeIgniter.php(903): App\Controllers\Harga->__construct()
 3 SYSTEMPATH\CodeIgniter.php(500): CodeIgniter\CodeIgniter->createController()
 4 SYSTEMPATH\CodeIgniter.php(355): CodeIgniter\CodeIgniter->handleRequest(null, Object(Config\Cache), false)
 5 SYSTEMPATH\Boot.php(312): CodeIgniter\CodeIgniter->run()
 6 SYSTEMPATH\Boot.php(67): CodeIgniter\Boot::runCodeIgniter(Object(CodeIgniter\CodeIgniter))
 7 FCPATH\index.php(56): CodeIgniter\Boot::bootWeb(Object(Config\Paths))
 8 SYSTEMPATH\Commands\Server\rewrite.php(49): require_once('C:\\APK\\xampp-8.2\\htdocs\\SafeToTrip\\public\\index.php')
WARNING - 2024-06-12 06:25:20 --> [DEPRECATED] Creation of dynamic property App\Controllers\Home::$fasilitas is deprecated in APPPATH\Controllers\Home.php on line 14.
 1 APPPATH\Controllers\Harga.php(14): App\Controllers\Home->__construct()
 2 SYSTEMPATH\CodeIgniter.php(903): App\Controllers\Harga->__construct()
 3 SYSTEMPATH\CodeIgniter.php(500): CodeIgniter\CodeIgniter->createController()
 4 SYSTEMPATH\CodeIgniter.php(355): CodeIgniter\CodeIgniter->handleRequest(null, Object(Config\Cache), false)
 5 SYSTEMPATH\Boot.php(312): CodeIgniter\CodeIgniter->run()
 6 SYSTEMPATH\Boot.php(67): CodeIgniter\Boot::runCodeIgniter(Object(CodeIgniter\CodeIgniter))
 7 FCPATH\index.php(56): CodeIgniter\Boot::bootWeb(Object(Config\Paths))
 8 SYSTEMPATH\Commands\Server\rewrite.php(49): require_once('C:\\APK\\xampp-8.2\\htdocs\\SafeToTrip\\public\\index.php')
WARNING - 2024-06-12 06:25:20 --> [DEPRECATED] Creation of dynamic property App\Controllers\Harga::$home is deprecated in APPPATH\Controllers\Harga.php on line 14.
 1 SYSTEMPATH\CodeIgniter.php(903): App\Controllers\Harga->__construct()
 2 SYSTEMPATH\CodeIgniter.php(500): CodeIgniter\CodeIgniter->createController()
 3 SYSTEMPATH\CodeIgniter.php(355): CodeIgniter\CodeIgniter->handleRequest(null, Object(Config\Cache), false)
 4 SYSTEMPATH\Boot.php(312): CodeIgniter\CodeIgniter->run()
 5 SYSTEMPATH\Boot.php(67): CodeIgniter\Boot::runCodeIgniter(Object(CodeIgniter\CodeIgniter))
 6 FCPATH\index.php(56): CodeIgniter\Boot::bootWeb(Object(Config\Paths))
 7 SYSTEMPATH\Commands\Server\rewrite.php(49): require_once('C:\\APK\\xampp-8.2\\htdocs\\SafeToTrip\\public\\index.php')
WARNING - 2024-06-12 06:25:20 --> [DEPRECATED] Creation of dynamic property App\Controllers\Harga::$wisata is deprecated in APPPATH\Controllers\Harga.php on line 15.
 1 SYSTEMPATH\CodeIgniter.php(903): App\Controllers\Harga->__construct()
 2 SYSTEMPATH\CodeIgniter.php(500): CodeIgniter\CodeIgniter->createController()
 3 SYSTEMPATH\CodeIgniter.php(355): CodeIgniter\CodeIgniter->handleRequest(null, Object(Config\Cache), false)
 4 SYSTEMPATH\Boot.php(312): CodeIgniter\CodeIgniter->run()
 5 SYSTEMPATH\Boot.php(67): CodeIgniter\Boot::runCodeIgniter(Object(CodeIgniter\CodeIgniter))
 6 FCPATH\index.php(56): CodeIgniter\Boot::bootWeb(Object(Config\Paths))
 7 SYSTEMPATH\Commands\Server\rewrite.php(49): require_once('C:\\APK\\xampp-8.2\\htdocs\\SafeToTrip\\public\\index.php')
WARNING - 2024-06-12 06:25:20 --> [DEPRECATED] Creation of dynamic property App\Controllers\Harga::$harga is deprecated in APPPATH\Controllers\Harga.php on line 16.
 1 SYSTEMPATH\CodeIgniter.php(903): App\Controllers\Harga->__construct()
 2 SYSTEMPATH\CodeIgniter.php(500): CodeIgniter\CodeIgniter->createController()
 3 SYSTEMPATH\CodeIgniter.php(355): CodeIgniter\CodeIgniter->handleRequest(null, Object(Config\Cache), false)
 4 SYSTEMPATH\Boot.php(312): CodeIgniter\CodeIgniter->run()
 5 SYSTEMPATH\Boot.php(67): CodeIgniter\Boot::runCodeIgniter(Object(CodeIgniter\CodeIgniter))
 6 FCPATH\index.php(56): CodeIgniter\Boot::bootWeb(Object(Config\Paths))
 7 SYSTEMPATH\Commands\Server\rewrite.php(49): require_once('C:\\APK\\xampp-8.2\\htdocs\\SafeToTrip\\public\\index.php')
INFO - 2024-06-12 06:26:25 --> Session: Class initialized using 'CodeIgniter\Session\Handlers\FileHandler' driver.
WARNING - 2024-06-12 06:26:25 --> [DEPRECATED] Creation of dynamic property App\Controllers\Home::$session is deprecated in APPPATH\Controllers\Home.php on line 12.
 1 APPPATH\Controllers\Harga.php(14): App\Controllers\Home->__construct()
 2 SYSTEMPATH\CodeIgniter.php(903): App\Controllers\Harga->__construct()
 3 SYSTEMPATH\CodeIgniter.php(500): CodeIgniter\CodeIgniter->createController()
 4 SYSTEMPATH\CodeIgniter.php(355): CodeIgniter\CodeIgniter->handleRequest(null, Object(Config\Cache), false)
 5 SYSTEMPATH\Boot.php(312): CodeIgniter\CodeIgniter->run()
 6 SYSTEMPATH\Boot.php(67): CodeIgniter\Boot::runCodeIgniter(Object(CodeIgniter\CodeIgniter))
 7 FCPATH\index.php(56): CodeIgniter\Boot::bootWeb(Object(Config\Paths))
 8 SYSTEMPATH\Commands\Server\rewrite.php(49): require_once('C:\\APK\\xampp-8.2\\htdocs\\SafeToTrip\\public\\index.php')
WARNING - 2024-06-12 06:26:25 --> [DEPRECATED] Creation of dynamic property App\Controllers\Home::$wisata is deprecated in APPPATH\Controllers\Home.php on line 13.
 1 APPPATH\Controllers\Harga.php(14): App\Controllers\Home->__construct()
 2 SYSTEMPATH\CodeIgniter.php(903): App\Controllers\Harga->__construct()
 3 SYSTEMPATH\CodeIgniter.php(500): CodeIgniter\CodeIgniter->createController()
 4 SYSTEMPATH\CodeIgniter.php(355): CodeIgniter\CodeIgniter->handleRequest(null, Object(Config\Cache), false)
 5 SYSTEMPATH\Boot.php(312): CodeIgniter\CodeIgniter->run()
 6 SYSTEMPATH\Boot.php(67): CodeIgniter\Boot::runCodeIgniter(Object(CodeIgniter\CodeIgniter))
 7 FCPATH\index.php(56): CodeIgniter\Boot::bootWeb(Object(Config\Paths))
 8 SYSTEMPATH\Commands\Server\rewrite.php(49): require_once('C:\\APK\\xampp-8.2\\htdocs\\SafeToTrip\\public\\index.php')
WARNING - 2024-06-12 06:26:25 --> [DEPRECATED] Creation of dynamic property App\Controllers\Home::$fasilitas is deprecated in APPPATH\Controllers\Home.php on line 14.
 1 APPPATH\Controllers\Harga.php(14): App\Controllers\Home->__construct()
 2 SYSTEMPATH\CodeIgniter.php(903): App\Controllers\Harga->__construct()
 3 SYSTEMPATH\CodeIgniter.php(500): CodeIgniter\CodeIgniter->createController()
 4 SYSTEMPATH\CodeIgniter.php(355): CodeIgniter\CodeIgniter->handleRequest(null, Object(Config\Cache), false)
 5 SYSTEMPATH\Boot.php(312): CodeIgniter\CodeIgniter->run()
 6 SYSTEMPATH\Boot.php(67): CodeIgniter\Boot::runCodeIgniter(Object(CodeIgniter\CodeIgniter))
 7 FCPATH\index.php(56): CodeIgniter\Boot::bootWeb(Object(Config\Paths))
 8 SYSTEMPATH\Commands\Server\rewrite.php(49): require_once('C:\\APK\\xampp-8.2\\htdocs\\SafeToTrip\\public\\index.php')
WARNING - 2024-06-12 06:26:25 --> [DEPRECATED] Creation of dynamic property App\Controllers\Harga::$home is deprecated in APPPATH\Controllers\Harga.php on line 14.
 1 SYSTEMPATH\CodeIgniter.php(903): App\Controllers\Harga->__construct()
 2 SYSTEMPATH\CodeIgniter.php(500): CodeIgniter\CodeIgniter->createController()
 3 SYSTEMPATH\CodeIgniter.php(355): CodeIgniter\CodeIgniter->handleRequest(null, Object(Config\Cache), false)
 4 SYSTEMPATH\Boot.php(312): CodeIgniter\CodeIgniter->run()
 5 SYSTEMPATH\Boot.php(67): CodeIgniter\Boot::runCodeIgniter(Object(CodeIgniter\CodeIgniter))
 6 FCPATH\index.php(56): CodeIgniter\Boot::bootWeb(Object(Config\Paths))
 7 SYSTEMPATH\Commands\Server\rewrite.php(49): require_once('C:\\APK\\xampp-8.2\\htdocs\\SafeToTrip\\public\\index.php')
WARNING - 2024-06-12 06:26:25 --> [DEPRECATED] Creation of dynamic property App\Controllers\Harga::$wisata is deprecated in APPPATH\Controllers\Harga.php on line 15.
 1 SYSTEMPATH\CodeIgniter.php(903): App\Controllers\Harga->__construct()
 2 SYSTEMPATH\CodeIgniter.php(500): CodeIgniter\CodeIgniter->createController()
 3 SYSTEMPATH\CodeIgniter.php(355): CodeIgniter\CodeIgniter->handleRequest(null, Object(Config\Cache), false)
 4 SYSTEMPATH\Boot.php(312): CodeIgniter\CodeIgniter->run()
 5 SYSTEMPATH\Boot.php(67): CodeIgniter\Boot::runCodeIgniter(Object(CodeIgniter\CodeIgniter))
 6 FCPATH\index.php(56): CodeIgniter\Boot::bootWeb(Object(Config\Paths))
 7 SYSTEMPATH\Commands\Server\rewrite.php(49): require_once('C:\\APK\\xampp-8.2\\htdocs\\SafeToTrip\\public\\index.php')
WARNING - 2024-06-12 06:26:25 --> [DEPRECATED] Creation of dynamic property App\Controllers\Harga::$harga is deprecated in APPPATH\Controllers\Harga.php on line 16.
 1 SYSTEMPATH\CodeIgniter.php(903): App\Controllers\Harga->__construct()
 2 SYSTEMPATH\CodeIgniter.php(500): CodeIgniter\CodeIgniter->createController()
 3 SYSTEMPATH\CodeIgniter.php(355): CodeIgniter\CodeIgniter->handleRequest(null, Object(Config\Cache), false)
 4 SYSTEMPATH\Boot.php(312): CodeIgniter\CodeIgniter->run()
 5 SYSTEMPATH\Boot.php(67): CodeIgniter\Boot::runCodeIgniter(Object(CodeIgniter\CodeIgniter))
 6 FCPATH\index.php(56): CodeIgniter\Boot::bootWeb(Object(Config\Paths))
 7 SYSTEMPATH\Commands\Server\rewrite.php(49): require_once('C:\\APK\\xampp-8.2\\htdocs\\SafeToTrip\\public\\index.php')
INFO - 2024-06-12 06:32:52 --> Session: Class initialized using 'CodeIgniter\Session\Handlers\FileHandler' driver.
WARNING - 2024-06-12 06:32:52 --> [DEPRECATED] Creation of dynamic property App\Controllers\Home::$session is deprecated in APPPATH\Controllers\Home.php on line 12.
 1 APPPATH\Controllers\Harga.php(14): App\Controllers\Home->__construct()
 2 SYSTEMPATH\CodeIgniter.php(903): App\Controllers\Harga->__construct()
 3 SYSTEMPATH\CodeIgniter.php(500): CodeIgniter\CodeIgniter->createController()
 4 SYSTEMPATH\CodeIgniter.php(355): CodeIgniter\CodeIgniter->handleRequest(null, Object(Config\Cache), false)
 5 SYSTEMPATH\Boot.php(312): CodeIgniter\CodeIgniter->run()
 6 SYSTEMPATH\Boot.php(67): CodeIgniter\Boot::runCodeIgniter(Object(CodeIgniter\CodeIgniter))
 7 FCPATH\index.php(56): CodeIgniter\Boot::bootWeb(Object(Config\Paths))
 8 SYSTEMPATH\Commands\Server\rewrite.php(49): require_once('C:\\APK\\xampp-8.2\\htdocs\\SafeToTrip\\public\\index.php')
WARNING - 2024-06-12 06:32:52 --> [DEPRECATED] Creation of dynamic property App\Controllers\Home::$wisata is deprecated in APPPATH\Controllers\Home.php on line 13.
 1 APPPATH\Controllers\Harga.php(14): App\Controllers\Home->__construct()
 2 SYSTEMPATH\CodeIgniter.php(903): App\Controllers\Harga->__construct()
 3 SYSTEMPATH\CodeIgniter.php(500): CodeIgniter\CodeIgniter->createController()
 4 SYSTEMPATH\CodeIgniter.php(355): CodeIgniter\CodeIgniter->handleRequest(null, Object(Config\Cache), false)
 5 SYSTEMPATH\Boot.php(312): CodeIgniter\CodeIgniter->run()
 6 SYSTEMPATH\Boot.php(67): CodeIgniter\Boot::runCodeIgniter(Object(CodeIgniter\CodeIgniter))
 7 FCPATH\index.php(56): CodeIgniter\Boot::bootWeb(Object(Config\Paths))
 8 SYSTEMPATH\Commands\Server\rewrite.php(49): require_once('C:\\APK\\xampp-8.2\\htdocs\\SafeToTrip\\public\\index.php')
WARNING - 2024-06-12 06:32:52 --> [DEPRECATED] Creation of dynamic property App\Controllers\Home::$fasilitas is deprecated in APPPATH\Controllers\Home.php on line 14.
 1 APPPATH\Controllers\Harga.php(14): App\Controllers\Home->__construct()
 2 SYSTEMPATH\CodeIgniter.php(903): App\Controllers\Harga->__construct()
 3 SYSTEMPATH\CodeIgniter.php(500): CodeIgniter\CodeIgniter->createController()
 4 SYSTEMPATH\CodeIgniter.php(355): CodeIgniter\CodeIgniter->handleRequest(null, Object(Config\Cache), false)
 5 SYSTEMPATH\Boot.php(312): CodeIgniter\CodeIgniter->run()
 6 SYSTEMPATH\Boot.php(67): CodeIgniter\Boot::runCodeIgniter(Object(CodeIgniter\CodeIgniter))
 7 FCPATH\index.php(56): CodeIgniter\Boot::bootWeb(Object(Config\Paths))
 8 SYSTEMPATH\Commands\Server\rewrite.php(49): require_once('C:\\APK\\xampp-8.2\\htdocs\\SafeToTrip\\public\\index.php')
WARNING - 2024-06-12 06:32:52 --> [DEPRECATED] Creation of dynamic property App\Controllers\Harga::$home is deprecated in APPPATH\Controllers\Harga.php on line 14.
 1 SYSTEMPATH\CodeIgniter.php(903): App\Controllers\Harga->__construct()
 2 SYSTEMPATH\CodeIgniter.php(500): CodeIgniter\CodeIgniter->createController()
 3 SYSTEMPATH\CodeIgniter.php(355): CodeIgniter\CodeIgniter->handleRequest(null, Object(Config\Cache), false)
 4 SYSTEMPATH\Boot.php(312): CodeIgniter\CodeIgniter->run()
 5 SYSTEMPATH\Boot.php(67): CodeIgniter\Boot::runCodeIgniter(Object(CodeIgniter\CodeIgniter))
 6 FCPATH\index.php(56): CodeIgniter\Boot::bootWeb(Object(Config\Paths))
 7 SYSTEMPATH\Commands\Server\rewrite.php(49): require_once('C:\\APK\\xampp-8.2\\htdocs\\SafeToTrip\\public\\index.php')
WARNING - 2024-06-12 06:32:52 --> [DEPRECATED] Creation of dynamic property App\Controllers\Harga::$wisata is deprecated in APPPATH\Controllers\Harga.php on line 15.
 1 SYSTEMPATH\CodeIgniter.php(903): App\Controllers\Harga->__construct()
 2 SYSTEMPATH\CodeIgniter.php(500): CodeIgniter\CodeIgniter->createController()
 3 SYSTEMPATH\CodeIgniter.php(355): CodeIgniter\CodeIgniter->handleRequest(null, Object(Config\Cache), false)
 4 SYSTEMPATH\Boot.php(312): CodeIgniter\CodeIgniter->run()
 5 SYSTEMPATH\Boot.php(67): CodeIgniter\Boot::runCodeIgniter(Object(CodeIgniter\CodeIgniter))
 6 FCPATH\index.php(56): CodeIgniter\Boot::bootWeb(Object(Config\Paths))
 7 SYSTEMPATH\Commands\Server\rewrite.php(49): require_once('C:\\APK\\xampp-8.2\\htdocs\\SafeToTrip\\public\\index.php')
WARNING - 2024-06-12 06:32:52 --> [DEPRECATED] Creation of dynamic property App\Controllers\Harga::$harga is deprecated in APPPATH\Controllers\Harga.php on line 16.
 1 SYSTEMPATH\CodeIgniter.php(903): App\Controllers\Harga->__construct()
 2 SYSTEMPATH\CodeIgniter.php(500): CodeIgniter\CodeIgniter->createController()
 3 SYSTEMPATH\CodeIgniter.php(355): CodeIgniter\CodeIgniter->handleRequest(null, Object(Config\Cache), false)
 4 SYSTEMPATH\Boot.php(312): CodeIgniter\CodeIgniter->run()
 5 SYSTEMPATH\Boot.php(67): CodeIgniter\Boot::runCodeIgniter(Object(CodeIgniter\CodeIgniter))
 6 FCPATH\index.php(56): CodeIgniter\Boot::bootWeb(Object(Config\Paths))
 7 SYSTEMPATH\Commands\Server\rewrite.php(49): require_once('C:\\APK\\xampp-8.2\\htdocs\\SafeToTrip\\public\\index.php')
INFO - 2024-06-12 06:32:53 --> Session: Class initialized using 'CodeIgniter\Session\Handlers\FileHandler' driver.
WARNING - 2024-06-12 06:32:53 --> [DEPRECATED] Creation of dynamic property App\Controllers\Home::$session is deprecated in APPPATH\Controllers\Home.php on line 12.
 1 APPPATH\Controllers\Harga.php(14): App\Controllers\Home->__construct()
 2 SYSTEMPATH\CodeIgniter.php(903): App\Controllers\Harga->__construct()
 3 SYSTEMPATH\CodeIgniter.php(500): CodeIgniter\CodeIgniter->createController()
 4 SYSTEMPATH\CodeIgniter.php(355): CodeIgniter\CodeIgniter->handleRequest(null, Object(Config\Cache), false)
 5 SYSTEMPATH\Boot.php(312): CodeIgniter\CodeIgniter->run()
 6 SYSTEMPATH\Boot.php(67): CodeIgniter\Boot::runCodeIgniter(Object(CodeIgniter\CodeIgniter))
 7 FCPATH\index.php(56): CodeIgniter\Boot::bootWeb(Object(Config\Paths))
 8 SYSTEMPATH\Commands\Server\rewrite.php(49): require_once('C:\\APK\\xampp-8.2\\htdocs\\SafeToTrip\\public\\index.php')
WARNING - 2024-06-12 06:32:53 --> [DEPRECATED] Creation of dynamic property App\Controllers\Home::$wisata is deprecated in APPPATH\Controllers\Home.php on line 13.
 1 APPPATH\Controllers\Harga.php(14): App\Controllers\Home->__construct()
 2 SYSTEMPATH\CodeIgniter.php(903): App\Controllers\Harga->__construct()
 3 SYSTEMPATH\CodeIgniter.php(500): CodeIgniter\CodeIgniter->createController()
 4 SYSTEMPATH\CodeIgniter.php(355): CodeIgniter\CodeIgniter->handleRequest(null, Object(Config\Cache), false)
 5 SYSTEMPATH\Boot.php(312): CodeIgniter\CodeIgniter->run()
 6 SYSTEMPATH\Boot.php(67): CodeIgniter\Boot::runCodeIgniter(Object(CodeIgniter\CodeIgniter))
 7 FCPATH\index.php(56): CodeIgniter\Boot::bootWeb(Object(Config\Paths))
 8 SYSTEMPATH\Commands\Server\rewrite.php(49): require_once('C:\\APK\\xampp-8.2\\htdocs\\SafeToTrip\\public\\index.php')
WARNING - 2024-06-12 06:32:53 --> [DEPRECATED] Creation of dynamic property App\Controllers\Home::$fasilitas is deprecated in APPPATH\Controllers\Home.php on line 14.
 1 APPPATH\Controllers\Harga.php(14): App\Controllers\Home->__construct()
 2 SYSTEMPATH\CodeIgniter.php(903): App\Controllers\Harga->__construct()
 3 SYSTEMPATH\CodeIgniter.php(500): CodeIgniter\CodeIgniter->createController()
 4 SYSTEMPATH\CodeIgniter.php(355): CodeIgniter\CodeIgniter->handleRequest(null, Object(Config\Cache), false)
 5 SYSTEMPATH\Boot.php(312): CodeIgniter\CodeIgniter->run()
 6 SYSTEMPATH\Boot.php(67): CodeIgniter\Boot::runCodeIgniter(Object(CodeIgniter\CodeIgniter))
 7 FCPATH\index.php(56): CodeIgniter\Boot::bootWeb(Object(Config\Paths))
 8 SYSTEMPATH\Commands\Server\rewrite.php(49): require_once('C:\\APK\\xampp-8.2\\htdocs\\SafeToTrip\\public\\index.php')
WARNING - 2024-06-12 06:32:53 --> [DEPRECATED] Creation of dynamic property App\Controllers\Harga::$home is deprecated in APPPATH\Controllers\Harga.php on line 14.
 1 SYSTEMPATH\CodeIgniter.php(903): App\Controllers\Harga->__construct()
 2 SYSTEMPATH\CodeIgniter.php(500): CodeIgniter\CodeIgniter->createController()
 3 SYSTEMPATH\CodeIgniter.php(355): CodeIgniter\CodeIgniter->handleRequest(null, Object(Config\Cache), false)
 4 SYSTEMPATH\Boot.php(312): CodeIgniter\CodeIgniter->run()
 5 SYSTEMPATH\Boot.php(67): CodeIgniter\Boot::runCodeIgniter(Object(CodeIgniter\CodeIgniter))
 6 FCPATH\index.php(56): CodeIgniter\Boot::bootWeb(Object(Config\Paths))
 7 SYSTEMPATH\Commands\Server\rewrite.php(49): require_once('C:\\APK\\xampp-8.2\\htdocs\\SafeToTrip\\public\\index.php')
WARNING - 2024-06-12 06:32:53 --> [DEPRECATED] Creation of dynamic property App\Controllers\Harga::$wisata is deprecated in APPPATH\Controllers\Harga.php on line 15.
 1 SYSTEMPATH\CodeIgniter.php(903): App\Controllers\Harga->__construct()
 2 SYSTEMPATH\CodeIgniter.php(500): CodeIgniter\CodeIgniter->createController()
 3 SYSTEMPATH\CodeIgniter.php(355): CodeIgniter\CodeIgniter->handleRequest(null, Object(Config\Cache), false)
 4 SYSTEMPATH\Boot.php(312): CodeIgniter\CodeIgniter->run()
 5 SYSTEMPATH\Boot.php(67): CodeIgniter\Boot::runCodeIgniter(Object(CodeIgniter\CodeIgniter))
 6 FCPATH\index.php(56): CodeIgniter\Boot::bootWeb(Object(Config\Paths))
 7 SYSTEMPATH\Commands\Server\rewrite.php(49): require_once('C:\\APK\\xampp-8.2\\htdocs\\SafeToTrip\\public\\index.php')
WARNING - 2024-06-12 06:32:53 --> [DEPRECATED] Creation of dynamic property App\Controllers\Harga::$harga is deprecated in APPPATH\Controllers\Harga.php on line 16.
 1 SYSTEMPATH\CodeIgniter.php(903): App\Controllers\Harga->__construct()
 2 SYSTEMPATH\CodeIgniter.php(500): CodeIgniter\CodeIgniter->createController()
 3 SYSTEMPATH\CodeIgniter.php(355): CodeIgniter\CodeIgniter->handleRequest(null, Object(Config\Cache), false)
 4 SYSTEMPATH\Boot.php(312): CodeIgniter\CodeIgniter->run()
 5 SYSTEMPATH\Boot.php(67): CodeIgniter\Boot::runCodeIgniter(Object(CodeIgniter\CodeIgniter))
 6 FCPATH\index.php(56): CodeIgniter\Boot::bootWeb(Object(Config\Paths))
 7 SYSTEMPATH\Commands\Server\rewrite.php(49): require_once('C:\\APK\\xampp-8.2\\htdocs\\SafeToTrip\\public\\index.php')
INFO - 2024-06-12 06:33:02 --> Session: Class initialized using 'CodeIgniter\Session\Handlers\FileHandler' driver.
WARNING - 2024-06-12 06:33:02 --> [DEPRECATED] Creation of dynamic property App\Controllers\Home::$session is deprecated in APPPATH\Controllers\Home.php on line 12.
 1 APPPATH\Controllers\Harga.php(14): App\Controllers\Home->__construct()
 2 SYSTEMPATH\CodeIgniter.php(903): App\Controllers\Harga->__construct()
 3 SYSTEMPATH\CodeIgniter.php(500): CodeIgniter\CodeIgniter->createController()
 4 SYSTEMPATH\CodeIgniter.php(355): CodeIgniter\CodeIgniter->handleRequest(null, Object(Config\Cache), false)
 5 SYSTEMPATH\Boot.php(312): CodeIgniter\CodeIgniter->run()
 6 SYSTEMPATH\Boot.php(67): CodeIgniter\Boot::runCodeIgniter(Object(CodeIgniter\CodeIgniter))
 7 FCPATH\index.php(56): CodeIgniter\Boot::bootWeb(Object(Config\Paths))
 8 SYSTEMPATH\Commands\Server\rewrite.php(49): require_once('C:\\APK\\xampp-8.2\\htdocs\\SafeToTrip\\public\\index.php')
WARNING - 2024-06-12 06:33:02 --> [DEPRECATED] Creation of dynamic property App\Controllers\Home::$wisata is deprecated in APPPATH\Controllers\Home.php on line 13.
 1 APPPATH\Controllers\Harga.php(14): App\Controllers\Home->__construct()
 2 SYSTEMPATH\CodeIgniter.php(903): App\Controllers\Harga->__construct()
 3 SYSTEMPATH\CodeIgniter.php(500): CodeIgniter\CodeIgniter->createController()
 4 SYSTEMPATH\CodeIgniter.php(355): CodeIgniter\CodeIgniter->handleRequest(null, Object(Config\Cache), false)
 5 SYSTEMPATH\Boot.php(312): CodeIgniter\CodeIgniter->run()
 6 SYSTEMPATH\Boot.php(67): CodeIgniter\Boot::runCodeIgniter(Object(CodeIgniter\CodeIgniter))
 7 FCPATH\index.php(56): CodeIgniter\Boot::bootWeb(Object(Config\Paths))
 8 SYSTEMPATH\Commands\Server\rewrite.php(49): require_once('C:\\APK\\xampp-8.2\\htdocs\\SafeToTrip\\public\\index.php')
WARNING - 2024-06-12 06:33:02 --> [DEPRECATED] Creation of dynamic property App\Controllers\Home::$fasilitas is deprecated in APPPATH\Controllers\Home.php on line 14.
 1 APPPATH\Controllers\Harga.php(14): App\Controllers\Home->__construct()
 2 SYSTEMPATH\CodeIgniter.php(903): App\Controllers\Harga->__construct()
 3 SYSTEMPATH\CodeIgniter.php(500): CodeIgniter\CodeIgniter->createController()
 4 SYSTEMPATH\CodeIgniter.php(355): CodeIgniter\CodeIgniter->handleRequest(null, Object(Config\Cache), false)
 5 SYSTEMPATH\Boot.php(312): CodeIgniter\CodeIgniter->run()
 6 SYSTEMPATH\Boot.php(67): CodeIgniter\Boot::runCodeIgniter(Object(CodeIgniter\CodeIgniter))
 7 FCPATH\index.php(56): CodeIgniter\Boot::bootWeb(Object(Config\Paths))
 8 SYSTEMPATH\Commands\Server\rewrite.php(49): require_once('C:\\APK\\xampp-8.2\\htdocs\\SafeToTrip\\public\\index.php')
WARNING - 2024-06-12 06:33:02 --> [DEPRECATED] Creation of dynamic property App\Controllers\Harga::$home is deprecated in APPPATH\Controllers\Harga.php on line 14.
 1 SYSTEMPATH\CodeIgniter.php(903): App\Controllers\Harga->__construct()
 2 SYSTEMPATH\CodeIgniter.php(500): CodeIgniter\CodeIgniter->createController()
 3 SYSTEMPATH\CodeIgniter.php(355): CodeIgniter\CodeIgniter->handleRequest(null, Object(Config\Cache), false)
 4 SYSTEMPATH\Boot.php(312): CodeIgniter\CodeIgniter->run()
 5 SYSTEMPATH\Boot.php(67): CodeIgniter\Boot::runCodeIgniter(Object(CodeIgniter\CodeIgniter))
 6 FCPATH\index.php(56): CodeIgniter\Boot::bootWeb(Object(Config\Paths))
 7 SYSTEMPATH\Commands\Server\rewrite.php(49): require_once('C:\\APK\\xampp-8.2\\htdocs\\SafeToTrip\\public\\index.php')
WARNING - 2024-06-12 06:33:02 --> [DEPRECATED] Creation of dynamic property App\Controllers\Harga::$wisata is deprecated in APPPATH\Controllers\Harga.php on line 15.
 1 SYSTEMPATH\CodeIgniter.php(903): App\Controllers\Harga->__construct()
 2 SYSTEMPATH\CodeIgniter.php(500): CodeIgniter\CodeIgniter->createController()
 3 SYSTEMPATH\CodeIgniter.php(355): CodeIgniter\CodeIgniter->handleRequest(null, Object(Config\Cache), false)
 4 SYSTEMPATH\Boot.php(312): CodeIgniter\CodeIgniter->run()
 5 SYSTEMPATH\Boot.php(67): CodeIgniter\Boot::runCodeIgniter(Object(CodeIgniter\CodeIgniter))
 6 FCPATH\index.php(56): CodeIgniter\Boot::bootWeb(Object(Config\Paths))
 7 SYSTEMPATH\Commands\Server\rewrite.php(49): require_once('C:\\APK\\xampp-8.2\\htdocs\\SafeToTrip\\public\\index.php')
WARNING - 2024-06-12 06:33:02 --> [DEPRECATED] Creation of dynamic property App\Controllers\Harga::$harga is deprecated in APPPATH\Controllers\Harga.php on line 16.
 1 SYSTEMPATH\CodeIgniter.php(903): App\Controllers\Harga->__construct()
 2 SYSTEMPATH\CodeIgniter.php(500): CodeIgniter\CodeIgniter->createController()
 3 SYSTEMPATH\CodeIgniter.php(355): CodeIgniter\CodeIgniter->handleRequest(null, Object(Config\Cache), false)
 4 SYSTEMPATH\Boot.php(312): CodeIgniter\CodeIgniter->run()
 5 SYSTEMPATH\Boot.php(67): CodeIgniter\Boot::runCodeIgniter(Object(CodeIgniter\CodeIgniter))
 6 FCPATH\index.php(56): CodeIgniter\Boot::bootWeb(Object(Config\Paths))
 7 SYSTEMPATH\Commands\Server\rewrite.php(49): require_once('C:\\APK\\xampp-8.2\\htdocs\\SafeToTrip\\public\\index.php')
INFO - 2024-06-12 06:33:24 --> Session: Class initialized using 'CodeIgniter\Session\Handlers\FileHandler' driver.
WARNING - 2024-06-12 06:33:24 --> [DEPRECATED] Creation of dynamic property App\Controllers\Home::$session is deprecated in APPPATH\Controllers\Home.php on line 12.
 1 APPPATH\Controllers\Harga.php(14): App\Controllers\Home->__construct()
 2 SYSTEMPATH\CodeIgniter.php(903): App\Controllers\Harga->__construct()
 3 SYSTEMPATH\CodeIgniter.php(500): CodeIgniter\CodeIgniter->createController()
 4 SYSTEMPATH\CodeIgniter.php(355): CodeIgniter\CodeIgniter->handleRequest(null, Object(Config\Cache), false)
 5 SYSTEMPATH\Boot.php(312): CodeIgniter\CodeIgniter->run()
 6 SYSTEMPATH\Boot.php(67): CodeIgniter\Boot::runCodeIgniter(Object(CodeIgniter\CodeIgniter))
 7 FCPATH\index.php(56): CodeIgniter\Boot::bootWeb(Object(Config\Paths))
 8 SYSTEMPATH\Commands\Server\rewrite.php(49): require_once('C:\\APK\\xampp-8.2\\htdocs\\SafeToTrip\\public\\index.php')
WARNING - 2024-06-12 06:33:24 --> [DEPRECATED] Creation of dynamic property App\Controllers\Home::$wisata is deprecated in APPPATH\Controllers\Home.php on line 13.
 1 APPPATH\Controllers\Harga.php(14): App\Controllers\Home->__construct()
 2 SYSTEMPATH\CodeIgniter.php(903): App\Controllers\Harga->__construct()
 3 SYSTEMPATH\CodeIgniter.php(500): CodeIgniter\CodeIgniter->createController()
 4 SYSTEMPATH\CodeIgniter.php(355): CodeIgniter\CodeIgniter->handleRequest(null, Object(Config\Cache), false)
 5 SYSTEMPATH\Boot.php(312): CodeIgniter\CodeIgniter->run()
 6 SYSTEMPATH\Boot.php(67): CodeIgniter\Boot::runCodeIgniter(Object(CodeIgniter\CodeIgniter))
 7 FCPATH\index.php(56): CodeIgniter\Boot::bootWeb(Object(Config\Paths))
 8 SYSTEMPATH\Commands\Server\rewrite.php(49): require_once('C:\\APK\\xampp-8.2\\htdocs\\SafeToTrip\\public\\index.php')
WARNING - 2024-06-12 06:33:24 --> [DEPRECATED] Creation of dynamic property App\Controllers\Home::$fasilitas is deprecated in APPPATH\Controllers\Home.php on line 14.
 1 APPPATH\Controllers\Harga.php(14): App\Controllers\Home->__construct()
 2 SYSTEMPATH\CodeIgniter.php(903): App\Controllers\Harga->__construct()
 3 SYSTEMPATH\CodeIgniter.php(500): CodeIgniter\CodeIgniter->createController()
 4 SYSTEMPATH\CodeIgniter.php(355): CodeIgniter\CodeIgniter->handleRequest(null, Object(Config\Cache), false)
 5 SYSTEMPATH\Boot.php(312): CodeIgniter\CodeIgniter->run()
 6 SYSTEMPATH\Boot.php(67): CodeIgniter\Boot::runCodeIgniter(Object(CodeIgniter\CodeIgniter))
 7 FCPATH\index.php(56): CodeIgniter\Boot::bootWeb(Object(Config\Paths))
 8 SYSTEMPATH\Commands\Server\rewrite.php(49): require_once('C:\\APK\\xampp-8.2\\htdocs\\SafeToTrip\\public\\index.php')
WARNING - 2024-06-12 06:33:24 --> [DEPRECATED] Creation of dynamic property App\Controllers\Harga::$home is deprecated in APPPATH\Controllers\Harga.php on line 14.
 1 SYSTEMPATH\CodeIgniter.php(903): App\Controllers\Harga->__construct()
 2 SYSTEMPATH\CodeIgniter.php(500): CodeIgniter\CodeIgniter->createController()
 3 SYSTEMPATH\CodeIgniter.php(355): CodeIgniter\CodeIgniter->handleRequest(null, Object(Config\Cache), false)
 4 SYSTEMPATH\Boot.php(312): CodeIgniter\CodeIgniter->run()
 5 SYSTEMPATH\Boot.php(67): CodeIgniter\Boot::runCodeIgniter(Object(CodeIgniter\CodeIgniter))
 6 FCPATH\index.php(56): CodeIgniter\Boot::bootWeb(Object(Config\Paths))
 7 SYSTEMPATH\Commands\Server\rewrite.php(49): require_once('C:\\APK\\xampp-8.2\\htdocs\\SafeToTrip\\public\\index.php')
WARNING - 2024-06-12 06:33:24 --> [DEPRECATED] Creation of dynamic property App\Controllers\Harga::$wisata is deprecated in APPPATH\Controllers\Harga.php on line 15.
 1 SYSTEMPATH\CodeIgniter.php(903): App\Controllers\Harga->__construct()
 2 SYSTEMPATH\CodeIgniter.php(500): CodeIgniter\CodeIgniter->createController()
 3 SYSTEMPATH\CodeIgniter.php(355): CodeIgniter\CodeIgniter->handleRequest(null, Object(Config\Cache), false)
 4 SYSTEMPATH\Boot.php(312): CodeIgniter\CodeIgniter->run()
 5 SYSTEMPATH\Boot.php(67): CodeIgniter\Boot::runCodeIgniter(Object(CodeIgniter\CodeIgniter))
 6 FCPATH\index.php(56): CodeIgniter\Boot::bootWeb(Object(Config\Paths))
 7 SYSTEMPATH\Commands\Server\rewrite.php(49): require_once('C:\\APK\\xampp-8.2\\htdocs\\SafeToTrip\\public\\index.php')
WARNING - 2024-06-12 06:33:24 --> [DEPRECATED] Creation of dynamic property App\Controllers\Harga::$harga is deprecated in APPPATH\Controllers\Harga.php on line 16.
 1 SYSTEMPATH\CodeIgniter.php(903): App\Controllers\Harga->__construct()
 2 SYSTEMPATH\CodeIgniter.php(500): CodeIgniter\CodeIgniter->createController()
 3 SYSTEMPATH\CodeIgniter.php(355): CodeIgniter\CodeIgniter->handleRequest(null, Object(Config\Cache), false)
 4 SYSTEMPATH\Boot.php(312): CodeIgniter\CodeIgniter->run()
 5 SYSTEMPATH\Boot.php(67): CodeIgniter\Boot::runCodeIgniter(Object(CodeIgniter\CodeIgniter))
 6 FCPATH\index.php(56): CodeIgniter\Boot::bootWeb(Object(Config\Paths))
 7 SYSTEMPATH\Commands\Server\rewrite.php(49): require_once('C:\\APK\\xampp-8.2\\htdocs\\SafeToTrip\\public\\index.php')
INFO - 2024-06-12 06:34:10 --> Session: Class initialized using 'CodeIgniter\Session\Handlers\FileHandler' driver.
WARNING - 2024-06-12 06:34:10 --> [DEPRECATED] Creation of dynamic property App\Controllers\Home::$session is deprecated in APPPATH\Controllers\Home.php on line 12.
 1 APPPATH\Controllers\Harga.php(14): App\Controllers\Home->__construct()
 2 SYSTEMPATH\CodeIgniter.php(903): App\Controllers\Harga->__construct()
 3 SYSTEMPATH\CodeIgniter.php(500): CodeIgniter\CodeIgniter->createController()
 4 SYSTEMPATH\CodeIgniter.php(355): CodeIgniter\CodeIgniter->handleRequest(null, Object(Config\Cache), false)
 5 SYSTEMPATH\Boot.php(312): CodeIgniter\CodeIgniter->run()
 6 SYSTEMPATH\Boot.php(67): CodeIgniter\Boot::runCodeIgniter(Object(CodeIgniter\CodeIgniter))
 7 FCPATH\index.php(56): CodeIgniter\Boot::bootWeb(Object(Config\Paths))
 8 SYSTEMPATH\Commands\Server\rewrite.php(49): require_once('C:\\APK\\xampp-8.2\\htdocs\\SafeToTrip\\public\\index.php')
WARNING - 2024-06-12 06:34:10 --> [DEPRECATED] Creation of dynamic property App\Controllers\Home::$wisata is deprecated in APPPATH\Controllers\Home.php on line 13.
 1 APPPATH\Controllers\Harga.php(14): App\Controllers\Home->__construct()
 2 SYSTEMPATH\CodeIgniter.php(903): App\Controllers\Harga->__construct()
 3 SYSTEMPATH\CodeIgniter.php(500): CodeIgniter\CodeIgniter->createController()
 4 SYSTEMPATH\CodeIgniter.php(355): CodeIgniter\CodeIgniter->handleRequest(null, Object(Config\Cache), false)
 5 SYSTEMPATH\Boot.php(312): CodeIgniter\CodeIgniter->run()
 6 SYSTEMPATH\Boot.php(67): CodeIgniter\Boot::runCodeIgniter(Object(CodeIgniter\CodeIgniter))
 7 FCPATH\index.php(56): CodeIgniter\Boot::bootWeb(Object(Config\Paths))
 8 SYSTEMPATH\Commands\Server\rewrite.php(49): require_once('C:\\APK\\xampp-8.2\\htdocs\\SafeToTrip\\public\\index.php')
WARNING - 2024-06-12 06:34:10 --> [DEPRECATED] Creation of dynamic property App\Controllers\Home::$fasilitas is deprecated in APPPATH\Controllers\Home.php on line 14.
 1 APPPATH\Controllers\Harga.php(14): App\Controllers\Home->__construct()
 2 SYSTEMPATH\CodeIgniter.php(903): App\Controllers\Harga->__construct()
 3 SYSTEMPATH\CodeIgniter.php(500): CodeIgniter\CodeIgniter->createController()
 4 SYSTEMPATH\CodeIgniter.php(355): CodeIgniter\CodeIgniter->handleRequest(null, Object(Config\Cache), false)
 5 SYSTEMPATH\Boot.php(312): CodeIgniter\CodeIgniter->run()
 6 SYSTEMPATH\Boot.php(67): CodeIgniter\Boot::runCodeIgniter(Object(CodeIgniter\CodeIgniter))
 7 FCPATH\index.php(56): CodeIgniter\Boot::bootWeb(Object(Config\Paths))
 8 SYSTEMPATH\Commands\Server\rewrite.php(49): require_once('C:\\APK\\xampp-8.2\\htdocs\\SafeToTrip\\public\\index.php')
WARNING - 2024-06-12 06:34:10 --> [DEPRECATED] Creation of dynamic property App\Controllers\Harga::$home is deprecated in APPPATH\Controllers\Harga.php on line 14.
 1 SYSTEMPATH\CodeIgniter.php(903): App\Controllers\Harga->__construct()
 2 SYSTEMPATH\CodeIgniter.php(500): CodeIgniter\CodeIgniter->createController()
 3 SYSTEMPATH\CodeIgniter.php(355): CodeIgniter\CodeIgniter->handleRequest(null, Object(Config\Cache), false)
 4 SYSTEMPATH\Boot.php(312): CodeIgniter\CodeIgniter->run()
 5 SYSTEMPATH\Boot.php(67): CodeIgniter\Boot::runCodeIgniter(Object(CodeIgniter\CodeIgniter))
 6 FCPATH\index.php(56): CodeIgniter\Boot::bootWeb(Object(Config\Paths))
 7 SYSTEMPATH\Commands\Server\rewrite.php(49): require_once('C:\\APK\\xampp-8.2\\htdocs\\SafeToTrip\\public\\index.php')
WARNING - 2024-06-12 06:34:10 --> [DEPRECATED] Creation of dynamic property App\Controllers\Harga::$wisata is deprecated in APPPATH\Controllers\Harga.php on line 15.
 1 SYSTEMPATH\CodeIgniter.php(903): App\Controllers\Harga->__construct()
 2 SYSTEMPATH\CodeIgniter.php(500): CodeIgniter\CodeIgniter->createController()
 3 SYSTEMPATH\CodeIgniter.php(355): CodeIgniter\CodeIgniter->handleRequest(null, Object(Config\Cache), false)
 4 SYSTEMPATH\Boot.php(312): CodeIgniter\CodeIgniter->run()
 5 SYSTEMPATH\Boot.php(67): CodeIgniter\Boot::runCodeIgniter(Object(CodeIgniter\CodeIgniter))
 6 FCPATH\index.php(56): CodeIgniter\Boot::bootWeb(Object(Config\Paths))
 7 SYSTEMPATH\Commands\Server\rewrite.php(49): require_once('C:\\APK\\xampp-8.2\\htdocs\\SafeToTrip\\public\\index.php')
WARNING - 2024-06-12 06:34:10 --> [DEPRECATED] Creation of dynamic property App\Controllers\Harga::$harga is deprecated in APPPATH\Controllers\Harga.php on line 16.
 1 SYSTEMPATH\CodeIgniter.php(903): App\Controllers\Harga->__construct()
 2 SYSTEMPATH\CodeIgniter.php(500): CodeIgniter\CodeIgniter->createController()
 3 SYSTEMPATH\CodeIgniter.php(355): CodeIgniter\CodeIgniter->handleRequest(null, Object(Config\Cache), false)
 4 SYSTEMPATH\Boot.php(312): CodeIgniter\CodeIgniter->run()
 5 SYSTEMPATH\Boot.php(67): CodeIgniter\Boot::runCodeIgniter(Object(CodeIgniter\CodeIgniter))
 6 FCPATH\index.php(56): CodeIgniter\Boot::bootWeb(Object(Config\Paths))
 7 SYSTEMPATH\Commands\Server\rewrite.php(49): require_once('C:\\APK\\xampp-8.2\\htdocs\\SafeToTrip\\public\\index.php')
INFO - 2024-06-12 06:35:14 --> Session: Class initialized using 'CodeIgniter\Session\Handlers\FileHandler' driver.
WARNING - 2024-06-12 06:35:14 --> [DEPRECATED] Creation of dynamic property App\Controllers\Home::$session is deprecated in APPPATH\Controllers\Home.php on line 12.
 1 APPPATH\Controllers\Harga.php(14): App\Controllers\Home->__construct()
 2 SYSTEMPATH\CodeIgniter.php(903): App\Controllers\Harga->__construct()
 3 SYSTEMPATH\CodeIgniter.php(500): CodeIgniter\CodeIgniter->createController()
 4 SYSTEMPATH\CodeIgniter.php(355): CodeIgniter\CodeIgniter->handleRequest(null, Object(Config\Cache), false)
 5 SYSTEMPATH\Boot.php(312): CodeIgniter\CodeIgniter->run()
 6 SYSTEMPATH\Boot.php(67): CodeIgniter\Boot::runCodeIgniter(Object(CodeIgniter\CodeIgniter))
 7 FCPATH\index.php(56): CodeIgniter\Boot::bootWeb(Object(Config\Paths))
 8 SYSTEMPATH\Commands\Server\rewrite.php(49): require_once('C:\\APK\\xampp-8.2\\htdocs\\SafeToTrip\\public\\index.php')
WARNING - 2024-06-12 06:35:14 --> [DEPRECATED] Creation of dynamic property App\Controllers\Home::$wisata is deprecated in APPPATH\Controllers\Home.php on line 13.
 1 APPPATH\Controllers\Harga.php(14): App\Controllers\Home->__construct()
 2 SYSTEMPATH\CodeIgniter.php(903): App\Controllers\Harga->__construct()
 3 SYSTEMPATH\CodeIgniter.php(500): CodeIgniter\CodeIgniter->createController()
 4 SYSTEMPATH\CodeIgniter.php(355): CodeIgniter\CodeIgniter->handleRequest(null, Object(Config\Cache), false)
 5 SYSTEMPATH\Boot.php(312): CodeIgniter\CodeIgniter->run()
 6 SYSTEMPATH\Boot.php(67): CodeIgniter\Boot::runCodeIgniter(Object(CodeIgniter\CodeIgniter))
 7 FCPATH\index.php(56): CodeIgniter\Boot::bootWeb(Object(Config\Paths))
 8 SYSTEMPATH\Commands\Server\rewrite.php(49): require_once('C:\\APK\\xampp-8.2\\htdocs\\SafeToTrip\\public\\index.php')
WARNING - 2024-06-12 06:35:14 --> [DEPRECATED] Creation of dynamic property App\Controllers\Home::$fasilitas is deprecated in APPPATH\Controllers\Home.php on line 14.
 1 APPPATH\Controllers\Harga.php(14): App\Controllers\Home->__construct()
 2 SYSTEMPATH\CodeIgniter.php(903): App\Controllers\Harga->__construct()
 3 SYSTEMPATH\CodeIgniter.php(500): CodeIgniter\CodeIgniter->createController()
 4 SYSTEMPATH\CodeIgniter.php(355): CodeIgniter\CodeIgniter->handleRequest(null, Object(Config\Cache), false)
 5 SYSTEMPATH\Boot.php(312): CodeIgniter\CodeIgniter->run()
 6 SYSTEMPATH\Boot.php(67): CodeIgniter\Boot::runCodeIgniter(Object(CodeIgniter\CodeIgniter))
 7 FCPATH\index.php(56): CodeIgniter\Boot::bootWeb(Object(Config\Paths))
 8 SYSTEMPATH\Commands\Server\rewrite.php(49): require_once('C:\\APK\\xampp-8.2\\htdocs\\SafeToTrip\\public\\index.php')
WARNING - 2024-06-12 06:35:14 --> [DEPRECATED] Creation of dynamic property App\Controllers\Harga::$home is deprecated in APPPATH\Controllers\Harga.php on line 14.
 1 SYSTEMPATH\CodeIgniter.php(903): App\Controllers\Harga->__construct()
 2 SYSTEMPATH\CodeIgniter.php(500): CodeIgniter\CodeIgniter->createController()
 3 SYSTEMPATH\CodeIgniter.php(355): CodeIgniter\CodeIgniter->handleRequest(null, Object(Config\Cache), false)
 4 SYSTEMPATH\Boot.php(312): CodeIgniter\CodeIgniter->run()
 5 SYSTEMPATH\Boot.php(67): CodeIgniter\Boot::runCodeIgniter(Object(CodeIgniter\CodeIgniter))
 6 FCPATH\index.php(56): CodeIgniter\Boot::bootWeb(Object(Config\Paths))
 7 SYSTEMPATH\Commands\Server\rewrite.php(49): require_once('C:\\APK\\xampp-8.2\\htdocs\\SafeToTrip\\public\\index.php')
WARNING - 2024-06-12 06:35:14 --> [DEPRECATED] Creation of dynamic property App\Controllers\Harga::$wisata is deprecated in APPPATH\Controllers\Harga.php on line 15.
 1 SYSTEMPATH\CodeIgniter.php(903): App\Controllers\Harga->__construct()
 2 SYSTEMPATH\CodeIgniter.php(500): CodeIgniter\CodeIgniter->createController()
 3 SYSTEMPATH\CodeIgniter.php(355): CodeIgniter\CodeIgniter->handleRequest(null, Object(Config\Cache), false)
 4 SYSTEMPATH\Boot.php(312): CodeIgniter\CodeIgniter->run()
 5 SYSTEMPATH\Boot.php(67): CodeIgniter\Boot::runCodeIgniter(Object(CodeIgniter\CodeIgniter))
 6 FCPATH\index.php(56): CodeIgniter\Boot::bootWeb(Object(Config\Paths))
 7 SYSTEMPATH\Commands\Server\rewrite.php(49): require_once('C:\\APK\\xampp-8.2\\htdocs\\SafeToTrip\\public\\index.php')
WARNING - 2024-06-12 06:35:14 --> [DEPRECATED] Creation of dynamic property App\Controllers\Harga::$harga is deprecated in APPPATH\Controllers\Harga.php on line 16.
 1 SYSTEMPATH\CodeIgniter.php(903): App\Controllers\Harga->__construct()
 2 SYSTEMPATH\CodeIgniter.php(500): CodeIgniter\CodeIgniter->createController()
 3 SYSTEMPATH\CodeIgniter.php(355): CodeIgniter\CodeIgniter->handleRequest(null, Object(Config\Cache), false)
 4 SYSTEMPATH\Boot.php(312): CodeIgniter\CodeIgniter->run()
 5 SYSTEMPATH\Boot.php(67): CodeIgniter\Boot::runCodeIgniter(Object(CodeIgniter\CodeIgniter))
 6 FCPATH\index.php(56): CodeIgniter\Boot::bootWeb(Object(Config\Paths))
 7 SYSTEMPATH\Commands\Server\rewrite.php(49): require_once('C:\\APK\\xampp-8.2\\htdocs\\SafeToTrip\\public\\index.php')
INFO - 2024-06-12 06:36:42 --> Session: Class initialized using 'CodeIgniter\Session\Handlers\FileHandler' driver.
WARNING - 2024-06-12 06:36:42 --> [DEPRECATED] Creation of dynamic property App\Controllers\Home::$session is deprecated in APPPATH\Controllers\Home.php on line 12.
 1 APPPATH\Controllers\Harga.php(14): App\Controllers\Home->__construct()
 2 SYSTEMPATH\CodeIgniter.php(903): App\Controllers\Harga->__construct()
 3 SYSTEMPATH\CodeIgniter.php(500): CodeIgniter\CodeIgniter->createController()
 4 SYSTEMPATH\CodeIgniter.php(355): CodeIgniter\CodeIgniter->handleRequest(null, Object(Config\Cache), false)
 5 SYSTEMPATH\Boot.php(312): CodeIgniter\CodeIgniter->run()
 6 SYSTEMPATH\Boot.php(67): CodeIgniter\Boot::runCodeIgniter(Object(CodeIgniter\CodeIgniter))
 7 FCPATH\index.php(56): CodeIgniter\Boot::bootWeb(Object(Config\Paths))
 8 SYSTEMPATH\Commands\Server\rewrite.php(49): require_once('C:\\APK\\xampp-8.2\\htdocs\\SafeToTrip\\public\\index.php')
WARNING - 2024-06-12 06:36:42 --> [DEPRECATED] Creation of dynamic property App\Controllers\Home::$wisata is deprecated in APPPATH\Controllers\Home.php on line 13.
 1 APPPATH\Controllers\Harga.php(14): App\Controllers\Home->__construct()
 2 SYSTEMPATH\CodeIgniter.php(903): App\Controllers\Harga->__construct()
 3 SYSTEMPATH\CodeIgniter.php(500): CodeIgniter\CodeIgniter->createController()
 4 SYSTEMPATH\CodeIgniter.php(355): CodeIgniter\CodeIgniter->handleRequest(null, Object(Config\Cache), false)
 5 SYSTEMPATH\Boot.php(312): CodeIgniter\CodeIgniter->run()
 6 SYSTEMPATH\Boot.php(67): CodeIgniter\Boot::runCodeIgniter(Object(CodeIgniter\CodeIgniter))
 7 FCPATH\index.php(56): CodeIgniter\Boot::bootWeb(Object(Config\Paths))
 8 SYSTEMPATH\Commands\Server\rewrite.php(49): require_once('C:\\APK\\xampp-8.2\\htdocs\\SafeToTrip\\public\\index.php')
WARNING - 2024-06-12 06:36:42 --> [DEPRECATED] Creation of dynamic property App\Controllers\Home::$fasilitas is deprecated in APPPATH\Controllers\Home.php on line 14.
 1 APPPATH\Controllers\Harga.php(14): App\Controllers\Home->__construct()
 2 SYSTEMPATH\CodeIgniter.php(903): App\Controllers\Harga->__construct()
 3 SYSTEMPATH\CodeIgniter.php(500): CodeIgniter\CodeIgniter->createController()
 4 SYSTEMPATH\CodeIgniter.php(355): CodeIgniter\CodeIgniter->handleRequest(null, Object(Config\Cache), false)
 5 SYSTEMPATH\Boot.php(312): CodeIgniter\CodeIgniter->run()
 6 SYSTEMPATH\Boot.php(67): CodeIgniter\Boot::runCodeIgniter(Object(CodeIgniter\CodeIgniter))
 7 FCPATH\index.php(56): CodeIgniter\Boot::bootWeb(Object(Config\Paths))
 8 SYSTEMPATH\Commands\Server\rewrite.php(49): require_once('C:\\APK\\xampp-8.2\\htdocs\\SafeToTrip\\public\\index.php')
WARNING - 2024-06-12 06:36:42 --> [DEPRECATED] Creation of dynamic property App\Controllers\Harga::$home is deprecated in APPPATH\Controllers\Harga.php on line 14.
 1 SYSTEMPATH\CodeIgniter.php(903): App\Controllers\Harga->__construct()
 2 SYSTEMPATH\CodeIgniter.php(500): CodeIgniter\CodeIgniter->createController()
 3 SYSTEMPATH\CodeIgniter.php(355): CodeIgniter\CodeIgniter->handleRequest(null, Object(Config\Cache), false)
 4 SYSTEMPATH\Boot.php(312): CodeIgniter\CodeIgniter->run()
 5 SYSTEMPATH\Boot.php(67): CodeIgniter\Boot::runCodeIgniter(Object(CodeIgniter\CodeIgniter))
 6 FCPATH\index.php(56): CodeIgniter\Boot::bootWeb(Object(Config\Paths))
 7 SYSTEMPATH\Commands\Server\rewrite.php(49): require_once('C:\\APK\\xampp-8.2\\htdocs\\SafeToTrip\\public\\index.php')
WARNING - 2024-06-12 06:36:42 --> [DEPRECATED] Creation of dynamic property App\Controllers\Harga::$wisata is deprecated in APPPATH\Controllers\Harga.php on line 15.
 1 SYSTEMPATH\CodeIgniter.php(903): App\Controllers\Harga->__construct()
 2 SYSTEMPATH\CodeIgniter.php(500): CodeIgniter\CodeIgniter->createController()
 3 SYSTEMPATH\CodeIgniter.php(355): CodeIgniter\CodeIgniter->handleRequest(null, Object(Config\Cache), false)
 4 SYSTEMPATH\Boot.php(312): CodeIgniter\CodeIgniter->run()
 5 SYSTEMPATH\Boot.php(67): CodeIgniter\Boot::runCodeIgniter(Object(CodeIgniter\CodeIgniter))
 6 FCPATH\index.php(56): CodeIgniter\Boot::bootWeb(Object(Config\Paths))
 7 SYSTEMPATH\Commands\Server\rewrite.php(49): require_once('C:\\APK\\xampp-8.2\\htdocs\\SafeToTrip\\public\\index.php')
WARNING - 2024-06-12 06:36:42 --> [DEPRECATED] Creation of dynamic property App\Controllers\Harga::$harga is deprecated in APPPATH\Controllers\Harga.php on line 16.
 1 SYSTEMPATH\CodeIgniter.php(903): App\Controllers\Harga->__construct()
 2 SYSTEMPATH\CodeIgniter.php(500): CodeIgniter\CodeIgniter->createController()
 3 SYSTEMPATH\CodeIgniter.php(355): CodeIgniter\CodeIgniter->handleRequest(null, Object(Config\Cache), false)
 4 SYSTEMPATH\Boot.php(312): CodeIgniter\CodeIgniter->run()
 5 SYSTEMPATH\Boot.php(67): CodeIgniter\Boot::runCodeIgniter(Object(CodeIgniter\CodeIgniter))
 6 FCPATH\index.php(56): CodeIgniter\Boot::bootWeb(Object(Config\Paths))
 7 SYSTEMPATH\Commands\Server\rewrite.php(49): require_once('C:\\APK\\xampp-8.2\\htdocs\\SafeToTrip\\public\\index.php')
INFO - 2024-06-12 06:36:52 --> Session: Class initialized using 'CodeIgniter\Session\Handlers\FileHandler' driver.
WARNING - 2024-06-12 06:36:52 --> [DEPRECATED] Creation of dynamic property App\Controllers\Home::$session is deprecated in APPPATH\Controllers\Home.php on line 12.
 1 APPPATH\Controllers\Harga.php(14): App\Controllers\Home->__construct()
 2 SYSTEMPATH\CodeIgniter.php(903): App\Controllers\Harga->__construct()
 3 SYSTEMPATH\CodeIgniter.php(500): CodeIgniter\CodeIgniter->createController()
 4 SYSTEMPATH\CodeIgniter.php(355): CodeIgniter\CodeIgniter->handleRequest(null, Object(Config\Cache), false)
 5 SYSTEMPATH\Boot.php(312): CodeIgniter\CodeIgniter->run()
 6 SYSTEMPATH\Boot.php(67): CodeIgniter\Boot::runCodeIgniter(Object(CodeIgniter\CodeIgniter))
 7 FCPATH\index.php(56): CodeIgniter\Boot::bootWeb(Object(Config\Paths))
 8 SYSTEMPATH\Commands\Server\rewrite.php(49): require_once('C:\\APK\\xampp-8.2\\htdocs\\SafeToTrip\\public\\index.php')
WARNING - 2024-06-12 06:36:52 --> [DEPRECATED] Creation of dynamic property App\Controllers\Home::$wisata is deprecated in APPPATH\Controllers\Home.php on line 13.
 1 APPPATH\Controllers\Harga.php(14): App\Controllers\Home->__construct()
 2 SYSTEMPATH\CodeIgniter.php(903): App\Controllers\Harga->__construct()
 3 SYSTEMPATH\CodeIgniter.php(500): CodeIgniter\CodeIgniter->createController()
 4 SYSTEMPATH\CodeIgniter.php(355): CodeIgniter\CodeIgniter->handleRequest(null, Object(Config\Cache), false)
 5 SYSTEMPATH\Boot.php(312): CodeIgniter\CodeIgniter->run()
 6 SYSTEMPATH\Boot.php(67): CodeIgniter\Boot::runCodeIgniter(Object(CodeIgniter\CodeIgniter))
 7 FCPATH\index.php(56): CodeIgniter\Boot::bootWeb(Object(Config\Paths))
 8 SYSTEMPATH\Commands\Server\rewrite.php(49): require_once('C:\\APK\\xampp-8.2\\htdocs\\SafeToTrip\\public\\index.php')
WARNING - 2024-06-12 06:36:52 --> [DEPRECATED] Creation of dynamic property App\Controllers\Home::$fasilitas is deprecated in APPPATH\Controllers\Home.php on line 14.
 1 APPPATH\Controllers\Harga.php(14): App\Controllers\Home->__construct()
 2 SYSTEMPATH\CodeIgniter.php(903): App\Controllers\Harga->__construct()
 3 SYSTEMPATH\CodeIgniter.php(500): CodeIgniter\CodeIgniter->createController()
 4 SYSTEMPATH\CodeIgniter.php(355): CodeIgniter\CodeIgniter->handleRequest(null, Object(Config\Cache), false)
 5 SYSTEMPATH\Boot.php(312): CodeIgniter\CodeIgniter->run()
 6 SYSTEMPATH\Boot.php(67): CodeIgniter\Boot::runCodeIgniter(Object(CodeIgniter\CodeIgniter))
 7 FCPATH\index.php(56): CodeIgniter\Boot::bootWeb(Object(Config\Paths))
 8 SYSTEMPATH\Commands\Server\rewrite.php(49): require_once('C:\\APK\\xampp-8.2\\htdocs\\SafeToTrip\\public\\index.php')
WARNING - 2024-06-12 06:36:52 --> [DEPRECATED] Creation of dynamic property App\Controllers\Harga::$home is deprecated in APPPATH\Controllers\Harga.php on line 14.
 1 SYSTEMPATH\CodeIgniter.php(903): App\Controllers\Harga->__construct()
 2 SYSTEMPATH\CodeIgniter.php(500): CodeIgniter\CodeIgniter->createController()
 3 SYSTEMPATH\CodeIgniter.php(355): CodeIgniter\CodeIgniter->handleRequest(null, Object(Config\Cache), false)
 4 SYSTEMPATH\Boot.php(312): CodeIgniter\CodeIgniter->run()
 5 SYSTEMPATH\Boot.php(67): CodeIgniter\Boot::runCodeIgniter(Object(CodeIgniter\CodeIgniter))
 6 FCPATH\index.php(56): CodeIgniter\Boot::bootWeb(Object(Config\Paths))
 7 SYSTEMPATH\Commands\Server\rewrite.php(49): require_once('C:\\APK\\xampp-8.2\\htdocs\\SafeToTrip\\public\\index.php')
WARNING - 2024-06-12 06:36:52 --> [DEPRECATED] Creation of dynamic property App\Controllers\Harga::$wisata is deprecated in APPPATH\Controllers\Harga.php on line 15.
 1 SYSTEMPATH\CodeIgniter.php(903): App\Controllers\Harga->__construct()
 2 SYSTEMPATH\CodeIgniter.php(500): CodeIgniter\CodeIgniter->createController()
 3 SYSTEMPATH\CodeIgniter.php(355): CodeIgniter\CodeIgniter->handleRequest(null, Object(Config\Cache), false)
 4 SYSTEMPATH\Boot.php(312): CodeIgniter\CodeIgniter->run()
 5 SYSTEMPATH\Boot.php(67): CodeIgniter\Boot::runCodeIgniter(Object(CodeIgniter\CodeIgniter))
 6 FCPATH\index.php(56): CodeIgniter\Boot::bootWeb(Object(Config\Paths))
 7 SYSTEMPATH\Commands\Server\rewrite.php(49): require_once('C:\\APK\\xampp-8.2\\htdocs\\SafeToTrip\\public\\index.php')
WARNING - 2024-06-12 06:36:52 --> [DEPRECATED] Creation of dynamic property App\Controllers\Harga::$harga is deprecated in APPPATH\Controllers\Harga.php on line 16.
 1 SYSTEMPATH\CodeIgniter.php(903): App\Controllers\Harga->__construct()
 2 SYSTEMPATH\CodeIgniter.php(500): CodeIgniter\CodeIgniter->createController()
 3 SYSTEMPATH\CodeIgniter.php(355): CodeIgniter\CodeIgniter->handleRequest(null, Object(Config\Cache), false)
 4 SYSTEMPATH\Boot.php(312): CodeIgniter\CodeIgniter->run()
 5 SYSTEMPATH\Boot.php(67): CodeIgniter\Boot::runCodeIgniter(Object(CodeIgniter\CodeIgniter))
 6 FCPATH\index.php(56): CodeIgniter\Boot::bootWeb(Object(Config\Paths))
 7 SYSTEMPATH\Commands\Server\rewrite.php(49): require_once('C:\\APK\\xampp-8.2\\htdocs\\SafeToTrip\\public\\index.php')
CRITICAL - 2024-06-12 06:36:52 --> ErrorException: Undefined variable $tiket
[Method: POST, Route: harga/update]
in APPPATH\Controllers\Harga.php on line 57.
 1 APPPATH\Controllers\Harga.php(57): CodeIgniter\Debug\Exceptions->errorHandler(2, 'Undefined variable $tiket', 'C:\\APK\\xampp-8.2\\htdocs\\SafeToTrip\\app\\Controllers\\Harga.php', 57)
 2 SYSTEMPATH\CodeIgniter.php(933): App\Controllers\Harga->update()
 3 SYSTEMPATH\CodeIgniter.php(509): CodeIgniter\CodeIgniter->runController(Object(App\Controllers\Harga))
 4 SYSTEMPATH\CodeIgniter.php(355): CodeIgniter\CodeIgniter->handleRequest(null, Object(Config\Cache), false)
 5 SYSTEMPATH\Boot.php(312): CodeIgniter\CodeIgniter->run()
 6 SYSTEMPATH\Boot.php(67): CodeIgniter\Boot::runCodeIgniter(Object(CodeIgniter\CodeIgniter))
 7 FCPATH\index.php(56): CodeIgniter\Boot::bootWeb(Object(Config\Paths))
 8 SYSTEMPATH\Commands\Server\rewrite.php(49): require_once('C:\\APK\\xampp-8.2\\htdocs\\SafeToTrip\\public\\index.php')
INFO - 2024-06-12 06:38:48 --> Session: Class initialized using 'CodeIgniter\Session\Handlers\FileHandler' driver.
WARNING - 2024-06-12 06:38:48 --> [DEPRECATED] Creation of dynamic property App\Controllers\Home::$session is deprecated in APPPATH\Controllers\Home.php on line 12.
 1 APPPATH\Controllers\Harga.php(14): App\Controllers\Home->__construct()
 2 SYSTEMPATH\CodeIgniter.php(903): App\Controllers\Harga->__construct()
 3 SYSTEMPATH\CodeIgniter.php(500): CodeIgniter\CodeIgniter->createController()
 4 SYSTEMPATH\CodeIgniter.php(355): CodeIgniter\CodeIgniter->handleRequest(null, Object(Config\Cache), false)
 5 SYSTEMPATH\Boot.php(312): CodeIgniter\CodeIgniter->run()
 6 SYSTEMPATH\Boot.php(67): CodeIgniter\Boot::runCodeIgniter(Object(CodeIgniter\CodeIgniter))
 7 FCPATH\index.php(56): CodeIgniter\Boot::bootWeb(Object(Config\Paths))
 8 SYSTEMPATH\Commands\Server\rewrite.php(49): require_once('C:\\APK\\xampp-8.2\\htdocs\\SafeToTrip\\public\\index.php')
WARNING - 2024-06-12 06:38:48 --> [DEPRECATED] Creation of dynamic property App\Controllers\Home::$wisata is deprecated in APPPATH\Controllers\Home.php on line 13.
 1 APPPATH\Controllers\Harga.php(14): App\Controllers\Home->__construct()
 2 SYSTEMPATH\CodeIgniter.php(903): App\Controllers\Harga->__construct()
 3 SYSTEMPATH\CodeIgniter.php(500): CodeIgniter\CodeIgniter->createController()
 4 SYSTEMPATH\CodeIgniter.php(355): CodeIgniter\CodeIgniter->handleRequest(null, Object(Config\Cache), false)
 5 SYSTEMPATH\Boot.php(312): CodeIgniter\CodeIgniter->run()
 6 SYSTEMPATH\Boot.php(67): CodeIgniter\Boot::runCodeIgniter(Object(CodeIgniter\CodeIgniter))
 7 FCPATH\index.php(56): CodeIgniter\Boot::bootWeb(Object(Config\Paths))
 8 SYSTEMPATH\Commands\Server\rewrite.php(49): require_once('C:\\APK\\xampp-8.2\\htdocs\\SafeToTrip\\public\\index.php')
WARNING - 2024-06-12 06:38:48 --> [DEPRECATED] Creation of dynamic property App\Controllers\Home::$fasilitas is deprecated in APPPATH\Controllers\Home.php on line 14.
 1 APPPATH\Controllers\Harga.php(14): App\Controllers\Home->__construct()
 2 SYSTEMPATH\CodeIgniter.php(903): App\Controllers\Harga->__construct()
 3 SYSTEMPATH\CodeIgniter.php(500): CodeIgniter\CodeIgniter->createController()
 4 SYSTEMPATH\CodeIgniter.php(355): CodeIgniter\CodeIgniter->handleRequest(null, Object(Config\Cache), false)
 5 SYSTEMPATH\Boot.php(312): CodeIgniter\CodeIgniter->run()
 6 SYSTEMPATH\Boot.php(67): CodeIgniter\Boot::runCodeIgniter(Object(CodeIgniter\CodeIgniter))
 7 FCPATH\index.php(56): CodeIgniter\Boot::bootWeb(Object(Config\Paths))
 8 SYSTEMPATH\Commands\Server\rewrite.php(49): require_once('C:\\APK\\xampp-8.2\\htdocs\\SafeToTrip\\public\\index.php')
WARNING - 2024-06-12 06:38:48 --> [DEPRECATED] Creation of dynamic property App\Controllers\Harga::$home is deprecated in APPPATH\Controllers\Harga.php on line 14.
 1 SYSTEMPATH\CodeIgniter.php(903): App\Controllers\Harga->__construct()
 2 SYSTEMPATH\CodeIgniter.php(500): CodeIgniter\CodeIgniter->createController()
 3 SYSTEMPATH\CodeIgniter.php(355): CodeIgniter\CodeIgniter->handleRequest(null, Object(Config\Cache), false)
 4 SYSTEMPATH\Boot.php(312): CodeIgniter\CodeIgniter->run()
 5 SYSTEMPATH\Boot.php(67): CodeIgniter\Boot::runCodeIgniter(Object(CodeIgniter\CodeIgniter))
 6 FCPATH\index.php(56): CodeIgniter\Boot::bootWeb(Object(Config\Paths))
 7 SYSTEMPATH\Commands\Server\rewrite.php(49): require_once('C:\\APK\\xampp-8.2\\htdocs\\SafeToTrip\\public\\index.php')
WARNING - 2024-06-12 06:38:48 --> [DEPRECATED] Creation of dynamic property App\Controllers\Harga::$wisata is deprecated in APPPATH\Controllers\Harga.php on line 15.
 1 SYSTEMPATH\CodeIgniter.php(903): App\Controllers\Harga->__construct()
 2 SYSTEMPATH\CodeIgniter.php(500): CodeIgniter\CodeIgniter->createController()
 3 SYSTEMPATH\CodeIgniter.php(355): CodeIgniter\CodeIgniter->handleRequest(null, Object(Config\Cache), false)
 4 SYSTEMPATH\Boot.php(312): CodeIgniter\CodeIgniter->run()
 5 SYSTEMPATH\Boot.php(67): CodeIgniter\Boot::runCodeIgniter(Object(CodeIgniter\CodeIgniter))
 6 FCPATH\index.php(56): CodeIgniter\Boot::bootWeb(Object(Config\Paths))
 7 SYSTEMPATH\Commands\Server\rewrite.php(49): require_once('C:\\APK\\xampp-8.2\\htdocs\\SafeToTrip\\public\\index.php')
WARNING - 2024-06-12 06:38:48 --> [DEPRECATED] Creation of dynamic property App\Controllers\Harga::$harga is deprecated in APPPATH\Controllers\Harga.php on line 16.
 1 SYSTEMPATH\CodeIgniter.php(903): App\Controllers\Harga->__construct()
 2 SYSTEMPATH\CodeIgniter.php(500): CodeIgniter\CodeIgniter->createController()
 3 SYSTEMPATH\CodeIgniter.php(355): CodeIgniter\CodeIgniter->handleRequest(null, Object(Config\Cache), false)
 4 SYSTEMPATH\Boot.php(312): CodeIgniter\CodeIgniter->run()
 5 SYSTEMPATH\Boot.php(67): CodeIgniter\Boot::runCodeIgniter(Object(CodeIgniter\CodeIgniter))
 6 FCPATH\index.php(56): CodeIgniter\Boot::bootWeb(Object(Config\Paths))
 7 SYSTEMPATH\Commands\Server\rewrite.php(49): require_once('C:\\APK\\xampp-8.2\\htdocs\\SafeToTrip\\public\\index.php')
INFO - 2024-06-12 06:38:49 --> Session: Class initialized using 'CodeIgniter\Session\Handlers\FileHandler' driver.
WARNING - 2024-06-12 06:38:49 --> [DEPRECATED] Creation of dynamic property App\Controllers\Home::$session is deprecated in APPPATH\Controllers\Home.php on line 12.
 1 APPPATH\Controllers\Harga.php(14): App\Controllers\Home->__construct()
 2 SYSTEMPATH\CodeIgniter.php(903): App\Controllers\Harga->__construct()
 3 SYSTEMPATH\CodeIgniter.php(500): CodeIgniter\CodeIgniter->createController()
 4 SYSTEMPATH\CodeIgniter.php(355): CodeIgniter\CodeIgniter->handleRequest(null, Object(Config\Cache), false)
 5 SYSTEMPATH\Boot.php(312): CodeIgniter\CodeIgniter->run()
 6 SYSTEMPATH\Boot.php(67): CodeIgniter\Boot::runCodeIgniter(Object(CodeIgniter\CodeIgniter))
 7 FCPATH\index.php(56): CodeIgniter\Boot::bootWeb(Object(Config\Paths))
 8 SYSTEMPATH\Commands\Server\rewrite.php(49): require_once('C:\\APK\\xampp-8.2\\htdocs\\SafeToTrip\\public\\index.php')
WARNING - 2024-06-12 06:38:49 --> [DEPRECATED] Creation of dynamic property App\Controllers\Home::$wisata is deprecated in APPPATH\Controllers\Home.php on line 13.
 1 APPPATH\Controllers\Harga.php(14): App\Controllers\Home->__construct()
 2 SYSTEMPATH\CodeIgniter.php(903): App\Controllers\Harga->__construct()
 3 SYSTEMPATH\CodeIgniter.php(500): CodeIgniter\CodeIgniter->createController()
 4 SYSTEMPATH\CodeIgniter.php(355): CodeIgniter\CodeIgniter->handleRequest(null, Object(Config\Cache), false)
 5 SYSTEMPATH\Boot.php(312): CodeIgniter\CodeIgniter->run()
 6 SYSTEMPATH\Boot.php(67): CodeIgniter\Boot::runCodeIgniter(Object(CodeIgniter\CodeIgniter))
 7 FCPATH\index.php(56): CodeIgniter\Boot::bootWeb(Object(Config\Paths))
 8 SYSTEMPATH\Commands\Server\rewrite.php(49): require_once('C:\\APK\\xampp-8.2\\htdocs\\SafeToTrip\\public\\index.php')
WARNING - 2024-06-12 06:38:49 --> [DEPRECATED] Creation of dynamic property App\Controllers\Home::$fasilitas is deprecated in APPPATH\Controllers\Home.php on line 14.
 1 APPPATH\Controllers\Harga.php(14): App\Controllers\Home->__construct()
 2 SYSTEMPATH\CodeIgniter.php(903): App\Controllers\Harga->__construct()
 3 SYSTEMPATH\CodeIgniter.php(500): CodeIgniter\CodeIgniter->createController()
 4 SYSTEMPATH\CodeIgniter.php(355): CodeIgniter\CodeIgniter->handleRequest(null, Object(Config\Cache), false)
 5 SYSTEMPATH\Boot.php(312): CodeIgniter\CodeIgniter->run()
 6 SYSTEMPATH\Boot.php(67): CodeIgniter\Boot::runCodeIgniter(Object(CodeIgniter\CodeIgniter))
 7 FCPATH\index.php(56): CodeIgniter\Boot::bootWeb(Object(Config\Paths))
 8 SYSTEMPATH\Commands\Server\rewrite.php(49): require_once('C:\\APK\\xampp-8.2\\htdocs\\SafeToTrip\\public\\index.php')
WARNING - 2024-06-12 06:38:49 --> [DEPRECATED] Creation of dynamic property App\Controllers\Harga::$home is deprecated in APPPATH\Controllers\Harga.php on line 14.
 1 SYSTEMPATH\CodeIgniter.php(903): App\Controllers\Harga->__construct()
 2 SYSTEMPATH\CodeIgniter.php(500): CodeIgniter\CodeIgniter->createController()
 3 SYSTEMPATH\CodeIgniter.php(355): CodeIgniter\CodeIgniter->handleRequest(null, Object(Config\Cache), false)
 4 SYSTEMPATH\Boot.php(312): CodeIgniter\CodeIgniter->run()
 5 SYSTEMPATH\Boot.php(67): CodeIgniter\Boot::runCodeIgniter(Object(CodeIgniter\CodeIgniter))
 6 FCPATH\index.php(56): CodeIgniter\Boot::bootWeb(Object(Config\Paths))
 7 SYSTEMPATH\Commands\Server\rewrite.php(49): require_once('C:\\APK\\xampp-8.2\\htdocs\\SafeToTrip\\public\\index.php')
WARNING - 2024-06-12 06:38:49 --> [DEPRECATED] Creation of dynamic property App\Controllers\Harga::$wisata is deprecated in APPPATH\Controllers\Harga.php on line 15.
 1 SYSTEMPATH\CodeIgniter.php(903): App\Controllers\Harga->__construct()
 2 SYSTEMPATH\CodeIgniter.php(500): CodeIgniter\CodeIgniter->createController()
 3 SYSTEMPATH\CodeIgniter.php(355): CodeIgniter\CodeIgniter->handleRequest(null, Object(Config\Cache), false)
 4 SYSTEMPATH\Boot.php(312): CodeIgniter\CodeIgniter->run()
 5 SYSTEMPATH\Boot.php(67): CodeIgniter\Boot::runCodeIgniter(Object(CodeIgniter\CodeIgniter))
 6 FCPATH\index.php(56): CodeIgniter\Boot::bootWeb(Object(Config\Paths))
 7 SYSTEMPATH\Commands\Server\rewrite.php(49): require_once('C:\\APK\\xampp-8.2\\htdocs\\SafeToTrip\\public\\index.php')
WARNING - 2024-06-12 06:38:49 --> [DEPRECATED] Creation of dynamic property App\Controllers\Harga::$harga is deprecated in APPPATH\Controllers\Harga.php on line 16.
 1 SYSTEMPATH\CodeIgniter.php(903): App\Controllers\Harga->__construct()
 2 SYSTEMPATH\CodeIgniter.php(500): CodeIgniter\CodeIgniter->createController()
 3 SYSTEMPATH\CodeIgniter.php(355): CodeIgniter\CodeIgniter->handleRequest(null, Object(Config\Cache), false)
 4 SYSTEMPATH\Boot.php(312): CodeIgniter\CodeIgniter->run()
 5 SYSTEMPATH\Boot.php(67): CodeIgniter\Boot::runCodeIgniter(Object(CodeIgniter\CodeIgniter))
 6 FCPATH\index.php(56): CodeIgniter\Boot::bootWeb(Object(Config\Paths))
 7 SYSTEMPATH\Commands\Server\rewrite.php(49): require_once('C:\\APK\\xampp-8.2\\htdocs\\SafeToTrip\\public\\index.php')
INFO - 2024-06-12 06:39:00 --> Session: Class initialized using 'CodeIgniter\Session\Handlers\FileHandler' driver.
WARNING - 2024-06-12 06:39:00 --> [DEPRECATED] Creation of dynamic property App\Controllers\Home::$session is deprecated in APPPATH\Controllers\Home.php on line 12.
 1 APPPATH\Controllers\Harga.php(14): App\Controllers\Home->__construct()
 2 SYSTEMPATH\CodeIgniter.php(903): App\Controllers\Harga->__construct()
 3 SYSTEMPATH\CodeIgniter.php(500): CodeIgniter\CodeIgniter->createController()
 4 SYSTEMPATH\CodeIgniter.php(355): CodeIgniter\CodeIgniter->handleRequest(null, Object(Config\Cache), false)
 5 SYSTEMPATH\Boot.php(312): CodeIgniter\CodeIgniter->run()
 6 SYSTEMPATH\Boot.php(67): CodeIgniter\Boot::runCodeIgniter(Object(CodeIgniter\CodeIgniter))
 7 FCPATH\index.php(56): CodeIgniter\Boot::bootWeb(Object(Config\Paths))
 8 SYSTEMPATH\Commands\Server\rewrite.php(49): require_once('C:\\APK\\xampp-8.2\\htdocs\\SafeToTrip\\public\\index.php')
WARNING - 2024-06-12 06:39:00 --> [DEPRECATED] Creation of dynamic property App\Controllers\Home::$wisata is deprecated in APPPATH\Controllers\Home.php on line 13.
 1 APPPATH\Controllers\Harga.php(14): App\Controllers\Home->__construct()
 2 SYSTEMPATH\CodeIgniter.php(903): App\Controllers\Harga->__construct()
 3 SYSTEMPATH\CodeIgniter.php(500): CodeIgniter\CodeIgniter->createController()
 4 SYSTEMPATH\CodeIgniter.php(355): CodeIgniter\CodeIgniter->handleRequest(null, Object(Config\Cache), false)
 5 SYSTEMPATH\Boot.php(312): CodeIgniter\CodeIgniter->run()
 6 SYSTEMPATH\Boot.php(67): CodeIgniter\Boot::runCodeIgniter(Object(CodeIgniter\CodeIgniter))
 7 FCPATH\index.php(56): CodeIgniter\Boot::bootWeb(Object(Config\Paths))
 8 SYSTEMPATH\Commands\Server\rewrite.php(49): require_once('C:\\APK\\xampp-8.2\\htdocs\\SafeToTrip\\public\\index.php')
WARNING - 2024-06-12 06:39:00 --> [DEPRECATED] Creation of dynamic property App\Controllers\Home::$fasilitas is deprecated in APPPATH\Controllers\Home.php on line 14.
 1 APPPATH\Controllers\Harga.php(14): App\Controllers\Home->__construct()
 2 SYSTEMPATH\CodeIgniter.php(903): App\Controllers\Harga->__construct()
 3 SYSTEMPATH\CodeIgniter.php(500): CodeIgniter\CodeIgniter->createController()
 4 SYSTEMPATH\CodeIgniter.php(355): CodeIgniter\CodeIgniter->handleRequest(null, Object(Config\Cache), false)
 5 SYSTEMPATH\Boot.php(312): CodeIgniter\CodeIgniter->run()
 6 SYSTEMPATH\Boot.php(67): CodeIgniter\Boot::runCodeIgniter(Object(CodeIgniter\CodeIgniter))
 7 FCPATH\index.php(56): CodeIgniter\Boot::bootWeb(Object(Config\Paths))
 8 SYSTEMPATH\Commands\Server\rewrite.php(49): require_once('C:\\APK\\xampp-8.2\\htdocs\\SafeToTrip\\public\\index.php')
WARNING - 2024-06-12 06:39:00 --> [DEPRECATED] Creation of dynamic property App\Controllers\Harga::$home is deprecated in APPPATH\Controllers\Harga.php on line 14.
 1 SYSTEMPATH\CodeIgniter.php(903): App\Controllers\Harga->__construct()
 2 SYSTEMPATH\CodeIgniter.php(500): CodeIgniter\CodeIgniter->createController()
 3 SYSTEMPATH\CodeIgniter.php(355): CodeIgniter\CodeIgniter->handleRequest(null, Object(Config\Cache), false)
 4 SYSTEMPATH\Boot.php(312): CodeIgniter\CodeIgniter->run()
 5 SYSTEMPATH\Boot.php(67): CodeIgniter\Boot::runCodeIgniter(Object(CodeIgniter\CodeIgniter))
 6 FCPATH\index.php(56): CodeIgniter\Boot::bootWeb(Object(Config\Paths))
 7 SYSTEMPATH\Commands\Server\rewrite.php(49): require_once('C:\\APK\\xampp-8.2\\htdocs\\SafeToTrip\\public\\index.php')
WARNING - 2024-06-12 06:39:00 --> [DEPRECATED] Creation of dynamic property App\Controllers\Harga::$wisata is deprecated in APPPATH\Controllers\Harga.php on line 15.
 1 SYSTEMPATH\CodeIgniter.php(903): App\Controllers\Harga->__construct()
 2 SYSTEMPATH\CodeIgniter.php(500): CodeIgniter\CodeIgniter->createController()
 3 SYSTEMPATH\CodeIgniter.php(355): CodeIgniter\CodeIgniter->handleRequest(null, Object(Config\Cache), false)
 4 SYSTEMPATH\Boot.php(312): CodeIgniter\CodeIgniter->run()
 5 SYSTEMPATH\Boot.php(67): CodeIgniter\Boot::runCodeIgniter(Object(CodeIgniter\CodeIgniter))
 6 FCPATH\index.php(56): CodeIgniter\Boot::bootWeb(Object(Config\Paths))
 7 SYSTEMPATH\Commands\Server\rewrite.php(49): require_once('C:\\APK\\xampp-8.2\\htdocs\\SafeToTrip\\public\\index.php')
WARNING - 2024-06-12 06:39:00 --> [DEPRECATED] Creation of dynamic property App\Controllers\Harga::$harga is deprecated in APPPATH\Controllers\Harga.php on line 16.
 1 SYSTEMPATH\CodeIgniter.php(903): App\Controllers\Harga->__construct()
 2 SYSTEMPATH\CodeIgniter.php(500): CodeIgniter\CodeIgniter->createController()
 3 SYSTEMPATH\CodeIgniter.php(355): CodeIgniter\CodeIgniter->handleRequest(null, Object(Config\Cache), false)
 4 SYSTEMPATH\Boot.php(312): CodeIgniter\CodeIgniter->run()
 5 SYSTEMPATH\Boot.php(67): CodeIgniter\Boot::runCodeIgniter(Object(CodeIgniter\CodeIgniter))
 6 FCPATH\index.php(56): CodeIgniter\Boot::bootWeb(Object(Config\Paths))
 7 SYSTEMPATH\Commands\Server\rewrite.php(49): require_once('C:\\APK\\xampp-8.2\\htdocs\\SafeToTrip\\public\\index.php')
INFO - 2024-06-12 06:39:00 --> Session: Class initialized using 'CodeIgniter\Session\Handlers\FileHandler' driver.
WARNING - 2024-06-12 06:39:00 --> [DEPRECATED] Creation of dynamic property App\Controllers\Home::$session is deprecated in APPPATH\Controllers\Home.php on line 12.
 1 APPPATH\Controllers\Harga.php(14): App\Controllers\Home->__construct()
 2 SYSTEMPATH\CodeIgniter.php(903): App\Controllers\Harga->__construct()
 3 SYSTEMPATH\CodeIgniter.php(500): CodeIgniter\CodeIgniter->createController()
 4 SYSTEMPATH\CodeIgniter.php(355): CodeIgniter\CodeIgniter->handleRequest(null, Object(Config\Cache), false)
 5 SYSTEMPATH\Boot.php(312): CodeIgniter\CodeIgniter->run()
 6 SYSTEMPATH\Boot.php(67): CodeIgniter\Boot::runCodeIgniter(Object(CodeIgniter\CodeIgniter))
 7 FCPATH\index.php(56): CodeIgniter\Boot::bootWeb(Object(Config\Paths))
 8 SYSTEMPATH\Commands\Server\rewrite.php(49): require_once('C:\\APK\\xampp-8.2\\htdocs\\SafeToTrip\\public\\index.php')
WARNING - 2024-06-12 06:39:00 --> [DEPRECATED] Creation of dynamic property App\Controllers\Home::$wisata is deprecated in APPPATH\Controllers\Home.php on line 13.
 1 APPPATH\Controllers\Harga.php(14): App\Controllers\Home->__construct()
 2 SYSTEMPATH\CodeIgniter.php(903): App\Controllers\Harga->__construct()
 3 SYSTEMPATH\CodeIgniter.php(500): CodeIgniter\CodeIgniter->createController()
 4 SYSTEMPATH\CodeIgniter.php(355): CodeIgniter\CodeIgniter->handleRequest(null, Object(Config\Cache), false)
 5 SYSTEMPATH\Boot.php(312): CodeIgniter\CodeIgniter->run()
 6 SYSTEMPATH\Boot.php(67): CodeIgniter\Boot::runCodeIgniter(Object(CodeIgniter\CodeIgniter))
 7 FCPATH\index.php(56): CodeIgniter\Boot::bootWeb(Object(Config\Paths))
 8 SYSTEMPATH\Commands\Server\rewrite.php(49): require_once('C:\\APK\\xampp-8.2\\htdocs\\SafeToTrip\\public\\index.php')
WARNING - 2024-06-12 06:39:00 --> [DEPRECATED] Creation of dynamic property App\Controllers\Home::$fasilitas is deprecated in APPPATH\Controllers\Home.php on line 14.
 1 APPPATH\Controllers\Harga.php(14): App\Controllers\Home->__construct()
 2 SYSTEMPATH\CodeIgniter.php(903): App\Controllers\Harga->__construct()
 3 SYSTEMPATH\CodeIgniter.php(500): CodeIgniter\CodeIgniter->createController()
 4 SYSTEMPATH\CodeIgniter.php(355): CodeIgniter\CodeIgniter->handleRequest(null, Object(Config\Cache), false)
 5 SYSTEMPATH\Boot.php(312): CodeIgniter\CodeIgniter->run()
 6 SYSTEMPATH\Boot.php(67): CodeIgniter\Boot::runCodeIgniter(Object(CodeIgniter\CodeIgniter))
 7 FCPATH\index.php(56): CodeIgniter\Boot::bootWeb(Object(Config\Paths))
 8 SYSTEMPATH\Commands\Server\rewrite.php(49): require_once('C:\\APK\\xampp-8.2\\htdocs\\SafeToTrip\\public\\index.php')
WARNING - 2024-06-12 06:39:00 --> [DEPRECATED] Creation of dynamic property App\Controllers\Harga::$home is deprecated in APPPATH\Controllers\Harga.php on line 14.
 1 SYSTEMPATH\CodeIgniter.php(903): App\Controllers\Harga->__construct()
 2 SYSTEMPATH\CodeIgniter.php(500): CodeIgniter\CodeIgniter->createController()
 3 SYSTEMPATH\CodeIgniter.php(355): CodeIgniter\CodeIgniter->handleRequest(null, Object(Config\Cache), false)
 4 SYSTEMPATH\Boot.php(312): CodeIgniter\CodeIgniter->run()
 5 SYSTEMPATH\Boot.php(67): CodeIgniter\Boot::runCodeIgniter(Object(CodeIgniter\CodeIgniter))
 6 FCPATH\index.php(56): CodeIgniter\Boot::bootWeb(Object(Config\Paths))
 7 SYSTEMPATH\Commands\Server\rewrite.php(49): require_once('C:\\APK\\xampp-8.2\\htdocs\\SafeToTrip\\public\\index.php')
WARNING - 2024-06-12 06:39:00 --> [DEPRECATED] Creation of dynamic property App\Controllers\Harga::$wisata is deprecated in APPPATH\Controllers\Harga.php on line 15.
 1 SYSTEMPATH\CodeIgniter.php(903): App\Controllers\Harga->__construct()
 2 SYSTEMPATH\CodeIgniter.php(500): CodeIgniter\CodeIgniter->createController()
 3 SYSTEMPATH\CodeIgniter.php(355): CodeIgniter\CodeIgniter->handleRequest(null, Object(Config\Cache), false)
 4 SYSTEMPATH\Boot.php(312): CodeIgniter\CodeIgniter->run()
 5 SYSTEMPATH\Boot.php(67): CodeIgniter\Boot::runCodeIgniter(Object(CodeIgniter\CodeIgniter))
 6 FCPATH\index.php(56): CodeIgniter\Boot::bootWeb(Object(Config\Paths))
 7 SYSTEMPATH\Commands\Server\rewrite.php(49): require_once('C:\\APK\\xampp-8.2\\htdocs\\SafeToTrip\\public\\index.php')
WARNING - 2024-06-12 06:39:00 --> [DEPRECATED] Creation of dynamic property App\Controllers\Harga::$harga is deprecated in APPPATH\Controllers\Harga.php on line 16.
 1 SYSTEMPATH\CodeIgniter.php(903): App\Controllers\Harga->__construct()
 2 SYSTEMPATH\CodeIgniter.php(500): CodeIgniter\CodeIgniter->createController()
 3 SYSTEMPATH\CodeIgniter.php(355): CodeIgniter\CodeIgniter->handleRequest(null, Object(Config\Cache), false)
 4 SYSTEMPATH\Boot.php(312): CodeIgniter\CodeIgniter->run()
 5 SYSTEMPATH\Boot.php(67): CodeIgniter\Boot::runCodeIgniter(Object(CodeIgniter\CodeIgniter))
 6 FCPATH\index.php(56): CodeIgniter\Boot::bootWeb(Object(Config\Paths))
 7 SYSTEMPATH\Commands\Server\rewrite.php(49): require_once('C:\\APK\\xampp-8.2\\htdocs\\SafeToTrip\\public\\index.php')
INFO - 2024-06-12 06:39:20 --> Session: Class initialized using 'CodeIgniter\Session\Handlers\FileHandler' driver.
WARNING - 2024-06-12 06:39:20 --> [DEPRECATED] Creation of dynamic property App\Controllers\Home::$session is deprecated in APPPATH\Controllers\Home.php on line 12.
 1 APPPATH\Controllers\Harga.php(14): App\Controllers\Home->__construct()
 2 SYSTEMPATH\CodeIgniter.php(903): App\Controllers\Harga->__construct()
 3 SYSTEMPATH\CodeIgniter.php(500): CodeIgniter\CodeIgniter->createController()
 4 SYSTEMPATH\CodeIgniter.php(355): CodeIgniter\CodeIgniter->handleRequest(null, Object(Config\Cache), false)
 5 SYSTEMPATH\Boot.php(312): CodeIgniter\CodeIgniter->run()
 6 SYSTEMPATH\Boot.php(67): CodeIgniter\Boot::runCodeIgniter(Object(CodeIgniter\CodeIgniter))
 7 FCPATH\index.php(56): CodeIgniter\Boot::bootWeb(Object(Config\Paths))
 8 SYSTEMPATH\Commands\Server\rewrite.php(49): require_once('C:\\APK\\xampp-8.2\\htdocs\\SafeToTrip\\public\\index.php')
WARNING - 2024-06-12 06:39:20 --> [DEPRECATED] Creation of dynamic property App\Controllers\Home::$wisata is deprecated in APPPATH\Controllers\Home.php on line 13.
 1 APPPATH\Controllers\Harga.php(14): App\Controllers\Home->__construct()
 2 SYSTEMPATH\CodeIgniter.php(903): App\Controllers\Harga->__construct()
 3 SYSTEMPATH\CodeIgniter.php(500): CodeIgniter\CodeIgniter->createController()
 4 SYSTEMPATH\CodeIgniter.php(355): CodeIgniter\CodeIgniter->handleRequest(null, Object(Config\Cache), false)
 5 SYSTEMPATH\Boot.php(312): CodeIgniter\CodeIgniter->run()
 6 SYSTEMPATH\Boot.php(67): CodeIgniter\Boot::runCodeIgniter(Object(CodeIgniter\CodeIgniter))
 7 FCPATH\index.php(56): CodeIgniter\Boot::bootWeb(Object(Config\Paths))
 8 SYSTEMPATH\Commands\Server\rewrite.php(49): require_once('C:\\APK\\xampp-8.2\\htdocs\\SafeToTrip\\public\\index.php')
WARNING - 2024-06-12 06:39:20 --> [DEPRECATED] Creation of dynamic property App\Controllers\Home::$fasilitas is deprecated in APPPATH\Controllers\Home.php on line 14.
 1 APPPATH\Controllers\Harga.php(14): App\Controllers\Home->__construct()
 2 SYSTEMPATH\CodeIgniter.php(903): App\Controllers\Harga->__construct()
 3 SYSTEMPATH\CodeIgniter.php(500): CodeIgniter\CodeIgniter->createController()
 4 SYSTEMPATH\CodeIgniter.php(355): CodeIgniter\CodeIgniter->handleRequest(null, Object(Config\Cache), false)
 5 SYSTEMPATH\Boot.php(312): CodeIgniter\CodeIgniter->run()
 6 SYSTEMPATH\Boot.php(67): CodeIgniter\Boot::runCodeIgniter(Object(CodeIgniter\CodeIgniter))
 7 FCPATH\index.php(56): CodeIgniter\Boot::bootWeb(Object(Config\Paths))
 8 SYSTEMPATH\Commands\Server\rewrite.php(49): require_once('C:\\APK\\xampp-8.2\\htdocs\\SafeToTrip\\public\\index.php')
WARNING - 2024-06-12 06:39:20 --> [DEPRECATED] Creation of dynamic property App\Controllers\Harga::$home is deprecated in APPPATH\Controllers\Harga.php on line 14.
 1 SYSTEMPATH\CodeIgniter.php(903): App\Controllers\Harga->__construct()
 2 SYSTEMPATH\CodeIgniter.php(500): CodeIgniter\CodeIgniter->createController()
 3 SYSTEMPATH\CodeIgniter.php(355): CodeIgniter\CodeIgniter->handleRequest(null, Object(Config\Cache), false)
 4 SYSTEMPATH\Boot.php(312): CodeIgniter\CodeIgniter->run()
 5 SYSTEMPATH\Boot.php(67): CodeIgniter\Boot::runCodeIgniter(Object(CodeIgniter\CodeIgniter))
 6 FCPATH\index.php(56): CodeIgniter\Boot::bootWeb(Object(Config\Paths))
 7 SYSTEMPATH\Commands\Server\rewrite.php(49): require_once('C:\\APK\\xampp-8.2\\htdocs\\SafeToTrip\\public\\index.php')
WARNING - 2024-06-12 06:39:20 --> [DEPRECATED] Creation of dynamic property App\Controllers\Harga::$wisata is deprecated in APPPATH\Controllers\Harga.php on line 15.
 1 SYSTEMPATH\CodeIgniter.php(903): App\Controllers\Harga->__construct()
 2 SYSTEMPATH\CodeIgniter.php(500): CodeIgniter\CodeIgniter->createController()
 3 SYSTEMPATH\CodeIgniter.php(355): CodeIgniter\CodeIgniter->handleRequest(null, Object(Config\Cache), false)
 4 SYSTEMPATH\Boot.php(312): CodeIgniter\CodeIgniter->run()
 5 SYSTEMPATH\Boot.php(67): CodeIgniter\Boot::runCodeIgniter(Object(CodeIgniter\CodeIgniter))
 6 FCPATH\index.php(56): CodeIgniter\Boot::bootWeb(Object(Config\Paths))
 7 SYSTEMPATH\Commands\Server\rewrite.php(49): require_once('C:\\APK\\xampp-8.2\\htdocs\\SafeToTrip\\public\\index.php')
WARNING - 2024-06-12 06:39:20 --> [DEPRECATED] Creation of dynamic property App\Controllers\Harga::$harga is deprecated in APPPATH\Controllers\Harga.php on line 16.
 1 SYSTEMPATH\CodeIgniter.php(903): App\Controllers\Harga->__construct()
 2 SYSTEMPATH\CodeIgniter.php(500): CodeIgniter\CodeIgniter->createController()
 3 SYSTEMPATH\CodeIgniter.php(355): CodeIgniter\CodeIgniter->handleRequest(null, Object(Config\Cache), false)
 4 SYSTEMPATH\Boot.php(312): CodeIgniter\CodeIgniter->run()
 5 SYSTEMPATH\Boot.php(67): CodeIgniter\Boot::runCodeIgniter(Object(CodeIgniter\CodeIgniter))
 6 FCPATH\index.php(56): CodeIgniter\Boot::bootWeb(Object(Config\Paths))
 7 SYSTEMPATH\Commands\Server\rewrite.php(49): require_once('C:\\APK\\xampp-8.2\\htdocs\\SafeToTrip\\public\\index.php')
INFO - 2024-06-12 06:39:39 --> Session: Class initialized using 'CodeIgniter\Session\Handlers\FileHandler' driver.
WARNING - 2024-06-12 06:39:39 --> [DEPRECATED] Creation of dynamic property App\Controllers\Home::$session is deprecated in APPPATH\Controllers\Home.php on line 12.
 1 APPPATH\Controllers\Harga.php(14): App\Controllers\Home->__construct()
 2 SYSTEMPATH\CodeIgniter.php(903): App\Controllers\Harga->__construct()
 3 SYSTEMPATH\CodeIgniter.php(500): CodeIgniter\CodeIgniter->createController()
 4 SYSTEMPATH\CodeIgniter.php(355): CodeIgniter\CodeIgniter->handleRequest(null, Object(Config\Cache), false)
 5 SYSTEMPATH\Boot.php(312): CodeIgniter\CodeIgniter->run()
 6 SYSTEMPATH\Boot.php(67): CodeIgniter\Boot::runCodeIgniter(Object(CodeIgniter\CodeIgniter))
 7 FCPATH\index.php(56): CodeIgniter\Boot::bootWeb(Object(Config\Paths))
 8 SYSTEMPATH\Commands\Server\rewrite.php(49): require_once('C:\\APK\\xampp-8.2\\htdocs\\SafeToTrip\\public\\index.php')
WARNING - 2024-06-12 06:39:39 --> [DEPRECATED] Creation of dynamic property App\Controllers\Home::$wisata is deprecated in APPPATH\Controllers\Home.php on line 13.
 1 APPPATH\Controllers\Harga.php(14): App\Controllers\Home->__construct()
 2 SYSTEMPATH\CodeIgniter.php(903): App\Controllers\Harga->__construct()
 3 SYSTEMPATH\CodeIgniter.php(500): CodeIgniter\CodeIgniter->createController()
 4 SYSTEMPATH\CodeIgniter.php(355): CodeIgniter\CodeIgniter->handleRequest(null, Object(Config\Cache), false)
 5 SYSTEMPATH\Boot.php(312): CodeIgniter\CodeIgniter->run()
 6 SYSTEMPATH\Boot.php(67): CodeIgniter\Boot::runCodeIgniter(Object(CodeIgniter\CodeIgniter))
 7 FCPATH\index.php(56): CodeIgniter\Boot::bootWeb(Object(Config\Paths))
 8 SYSTEMPATH\Commands\Server\rewrite.php(49): require_once('C:\\APK\\xampp-8.2\\htdocs\\SafeToTrip\\public\\index.php')
WARNING - 2024-06-12 06:39:39 --> [DEPRECATED] Creation of dynamic property App\Controllers\Home::$fasilitas is deprecated in APPPATH\Controllers\Home.php on line 14.
 1 APPPATH\Controllers\Harga.php(14): App\Controllers\Home->__construct()
 2 SYSTEMPATH\CodeIgniter.php(903): App\Controllers\Harga->__construct()
 3 SYSTEMPATH\CodeIgniter.php(500): CodeIgniter\CodeIgniter->createController()
 4 SYSTEMPATH\CodeIgniter.php(355): CodeIgniter\CodeIgniter->handleRequest(null, Object(Config\Cache), false)
 5 SYSTEMPATH\Boot.php(312): CodeIgniter\CodeIgniter->run()
 6 SYSTEMPATH\Boot.php(67): CodeIgniter\Boot::runCodeIgniter(Object(CodeIgniter\CodeIgniter))
 7 FCPATH\index.php(56): CodeIgniter\Boot::bootWeb(Object(Config\Paths))
 8 SYSTEMPATH\Commands\Server\rewrite.php(49): require_once('C:\\APK\\xampp-8.2\\htdocs\\SafeToTrip\\public\\index.php')
WARNING - 2024-06-12 06:39:39 --> [DEPRECATED] Creation of dynamic property App\Controllers\Harga::$home is deprecated in APPPATH\Controllers\Harga.php on line 14.
 1 SYSTEMPATH\CodeIgniter.php(903): App\Controllers\Harga->__construct()
 2 SYSTEMPATH\CodeIgniter.php(500): CodeIgniter\CodeIgniter->createController()
 3 SYSTEMPATH\CodeIgniter.php(355): CodeIgniter\CodeIgniter->handleRequest(null, Object(Config\Cache), false)
 4 SYSTEMPATH\Boot.php(312): CodeIgniter\CodeIgniter->run()
 5 SYSTEMPATH\Boot.php(67): CodeIgniter\Boot::runCodeIgniter(Object(CodeIgniter\CodeIgniter))
 6 FCPATH\index.php(56): CodeIgniter\Boot::bootWeb(Object(Config\Paths))
 7 SYSTEMPATH\Commands\Server\rewrite.php(49): require_once('C:\\APK\\xampp-8.2\\htdocs\\SafeToTrip\\public\\index.php')
WARNING - 2024-06-12 06:39:39 --> [DEPRECATED] Creation of dynamic property App\Controllers\Harga::$wisata is deprecated in APPPATH\Controllers\Harga.php on line 15.
 1 SYSTEMPATH\CodeIgniter.php(903): App\Controllers\Harga->__construct()
 2 SYSTEMPATH\CodeIgniter.php(500): CodeIgniter\CodeIgniter->createController()
 3 SYSTEMPATH\CodeIgniter.php(355): CodeIgniter\CodeIgniter->handleRequest(null, Object(Config\Cache), false)
 4 SYSTEMPATH\Boot.php(312): CodeIgniter\CodeIgniter->run()
 5 SYSTEMPATH\Boot.php(67): CodeIgniter\Boot::runCodeIgniter(Object(CodeIgniter\CodeIgniter))
 6 FCPATH\index.php(56): CodeIgniter\Boot::bootWeb(Object(Config\Paths))
 7 SYSTEMPATH\Commands\Server\rewrite.php(49): require_once('C:\\APK\\xampp-8.2\\htdocs\\SafeToTrip\\public\\index.php')
WARNING - 2024-06-12 06:39:39 --> [DEPRECATED] Creation of dynamic property App\Controllers\Harga::$harga is deprecated in APPPATH\Controllers\Harga.php on line 16.
 1 SYSTEMPATH\CodeIgniter.php(903): App\Controllers\Harga->__construct()
 2 SYSTEMPATH\CodeIgniter.php(500): CodeIgniter\CodeIgniter->createController()
 3 SYSTEMPATH\CodeIgniter.php(355): CodeIgniter\CodeIgniter->handleRequest(null, Object(Config\Cache), false)
 4 SYSTEMPATH\Boot.php(312): CodeIgniter\CodeIgniter->run()
 5 SYSTEMPATH\Boot.php(67): CodeIgniter\Boot::runCodeIgniter(Object(CodeIgniter\CodeIgniter))
 6 FCPATH\index.php(56): CodeIgniter\Boot::bootWeb(Object(Config\Paths))
 7 SYSTEMPATH\Commands\Server\rewrite.php(49): require_once('C:\\APK\\xampp-8.2\\htdocs\\SafeToTrip\\public\\index.php')
INFO - 2024-06-12 06:40:04 --> Session: Class initialized using 'CodeIgniter\Session\Handlers\FileHandler' driver.
WARNING - 2024-06-12 06:40:04 --> [DEPRECATED] Creation of dynamic property App\Controllers\Home::$session is deprecated in APPPATH\Controllers\Home.php on line 12.
 1 APPPATH\Controllers\Harga.php(14): App\Controllers\Home->__construct()
 2 SYSTEMPATH\CodeIgniter.php(903): App\Controllers\Harga->__construct()
 3 SYSTEMPATH\CodeIgniter.php(500): CodeIgniter\CodeIgniter->createController()
 4 SYSTEMPATH\CodeIgniter.php(355): CodeIgniter\CodeIgniter->handleRequest(null, Object(Config\Cache), false)
 5 SYSTEMPATH\Boot.php(312): CodeIgniter\CodeIgniter->run()
 6 SYSTEMPATH\Boot.php(67): CodeIgniter\Boot::runCodeIgniter(Object(CodeIgniter\CodeIgniter))
 7 FCPATH\index.php(56): CodeIgniter\Boot::bootWeb(Object(Config\Paths))
 8 SYSTEMPATH\Commands\Server\rewrite.php(49): require_once('C:\\APK\\xampp-8.2\\htdocs\\SafeToTrip\\public\\index.php')
WARNING - 2024-06-12 06:40:04 --> [DEPRECATED] Creation of dynamic property App\Controllers\Home::$wisata is deprecated in APPPATH\Controllers\Home.php on line 13.
 1 APPPATH\Controllers\Harga.php(14): App\Controllers\Home->__construct()
 2 SYSTEMPATH\CodeIgniter.php(903): App\Controllers\Harga->__construct()
 3 SYSTEMPATH\CodeIgniter.php(500): CodeIgniter\CodeIgniter->createController()
 4 SYSTEMPATH\CodeIgniter.php(355): CodeIgniter\CodeIgniter->handleRequest(null, Object(Config\Cache), false)
 5 SYSTEMPATH\Boot.php(312): CodeIgniter\CodeIgniter->run()
 6 SYSTEMPATH\Boot.php(67): CodeIgniter\Boot::runCodeIgniter(Object(CodeIgniter\CodeIgniter))
 7 FCPATH\index.php(56): CodeIgniter\Boot::bootWeb(Object(Config\Paths))
 8 SYSTEMPATH\Commands\Server\rewrite.php(49): require_once('C:\\APK\\xampp-8.2\\htdocs\\SafeToTrip\\public\\index.php')
WARNING - 2024-06-12 06:40:04 --> [DEPRECATED] Creation of dynamic property App\Controllers\Home::$fasilitas is deprecated in APPPATH\Controllers\Home.php on line 14.
 1 APPPATH\Controllers\Harga.php(14): App\Controllers\Home->__construct()
 2 SYSTEMPATH\CodeIgniter.php(903): App\Controllers\Harga->__construct()
 3 SYSTEMPATH\CodeIgniter.php(500): CodeIgniter\CodeIgniter->createController()
 4 SYSTEMPATH\CodeIgniter.php(355): CodeIgniter\CodeIgniter->handleRequest(null, Object(Config\Cache), false)
 5 SYSTEMPATH\Boot.php(312): CodeIgniter\CodeIgniter->run()
 6 SYSTEMPATH\Boot.php(67): CodeIgniter\Boot::runCodeIgniter(Object(CodeIgniter\CodeIgniter))
 7 FCPATH\index.php(56): CodeIgniter\Boot::bootWeb(Object(Config\Paths))
 8 SYSTEMPATH\Commands\Server\rewrite.php(49): require_once('C:\\APK\\xampp-8.2\\htdocs\\SafeToTrip\\public\\index.php')
WARNING - 2024-06-12 06:40:04 --> [DEPRECATED] Creation of dynamic property App\Controllers\Harga::$home is deprecated in APPPATH\Controllers\Harga.php on line 14.
 1 SYSTEMPATH\CodeIgniter.php(903): App\Controllers\Harga->__construct()
 2 SYSTEMPATH\CodeIgniter.php(500): CodeIgniter\CodeIgniter->createController()
 3 SYSTEMPATH\CodeIgniter.php(355): CodeIgniter\CodeIgniter->handleRequest(null, Object(Config\Cache), false)
 4 SYSTEMPATH\Boot.php(312): CodeIgniter\CodeIgniter->run()
 5 SYSTEMPATH\Boot.php(67): CodeIgniter\Boot::runCodeIgniter(Object(CodeIgniter\CodeIgniter))
 6 FCPATH\index.php(56): CodeIgniter\Boot::bootWeb(Object(Config\Paths))
 7 SYSTEMPATH\Commands\Server\rewrite.php(49): require_once('C:\\APK\\xampp-8.2\\htdocs\\SafeToTrip\\public\\index.php')
WARNING - 2024-06-12 06:40:04 --> [DEPRECATED] Creation of dynamic property App\Controllers\Harga::$wisata is deprecated in APPPATH\Controllers\Harga.php on line 15.
 1 SYSTEMPATH\CodeIgniter.php(903): App\Controllers\Harga->__construct()
 2 SYSTEMPATH\CodeIgniter.php(500): CodeIgniter\CodeIgniter->createController()
 3 SYSTEMPATH\CodeIgniter.php(355): CodeIgniter\CodeIgniter->handleRequest(null, Object(Config\Cache), false)
 4 SYSTEMPATH\Boot.php(312): CodeIgniter\CodeIgniter->run()
 5 SYSTEMPATH\Boot.php(67): CodeIgniter\Boot::runCodeIgniter(Object(CodeIgniter\CodeIgniter))
 6 FCPATH\index.php(56): CodeIgniter\Boot::bootWeb(Object(Config\Paths))
 7 SYSTEMPATH\Commands\Server\rewrite.php(49): require_once('C:\\APK\\xampp-8.2\\htdocs\\SafeToTrip\\public\\index.php')
WARNING - 2024-06-12 06:40:04 --> [DEPRECATED] Creation of dynamic property App\Controllers\Harga::$harga is deprecated in APPPATH\Controllers\Harga.php on line 16.
 1 SYSTEMPATH\CodeIgniter.php(903): App\Controllers\Harga->__construct()
 2 SYSTEMPATH\CodeIgniter.php(500): CodeIgniter\CodeIgniter->createController()
 3 SYSTEMPATH\CodeIgniter.php(355): CodeIgniter\CodeIgniter->handleRequest(null, Object(Config\Cache), false)
 4 SYSTEMPATH\Boot.php(312): CodeIgniter\CodeIgniter->run()
 5 SYSTEMPATH\Boot.php(67): CodeIgniter\Boot::runCodeIgniter(Object(CodeIgniter\CodeIgniter))
 6 FCPATH\index.php(56): CodeIgniter\Boot::bootWeb(Object(Config\Paths))
 7 SYSTEMPATH\Commands\Server\rewrite.php(49): require_once('C:\\APK\\xampp-8.2\\htdocs\\SafeToTrip\\public\\index.php')
INFO - 2024-06-12 06:40:39 --> Session: Class initialized using 'CodeIgniter\Session\Handlers\FileHandler' driver.
WARNING - 2024-06-12 06:40:39 --> [DEPRECATED] Creation of dynamic property App\Controllers\Home::$session is deprecated in APPPATH\Controllers\Home.php on line 12.
 1 APPPATH\Controllers\Harga.php(14): App\Controllers\Home->__construct()
 2 SYSTEMPATH\CodeIgniter.php(903): App\Controllers\Harga->__construct()
 3 SYSTEMPATH\CodeIgniter.php(500): CodeIgniter\CodeIgniter->createController()
 4 SYSTEMPATH\CodeIgniter.php(355): CodeIgniter\CodeIgniter->handleRequest(null, Object(Config\Cache), false)
 5 SYSTEMPATH\Boot.php(312): CodeIgniter\CodeIgniter->run()
 6 SYSTEMPATH\Boot.php(67): CodeIgniter\Boot::runCodeIgniter(Object(CodeIgniter\CodeIgniter))
 7 FCPATH\index.php(56): CodeIgniter\Boot::bootWeb(Object(Config\Paths))
 8 SYSTEMPATH\Commands\Server\rewrite.php(49): require_once('C:\\APK\\xampp-8.2\\htdocs\\SafeToTrip\\public\\index.php')
WARNING - 2024-06-12 06:40:39 --> [DEPRECATED] Creation of dynamic property App\Controllers\Home::$wisata is deprecated in APPPATH\Controllers\Home.php on line 13.
 1 APPPATH\Controllers\Harga.php(14): App\Controllers\Home->__construct()
 2 SYSTEMPATH\CodeIgniter.php(903): App\Controllers\Harga->__construct()
 3 SYSTEMPATH\CodeIgniter.php(500): CodeIgniter\CodeIgniter->createController()
 4 SYSTEMPATH\CodeIgniter.php(355): CodeIgniter\CodeIgniter->handleRequest(null, Object(Config\Cache), false)
 5 SYSTEMPATH\Boot.php(312): CodeIgniter\CodeIgniter->run()
 6 SYSTEMPATH\Boot.php(67): CodeIgniter\Boot::runCodeIgniter(Object(CodeIgniter\CodeIgniter))
 7 FCPATH\index.php(56): CodeIgniter\Boot::bootWeb(Object(Config\Paths))
 8 SYSTEMPATH\Commands\Server\rewrite.php(49): require_once('C:\\APK\\xampp-8.2\\htdocs\\SafeToTrip\\public\\index.php')
WARNING - 2024-06-12 06:40:40 --> [DEPRECATED] Creation of dynamic property App\Controllers\Home::$fasilitas is deprecated in APPPATH\Controllers\Home.php on line 14.
 1 APPPATH\Controllers\Harga.php(14): App\Controllers\Home->__construct()
 2 SYSTEMPATH\CodeIgniter.php(903): App\Controllers\Harga->__construct()
 3 SYSTEMPATH\CodeIgniter.php(500): CodeIgniter\CodeIgniter->createController()
 4 SYSTEMPATH\CodeIgniter.php(355): CodeIgniter\CodeIgniter->handleRequest(null, Object(Config\Cache), false)
 5 SYSTEMPATH\Boot.php(312): CodeIgniter\CodeIgniter->run()
 6 SYSTEMPATH\Boot.php(67): CodeIgniter\Boot::runCodeIgniter(Object(CodeIgniter\CodeIgniter))
 7 FCPATH\index.php(56): CodeIgniter\Boot::bootWeb(Object(Config\Paths))
 8 SYSTEMPATH\Commands\Server\rewrite.php(49): require_once('C:\\APK\\xampp-8.2\\htdocs\\SafeToTrip\\public\\index.php')
WARNING - 2024-06-12 06:40:40 --> [DEPRECATED] Creation of dynamic property App\Controllers\Harga::$home is deprecated in APPPATH\Controllers\Harga.php on line 14.
 1 SYSTEMPATH\CodeIgniter.php(903): App\Controllers\Harga->__construct()
 2 SYSTEMPATH\CodeIgniter.php(500): CodeIgniter\CodeIgniter->createController()
 3 SYSTEMPATH\CodeIgniter.php(355): CodeIgniter\CodeIgniter->handleRequest(null, Object(Config\Cache), false)
 4 SYSTEMPATH\Boot.php(312): CodeIgniter\CodeIgniter->run()
 5 SYSTEMPATH\Boot.php(67): CodeIgniter\Boot::runCodeIgniter(Object(CodeIgniter\CodeIgniter))
 6 FCPATH\index.php(56): CodeIgniter\Boot::bootWeb(Object(Config\Paths))
 7 SYSTEMPATH\Commands\Server\rewrite.php(49): require_once('C:\\APK\\xampp-8.2\\htdocs\\SafeToTrip\\public\\index.php')
WARNING - 2024-06-12 06:40:40 --> [DEPRECATED] Creation of dynamic property App\Controllers\Harga::$wisata is deprecated in APPPATH\Controllers\Harga.php on line 15.
 1 SYSTEMPATH\CodeIgniter.php(903): App\Controllers\Harga->__construct()
 2 SYSTEMPATH\CodeIgniter.php(500): CodeIgniter\CodeIgniter->createController()
 3 SYSTEMPATH\CodeIgniter.php(355): CodeIgniter\CodeIgniter->handleRequest(null, Object(Config\Cache), false)
 4 SYSTEMPATH\Boot.php(312): CodeIgniter\CodeIgniter->run()
 5 SYSTEMPATH\Boot.php(67): CodeIgniter\Boot::runCodeIgniter(Object(CodeIgniter\CodeIgniter))
 6 FCPATH\index.php(56): CodeIgniter\Boot::bootWeb(Object(Config\Paths))
 7 SYSTEMPATH\Commands\Server\rewrite.php(49): require_once('C:\\APK\\xampp-8.2\\htdocs\\SafeToTrip\\public\\index.php')
WARNING - 2024-06-12 06:40:40 --> [DEPRECATED] Creation of dynamic property App\Controllers\Harga::$harga is deprecated in APPPATH\Controllers\Harga.php on line 16.
 1 SYSTEMPATH\CodeIgniter.php(903): App\Controllers\Harga->__construct()
 2 SYSTEMPATH\CodeIgniter.php(500): CodeIgniter\CodeIgniter->createController()
 3 SYSTEMPATH\CodeIgniter.php(355): CodeIgniter\CodeIgniter->handleRequest(null, Object(Config\Cache), false)
 4 SYSTEMPATH\Boot.php(312): CodeIgniter\CodeIgniter->run()
 5 SYSTEMPATH\Boot.php(67): CodeIgniter\Boot::runCodeIgniter(Object(CodeIgniter\CodeIgniter))
 6 FCPATH\index.php(56): CodeIgniter\Boot::bootWeb(Object(Config\Paths))
 7 SYSTEMPATH\Commands\Server\rewrite.php(49): require_once('C:\\APK\\xampp-8.2\\htdocs\\SafeToTrip\\public\\index.php')
INFO - 2024-06-12 06:40:40 --> Session: Class initialized using 'CodeIgniter\Session\Handlers\FileHandler' driver.
WARNING - 2024-06-12 06:40:40 --> [DEPRECATED] Creation of dynamic property App\Controllers\Home::$session is deprecated in APPPATH\Controllers\Home.php on line 12.
 1 APPPATH\Controllers\Harga.php(14): App\Controllers\Home->__construct()
 2 SYSTEMPATH\CodeIgniter.php(903): App\Controllers\Harga->__construct()
 3 SYSTEMPATH\CodeIgniter.php(500): CodeIgniter\CodeIgniter->createController()
 4 SYSTEMPATH\CodeIgniter.php(355): CodeIgniter\CodeIgniter->handleRequest(null, Object(Config\Cache), false)
 5 SYSTEMPATH\Boot.php(312): CodeIgniter\CodeIgniter->run()
 6 SYSTEMPATH\Boot.php(67): CodeIgniter\Boot::runCodeIgniter(Object(CodeIgniter\CodeIgniter))
 7 FCPATH\index.php(56): CodeIgniter\Boot::bootWeb(Object(Config\Paths))
 8 SYSTEMPATH\Commands\Server\rewrite.php(49): require_once('C:\\APK\\xampp-8.2\\htdocs\\SafeToTrip\\public\\index.php')
WARNING - 2024-06-12 06:40:40 --> [DEPRECATED] Creation of dynamic property App\Controllers\Home::$wisata is deprecated in APPPATH\Controllers\Home.php on line 13.
 1 APPPATH\Controllers\Harga.php(14): App\Controllers\Home->__construct()
 2 SYSTEMPATH\CodeIgniter.php(903): App\Controllers\Harga->__construct()
 3 SYSTEMPATH\CodeIgniter.php(500): CodeIgniter\CodeIgniter->createController()
 4 SYSTEMPATH\CodeIgniter.php(355): CodeIgniter\CodeIgniter->handleRequest(null, Object(Config\Cache), false)
 5 SYSTEMPATH\Boot.php(312): CodeIgniter\CodeIgniter->run()
 6 SYSTEMPATH\Boot.php(67): CodeIgniter\Boot::runCodeIgniter(Object(CodeIgniter\CodeIgniter))
 7 FCPATH\index.php(56): CodeIgniter\Boot::bootWeb(Object(Config\Paths))
 8 SYSTEMPATH\Commands\Server\rewrite.php(49): require_once('C:\\APK\\xampp-8.2\\htdocs\\SafeToTrip\\public\\index.php')
WARNING - 2024-06-12 06:40:40 --> [DEPRECATED] Creation of dynamic property App\Controllers\Home::$fasilitas is deprecated in APPPATH\Controllers\Home.php on line 14.
 1 APPPATH\Controllers\Harga.php(14): App\Controllers\Home->__construct()
 2 SYSTEMPATH\CodeIgniter.php(903): App\Controllers\Harga->__construct()
 3 SYSTEMPATH\CodeIgniter.php(500): CodeIgniter\CodeIgniter->createController()
 4 SYSTEMPATH\CodeIgniter.php(355): CodeIgniter\CodeIgniter->handleRequest(null, Object(Config\Cache), false)
 5 SYSTEMPATH\Boot.php(312): CodeIgniter\CodeIgniter->run()
 6 SYSTEMPATH\Boot.php(67): CodeIgniter\Boot::runCodeIgniter(Object(CodeIgniter\CodeIgniter))
 7 FCPATH\index.php(56): CodeIgniter\Boot::bootWeb(Object(Config\Paths))
 8 SYSTEMPATH\Commands\Server\rewrite.php(49): require_once('C:\\APK\\xampp-8.2\\htdocs\\SafeToTrip\\public\\index.php')
WARNING - 2024-06-12 06:40:40 --> [DEPRECATED] Creation of dynamic property App\Controllers\Harga::$home is deprecated in APPPATH\Controllers\Harga.php on line 14.
 1 SYSTEMPATH\CodeIgniter.php(903): App\Controllers\Harga->__construct()
 2 SYSTEMPATH\CodeIgniter.php(500): CodeIgniter\CodeIgniter->createController()
 3 SYSTEMPATH\CodeIgniter.php(355): CodeIgniter\CodeIgniter->handleRequest(null, Object(Config\Cache), false)
 4 SYSTEMPATH\Boot.php(312): CodeIgniter\CodeIgniter->run()
 5 SYSTEMPATH\Boot.php(67): CodeIgniter\Boot::runCodeIgniter(Object(CodeIgniter\CodeIgniter))
 6 FCPATH\index.php(56): CodeIgniter\Boot::bootWeb(Object(Config\Paths))
 7 SYSTEMPATH\Commands\Server\rewrite.php(49): require_once('C:\\APK\\xampp-8.2\\htdocs\\SafeToTrip\\public\\index.php')
WARNING - 2024-06-12 06:40:40 --> [DEPRECATED] Creation of dynamic property App\Controllers\Harga::$wisata is deprecated in APPPATH\Controllers\Harga.php on line 15.
 1 SYSTEMPATH\CodeIgniter.php(903): App\Controllers\Harga->__construct()
 2 SYSTEMPATH\CodeIgniter.php(500): CodeIgniter\CodeIgniter->createController()
 3 SYSTEMPATH\CodeIgniter.php(355): CodeIgniter\CodeIgniter->handleRequest(null, Object(Config\Cache), false)
 4 SYSTEMPATH\Boot.php(312): CodeIgniter\CodeIgniter->run()
 5 SYSTEMPATH\Boot.php(67): CodeIgniter\Boot::runCodeIgniter(Object(CodeIgniter\CodeIgniter))
 6 FCPATH\index.php(56): CodeIgniter\Boot::bootWeb(Object(Config\Paths))
 7 SYSTEMPATH\Commands\Server\rewrite.php(49): require_once('C:\\APK\\xampp-8.2\\htdocs\\SafeToTrip\\public\\index.php')
WARNING - 2024-06-12 06:40:40 --> [DEPRECATED] Creation of dynamic property App\Controllers\Harga::$harga is deprecated in APPPATH\Controllers\Harga.php on line 16.
 1 SYSTEMPATH\CodeIgniter.php(903): App\Controllers\Harga->__construct()
 2 SYSTEMPATH\CodeIgniter.php(500): CodeIgniter\CodeIgniter->createController()
 3 SYSTEMPATH\CodeIgniter.php(355): CodeIgniter\CodeIgniter->handleRequest(null, Object(Config\Cache), false)
 4 SYSTEMPATH\Boot.php(312): CodeIgniter\CodeIgniter->run()
 5 SYSTEMPATH\Boot.php(67): CodeIgniter\Boot::runCodeIgniter(Object(CodeIgniter\CodeIgniter))
 6 FCPATH\index.php(56): CodeIgniter\Boot::bootWeb(Object(Config\Paths))
 7 SYSTEMPATH\Commands\Server\rewrite.php(49): require_once('C:\\APK\\xampp-8.2\\htdocs\\SafeToTrip\\public\\index.php')
INFO - 2024-06-12 06:41:04 --> Session: Class initialized using 'CodeIgniter\Session\Handlers\FileHandler' driver.
WARNING - 2024-06-12 06:41:04 --> [DEPRECATED] Creation of dynamic property App\Controllers\Home::$session is deprecated in APPPATH\Controllers\Home.php on line 12.
 1 APPPATH\Controllers\Harga.php(14): App\Controllers\Home->__construct()
 2 SYSTEMPATH\CodeIgniter.php(903): App\Controllers\Harga->__construct()
 3 SYSTEMPATH\CodeIgniter.php(500): CodeIgniter\CodeIgniter->createController()
 4 SYSTEMPATH\CodeIgniter.php(355): CodeIgniter\CodeIgniter->handleRequest(null, Object(Config\Cache), false)
 5 SYSTEMPATH\Boot.php(312): CodeIgniter\CodeIgniter->run()
 6 SYSTEMPATH\Boot.php(67): CodeIgniter\Boot::runCodeIgniter(Object(CodeIgniter\CodeIgniter))
 7 FCPATH\index.php(56): CodeIgniter\Boot::bootWeb(Object(Config\Paths))
 8 SYSTEMPATH\Commands\Server\rewrite.php(49): require_once('C:\\APK\\xampp-8.2\\htdocs\\SafeToTrip\\public\\index.php')
WARNING - 2024-06-12 06:41:04 --> [DEPRECATED] Creation of dynamic property App\Controllers\Home::$wisata is deprecated in APPPATH\Controllers\Home.php on line 13.
 1 APPPATH\Controllers\Harga.php(14): App\Controllers\Home->__construct()
 2 SYSTEMPATH\CodeIgniter.php(903): App\Controllers\Harga->__construct()
 3 SYSTEMPATH\CodeIgniter.php(500): CodeIgniter\CodeIgniter->createController()
 4 SYSTEMPATH\CodeIgniter.php(355): CodeIgniter\CodeIgniter->handleRequest(null, Object(Config\Cache), false)
 5 SYSTEMPATH\Boot.php(312): CodeIgniter\CodeIgniter->run()
 6 SYSTEMPATH\Boot.php(67): CodeIgniter\Boot::runCodeIgniter(Object(CodeIgniter\CodeIgniter))
 7 FCPATH\index.php(56): CodeIgniter\Boot::bootWeb(Object(Config\Paths))
 8 SYSTEMPATH\Commands\Server\rewrite.php(49): require_once('C:\\APK\\xampp-8.2\\htdocs\\SafeToTrip\\public\\index.php')
WARNING - 2024-06-12 06:41:04 --> [DEPRECATED] Creation of dynamic property App\Controllers\Home::$fasilitas is deprecated in APPPATH\Controllers\Home.php on line 14.
 1 APPPATH\Controllers\Harga.php(14): App\Controllers\Home->__construct()
 2 SYSTEMPATH\CodeIgniter.php(903): App\Controllers\Harga->__construct()
 3 SYSTEMPATH\CodeIgniter.php(500): CodeIgniter\CodeIgniter->createController()
 4 SYSTEMPATH\CodeIgniter.php(355): CodeIgniter\CodeIgniter->handleRequest(null, Object(Config\Cache), false)
 5 SYSTEMPATH\Boot.php(312): CodeIgniter\CodeIgniter->run()
 6 SYSTEMPATH\Boot.php(67): CodeIgniter\Boot::runCodeIgniter(Object(CodeIgniter\CodeIgniter))
 7 FCPATH\index.php(56): CodeIgniter\Boot::bootWeb(Object(Config\Paths))
 8 SYSTEMPATH\Commands\Server\rewrite.php(49): require_once('C:\\APK\\xampp-8.2\\htdocs\\SafeToTrip\\public\\index.php')
WARNING - 2024-06-12 06:41:04 --> [DEPRECATED] Creation of dynamic property App\Controllers\Harga::$home is deprecated in APPPATH\Controllers\Harga.php on line 14.
 1 SYSTEMPATH\CodeIgniter.php(903): App\Controllers\Harga->__construct()
 2 SYSTEMPATH\CodeIgniter.php(500): CodeIgniter\CodeIgniter->createController()
 3 SYSTEMPATH\CodeIgniter.php(355): CodeIgniter\CodeIgniter->handleRequest(null, Object(Config\Cache), false)
 4 SYSTEMPATH\Boot.php(312): CodeIgniter\CodeIgniter->run()
 5 SYSTEMPATH\Boot.php(67): CodeIgniter\Boot::runCodeIgniter(Object(CodeIgniter\CodeIgniter))
 6 FCPATH\index.php(56): CodeIgniter\Boot::bootWeb(Object(Config\Paths))
 7 SYSTEMPATH\Commands\Server\rewrite.php(49): require_once('C:\\APK\\xampp-8.2\\htdocs\\SafeToTrip\\public\\index.php')
WARNING - 2024-06-12 06:41:04 --> [DEPRECATED] Creation of dynamic property App\Controllers\Harga::$wisata is deprecated in APPPATH\Controllers\Harga.php on line 15.
 1 SYSTEMPATH\CodeIgniter.php(903): App\Controllers\Harga->__construct()
 2 SYSTEMPATH\CodeIgniter.php(500): CodeIgniter\CodeIgniter->createController()
 3 SYSTEMPATH\CodeIgniter.php(355): CodeIgniter\CodeIgniter->handleRequest(null, Object(Config\Cache), false)
 4 SYSTEMPATH\Boot.php(312): CodeIgniter\CodeIgniter->run()
 5 SYSTEMPATH\Boot.php(67): CodeIgniter\Boot::runCodeIgniter(Object(CodeIgniter\CodeIgniter))
 6 FCPATH\index.php(56): CodeIgniter\Boot::bootWeb(Object(Config\Paths))
 7 SYSTEMPATH\Commands\Server\rewrite.php(49): require_once('C:\\APK\\xampp-8.2\\htdocs\\SafeToTrip\\public\\index.php')
WARNING - 2024-06-12 06:41:04 --> [DEPRECATED] Creation of dynamic property App\Controllers\Harga::$harga is deprecated in APPPATH\Controllers\Harga.php on line 16.
 1 SYSTEMPATH\CodeIgniter.php(903): App\Controllers\Harga->__construct()
 2 SYSTEMPATH\CodeIgniter.php(500): CodeIgniter\CodeIgniter->createController()
 3 SYSTEMPATH\CodeIgniter.php(355): CodeIgniter\CodeIgniter->handleRequest(null, Object(Config\Cache), false)
 4 SYSTEMPATH\Boot.php(312): CodeIgniter\CodeIgniter->run()
 5 SYSTEMPATH\Boot.php(67): CodeIgniter\Boot::runCodeIgniter(Object(CodeIgniter\CodeIgniter))
 6 FCPATH\index.php(56): CodeIgniter\Boot::bootWeb(Object(Config\Paths))
 7 SYSTEMPATH\Commands\Server\rewrite.php(49): require_once('C:\\APK\\xampp-8.2\\htdocs\\SafeToTrip\\public\\index.php')
INFO - 2024-06-12 06:41:58 --> Session: Class initialized using 'CodeIgniter\Session\Handlers\FileHandler' driver.
WARNING - 2024-06-12 06:41:58 --> [DEPRECATED] Creation of dynamic property App\Controllers\Home::$session is deprecated in APPPATH\Controllers\Home.php on line 12.
 1 APPPATH\Controllers\Harga.php(14): App\Controllers\Home->__construct()
 2 SYSTEMPATH\CodeIgniter.php(903): App\Controllers\Harga->__construct()
 3 SYSTEMPATH\CodeIgniter.php(500): CodeIgniter\CodeIgniter->createController()
 4 SYSTEMPATH\CodeIgniter.php(355): CodeIgniter\CodeIgniter->handleRequest(null, Object(Config\Cache), false)
 5 SYSTEMPATH\Boot.php(312): CodeIgniter\CodeIgniter->run()
 6 SYSTEMPATH\Boot.php(67): CodeIgniter\Boot::runCodeIgniter(Object(CodeIgniter\CodeIgniter))
 7 FCPATH\index.php(56): CodeIgniter\Boot::bootWeb(Object(Config\Paths))
 8 SYSTEMPATH\Commands\Server\rewrite.php(49): require_once('C:\\APK\\xampp-8.2\\htdocs\\SafeToTrip\\public\\index.php')
WARNING - 2024-06-12 06:41:58 --> [DEPRECATED] Creation of dynamic property App\Controllers\Home::$wisata is deprecated in APPPATH\Controllers\Home.php on line 13.
 1 APPPATH\Controllers\Harga.php(14): App\Controllers\Home->__construct()
 2 SYSTEMPATH\CodeIgniter.php(903): App\Controllers\Harga->__construct()
 3 SYSTEMPATH\CodeIgniter.php(500): CodeIgniter\CodeIgniter->createController()
 4 SYSTEMPATH\CodeIgniter.php(355): CodeIgniter\CodeIgniter->handleRequest(null, Object(Config\Cache), false)
 5 SYSTEMPATH\Boot.php(312): CodeIgniter\CodeIgniter->run()
 6 SYSTEMPATH\Boot.php(67): CodeIgniter\Boot::runCodeIgniter(Object(CodeIgniter\CodeIgniter))
 7 FCPATH\index.php(56): CodeIgniter\Boot::bootWeb(Object(Config\Paths))
 8 SYSTEMPATH\Commands\Server\rewrite.php(49): require_once('C:\\APK\\xampp-8.2\\htdocs\\SafeToTrip\\public\\index.php')
WARNING - 2024-06-12 06:41:58 --> [DEPRECATED] Creation of dynamic property App\Controllers\Home::$fasilitas is deprecated in APPPATH\Controllers\Home.php on line 14.
 1 APPPATH\Controllers\Harga.php(14): App\Controllers\Home->__construct()
 2 SYSTEMPATH\CodeIgniter.php(903): App\Controllers\Harga->__construct()
 3 SYSTEMPATH\CodeIgniter.php(500): CodeIgniter\CodeIgniter->createController()
 4 SYSTEMPATH\CodeIgniter.php(355): CodeIgniter\CodeIgniter->handleRequest(null, Object(Config\Cache), false)
 5 SYSTEMPATH\Boot.php(312): CodeIgniter\CodeIgniter->run()
 6 SYSTEMPATH\Boot.php(67): CodeIgniter\Boot::runCodeIgniter(Object(CodeIgniter\CodeIgniter))
 7 FCPATH\index.php(56): CodeIgniter\Boot::bootWeb(Object(Config\Paths))
 8 SYSTEMPATH\Commands\Server\rewrite.php(49): require_once('C:\\APK\\xampp-8.2\\htdocs\\SafeToTrip\\public\\index.php')
WARNING - 2024-06-12 06:41:58 --> [DEPRECATED] Creation of dynamic property App\Controllers\Harga::$home is deprecated in APPPATH\Controllers\Harga.php on line 14.
 1 SYSTEMPATH\CodeIgniter.php(903): App\Controllers\Harga->__construct()
 2 SYSTEMPATH\CodeIgniter.php(500): CodeIgniter\CodeIgniter->createController()
 3 SYSTEMPATH\CodeIgniter.php(355): CodeIgniter\CodeIgniter->handleRequest(null, Object(Config\Cache), false)
 4 SYSTEMPATH\Boot.php(312): CodeIgniter\CodeIgniter->run()
 5 SYSTEMPATH\Boot.php(67): CodeIgniter\Boot::runCodeIgniter(Object(CodeIgniter\CodeIgniter))
 6 FCPATH\index.php(56): CodeIgniter\Boot::bootWeb(Object(Config\Paths))
 7 SYSTEMPATH\Commands\Server\rewrite.php(49): require_once('C:\\APK\\xampp-8.2\\htdocs\\SafeToTrip\\public\\index.php')
WARNING - 2024-06-12 06:41:58 --> [DEPRECATED] Creation of dynamic property App\Controllers\Harga::$wisata is deprecated in APPPATH\Controllers\Harga.php on line 15.
 1 SYSTEMPATH\CodeIgniter.php(903): App\Controllers\Harga->__construct()
 2 SYSTEMPATH\CodeIgniter.php(500): CodeIgniter\CodeIgniter->createController()
 3 SYSTEMPATH\CodeIgniter.php(355): CodeIgniter\CodeIgniter->handleRequest(null, Object(Config\Cache), false)
 4 SYSTEMPATH\Boot.php(312): CodeIgniter\CodeIgniter->run()
 5 SYSTEMPATH\Boot.php(67): CodeIgniter\Boot::runCodeIgniter(Object(CodeIgniter\CodeIgniter))
 6 FCPATH\index.php(56): CodeIgniter\Boot::bootWeb(Object(Config\Paths))
 7 SYSTEMPATH\Commands\Server\rewrite.php(49): require_once('C:\\APK\\xampp-8.2\\htdocs\\SafeToTrip\\public\\index.php')
WARNING - 2024-06-12 06:41:58 --> [DEPRECATED] Creation of dynamic property App\Controllers\Harga::$harga is deprecated in APPPATH\Controllers\Harga.php on line 16.
 1 SYSTEMPATH\CodeIgniter.php(903): App\Controllers\Harga->__construct()
 2 SYSTEMPATH\CodeIgniter.php(500): CodeIgniter\CodeIgniter->createController()
 3 SYSTEMPATH\CodeIgniter.php(355): CodeIgniter\CodeIgniter->handleRequest(null, Object(Config\Cache), false)
 4 SYSTEMPATH\Boot.php(312): CodeIgniter\CodeIgniter->run()
 5 SYSTEMPATH\Boot.php(67): CodeIgniter\Boot::runCodeIgniter(Object(CodeIgniter\CodeIgniter))
 6 FCPATH\index.php(56): CodeIgniter\Boot::bootWeb(Object(Config\Paths))
 7 SYSTEMPATH\Commands\Server\rewrite.php(49): require_once('C:\\APK\\xampp-8.2\\htdocs\\SafeToTrip\\public\\index.php')
INFO - 2024-06-12 06:42:02 --> Session: Class initialized using 'CodeIgniter\Session\Handlers\FileHandler' driver.
WARNING - 2024-06-12 06:42:02 --> [DEPRECATED] Creation of dynamic property App\Controllers\Home::$session is deprecated in APPPATH\Controllers\Home.php on line 12.
 1 APPPATH\Controllers\Harga.php(14): App\Controllers\Home->__construct()
 2 SYSTEMPATH\CodeIgniter.php(903): App\Controllers\Harga->__construct()
 3 SYSTEMPATH\CodeIgniter.php(500): CodeIgniter\CodeIgniter->createController()
 4 SYSTEMPATH\CodeIgniter.php(355): CodeIgniter\CodeIgniter->handleRequest(null, Object(Config\Cache), false)
 5 SYSTEMPATH\Boot.php(312): CodeIgniter\CodeIgniter->run()
 6 SYSTEMPATH\Boot.php(67): CodeIgniter\Boot::runCodeIgniter(Object(CodeIgniter\CodeIgniter))
 7 FCPATH\index.php(56): CodeIgniter\Boot::bootWeb(Object(Config\Paths))
 8 SYSTEMPATH\Commands\Server\rewrite.php(49): require_once('C:\\APK\\xampp-8.2\\htdocs\\SafeToTrip\\public\\index.php')
WARNING - 2024-06-12 06:42:02 --> [DEPRECATED] Creation of dynamic property App\Controllers\Home::$wisata is deprecated in APPPATH\Controllers\Home.php on line 13.
 1 APPPATH\Controllers\Harga.php(14): App\Controllers\Home->__construct()
 2 SYSTEMPATH\CodeIgniter.php(903): App\Controllers\Harga->__construct()
 3 SYSTEMPATH\CodeIgniter.php(500): CodeIgniter\CodeIgniter->createController()
 4 SYSTEMPATH\CodeIgniter.php(355): CodeIgniter\CodeIgniter->handleRequest(null, Object(Config\Cache), false)
 5 SYSTEMPATH\Boot.php(312): CodeIgniter\CodeIgniter->run()
 6 SYSTEMPATH\Boot.php(67): CodeIgniter\Boot::runCodeIgniter(Object(CodeIgniter\CodeIgniter))
 7 FCPATH\index.php(56): CodeIgniter\Boot::bootWeb(Object(Config\Paths))
 8 SYSTEMPATH\Commands\Server\rewrite.php(49): require_once('C:\\APK\\xampp-8.2\\htdocs\\SafeToTrip\\public\\index.php')
WARNING - 2024-06-12 06:42:02 --> [DEPRECATED] Creation of dynamic property App\Controllers\Home::$fasilitas is deprecated in APPPATH\Controllers\Home.php on line 14.
 1 APPPATH\Controllers\Harga.php(14): App\Controllers\Home->__construct()
 2 SYSTEMPATH\CodeIgniter.php(903): App\Controllers\Harga->__construct()
 3 SYSTEMPATH\CodeIgniter.php(500): CodeIgniter\CodeIgniter->createController()
 4 SYSTEMPATH\CodeIgniter.php(355): CodeIgniter\CodeIgniter->handleRequest(null, Object(Config\Cache), false)
 5 SYSTEMPATH\Boot.php(312): CodeIgniter\CodeIgniter->run()
 6 SYSTEMPATH\Boot.php(67): CodeIgniter\Boot::runCodeIgniter(Object(CodeIgniter\CodeIgniter))
 7 FCPATH\index.php(56): CodeIgniter\Boot::bootWeb(Object(Config\Paths))
 8 SYSTEMPATH\Commands\Server\rewrite.php(49): require_once('C:\\APK\\xampp-8.2\\htdocs\\SafeToTrip\\public\\index.php')
WARNING - 2024-06-12 06:42:02 --> [DEPRECATED] Creation of dynamic property App\Controllers\Harga::$home is deprecated in APPPATH\Controllers\Harga.php on line 14.
 1 SYSTEMPATH\CodeIgniter.php(903): App\Controllers\Harga->__construct()
 2 SYSTEMPATH\CodeIgniter.php(500): CodeIgniter\CodeIgniter->createController()
 3 SYSTEMPATH\CodeIgniter.php(355): CodeIgniter\CodeIgniter->handleRequest(null, Object(Config\Cache), false)
 4 SYSTEMPATH\Boot.php(312): CodeIgniter\CodeIgniter->run()
 5 SYSTEMPATH\Boot.php(67): CodeIgniter\Boot::runCodeIgniter(Object(CodeIgniter\CodeIgniter))
 6 FCPATH\index.php(56): CodeIgniter\Boot::bootWeb(Object(Config\Paths))
 7 SYSTEMPATH\Commands\Server\rewrite.php(49): require_once('C:\\APK\\xampp-8.2\\htdocs\\SafeToTrip\\public\\index.php')
WARNING - 2024-06-12 06:42:02 --> [DEPRECATED] Creation of dynamic property App\Controllers\Harga::$wisata is deprecated in APPPATH\Controllers\Harga.php on line 15.
 1 SYSTEMPATH\CodeIgniter.php(903): App\Controllers\Harga->__construct()
 2 SYSTEMPATH\CodeIgniter.php(500): CodeIgniter\CodeIgniter->createController()
 3 SYSTEMPATH\CodeIgniter.php(355): CodeIgniter\CodeIgniter->handleRequest(null, Object(Config\Cache), false)
 4 SYSTEMPATH\Boot.php(312): CodeIgniter\CodeIgniter->run()
 5 SYSTEMPATH\Boot.php(67): CodeIgniter\Boot::runCodeIgniter(Object(CodeIgniter\CodeIgniter))
 6 FCPATH\index.php(56): CodeIgniter\Boot::bootWeb(Object(Config\Paths))
 7 SYSTEMPATH\Commands\Server\rewrite.php(49): require_once('C:\\APK\\xampp-8.2\\htdocs\\SafeToTrip\\public\\index.php')
WARNING - 2024-06-12 06:42:02 --> [DEPRECATED] Creation of dynamic property App\Controllers\Harga::$harga is deprecated in APPPATH\Controllers\Harga.php on line 16.
 1 SYSTEMPATH\CodeIgniter.php(903): App\Controllers\Harga->__construct()
 2 SYSTEMPATH\CodeIgniter.php(500): CodeIgniter\CodeIgniter->createController()
 3 SYSTEMPATH\CodeIgniter.php(355): CodeIgniter\CodeIgniter->handleRequest(null, Object(Config\Cache), false)
 4 SYSTEMPATH\Boot.php(312): CodeIgniter\CodeIgniter->run()
 5 SYSTEMPATH\Boot.php(67): CodeIgniter\Boot::runCodeIgniter(Object(CodeIgniter\CodeIgniter))
 6 FCPATH\index.php(56): CodeIgniter\Boot::bootWeb(Object(Config\Paths))
 7 SYSTEMPATH\Commands\Server\rewrite.php(49): require_once('C:\\APK\\xampp-8.2\\htdocs\\SafeToTrip\\public\\index.php')
INFO - 2024-06-12 06:42:03 --> Session: Class initialized using 'CodeIgniter\Session\Handlers\FileHandler' driver.
WARNING - 2024-06-12 06:42:03 --> [DEPRECATED] Creation of dynamic property App\Controllers\Home::$session is deprecated in APPPATH\Controllers\Home.php on line 12.
 1 APPPATH\Controllers\Harga.php(14): App\Controllers\Home->__construct()
 2 SYSTEMPATH\CodeIgniter.php(903): App\Controllers\Harga->__construct()
 3 SYSTEMPATH\CodeIgniter.php(500): CodeIgniter\CodeIgniter->createController()
 4 SYSTEMPATH\CodeIgniter.php(355): CodeIgniter\CodeIgniter->handleRequest(null, Object(Config\Cache), false)
 5 SYSTEMPATH\Boot.php(312): CodeIgniter\CodeIgniter->run()
 6 SYSTEMPATH\Boot.php(67): CodeIgniter\Boot::runCodeIgniter(Object(CodeIgniter\CodeIgniter))
 7 FCPATH\index.php(56): CodeIgniter\Boot::bootWeb(Object(Config\Paths))
 8 SYSTEMPATH\Commands\Server\rewrite.php(49): require_once('C:\\APK\\xampp-8.2\\htdocs\\SafeToTrip\\public\\index.php')
WARNING - 2024-06-12 06:42:03 --> [DEPRECATED] Creation of dynamic property App\Controllers\Home::$wisata is deprecated in APPPATH\Controllers\Home.php on line 13.
 1 APPPATH\Controllers\Harga.php(14): App\Controllers\Home->__construct()
 2 SYSTEMPATH\CodeIgniter.php(903): App\Controllers\Harga->__construct()
 3 SYSTEMPATH\CodeIgniter.php(500): CodeIgniter\CodeIgniter->createController()
 4 SYSTEMPATH\CodeIgniter.php(355): CodeIgniter\CodeIgniter->handleRequest(null, Object(Config\Cache), false)
 5 SYSTEMPATH\Boot.php(312): CodeIgniter\CodeIgniter->run()
 6 SYSTEMPATH\Boot.php(67): CodeIgniter\Boot::runCodeIgniter(Object(CodeIgniter\CodeIgniter))
 7 FCPATH\index.php(56): CodeIgniter\Boot::bootWeb(Object(Config\Paths))
 8 SYSTEMPATH\Commands\Server\rewrite.php(49): require_once('C:\\APK\\xampp-8.2\\htdocs\\SafeToTrip\\public\\index.php')
WARNING - 2024-06-12 06:42:03 --> [DEPRECATED] Creation of dynamic property App\Controllers\Home::$fasilitas is deprecated in APPPATH\Controllers\Home.php on line 14.
 1 APPPATH\Controllers\Harga.php(14): App\Controllers\Home->__construct()
 2 SYSTEMPATH\CodeIgniter.php(903): App\Controllers\Harga->__construct()
 3 SYSTEMPATH\CodeIgniter.php(500): CodeIgniter\CodeIgniter->createController()
 4 SYSTEMPATH\CodeIgniter.php(355): CodeIgniter\CodeIgniter->handleRequest(null, Object(Config\Cache), false)
 5 SYSTEMPATH\Boot.php(312): CodeIgniter\CodeIgniter->run()
 6 SYSTEMPATH\Boot.php(67): CodeIgniter\Boot::runCodeIgniter(Object(CodeIgniter\CodeIgniter))
 7 FCPATH\index.php(56): CodeIgniter\Boot::bootWeb(Object(Config\Paths))
 8 SYSTEMPATH\Commands\Server\rewrite.php(49): require_once('C:\\APK\\xampp-8.2\\htdocs\\SafeToTrip\\public\\index.php')
WARNING - 2024-06-12 06:42:03 --> [DEPRECATED] Creation of dynamic property App\Controllers\Harga::$home is deprecated in APPPATH\Controllers\Harga.php on line 14.
 1 SYSTEMPATH\CodeIgniter.php(903): App\Controllers\Harga->__construct()
 2 SYSTEMPATH\CodeIgniter.php(500): CodeIgniter\CodeIgniter->createController()
 3 SYSTEMPATH\CodeIgniter.php(355): CodeIgniter\CodeIgniter->handleRequest(null, Object(Config\Cache), false)
 4 SYSTEMPATH\Boot.php(312): CodeIgniter\CodeIgniter->run()
 5 SYSTEMPATH\Boot.php(67): CodeIgniter\Boot::runCodeIgniter(Object(CodeIgniter\CodeIgniter))
 6 FCPATH\index.php(56): CodeIgniter\Boot::bootWeb(Object(Config\Paths))
 7 SYSTEMPATH\Commands\Server\rewrite.php(49): require_once('C:\\APK\\xampp-8.2\\htdocs\\SafeToTrip\\public\\index.php')
WARNING - 2024-06-12 06:42:03 --> [DEPRECATED] Creation of dynamic property App\Controllers\Harga::$wisata is deprecated in APPPATH\Controllers\Harga.php on line 15.
 1 SYSTEMPATH\CodeIgniter.php(903): App\Controllers\Harga->__construct()
 2 SYSTEMPATH\CodeIgniter.php(500): CodeIgniter\CodeIgniter->createController()
 3 SYSTEMPATH\CodeIgniter.php(355): CodeIgniter\CodeIgniter->handleRequest(null, Object(Config\Cache), false)
 4 SYSTEMPATH\Boot.php(312): CodeIgniter\CodeIgniter->run()
 5 SYSTEMPATH\Boot.php(67): CodeIgniter\Boot::runCodeIgniter(Object(CodeIgniter\CodeIgniter))
 6 FCPATH\index.php(56): CodeIgniter\Boot::bootWeb(Object(Config\Paths))
 7 SYSTEMPATH\Commands\Server\rewrite.php(49): require_once('C:\\APK\\xampp-8.2\\htdocs\\SafeToTrip\\public\\index.php')
WARNING - 2024-06-12 06:42:03 --> [DEPRECATED] Creation of dynamic property App\Controllers\Harga::$harga is deprecated in APPPATH\Controllers\Harga.php on line 16.
 1 SYSTEMPATH\CodeIgniter.php(903): App\Controllers\Harga->__construct()
 2 SYSTEMPATH\CodeIgniter.php(500): CodeIgniter\CodeIgniter->createController()
 3 SYSTEMPATH\CodeIgniter.php(355): CodeIgniter\CodeIgniter->handleRequest(null, Object(Config\Cache), false)
 4 SYSTEMPATH\Boot.php(312): CodeIgniter\CodeIgniter->run()
 5 SYSTEMPATH\Boot.php(67): CodeIgniter\Boot::runCodeIgniter(Object(CodeIgniter\CodeIgniter))
 6 FCPATH\index.php(56): CodeIgniter\Boot::bootWeb(Object(Config\Paths))
 7 SYSTEMPATH\Commands\Server\rewrite.php(49): require_once('C:\\APK\\xampp-8.2\\htdocs\\SafeToTrip\\public\\index.php')
INFO - 2024-06-12 06:42:23 --> Session: Class initialized using 'CodeIgniter\Session\Handlers\FileHandler' driver.
WARNING - 2024-06-12 06:42:23 --> [DEPRECATED] Creation of dynamic property App\Controllers\Home::$session is deprecated in APPPATH\Controllers\Home.php on line 12.
 1 APPPATH\Controllers\Harga.php(14): App\Controllers\Home->__construct()
 2 SYSTEMPATH\CodeIgniter.php(903): App\Controllers\Harga->__construct()
 3 SYSTEMPATH\CodeIgniter.php(500): CodeIgniter\CodeIgniter->createController()
 4 SYSTEMPATH\CodeIgniter.php(355): CodeIgniter\CodeIgniter->handleRequest(null, Object(Config\Cache), false)
 5 SYSTEMPATH\Boot.php(312): CodeIgniter\CodeIgniter->run()
 6 SYSTEMPATH\Boot.php(67): CodeIgniter\Boot::runCodeIgniter(Object(CodeIgniter\CodeIgniter))
 7 FCPATH\index.php(56): CodeIgniter\Boot::bootWeb(Object(Config\Paths))
 8 SYSTEMPATH\Commands\Server\rewrite.php(49): require_once('C:\\APK\\xampp-8.2\\htdocs\\SafeToTrip\\public\\index.php')
WARNING - 2024-06-12 06:42:23 --> [DEPRECATED] Creation of dynamic property App\Controllers\Home::$wisata is deprecated in APPPATH\Controllers\Home.php on line 13.
 1 APPPATH\Controllers\Harga.php(14): App\Controllers\Home->__construct()
 2 SYSTEMPATH\CodeIgniter.php(903): App\Controllers\Harga->__construct()
 3 SYSTEMPATH\CodeIgniter.php(500): CodeIgniter\CodeIgniter->createController()
 4 SYSTEMPATH\CodeIgniter.php(355): CodeIgniter\CodeIgniter->handleRequest(null, Object(Config\Cache), false)
 5 SYSTEMPATH\Boot.php(312): CodeIgniter\CodeIgniter->run()
 6 SYSTEMPATH\Boot.php(67): CodeIgniter\Boot::runCodeIgniter(Object(CodeIgniter\CodeIgniter))
 7 FCPATH\index.php(56): CodeIgniter\Boot::bootWeb(Object(Config\Paths))
 8 SYSTEMPATH\Commands\Server\rewrite.php(49): require_once('C:\\APK\\xampp-8.2\\htdocs\\SafeToTrip\\public\\index.php')
WARNING - 2024-06-12 06:42:23 --> [DEPRECATED] Creation of dynamic property App\Controllers\Home::$fasilitas is deprecated in APPPATH\Controllers\Home.php on line 14.
 1 APPPATH\Controllers\Harga.php(14): App\Controllers\Home->__construct()
 2 SYSTEMPATH\CodeIgniter.php(903): App\Controllers\Harga->__construct()
 3 SYSTEMPATH\CodeIgniter.php(500): CodeIgniter\CodeIgniter->createController()
 4 SYSTEMPATH\CodeIgniter.php(355): CodeIgniter\CodeIgniter->handleRequest(null, Object(Config\Cache), false)
 5 SYSTEMPATH\Boot.php(312): CodeIgniter\CodeIgniter->run()
 6 SYSTEMPATH\Boot.php(67): CodeIgniter\Boot::runCodeIgniter(Object(CodeIgniter\CodeIgniter))
 7 FCPATH\index.php(56): CodeIgniter\Boot::bootWeb(Object(Config\Paths))
 8 SYSTEMPATH\Commands\Server\rewrite.php(49): require_once('C:\\APK\\xampp-8.2\\htdocs\\SafeToTrip\\public\\index.php')
WARNING - 2024-06-12 06:42:23 --> [DEPRECATED] Creation of dynamic property App\Controllers\Harga::$home is deprecated in APPPATH\Controllers\Harga.php on line 14.
 1 SYSTEMPATH\CodeIgniter.php(903): App\Controllers\Harga->__construct()
 2 SYSTEMPATH\CodeIgniter.php(500): CodeIgniter\CodeIgniter->createController()
 3 SYSTEMPATH\CodeIgniter.php(355): CodeIgniter\CodeIgniter->handleRequest(null, Object(Config\Cache), false)
 4 SYSTEMPATH\Boot.php(312): CodeIgniter\CodeIgniter->run()
 5 SYSTEMPATH\Boot.php(67): CodeIgniter\Boot::runCodeIgniter(Object(CodeIgniter\CodeIgniter))
 6 FCPATH\index.php(56): CodeIgniter\Boot::bootWeb(Object(Config\Paths))
 7 SYSTEMPATH\Commands\Server\rewrite.php(49): require_once('C:\\APK\\xampp-8.2\\htdocs\\SafeToTrip\\public\\index.php')
WARNING - 2024-06-12 06:42:23 --> [DEPRECATED] Creation of dynamic property App\Controllers\Harga::$wisata is deprecated in APPPATH\Controllers\Harga.php on line 15.
 1 SYSTEMPATH\CodeIgniter.php(903): App\Controllers\Harga->__construct()
 2 SYSTEMPATH\CodeIgniter.php(500): CodeIgniter\CodeIgniter->createController()
 3 SYSTEMPATH\CodeIgniter.php(355): CodeIgniter\CodeIgniter->handleRequest(null, Object(Config\Cache), false)
 4 SYSTEMPATH\Boot.php(312): CodeIgniter\CodeIgniter->run()
 5 SYSTEMPATH\Boot.php(67): CodeIgniter\Boot::runCodeIgniter(Object(CodeIgniter\CodeIgniter))
 6 FCPATH\index.php(56): CodeIgniter\Boot::bootWeb(Object(Config\Paths))
 7 SYSTEMPATH\Commands\Server\rewrite.php(49): require_once('C:\\APK\\xampp-8.2\\htdocs\\SafeToTrip\\public\\index.php')
WARNING - 2024-06-12 06:42:23 --> [DEPRECATED] Creation of dynamic property App\Controllers\Harga::$harga is deprecated in APPPATH\Controllers\Harga.php on line 16.
 1 SYSTEMPATH\CodeIgniter.php(903): App\Controllers\Harga->__construct()
 2 SYSTEMPATH\CodeIgniter.php(500): CodeIgniter\CodeIgniter->createController()
 3 SYSTEMPATH\CodeIgniter.php(355): CodeIgniter\CodeIgniter->handleRequest(null, Object(Config\Cache), false)
 4 SYSTEMPATH\Boot.php(312): CodeIgniter\CodeIgniter->run()
 5 SYSTEMPATH\Boot.php(67): CodeIgniter\Boot::runCodeIgniter(Object(CodeIgniter\CodeIgniter))
 6 FCPATH\index.php(56): CodeIgniter\Boot::bootWeb(Object(Config\Paths))
 7 SYSTEMPATH\Commands\Server\rewrite.php(49): require_once('C:\\APK\\xampp-8.2\\htdocs\\SafeToTrip\\public\\index.php')
INFO - 2024-06-12 06:42:33 --> Session: Class initialized using 'CodeIgniter\Session\Handlers\FileHandler' driver.
WARNING - 2024-06-12 06:42:33 --> [DEPRECATED] Creation of dynamic property App\Controllers\Home::$session is deprecated in APPPATH\Controllers\Home.php on line 12.
 1 APPPATH\Controllers\Harga.php(14): App\Controllers\Home->__construct()
 2 SYSTEMPATH\CodeIgniter.php(903): App\Controllers\Harga->__construct()
 3 SYSTEMPATH\CodeIgniter.php(500): CodeIgniter\CodeIgniter->createController()
 4 SYSTEMPATH\CodeIgniter.php(355): CodeIgniter\CodeIgniter->handleRequest(null, Object(Config\Cache), false)
 5 SYSTEMPATH\Boot.php(312): CodeIgniter\CodeIgniter->run()
 6 SYSTEMPATH\Boot.php(67): CodeIgniter\Boot::runCodeIgniter(Object(CodeIgniter\CodeIgniter))
 7 FCPATH\index.php(56): CodeIgniter\Boot::bootWeb(Object(Config\Paths))
 8 SYSTEMPATH\Commands\Server\rewrite.php(49): require_once('C:\\APK\\xampp-8.2\\htdocs\\SafeToTrip\\public\\index.php')
WARNING - 2024-06-12 06:42:33 --> [DEPRECATED] Creation of dynamic property App\Controllers\Home::$wisata is deprecated in APPPATH\Controllers\Home.php on line 13.
 1 APPPATH\Controllers\Harga.php(14): App\Controllers\Home->__construct()
 2 SYSTEMPATH\CodeIgniter.php(903): App\Controllers\Harga->__construct()
 3 SYSTEMPATH\CodeIgniter.php(500): CodeIgniter\CodeIgniter->createController()
 4 SYSTEMPATH\CodeIgniter.php(355): CodeIgniter\CodeIgniter->handleRequest(null, Object(Config\Cache), false)
 5 SYSTEMPATH\Boot.php(312): CodeIgniter\CodeIgniter->run()
 6 SYSTEMPATH\Boot.php(67): CodeIgniter\Boot::runCodeIgniter(Object(CodeIgniter\CodeIgniter))
 7 FCPATH\index.php(56): CodeIgniter\Boot::bootWeb(Object(Config\Paths))
 8 SYSTEMPATH\Commands\Server\rewrite.php(49): require_once('C:\\APK\\xampp-8.2\\htdocs\\SafeToTrip\\public\\index.php')
WARNING - 2024-06-12 06:42:33 --> [DEPRECATED] Creation of dynamic property App\Controllers\Home::$fasilitas is deprecated in APPPATH\Controllers\Home.php on line 14.
 1 APPPATH\Controllers\Harga.php(14): App\Controllers\Home->__construct()
 2 SYSTEMPATH\CodeIgniter.php(903): App\Controllers\Harga->__construct()
 3 SYSTEMPATH\CodeIgniter.php(500): CodeIgniter\CodeIgniter->createController()
 4 SYSTEMPATH\CodeIgniter.php(355): CodeIgniter\CodeIgniter->handleRequest(null, Object(Config\Cache), false)
 5 SYSTEMPATH\Boot.php(312): CodeIgniter\CodeIgniter->run()
 6 SYSTEMPATH\Boot.php(67): CodeIgniter\Boot::runCodeIgniter(Object(CodeIgniter\CodeIgniter))
 7 FCPATH\index.php(56): CodeIgniter\Boot::bootWeb(Object(Config\Paths))
 8 SYSTEMPATH\Commands\Server\rewrite.php(49): require_once('C:\\APK\\xampp-8.2\\htdocs\\SafeToTrip\\public\\index.php')
WARNING - 2024-06-12 06:42:33 --> [DEPRECATED] Creation of dynamic property App\Controllers\Harga::$home is deprecated in APPPATH\Controllers\Harga.php on line 14.
 1 SYSTEMPATH\CodeIgniter.php(903): App\Controllers\Harga->__construct()
 2 SYSTEMPATH\CodeIgniter.php(500): CodeIgniter\CodeIgniter->createController()
 3 SYSTEMPATH\CodeIgniter.php(355): CodeIgniter\CodeIgniter->handleRequest(null, Object(Config\Cache), false)
 4 SYSTEMPATH\Boot.php(312): CodeIgniter\CodeIgniter->run()
 5 SYSTEMPATH\Boot.php(67): CodeIgniter\Boot::runCodeIgniter(Object(CodeIgniter\CodeIgniter))
 6 FCPATH\index.php(56): CodeIgniter\Boot::bootWeb(Object(Config\Paths))
 7 SYSTEMPATH\Commands\Server\rewrite.php(49): require_once('C:\\APK\\xampp-8.2\\htdocs\\SafeToTrip\\public\\index.php')
WARNING - 2024-06-12 06:42:33 --> [DEPRECATED] Creation of dynamic property App\Controllers\Harga::$wisata is deprecated in APPPATH\Controllers\Harga.php on line 15.
 1 SYSTEMPATH\CodeIgniter.php(903): App\Controllers\Harga->__construct()
 2 SYSTEMPATH\CodeIgniter.php(500): CodeIgniter\CodeIgniter->createController()
 3 SYSTEMPATH\CodeIgniter.php(355): CodeIgniter\CodeIgniter->handleRequest(null, Object(Config\Cache), false)
 4 SYSTEMPATH\Boot.php(312): CodeIgniter\CodeIgniter->run()
 5 SYSTEMPATH\Boot.php(67): CodeIgniter\Boot::runCodeIgniter(Object(CodeIgniter\CodeIgniter))
 6 FCPATH\index.php(56): CodeIgniter\Boot::bootWeb(Object(Config\Paths))
 7 SYSTEMPATH\Commands\Server\rewrite.php(49): require_once('C:\\APK\\xampp-8.2\\htdocs\\SafeToTrip\\public\\index.php')
WARNING - 2024-06-12 06:42:33 --> [DEPRECATED] Creation of dynamic property App\Controllers\Harga::$harga is deprecated in APPPATH\Controllers\Harga.php on line 16.
 1 SYSTEMPATH\CodeIgniter.php(903): App\Controllers\Harga->__construct()
 2 SYSTEMPATH\CodeIgniter.php(500): CodeIgniter\CodeIgniter->createController()
 3 SYSTEMPATH\CodeIgniter.php(355): CodeIgniter\CodeIgniter->handleRequest(null, Object(Config\Cache), false)
 4 SYSTEMPATH\Boot.php(312): CodeIgniter\CodeIgniter->run()
 5 SYSTEMPATH\Boot.php(67): CodeIgniter\Boot::runCodeIgniter(Object(CodeIgniter\CodeIgniter))
 6 FCPATH\index.php(56): CodeIgniter\Boot::bootWeb(Object(Config\Paths))
 7 SYSTEMPATH\Commands\Server\rewrite.php(49): require_once('C:\\APK\\xampp-8.2\\htdocs\\SafeToTrip\\public\\index.php')
INFO - 2024-06-12 06:42:33 --> Session: Class initialized using 'CodeIgniter\Session\Handlers\FileHandler' driver.
WARNING - 2024-06-12 06:42:33 --> [DEPRECATED] Creation of dynamic property App\Controllers\Home::$session is deprecated in APPPATH\Controllers\Home.php on line 12.
 1 APPPATH\Controllers\Harga.php(14): App\Controllers\Home->__construct()
 2 SYSTEMPATH\CodeIgniter.php(903): App\Controllers\Harga->__construct()
 3 SYSTEMPATH\CodeIgniter.php(500): CodeIgniter\CodeIgniter->createController()
 4 SYSTEMPATH\CodeIgniter.php(355): CodeIgniter\CodeIgniter->handleRequest(null, Object(Config\Cache), false)
 5 SYSTEMPATH\Boot.php(312): CodeIgniter\CodeIgniter->run()
 6 SYSTEMPATH\Boot.php(67): CodeIgniter\Boot::runCodeIgniter(Object(CodeIgniter\CodeIgniter))
 7 FCPATH\index.php(56): CodeIgniter\Boot::bootWeb(Object(Config\Paths))
 8 SYSTEMPATH\Commands\Server\rewrite.php(49): require_once('C:\\APK\\xampp-8.2\\htdocs\\SafeToTrip\\public\\index.php')
WARNING - 2024-06-12 06:42:33 --> [DEPRECATED] Creation of dynamic property App\Controllers\Home::$wisata is deprecated in APPPATH\Controllers\Home.php on line 13.
 1 APPPATH\Controllers\Harga.php(14): App\Controllers\Home->__construct()
 2 SYSTEMPATH\CodeIgniter.php(903): App\Controllers\Harga->__construct()
 3 SYSTEMPATH\CodeIgniter.php(500): CodeIgniter\CodeIgniter->createController()
 4 SYSTEMPATH\CodeIgniter.php(355): CodeIgniter\CodeIgniter->handleRequest(null, Object(Config\Cache), false)
 5 SYSTEMPATH\Boot.php(312): CodeIgniter\CodeIgniter->run()
 6 SYSTEMPATH\Boot.php(67): CodeIgniter\Boot::runCodeIgniter(Object(CodeIgniter\CodeIgniter))
 7 FCPATH\index.php(56): CodeIgniter\Boot::bootWeb(Object(Config\Paths))
 8 SYSTEMPATH\Commands\Server\rewrite.php(49): require_once('C:\\APK\\xampp-8.2\\htdocs\\SafeToTrip\\public\\index.php')
WARNING - 2024-06-12 06:42:33 --> [DEPRECATED] Creation of dynamic property App\Controllers\Home::$fasilitas is deprecated in APPPATH\Controllers\Home.php on line 14.
 1 APPPATH\Controllers\Harga.php(14): App\Controllers\Home->__construct()
 2 SYSTEMPATH\CodeIgniter.php(903): App\Controllers\Harga->__construct()
 3 SYSTEMPATH\CodeIgniter.php(500): CodeIgniter\CodeIgniter->createController()
 4 SYSTEMPATH\CodeIgniter.php(355): CodeIgniter\CodeIgniter->handleRequest(null, Object(Config\Cache), false)
 5 SYSTEMPATH\Boot.php(312): CodeIgniter\CodeIgniter->run()
 6 SYSTEMPATH\Boot.php(67): CodeIgniter\Boot::runCodeIgniter(Object(CodeIgniter\CodeIgniter))
 7 FCPATH\index.php(56): CodeIgniter\Boot::bootWeb(Object(Config\Paths))
 8 SYSTEMPATH\Commands\Server\rewrite.php(49): require_once('C:\\APK\\xampp-8.2\\htdocs\\SafeToTrip\\public\\index.php')
WARNING - 2024-06-12 06:42:33 --> [DEPRECATED] Creation of dynamic property App\Controllers\Harga::$home is deprecated in APPPATH\Controllers\Harga.php on line 14.
 1 SYSTEMPATH\CodeIgniter.php(903): App\Controllers\Harga->__construct()
 2 SYSTEMPATH\CodeIgniter.php(500): CodeIgniter\CodeIgniter->createController()
 3 SYSTEMPATH\CodeIgniter.php(355): CodeIgniter\CodeIgniter->handleRequest(null, Object(Config\Cache), false)
 4 SYSTEMPATH\Boot.php(312): CodeIgniter\CodeIgniter->run()
 5 SYSTEMPATH\Boot.php(67): CodeIgniter\Boot::runCodeIgniter(Object(CodeIgniter\CodeIgniter))
 6 FCPATH\index.php(56): CodeIgniter\Boot::bootWeb(Object(Config\Paths))
 7 SYSTEMPATH\Commands\Server\rewrite.php(49): require_once('C:\\APK\\xampp-8.2\\htdocs\\SafeToTrip\\public\\index.php')
WARNING - 2024-06-12 06:42:33 --> [DEPRECATED] Creation of dynamic property App\Controllers\Harga::$wisata is deprecated in APPPATH\Controllers\Harga.php on line 15.
 1 SYSTEMPATH\CodeIgniter.php(903): App\Controllers\Harga->__construct()
 2 SYSTEMPATH\CodeIgniter.php(500): CodeIgniter\CodeIgniter->createController()
 3 SYSTEMPATH\CodeIgniter.php(355): CodeIgniter\CodeIgniter->handleRequest(null, Object(Config\Cache), false)
 4 SYSTEMPATH\Boot.php(312): CodeIgniter\CodeIgniter->run()
 5 SYSTEMPATH\Boot.php(67): CodeIgniter\Boot::runCodeIgniter(Object(CodeIgniter\CodeIgniter))
 6 FCPATH\index.php(56): CodeIgniter\Boot::bootWeb(Object(Config\Paths))
 7 SYSTEMPATH\Commands\Server\rewrite.php(49): require_once('C:\\APK\\xampp-8.2\\htdocs\\SafeToTrip\\public\\index.php')
WARNING - 2024-06-12 06:42:33 --> [DEPRECATED] Creation of dynamic property App\Controllers\Harga::$harga is deprecated in APPPATH\Controllers\Harga.php on line 16.
 1 SYSTEMPATH\CodeIgniter.php(903): App\Controllers\Harga->__construct()
 2 SYSTEMPATH\CodeIgniter.php(500): CodeIgniter\CodeIgniter->createController()
 3 SYSTEMPATH\CodeIgniter.php(355): CodeIgniter\CodeIgniter->handleRequest(null, Object(Config\Cache), false)
 4 SYSTEMPATH\Boot.php(312): CodeIgniter\CodeIgniter->run()
 5 SYSTEMPATH\Boot.php(67): CodeIgniter\Boot::runCodeIgniter(Object(CodeIgniter\CodeIgniter))
 6 FCPATH\index.php(56): CodeIgniter\Boot::bootWeb(Object(Config\Paths))
 7 SYSTEMPATH\Commands\Server\rewrite.php(49): require_once('C:\\APK\\xampp-8.2\\htdocs\\SafeToTrip\\public\\index.php')
INFO - 2024-06-12 06:43:36 --> Session: Class initialized using 'CodeIgniter\Session\Handlers\FileHandler' driver.
WARNING - 2024-06-12 06:43:36 --> [DEPRECATED] Creation of dynamic property App\Controllers\Home::$session is deprecated in APPPATH\Controllers\Home.php on line 12.
 1 APPPATH\Controllers\Harga.php(14): App\Controllers\Home->__construct()
 2 SYSTEMPATH\CodeIgniter.php(903): App\Controllers\Harga->__construct()
 3 SYSTEMPATH\CodeIgniter.php(500): CodeIgniter\CodeIgniter->createController()
 4 SYSTEMPATH\CodeIgniter.php(355): CodeIgniter\CodeIgniter->handleRequest(null, Object(Config\Cache), false)
 5 SYSTEMPATH\Boot.php(312): CodeIgniter\CodeIgniter->run()
 6 SYSTEMPATH\Boot.php(67): CodeIgniter\Boot::runCodeIgniter(Object(CodeIgniter\CodeIgniter))
 7 FCPATH\index.php(56): CodeIgniter\Boot::bootWeb(Object(Config\Paths))
 8 SYSTEMPATH\Commands\Server\rewrite.php(49): require_once('C:\\APK\\xampp-8.2\\htdocs\\SafeToTrip\\public\\index.php')
WARNING - 2024-06-12 06:43:36 --> [DEPRECATED] Creation of dynamic property App\Controllers\Home::$wisata is deprecated in APPPATH\Controllers\Home.php on line 13.
 1 APPPATH\Controllers\Harga.php(14): App\Controllers\Home->__construct()
 2 SYSTEMPATH\CodeIgniter.php(903): App\Controllers\Harga->__construct()
 3 SYSTEMPATH\CodeIgniter.php(500): CodeIgniter\CodeIgniter->createController()
 4 SYSTEMPATH\CodeIgniter.php(355): CodeIgniter\CodeIgniter->handleRequest(null, Object(Config\Cache), false)
 5 SYSTEMPATH\Boot.php(312): CodeIgniter\CodeIgniter->run()
 6 SYSTEMPATH\Boot.php(67): CodeIgniter\Boot::runCodeIgniter(Object(CodeIgniter\CodeIgniter))
 7 FCPATH\index.php(56): CodeIgniter\Boot::bootWeb(Object(Config\Paths))
 8 SYSTEMPATH\Commands\Server\rewrite.php(49): require_once('C:\\APK\\xampp-8.2\\htdocs\\SafeToTrip\\public\\index.php')
WARNING - 2024-06-12 06:43:36 --> [DEPRECATED] Creation of dynamic property App\Controllers\Home::$fasilitas is deprecated in APPPATH\Controllers\Home.php on line 14.
 1 APPPATH\Controllers\Harga.php(14): App\Controllers\Home->__construct()
 2 SYSTEMPATH\CodeIgniter.php(903): App\Controllers\Harga->__construct()
 3 SYSTEMPATH\CodeIgniter.php(500): CodeIgniter\CodeIgniter->createController()
 4 SYSTEMPATH\CodeIgniter.php(355): CodeIgniter\CodeIgniter->handleRequest(null, Object(Config\Cache), false)
 5 SYSTEMPATH\Boot.php(312): CodeIgniter\CodeIgniter->run()
 6 SYSTEMPATH\Boot.php(67): CodeIgniter\Boot::runCodeIgniter(Object(CodeIgniter\CodeIgniter))
 7 FCPATH\index.php(56): CodeIgniter\Boot::bootWeb(Object(Config\Paths))
 8 SYSTEMPATH\Commands\Server\rewrite.php(49): require_once('C:\\APK\\xampp-8.2\\htdocs\\SafeToTrip\\public\\index.php')
WARNING - 2024-06-12 06:43:36 --> [DEPRECATED] Creation of dynamic property App\Controllers\Harga::$home is deprecated in APPPATH\Controllers\Harga.php on line 14.
 1 SYSTEMPATH\CodeIgniter.php(903): App\Controllers\Harga->__construct()
 2 SYSTEMPATH\CodeIgniter.php(500): CodeIgniter\CodeIgniter->createController()
 3 SYSTEMPATH\CodeIgniter.php(355): CodeIgniter\CodeIgniter->handleRequest(null, Object(Config\Cache), false)
 4 SYSTEMPATH\Boot.php(312): CodeIgniter\CodeIgniter->run()
 5 SYSTEMPATH\Boot.php(67): CodeIgniter\Boot::runCodeIgniter(Object(CodeIgniter\CodeIgniter))
 6 FCPATH\index.php(56): CodeIgniter\Boot::bootWeb(Object(Config\Paths))
 7 SYSTEMPATH\Commands\Server\rewrite.php(49): require_once('C:\\APK\\xampp-8.2\\htdocs\\SafeToTrip\\public\\index.php')
WARNING - 2024-06-12 06:43:36 --> [DEPRECATED] Creation of dynamic property App\Controllers\Harga::$wisata is deprecated in APPPATH\Controllers\Harga.php on line 15.
 1 SYSTEMPATH\CodeIgniter.php(903): App\Controllers\Harga->__construct()
 2 SYSTEMPATH\CodeIgniter.php(500): CodeIgniter\CodeIgniter->createController()
 3 SYSTEMPATH\CodeIgniter.php(355): CodeIgniter\CodeIgniter->handleRequest(null, Object(Config\Cache), false)
 4 SYSTEMPATH\Boot.php(312): CodeIgniter\CodeIgniter->run()
 5 SYSTEMPATH\Boot.php(67): CodeIgniter\Boot::runCodeIgniter(Object(CodeIgniter\CodeIgniter))
 6 FCPATH\index.php(56): CodeIgniter\Boot::bootWeb(Object(Config\Paths))
 7 SYSTEMPATH\Commands\Server\rewrite.php(49): require_once('C:\\APK\\xampp-8.2\\htdocs\\SafeToTrip\\public\\index.php')
WARNING - 2024-06-12 06:43:36 --> [DEPRECATED] Creation of dynamic property App\Controllers\Harga::$harga is deprecated in APPPATH\Controllers\Harga.php on line 16.
 1 SYSTEMPATH\CodeIgniter.php(903): App\Controllers\Harga->__construct()
 2 SYSTEMPATH\CodeIgniter.php(500): CodeIgniter\CodeIgniter->createController()
 3 SYSTEMPATH\CodeIgniter.php(355): CodeIgniter\CodeIgniter->handleRequest(null, Object(Config\Cache), false)
 4 SYSTEMPATH\Boot.php(312): CodeIgniter\CodeIgniter->run()
 5 SYSTEMPATH\Boot.php(67): CodeIgniter\Boot::runCodeIgniter(Object(CodeIgniter\CodeIgniter))
 6 FCPATH\index.php(56): CodeIgniter\Boot::bootWeb(Object(Config\Paths))
 7 SYSTEMPATH\Commands\Server\rewrite.php(49): require_once('C:\\APK\\xampp-8.2\\htdocs\\SafeToTrip\\public\\index.php')
INFO - 2024-06-12 06:44:46 --> Session: Class initialized using 'CodeIgniter\Session\Handlers\FileHandler' driver.
WARNING - 2024-06-12 06:44:46 --> [DEPRECATED] Creation of dynamic property App\Controllers\Home::$session is deprecated in APPPATH\Controllers\Home.php on line 12.
 1 APPPATH\Controllers\Harga.php(14): App\Controllers\Home->__construct()
 2 SYSTEMPATH\CodeIgniter.php(903): App\Controllers\Harga->__construct()
 3 SYSTEMPATH\CodeIgniter.php(500): CodeIgniter\CodeIgniter->createController()
 4 SYSTEMPATH\CodeIgniter.php(355): CodeIgniter\CodeIgniter->handleRequest(null, Object(Config\Cache), false)
 5 SYSTEMPATH\Boot.php(312): CodeIgniter\CodeIgniter->run()
 6 SYSTEMPATH\Boot.php(67): CodeIgniter\Boot::runCodeIgniter(Object(CodeIgniter\CodeIgniter))
 7 FCPATH\index.php(56): CodeIgniter\Boot::bootWeb(Object(Config\Paths))
 8 SYSTEMPATH\Commands\Server\rewrite.php(49): require_once('C:\\APK\\xampp-8.2\\htdocs\\SafeToTrip\\public\\index.php')
WARNING - 2024-06-12 06:44:46 --> [DEPRECATED] Creation of dynamic property App\Controllers\Home::$wisata is deprecated in APPPATH\Controllers\Home.php on line 13.
 1 APPPATH\Controllers\Harga.php(14): App\Controllers\Home->__construct()
 2 SYSTEMPATH\CodeIgniter.php(903): App\Controllers\Harga->__construct()
 3 SYSTEMPATH\CodeIgniter.php(500): CodeIgniter\CodeIgniter->createController()
 4 SYSTEMPATH\CodeIgniter.php(355): CodeIgniter\CodeIgniter->handleRequest(null, Object(Config\Cache), false)
 5 SYSTEMPATH\Boot.php(312): CodeIgniter\CodeIgniter->run()
 6 SYSTEMPATH\Boot.php(67): CodeIgniter\Boot::runCodeIgniter(Object(CodeIgniter\CodeIgniter))
 7 FCPATH\index.php(56): CodeIgniter\Boot::bootWeb(Object(Config\Paths))
 8 SYSTEMPATH\Commands\Server\rewrite.php(49): require_once('C:\\APK\\xampp-8.2\\htdocs\\SafeToTrip\\public\\index.php')
WARNING - 2024-06-12 06:44:46 --> [DEPRECATED] Creation of dynamic property App\Controllers\Home::$fasilitas is deprecated in APPPATH\Controllers\Home.php on line 14.
 1 APPPATH\Controllers\Harga.php(14): App\Controllers\Home->__construct()
 2 SYSTEMPATH\CodeIgniter.php(903): App\Controllers\Harga->__construct()
 3 SYSTEMPATH\CodeIgniter.php(500): CodeIgniter\CodeIgniter->createController()
 4 SYSTEMPATH\CodeIgniter.php(355): CodeIgniter\CodeIgniter->handleRequest(null, Object(Config\Cache), false)
 5 SYSTEMPATH\Boot.php(312): CodeIgniter\CodeIgniter->run()
 6 SYSTEMPATH\Boot.php(67): CodeIgniter\Boot::runCodeIgniter(Object(CodeIgniter\CodeIgniter))
 7 FCPATH\index.php(56): CodeIgniter\Boot::bootWeb(Object(Config\Paths))
 8 SYSTEMPATH\Commands\Server\rewrite.php(49): require_once('C:\\APK\\xampp-8.2\\htdocs\\SafeToTrip\\public\\index.php')
WARNING - 2024-06-12 06:44:46 --> [DEPRECATED] Creation of dynamic property App\Controllers\Harga::$home is deprecated in APPPATH\Controllers\Harga.php on line 14.
 1 SYSTEMPATH\CodeIgniter.php(903): App\Controllers\Harga->__construct()
 2 SYSTEMPATH\CodeIgniter.php(500): CodeIgniter\CodeIgniter->createController()
 3 SYSTEMPATH\CodeIgniter.php(355): CodeIgniter\CodeIgniter->handleRequest(null, Object(Config\Cache), false)
 4 SYSTEMPATH\Boot.php(312): CodeIgniter\CodeIgniter->run()
 5 SYSTEMPATH\Boot.php(67): CodeIgniter\Boot::runCodeIgniter(Object(CodeIgniter\CodeIgniter))
 6 FCPATH\index.php(56): CodeIgniter\Boot::bootWeb(Object(Config\Paths))
 7 SYSTEMPATH\Commands\Server\rewrite.php(49): require_once('C:\\APK\\xampp-8.2\\htdocs\\SafeToTrip\\public\\index.php')
WARNING - 2024-06-12 06:44:46 --> [DEPRECATED] Creation of dynamic property App\Controllers\Harga::$wisata is deprecated in APPPATH\Controllers\Harga.php on line 15.
 1 SYSTEMPATH\CodeIgniter.php(903): App\Controllers\Harga->__construct()
 2 SYSTEMPATH\CodeIgniter.php(500): CodeIgniter\CodeIgniter->createController()
 3 SYSTEMPATH\CodeIgniter.php(355): CodeIgniter\CodeIgniter->handleRequest(null, Object(Config\Cache), false)
 4 SYSTEMPATH\Boot.php(312): CodeIgniter\CodeIgniter->run()
 5 SYSTEMPATH\Boot.php(67): CodeIgniter\Boot::runCodeIgniter(Object(CodeIgniter\CodeIgniter))
 6 FCPATH\index.php(56): CodeIgniter\Boot::bootWeb(Object(Config\Paths))
 7 SYSTEMPATH\Commands\Server\rewrite.php(49): require_once('C:\\APK\\xampp-8.2\\htdocs\\SafeToTrip\\public\\index.php')
WARNING - 2024-06-12 06:44:46 --> [DEPRECATED] Creation of dynamic property App\Controllers\Harga::$harga is deprecated in APPPATH\Controllers\Harga.php on line 16.
 1 SYSTEMPATH\CodeIgniter.php(903): App\Controllers\Harga->__construct()
 2 SYSTEMPATH\CodeIgniter.php(500): CodeIgniter\CodeIgniter->createController()
 3 SYSTEMPATH\CodeIgniter.php(355): CodeIgniter\CodeIgniter->handleRequest(null, Object(Config\Cache), false)
 4 SYSTEMPATH\Boot.php(312): CodeIgniter\CodeIgniter->run()
 5 SYSTEMPATH\Boot.php(67): CodeIgniter\Boot::runCodeIgniter(Object(CodeIgniter\CodeIgniter))
 6 FCPATH\index.php(56): CodeIgniter\Boot::bootWeb(Object(Config\Paths))
 7 SYSTEMPATH\Commands\Server\rewrite.php(49): require_once('C:\\APK\\xampp-8.2\\htdocs\\SafeToTrip\\public\\index.php')
INFO - 2024-06-12 06:48:10 --> Session: Class initialized using 'CodeIgniter\Session\Handlers\FileHandler' driver.
WARNING - 2024-06-12 06:48:10 --> [DEPRECATED] Creation of dynamic property App\Controllers\Home::$session is deprecated in APPPATH\Controllers\Home.php on line 12.
 1 APPPATH\Controllers\Harga.php(14): App\Controllers\Home->__construct()
 2 SYSTEMPATH\CodeIgniter.php(903): App\Controllers\Harga->__construct()
 3 SYSTEMPATH\CodeIgniter.php(500): CodeIgniter\CodeIgniter->createController()
 4 SYSTEMPATH\CodeIgniter.php(355): CodeIgniter\CodeIgniter->handleRequest(null, Object(Config\Cache), false)
 5 SYSTEMPATH\Boot.php(312): CodeIgniter\CodeIgniter->run()
 6 SYSTEMPATH\Boot.php(67): CodeIgniter\Boot::runCodeIgniter(Object(CodeIgniter\CodeIgniter))
 7 FCPATH\index.php(56): CodeIgniter\Boot::bootWeb(Object(Config\Paths))
 8 SYSTEMPATH\Commands\Server\rewrite.php(49): require_once('C:\\APK\\xampp-8.2\\htdocs\\SafeToTrip\\public\\index.php')
WARNING - 2024-06-12 06:48:10 --> [DEPRECATED] Creation of dynamic property App\Controllers\Home::$wisata is deprecated in APPPATH\Controllers\Home.php on line 13.
 1 APPPATH\Controllers\Harga.php(14): App\Controllers\Home->__construct()
 2 SYSTEMPATH\CodeIgniter.php(903): App\Controllers\Harga->__construct()
 3 SYSTEMPATH\CodeIgniter.php(500): CodeIgniter\CodeIgniter->createController()
 4 SYSTEMPATH\CodeIgniter.php(355): CodeIgniter\CodeIgniter->handleRequest(null, Object(Config\Cache), false)
 5 SYSTEMPATH\Boot.php(312): CodeIgniter\CodeIgniter->run()
 6 SYSTEMPATH\Boot.php(67): CodeIgniter\Boot::runCodeIgniter(Object(CodeIgniter\CodeIgniter))
 7 FCPATH\index.php(56): CodeIgniter\Boot::bootWeb(Object(Config\Paths))
 8 SYSTEMPATH\Commands\Server\rewrite.php(49): require_once('C:\\APK\\xampp-8.2\\htdocs\\SafeToTrip\\public\\index.php')
WARNING - 2024-06-12 06:48:10 --> [DEPRECATED] Creation of dynamic property App\Controllers\Home::$fasilitas is deprecated in APPPATH\Controllers\Home.php on line 14.
 1 APPPATH\Controllers\Harga.php(14): App\Controllers\Home->__construct()
 2 SYSTEMPATH\CodeIgniter.php(903): App\Controllers\Harga->__construct()
 3 SYSTEMPATH\CodeIgniter.php(500): CodeIgniter\CodeIgniter->createController()
 4 SYSTEMPATH\CodeIgniter.php(355): CodeIgniter\CodeIgniter->handleRequest(null, Object(Config\Cache), false)
 5 SYSTEMPATH\Boot.php(312): CodeIgniter\CodeIgniter->run()
 6 SYSTEMPATH\Boot.php(67): CodeIgniter\Boot::runCodeIgniter(Object(CodeIgniter\CodeIgniter))
 7 FCPATH\index.php(56): CodeIgniter\Boot::bootWeb(Object(Config\Paths))
 8 SYSTEMPATH\Commands\Server\rewrite.php(49): require_once('C:\\APK\\xampp-8.2\\htdocs\\SafeToTrip\\public\\index.php')
WARNING - 2024-06-12 06:48:10 --> [DEPRECATED] Creation of dynamic property App\Controllers\Harga::$home is deprecated in APPPATH\Controllers\Harga.php on line 14.
 1 SYSTEMPATH\CodeIgniter.php(903): App\Controllers\Harga->__construct()
 2 SYSTEMPATH\CodeIgniter.php(500): CodeIgniter\CodeIgniter->createController()
 3 SYSTEMPATH\CodeIgniter.php(355): CodeIgniter\CodeIgniter->handleRequest(null, Object(Config\Cache), false)
 4 SYSTEMPATH\Boot.php(312): CodeIgniter\CodeIgniter->run()
 5 SYSTEMPATH\Boot.php(67): CodeIgniter\Boot::runCodeIgniter(Object(CodeIgniter\CodeIgniter))
 6 FCPATH\index.php(56): CodeIgniter\Boot::bootWeb(Object(Config\Paths))
 7 SYSTEMPATH\Commands\Server\rewrite.php(49): require_once('C:\\APK\\xampp-8.2\\htdocs\\SafeToTrip\\public\\index.php')
WARNING - 2024-06-12 06:48:10 --> [DEPRECATED] Creation of dynamic property App\Controllers\Harga::$wisata is deprecated in APPPATH\Controllers\Harga.php on line 15.
 1 SYSTEMPATH\CodeIgniter.php(903): App\Controllers\Harga->__construct()
 2 SYSTEMPATH\CodeIgniter.php(500): CodeIgniter\CodeIgniter->createController()
 3 SYSTEMPATH\CodeIgniter.php(355): CodeIgniter\CodeIgniter->handleRequest(null, Object(Config\Cache), false)
 4 SYSTEMPATH\Boot.php(312): CodeIgniter\CodeIgniter->run()
 5 SYSTEMPATH\Boot.php(67): CodeIgniter\Boot::runCodeIgniter(Object(CodeIgniter\CodeIgniter))
 6 FCPATH\index.php(56): CodeIgniter\Boot::bootWeb(Object(Config\Paths))
 7 SYSTEMPATH\Commands\Server\rewrite.php(49): require_once('C:\\APK\\xampp-8.2\\htdocs\\SafeToTrip\\public\\index.php')
WARNING - 2024-06-12 06:48:10 --> [DEPRECATED] Creation of dynamic property App\Controllers\Harga::$harga is deprecated in APPPATH\Controllers\Harga.php on line 16.
 1 SYSTEMPATH\CodeIgniter.php(903): App\Controllers\Harga->__construct()
 2 SYSTEMPATH\CodeIgniter.php(500): CodeIgniter\CodeIgniter->createController()
 3 SYSTEMPATH\CodeIgniter.php(355): CodeIgniter\CodeIgniter->handleRequest(null, Object(Config\Cache), false)
 4 SYSTEMPATH\Boot.php(312): CodeIgniter\CodeIgniter->run()
 5 SYSTEMPATH\Boot.php(67): CodeIgniter\Boot::runCodeIgniter(Object(CodeIgniter\CodeIgniter))
 6 FCPATH\index.php(56): CodeIgniter\Boot::bootWeb(Object(Config\Paths))
 7 SYSTEMPATH\Commands\Server\rewrite.php(49): require_once('C:\\APK\\xampp-8.2\\htdocs\\SafeToTrip\\public\\index.php')
INFO - 2024-06-12 06:48:35 --> Session: Class initialized using 'CodeIgniter\Session\Handlers\FileHandler' driver.
WARNING - 2024-06-12 06:48:35 --> [DEPRECATED] Creation of dynamic property App\Controllers\Home::$session is deprecated in APPPATH\Controllers\Home.php on line 12.
 1 APPPATH\Controllers\Harga.php(14): App\Controllers\Home->__construct()
 2 SYSTEMPATH\CodeIgniter.php(903): App\Controllers\Harga->__construct()
 3 SYSTEMPATH\CodeIgniter.php(500): CodeIgniter\CodeIgniter->createController()
 4 SYSTEMPATH\CodeIgniter.php(355): CodeIgniter\CodeIgniter->handleRequest(null, Object(Config\Cache), false)
 5 SYSTEMPATH\Boot.php(312): CodeIgniter\CodeIgniter->run()
 6 SYSTEMPATH\Boot.php(67): CodeIgniter\Boot::runCodeIgniter(Object(CodeIgniter\CodeIgniter))
 7 FCPATH\index.php(56): CodeIgniter\Boot::bootWeb(Object(Config\Paths))
 8 SYSTEMPATH\Commands\Server\rewrite.php(49): require_once('C:\\APK\\xampp-8.2\\htdocs\\SafeToTrip\\public\\index.php')
WARNING - 2024-06-12 06:48:35 --> [DEPRECATED] Creation of dynamic property App\Controllers\Home::$wisata is deprecated in APPPATH\Controllers\Home.php on line 13.
 1 APPPATH\Controllers\Harga.php(14): App\Controllers\Home->__construct()
 2 SYSTEMPATH\CodeIgniter.php(903): App\Controllers\Harga->__construct()
 3 SYSTEMPATH\CodeIgniter.php(500): CodeIgniter\CodeIgniter->createController()
 4 SYSTEMPATH\CodeIgniter.php(355): CodeIgniter\CodeIgniter->handleRequest(null, Object(Config\Cache), false)
 5 SYSTEMPATH\Boot.php(312): CodeIgniter\CodeIgniter->run()
 6 SYSTEMPATH\Boot.php(67): CodeIgniter\Boot::runCodeIgniter(Object(CodeIgniter\CodeIgniter))
 7 FCPATH\index.php(56): CodeIgniter\Boot::bootWeb(Object(Config\Paths))
 8 SYSTEMPATH\Commands\Server\rewrite.php(49): require_once('C:\\APK\\xampp-8.2\\htdocs\\SafeToTrip\\public\\index.php')
WARNING - 2024-06-12 06:48:35 --> [DEPRECATED] Creation of dynamic property App\Controllers\Home::$fasilitas is deprecated in APPPATH\Controllers\Home.php on line 14.
 1 APPPATH\Controllers\Harga.php(14): App\Controllers\Home->__construct()
 2 SYSTEMPATH\CodeIgniter.php(903): App\Controllers\Harga->__construct()
 3 SYSTEMPATH\CodeIgniter.php(500): CodeIgniter\CodeIgniter->createController()
 4 SYSTEMPATH\CodeIgniter.php(355): CodeIgniter\CodeIgniter->handleRequest(null, Object(Config\Cache), false)
 5 SYSTEMPATH\Boot.php(312): CodeIgniter\CodeIgniter->run()
 6 SYSTEMPATH\Boot.php(67): CodeIgniter\Boot::runCodeIgniter(Object(CodeIgniter\CodeIgniter))
 7 FCPATH\index.php(56): CodeIgniter\Boot::bootWeb(Object(Config\Paths))
 8 SYSTEMPATH\Commands\Server\rewrite.php(49): require_once('C:\\APK\\xampp-8.2\\htdocs\\SafeToTrip\\public\\index.php')
WARNING - 2024-06-12 06:48:35 --> [DEPRECATED] Creation of dynamic property App\Controllers\Harga::$home is deprecated in APPPATH\Controllers\Harga.php on line 14.
 1 SYSTEMPATH\CodeIgniter.php(903): App\Controllers\Harga->__construct()
 2 SYSTEMPATH\CodeIgniter.php(500): CodeIgniter\CodeIgniter->createController()
 3 SYSTEMPATH\CodeIgniter.php(355): CodeIgniter\CodeIgniter->handleRequest(null, Object(Config\Cache), false)
 4 SYSTEMPATH\Boot.php(312): CodeIgniter\CodeIgniter->run()
 5 SYSTEMPATH\Boot.php(67): CodeIgniter\Boot::runCodeIgniter(Object(CodeIgniter\CodeIgniter))
 6 FCPATH\index.php(56): CodeIgniter\Boot::bootWeb(Object(Config\Paths))
 7 SYSTEMPATH\Commands\Server\rewrite.php(49): require_once('C:\\APK\\xampp-8.2\\htdocs\\SafeToTrip\\public\\index.php')
WARNING - 2024-06-12 06:48:35 --> [DEPRECATED] Creation of dynamic property App\Controllers\Harga::$wisata is deprecated in APPPATH\Controllers\Harga.php on line 15.
 1 SYSTEMPATH\CodeIgniter.php(903): App\Controllers\Harga->__construct()
 2 SYSTEMPATH\CodeIgniter.php(500): CodeIgniter\CodeIgniter->createController()
 3 SYSTEMPATH\CodeIgniter.php(355): CodeIgniter\CodeIgniter->handleRequest(null, Object(Config\Cache), false)
 4 SYSTEMPATH\Boot.php(312): CodeIgniter\CodeIgniter->run()
 5 SYSTEMPATH\Boot.php(67): CodeIgniter\Boot::runCodeIgniter(Object(CodeIgniter\CodeIgniter))
 6 FCPATH\index.php(56): CodeIgniter\Boot::bootWeb(Object(Config\Paths))
 7 SYSTEMPATH\Commands\Server\rewrite.php(49): require_once('C:\\APK\\xampp-8.2\\htdocs\\SafeToTrip\\public\\index.php')
WARNING - 2024-06-12 06:48:35 --> [DEPRECATED] Creation of dynamic property App\Controllers\Harga::$harga is deprecated in APPPATH\Controllers\Harga.php on line 16.
 1 SYSTEMPATH\CodeIgniter.php(903): App\Controllers\Harga->__construct()
 2 SYSTEMPATH\CodeIgniter.php(500): CodeIgniter\CodeIgniter->createController()
 3 SYSTEMPATH\CodeIgniter.php(355): CodeIgniter\CodeIgniter->handleRequest(null, Object(Config\Cache), false)
 4 SYSTEMPATH\Boot.php(312): CodeIgniter\CodeIgniter->run()
 5 SYSTEMPATH\Boot.php(67): CodeIgniter\Boot::runCodeIgniter(Object(CodeIgniter\CodeIgniter))
 6 FCPATH\index.php(56): CodeIgniter\Boot::bootWeb(Object(Config\Paths))
 7 SYSTEMPATH\Commands\Server\rewrite.php(49): require_once('C:\\APK\\xampp-8.2\\htdocs\\SafeToTrip\\public\\index.php')
INFO - 2024-06-12 06:48:38 --> Session: Class initialized using 'CodeIgniter\Session\Handlers\FileHandler' driver.
WARNING - 2024-06-12 06:48:38 --> [DEPRECATED] Creation of dynamic property App\Controllers\Home::$session is deprecated in APPPATH\Controllers\Home.php on line 12.
 1 APPPATH\Controllers\Harga.php(14): App\Controllers\Home->__construct()
 2 SYSTEMPATH\CodeIgniter.php(903): App\Controllers\Harga->__construct()
 3 SYSTEMPATH\CodeIgniter.php(500): CodeIgniter\CodeIgniter->createController()
 4 SYSTEMPATH\CodeIgniter.php(355): CodeIgniter\CodeIgniter->handleRequest(null, Object(Config\Cache), false)
 5 SYSTEMPATH\Boot.php(312): CodeIgniter\CodeIgniter->run()
 6 SYSTEMPATH\Boot.php(67): CodeIgniter\Boot::runCodeIgniter(Object(CodeIgniter\CodeIgniter))
 7 FCPATH\index.php(56): CodeIgniter\Boot::bootWeb(Object(Config\Paths))
 8 SYSTEMPATH\Commands\Server\rewrite.php(49): require_once('C:\\APK\\xampp-8.2\\htdocs\\SafeToTrip\\public\\index.php')
WARNING - 2024-06-12 06:48:38 --> [DEPRECATED] Creation of dynamic property App\Controllers\Home::$wisata is deprecated in APPPATH\Controllers\Home.php on line 13.
 1 APPPATH\Controllers\Harga.php(14): App\Controllers\Home->__construct()
 2 SYSTEMPATH\CodeIgniter.php(903): App\Controllers\Harga->__construct()
 3 SYSTEMPATH\CodeIgniter.php(500): CodeIgniter\CodeIgniter->createController()
 4 SYSTEMPATH\CodeIgniter.php(355): CodeIgniter\CodeIgniter->handleRequest(null, Object(Config\Cache), false)
 5 SYSTEMPATH\Boot.php(312): CodeIgniter\CodeIgniter->run()
 6 SYSTEMPATH\Boot.php(67): CodeIgniter\Boot::runCodeIgniter(Object(CodeIgniter\CodeIgniter))
 7 FCPATH\index.php(56): CodeIgniter\Boot::bootWeb(Object(Config\Paths))
 8 SYSTEMPATH\Commands\Server\rewrite.php(49): require_once('C:\\APK\\xampp-8.2\\htdocs\\SafeToTrip\\public\\index.php')
WARNING - 2024-06-12 06:48:38 --> [DEPRECATED] Creation of dynamic property App\Controllers\Home::$fasilitas is deprecated in APPPATH\Controllers\Home.php on line 14.
 1 APPPATH\Controllers\Harga.php(14): App\Controllers\Home->__construct()
 2 SYSTEMPATH\CodeIgniter.php(903): App\Controllers\Harga->__construct()
 3 SYSTEMPATH\CodeIgniter.php(500): CodeIgniter\CodeIgniter->createController()
 4 SYSTEMPATH\CodeIgniter.php(355): CodeIgniter\CodeIgniter->handleRequest(null, Object(Config\Cache), false)
 5 SYSTEMPATH\Boot.php(312): CodeIgniter\CodeIgniter->run()
 6 SYSTEMPATH\Boot.php(67): CodeIgniter\Boot::runCodeIgniter(Object(CodeIgniter\CodeIgniter))
 7 FCPATH\index.php(56): CodeIgniter\Boot::bootWeb(Object(Config\Paths))
 8 SYSTEMPATH\Commands\Server\rewrite.php(49): require_once('C:\\APK\\xampp-8.2\\htdocs\\SafeToTrip\\public\\index.php')
WARNING - 2024-06-12 06:48:38 --> [DEPRECATED] Creation of dynamic property App\Controllers\Harga::$home is deprecated in APPPATH\Controllers\Harga.php on line 14.
 1 SYSTEMPATH\CodeIgniter.php(903): App\Controllers\Harga->__construct()
 2 SYSTEMPATH\CodeIgniter.php(500): CodeIgniter\CodeIgniter->createController()
 3 SYSTEMPATH\CodeIgniter.php(355): CodeIgniter\CodeIgniter->handleRequest(null, Object(Config\Cache), false)
 4 SYSTEMPATH\Boot.php(312): CodeIgniter\CodeIgniter->run()
 5 SYSTEMPATH\Boot.php(67): CodeIgniter\Boot::runCodeIgniter(Object(CodeIgniter\CodeIgniter))
 6 FCPATH\index.php(56): CodeIgniter\Boot::bootWeb(Object(Config\Paths))
 7 SYSTEMPATH\Commands\Server\rewrite.php(49): require_once('C:\\APK\\xampp-8.2\\htdocs\\SafeToTrip\\public\\index.php')
WARNING - 2024-06-12 06:48:38 --> [DEPRECATED] Creation of dynamic property App\Controllers\Harga::$wisata is deprecated in APPPATH\Controllers\Harga.php on line 15.
 1 SYSTEMPATH\CodeIgniter.php(903): App\Controllers\Harga->__construct()
 2 SYSTEMPATH\CodeIgniter.php(500): CodeIgniter\CodeIgniter->createController()
 3 SYSTEMPATH\CodeIgniter.php(355): CodeIgniter\CodeIgniter->handleRequest(null, Object(Config\Cache), false)
 4 SYSTEMPATH\Boot.php(312): CodeIgniter\CodeIgniter->run()
 5 SYSTEMPATH\Boot.php(67): CodeIgniter\Boot::runCodeIgniter(Object(CodeIgniter\CodeIgniter))
 6 FCPATH\index.php(56): CodeIgniter\Boot::bootWeb(Object(Config\Paths))
 7 SYSTEMPATH\Commands\Server\rewrite.php(49): require_once('C:\\APK\\xampp-8.2\\htdocs\\SafeToTrip\\public\\index.php')
WARNING - 2024-06-12 06:48:38 --> [DEPRECATED] Creation of dynamic property App\Controllers\Harga::$harga is deprecated in APPPATH\Controllers\Harga.php on line 16.
 1 SYSTEMPATH\CodeIgniter.php(903): App\Controllers\Harga->__construct()
 2 SYSTEMPATH\CodeIgniter.php(500): CodeIgniter\CodeIgniter->createController()
 3 SYSTEMPATH\CodeIgniter.php(355): CodeIgniter\CodeIgniter->handleRequest(null, Object(Config\Cache), false)
 4 SYSTEMPATH\Boot.php(312): CodeIgniter\CodeIgniter->run()
 5 SYSTEMPATH\Boot.php(67): CodeIgniter\Boot::runCodeIgniter(Object(CodeIgniter\CodeIgniter))
 6 FCPATH\index.php(56): CodeIgniter\Boot::bootWeb(Object(Config\Paths))
 7 SYSTEMPATH\Commands\Server\rewrite.php(49): require_once('C:\\APK\\xampp-8.2\\htdocs\\SafeToTrip\\public\\index.php')
INFO - 2024-06-12 06:48:38 --> Session: Class initialized using 'CodeIgniter\Session\Handlers\FileHandler' driver.
WARNING - 2024-06-12 06:48:38 --> [DEPRECATED] Creation of dynamic property App\Controllers\Home::$session is deprecated in APPPATH\Controllers\Home.php on line 12.
 1 APPPATH\Controllers\Harga.php(14): App\Controllers\Home->__construct()
 2 SYSTEMPATH\CodeIgniter.php(903): App\Controllers\Harga->__construct()
 3 SYSTEMPATH\CodeIgniter.php(500): CodeIgniter\CodeIgniter->createController()
 4 SYSTEMPATH\CodeIgniter.php(355): CodeIgniter\CodeIgniter->handleRequest(null, Object(Config\Cache), false)
 5 SYSTEMPATH\Boot.php(312): CodeIgniter\CodeIgniter->run()
 6 SYSTEMPATH\Boot.php(67): CodeIgniter\Boot::runCodeIgniter(Object(CodeIgniter\CodeIgniter))
 7 FCPATH\index.php(56): CodeIgniter\Boot::bootWeb(Object(Config\Paths))
 8 SYSTEMPATH\Commands\Server\rewrite.php(49): require_once('C:\\APK\\xampp-8.2\\htdocs\\SafeToTrip\\public\\index.php')
WARNING - 2024-06-12 06:48:38 --> [DEPRECATED] Creation of dynamic property App\Controllers\Home::$wisata is deprecated in APPPATH\Controllers\Home.php on line 13.
 1 APPPATH\Controllers\Harga.php(14): App\Controllers\Home->__construct()
 2 SYSTEMPATH\CodeIgniter.php(903): App\Controllers\Harga->__construct()
 3 SYSTEMPATH\CodeIgniter.php(500): CodeIgniter\CodeIgniter->createController()
 4 SYSTEMPATH\CodeIgniter.php(355): CodeIgniter\CodeIgniter->handleRequest(null, Object(Config\Cache), false)
 5 SYSTEMPATH\Boot.php(312): CodeIgniter\CodeIgniter->run()
 6 SYSTEMPATH\Boot.php(67): CodeIgniter\Boot::runCodeIgniter(Object(CodeIgniter\CodeIgniter))
 7 FCPATH\index.php(56): CodeIgniter\Boot::bootWeb(Object(Config\Paths))
 8 SYSTEMPATH\Commands\Server\rewrite.php(49): require_once('C:\\APK\\xampp-8.2\\htdocs\\SafeToTrip\\public\\index.php')
WARNING - 2024-06-12 06:48:38 --> [DEPRECATED] Creation of dynamic property App\Controllers\Home::$fasilitas is deprecated in APPPATH\Controllers\Home.php on line 14.
 1 APPPATH\Controllers\Harga.php(14): App\Controllers\Home->__construct()
 2 SYSTEMPATH\CodeIgniter.php(903): App\Controllers\Harga->__construct()
 3 SYSTEMPATH\CodeIgniter.php(500): CodeIgniter\CodeIgniter->createController()
 4 SYSTEMPATH\CodeIgniter.php(355): CodeIgniter\CodeIgniter->handleRequest(null, Object(Config\Cache), false)
 5 SYSTEMPATH\Boot.php(312): CodeIgniter\CodeIgniter->run()
 6 SYSTEMPATH\Boot.php(67): CodeIgniter\Boot::runCodeIgniter(Object(CodeIgniter\CodeIgniter))
 7 FCPATH\index.php(56): CodeIgniter\Boot::bootWeb(Object(Config\Paths))
 8 SYSTEMPATH\Commands\Server\rewrite.php(49): require_once('C:\\APK\\xampp-8.2\\htdocs\\SafeToTrip\\public\\index.php')
WARNING - 2024-06-12 06:48:38 --> [DEPRECATED] Creation of dynamic property App\Controllers\Harga::$home is deprecated in APPPATH\Controllers\Harga.php on line 14.
 1 SYSTEMPATH\CodeIgniter.php(903): App\Controllers\Harga->__construct()
 2 SYSTEMPATH\CodeIgniter.php(500): CodeIgniter\CodeIgniter->createController()
 3 SYSTEMPATH\CodeIgniter.php(355): CodeIgniter\CodeIgniter->handleRequest(null, Object(Config\Cache), false)
 4 SYSTEMPATH\Boot.php(312): CodeIgniter\CodeIgniter->run()
 5 SYSTEMPATH\Boot.php(67): CodeIgniter\Boot::runCodeIgniter(Object(CodeIgniter\CodeIgniter))
 6 FCPATH\index.php(56): CodeIgniter\Boot::bootWeb(Object(Config\Paths))
 7 SYSTEMPATH\Commands\Server\rewrite.php(49): require_once('C:\\APK\\xampp-8.2\\htdocs\\SafeToTrip\\public\\index.php')
WARNING - 2024-06-12 06:48:38 --> [DEPRECATED] Creation of dynamic property App\Controllers\Harga::$wisata is deprecated in APPPATH\Controllers\Harga.php on line 15.
 1 SYSTEMPATH\CodeIgniter.php(903): App\Controllers\Harga->__construct()
 2 SYSTEMPATH\CodeIgniter.php(500): CodeIgniter\CodeIgniter->createController()
 3 SYSTEMPATH\CodeIgniter.php(355): CodeIgniter\CodeIgniter->handleRequest(null, Object(Config\Cache), false)
 4 SYSTEMPATH\Boot.php(312): CodeIgniter\CodeIgniter->run()
 5 SYSTEMPATH\Boot.php(67): CodeIgniter\Boot::runCodeIgniter(Object(CodeIgniter\CodeIgniter))
 6 FCPATH\index.php(56): CodeIgniter\Boot::bootWeb(Object(Config\Paths))
 7 SYSTEMPATH\Commands\Server\rewrite.php(49): require_once('C:\\APK\\xampp-8.2\\htdocs\\SafeToTrip\\public\\index.php')
WARNING - 2024-06-12 06:48:38 --> [DEPRECATED] Creation of dynamic property App\Controllers\Harga::$harga is deprecated in APPPATH\Controllers\Harga.php on line 16.
 1 SYSTEMPATH\CodeIgniter.php(903): App\Controllers\Harga->__construct()
 2 SYSTEMPATH\CodeIgniter.php(500): CodeIgniter\CodeIgniter->createController()
 3 SYSTEMPATH\CodeIgniter.php(355): CodeIgniter\CodeIgniter->handleRequest(null, Object(Config\Cache), false)
 4 SYSTEMPATH\Boot.php(312): CodeIgniter\CodeIgniter->run()
 5 SYSTEMPATH\Boot.php(67): CodeIgniter\Boot::runCodeIgniter(Object(CodeIgniter\CodeIgniter))
 6 FCPATH\index.php(56): CodeIgniter\Boot::bootWeb(Object(Config\Paths))
 7 SYSTEMPATH\Commands\Server\rewrite.php(49): require_once('C:\\APK\\xampp-8.2\\htdocs\\SafeToTrip\\public\\index.php')
INFO - 2024-06-12 06:49:20 --> Session: Class initialized using 'CodeIgniter\Session\Handlers\FileHandler' driver.
WARNING - 2024-06-12 06:49:20 --> [DEPRECATED] Creation of dynamic property App\Controllers\Home::$session is deprecated in APPPATH\Controllers\Home.php on line 12.
 1 APPPATH\Controllers\Harga.php(14): App\Controllers\Home->__construct()
 2 SYSTEMPATH\CodeIgniter.php(903): App\Controllers\Harga->__construct()
 3 SYSTEMPATH\CodeIgniter.php(500): CodeIgniter\CodeIgniter->createController()
 4 SYSTEMPATH\CodeIgniter.php(355): CodeIgniter\CodeIgniter->handleRequest(null, Object(Config\Cache), false)
 5 SYSTEMPATH\Boot.php(312): CodeIgniter\CodeIgniter->run()
 6 SYSTEMPATH\Boot.php(67): CodeIgniter\Boot::runCodeIgniter(Object(CodeIgniter\CodeIgniter))
 7 FCPATH\index.php(56): CodeIgniter\Boot::bootWeb(Object(Config\Paths))
 8 SYSTEMPATH\Commands\Server\rewrite.php(49): require_once('C:\\APK\\xampp-8.2\\htdocs\\SafeToTrip\\public\\index.php')
WARNING - 2024-06-12 06:49:20 --> [DEPRECATED] Creation of dynamic property App\Controllers\Home::$wisata is deprecated in APPPATH\Controllers\Home.php on line 13.
 1 APPPATH\Controllers\Harga.php(14): App\Controllers\Home->__construct()
 2 SYSTEMPATH\CodeIgniter.php(903): App\Controllers\Harga->__construct()
 3 SYSTEMPATH\CodeIgniter.php(500): CodeIgniter\CodeIgniter->createController()
 4 SYSTEMPATH\CodeIgniter.php(355): CodeIgniter\CodeIgniter->handleRequest(null, Object(Config\Cache), false)
 5 SYSTEMPATH\Boot.php(312): CodeIgniter\CodeIgniter->run()
 6 SYSTEMPATH\Boot.php(67): CodeIgniter\Boot::runCodeIgniter(Object(CodeIgniter\CodeIgniter))
 7 FCPATH\index.php(56): CodeIgniter\Boot::bootWeb(Object(Config\Paths))
 8 SYSTEMPATH\Commands\Server\rewrite.php(49): require_once('C:\\APK\\xampp-8.2\\htdocs\\SafeToTrip\\public\\index.php')
WARNING - 2024-06-12 06:49:20 --> [DEPRECATED] Creation of dynamic property App\Controllers\Home::$fasilitas is deprecated in APPPATH\Controllers\Home.php on line 14.
 1 APPPATH\Controllers\Harga.php(14): App\Controllers\Home->__construct()
 2 SYSTEMPATH\CodeIgniter.php(903): App\Controllers\Harga->__construct()
 3 SYSTEMPATH\CodeIgniter.php(500): CodeIgniter\CodeIgniter->createController()
 4 SYSTEMPATH\CodeIgniter.php(355): CodeIgniter\CodeIgniter->handleRequest(null, Object(Config\Cache), false)
 5 SYSTEMPATH\Boot.php(312): CodeIgniter\CodeIgniter->run()
 6 SYSTEMPATH\Boot.php(67): CodeIgniter\Boot::runCodeIgniter(Object(CodeIgniter\CodeIgniter))
 7 FCPATH\index.php(56): CodeIgniter\Boot::bootWeb(Object(Config\Paths))
 8 SYSTEMPATH\Commands\Server\rewrite.php(49): require_once('C:\\APK\\xampp-8.2\\htdocs\\SafeToTrip\\public\\index.php')
WARNING - 2024-06-12 06:49:20 --> [DEPRECATED] Creation of dynamic property App\Controllers\Harga::$home is deprecated in APPPATH\Controllers\Harga.php on line 14.
 1 SYSTEMPATH\CodeIgniter.php(903): App\Controllers\Harga->__construct()
 2 SYSTEMPATH\CodeIgniter.php(500): CodeIgniter\CodeIgniter->createController()
 3 SYSTEMPATH\CodeIgniter.php(355): CodeIgniter\CodeIgniter->handleRequest(null, Object(Config\Cache), false)
 4 SYSTEMPATH\Boot.php(312): CodeIgniter\CodeIgniter->run()
 5 SYSTEMPATH\Boot.php(67): CodeIgniter\Boot::runCodeIgniter(Object(CodeIgniter\CodeIgniter))
 6 FCPATH\index.php(56): CodeIgniter\Boot::bootWeb(Object(Config\Paths))
 7 SYSTEMPATH\Commands\Server\rewrite.php(49): require_once('C:\\APK\\xampp-8.2\\htdocs\\SafeToTrip\\public\\index.php')
WARNING - 2024-06-12 06:49:20 --> [DEPRECATED] Creation of dynamic property App\Controllers\Harga::$wisata is deprecated in APPPATH\Controllers\Harga.php on line 15.
 1 SYSTEMPATH\CodeIgniter.php(903): App\Controllers\Harga->__construct()
 2 SYSTEMPATH\CodeIgniter.php(500): CodeIgniter\CodeIgniter->createController()
 3 SYSTEMPATH\CodeIgniter.php(355): CodeIgniter\CodeIgniter->handleRequest(null, Object(Config\Cache), false)
 4 SYSTEMPATH\Boot.php(312): CodeIgniter\CodeIgniter->run()
 5 SYSTEMPATH\Boot.php(67): CodeIgniter\Boot::runCodeIgniter(Object(CodeIgniter\CodeIgniter))
 6 FCPATH\index.php(56): CodeIgniter\Boot::bootWeb(Object(Config\Paths))
 7 SYSTEMPATH\Commands\Server\rewrite.php(49): require_once('C:\\APK\\xampp-8.2\\htdocs\\SafeToTrip\\public\\index.php')
WARNING - 2024-06-12 06:49:20 --> [DEPRECATED] Creation of dynamic property App\Controllers\Harga::$harga is deprecated in APPPATH\Controllers\Harga.php on line 16.
 1 SYSTEMPATH\CodeIgniter.php(903): App\Controllers\Harga->__construct()
 2 SYSTEMPATH\CodeIgniter.php(500): CodeIgniter\CodeIgniter->createController()
 3 SYSTEMPATH\CodeIgniter.php(355): CodeIgniter\CodeIgniter->handleRequest(null, Object(Config\Cache), false)
 4 SYSTEMPATH\Boot.php(312): CodeIgniter\CodeIgniter->run()
 5 SYSTEMPATH\Boot.php(67): CodeIgniter\Boot::runCodeIgniter(Object(CodeIgniter\CodeIgniter))
 6 FCPATH\index.php(56): CodeIgniter\Boot::bootWeb(Object(Config\Paths))
 7 SYSTEMPATH\Commands\Server\rewrite.php(49): require_once('C:\\APK\\xampp-8.2\\htdocs\\SafeToTrip\\public\\index.php')
INFO - 2024-06-12 06:49:21 --> Session: Class initialized using 'CodeIgniter\Session\Handlers\FileHandler' driver.
WARNING - 2024-06-12 06:49:21 --> [DEPRECATED] Creation of dynamic property App\Controllers\Home::$session is deprecated in APPPATH\Controllers\Home.php on line 12.
 1 APPPATH\Controllers\Harga.php(14): App\Controllers\Home->__construct()
 2 SYSTEMPATH\CodeIgniter.php(903): App\Controllers\Harga->__construct()
 3 SYSTEMPATH\CodeIgniter.php(500): CodeIgniter\CodeIgniter->createController()
 4 SYSTEMPATH\CodeIgniter.php(355): CodeIgniter\CodeIgniter->handleRequest(null, Object(Config\Cache), false)
 5 SYSTEMPATH\Boot.php(312): CodeIgniter\CodeIgniter->run()
 6 SYSTEMPATH\Boot.php(67): CodeIgniter\Boot::runCodeIgniter(Object(CodeIgniter\CodeIgniter))
 7 FCPATH\index.php(56): CodeIgniter\Boot::bootWeb(Object(Config\Paths))
 8 SYSTEMPATH\Commands\Server\rewrite.php(49): require_once('C:\\APK\\xampp-8.2\\htdocs\\SafeToTrip\\public\\index.php')
WARNING - 2024-06-12 06:49:21 --> [DEPRECATED] Creation of dynamic property App\Controllers\Home::$wisata is deprecated in APPPATH\Controllers\Home.php on line 13.
 1 APPPATH\Controllers\Harga.php(14): App\Controllers\Home->__construct()
 2 SYSTEMPATH\CodeIgniter.php(903): App\Controllers\Harga->__construct()
 3 SYSTEMPATH\CodeIgniter.php(500): CodeIgniter\CodeIgniter->createController()
 4 SYSTEMPATH\CodeIgniter.php(355): CodeIgniter\CodeIgniter->handleRequest(null, Object(Config\Cache), false)
 5 SYSTEMPATH\Boot.php(312): CodeIgniter\CodeIgniter->run()
 6 SYSTEMPATH\Boot.php(67): CodeIgniter\Boot::runCodeIgniter(Object(CodeIgniter\CodeIgniter))
 7 FCPATH\index.php(56): CodeIgniter\Boot::bootWeb(Object(Config\Paths))
 8 SYSTEMPATH\Commands\Server\rewrite.php(49): require_once('C:\\APK\\xampp-8.2\\htdocs\\SafeToTrip\\public\\index.php')
WARNING - 2024-06-12 06:49:21 --> [DEPRECATED] Creation of dynamic property App\Controllers\Home::$fasilitas is deprecated in APPPATH\Controllers\Home.php on line 14.
 1 APPPATH\Controllers\Harga.php(14): App\Controllers\Home->__construct()
 2 SYSTEMPATH\CodeIgniter.php(903): App\Controllers\Harga->__construct()
 3 SYSTEMPATH\CodeIgniter.php(500): CodeIgniter\CodeIgniter->createController()
 4 SYSTEMPATH\CodeIgniter.php(355): CodeIgniter\CodeIgniter->handleRequest(null, Object(Config\Cache), false)
 5 SYSTEMPATH\Boot.php(312): CodeIgniter\CodeIgniter->run()
 6 SYSTEMPATH\Boot.php(67): CodeIgniter\Boot::runCodeIgniter(Object(CodeIgniter\CodeIgniter))
 7 FCPATH\index.php(56): CodeIgniter\Boot::bootWeb(Object(Config\Paths))
 8 SYSTEMPATH\Commands\Server\rewrite.php(49): require_once('C:\\APK\\xampp-8.2\\htdocs\\SafeToTrip\\public\\index.php')
WARNING - 2024-06-12 06:49:21 --> [DEPRECATED] Creation of dynamic property App\Controllers\Harga::$home is deprecated in APPPATH\Controllers\Harga.php on line 14.
 1 SYSTEMPATH\CodeIgniter.php(903): App\Controllers\Harga->__construct()
 2 SYSTEMPATH\CodeIgniter.php(500): CodeIgniter\CodeIgniter->createController()
 3 SYSTEMPATH\CodeIgniter.php(355): CodeIgniter\CodeIgniter->handleRequest(null, Object(Config\Cache), false)
 4 SYSTEMPATH\Boot.php(312): CodeIgniter\CodeIgniter->run()
 5 SYSTEMPATH\Boot.php(67): CodeIgniter\Boot::runCodeIgniter(Object(CodeIgniter\CodeIgniter))
 6 FCPATH\index.php(56): CodeIgniter\Boot::bootWeb(Object(Config\Paths))
 7 SYSTEMPATH\Commands\Server\rewrite.php(49): require_once('C:\\APK\\xampp-8.2\\htdocs\\SafeToTrip\\public\\index.php')
WARNING - 2024-06-12 06:49:21 --> [DEPRECATED] Creation of dynamic property App\Controllers\Harga::$wisata is deprecated in APPPATH\Controllers\Harga.php on line 15.
 1 SYSTEMPATH\CodeIgniter.php(903): App\Controllers\Harga->__construct()
 2 SYSTEMPATH\CodeIgniter.php(500): CodeIgniter\CodeIgniter->createController()
 3 SYSTEMPATH\CodeIgniter.php(355): CodeIgniter\CodeIgniter->handleRequest(null, Object(Config\Cache), false)
 4 SYSTEMPATH\Boot.php(312): CodeIgniter\CodeIgniter->run()
 5 SYSTEMPATH\Boot.php(67): CodeIgniter\Boot::runCodeIgniter(Object(CodeIgniter\CodeIgniter))
 6 FCPATH\index.php(56): CodeIgniter\Boot::bootWeb(Object(Config\Paths))
 7 SYSTEMPATH\Commands\Server\rewrite.php(49): require_once('C:\\APK\\xampp-8.2\\htdocs\\SafeToTrip\\public\\index.php')
WARNING - 2024-06-12 06:49:21 --> [DEPRECATED] Creation of dynamic property App\Controllers\Harga::$harga is deprecated in APPPATH\Controllers\Harga.php on line 16.
 1 SYSTEMPATH\CodeIgniter.php(903): App\Controllers\Harga->__construct()
 2 SYSTEMPATH\CodeIgniter.php(500): CodeIgniter\CodeIgniter->createController()
 3 SYSTEMPATH\CodeIgniter.php(355): CodeIgniter\CodeIgniter->handleRequest(null, Object(Config\Cache), false)
 4 SYSTEMPATH\Boot.php(312): CodeIgniter\CodeIgniter->run()
 5 SYSTEMPATH\Boot.php(67): CodeIgniter\Boot::runCodeIgniter(Object(CodeIgniter\CodeIgniter))
 6 FCPATH\index.php(56): CodeIgniter\Boot::bootWeb(Object(Config\Paths))
 7 SYSTEMPATH\Commands\Server\rewrite.php(49): require_once('C:\\APK\\xampp-8.2\\htdocs\\SafeToTrip\\public\\index.php')
INFO - 2024-06-12 06:50:03 --> Session: Class initialized using 'CodeIgniter\Session\Handlers\FileHandler' driver.
WARNING - 2024-06-12 06:50:03 --> [DEPRECATED] Creation of dynamic property App\Controllers\Home::$session is deprecated in APPPATH\Controllers\Home.php on line 12.
 1 APPPATH\Controllers\Harga.php(14): App\Controllers\Home->__construct()
 2 SYSTEMPATH\CodeIgniter.php(903): App\Controllers\Harga->__construct()
 3 SYSTEMPATH\CodeIgniter.php(500): CodeIgniter\CodeIgniter->createController()
 4 SYSTEMPATH\CodeIgniter.php(355): CodeIgniter\CodeIgniter->handleRequest(null, Object(Config\Cache), false)
 5 SYSTEMPATH\Boot.php(312): CodeIgniter\CodeIgniter->run()
 6 SYSTEMPATH\Boot.php(67): CodeIgniter\Boot::runCodeIgniter(Object(CodeIgniter\CodeIgniter))
 7 FCPATH\index.php(56): CodeIgniter\Boot::bootWeb(Object(Config\Paths))
 8 SYSTEMPATH\Commands\Server\rewrite.php(49): require_once('C:\\APK\\xampp-8.2\\htdocs\\SafeToTrip\\public\\index.php')
WARNING - 2024-06-12 06:50:03 --> [DEPRECATED] Creation of dynamic property App\Controllers\Home::$wisata is deprecated in APPPATH\Controllers\Home.php on line 13.
 1 APPPATH\Controllers\Harga.php(14): App\Controllers\Home->__construct()
 2 SYSTEMPATH\CodeIgniter.php(903): App\Controllers\Harga->__construct()
 3 SYSTEMPATH\CodeIgniter.php(500): CodeIgniter\CodeIgniter->createController()
 4 SYSTEMPATH\CodeIgniter.php(355): CodeIgniter\CodeIgniter->handleRequest(null, Object(Config\Cache), false)
 5 SYSTEMPATH\Boot.php(312): CodeIgniter\CodeIgniter->run()
 6 SYSTEMPATH\Boot.php(67): CodeIgniter\Boot::runCodeIgniter(Object(CodeIgniter\CodeIgniter))
 7 FCPATH\index.php(56): CodeIgniter\Boot::bootWeb(Object(Config\Paths))
 8 SYSTEMPATH\Commands\Server\rewrite.php(49): require_once('C:\\APK\\xampp-8.2\\htdocs\\SafeToTrip\\public\\index.php')
WARNING - 2024-06-12 06:50:03 --> [DEPRECATED] Creation of dynamic property App\Controllers\Home::$fasilitas is deprecated in APPPATH\Controllers\Home.php on line 14.
 1 APPPATH\Controllers\Harga.php(14): App\Controllers\Home->__construct()
 2 SYSTEMPATH\CodeIgniter.php(903): App\Controllers\Harga->__construct()
 3 SYSTEMPATH\CodeIgniter.php(500): CodeIgniter\CodeIgniter->createController()
 4 SYSTEMPATH\CodeIgniter.php(355): CodeIgniter\CodeIgniter->handleRequest(null, Object(Config\Cache), false)
 5 SYSTEMPATH\Boot.php(312): CodeIgniter\CodeIgniter->run()
 6 SYSTEMPATH\Boot.php(67): CodeIgniter\Boot::runCodeIgniter(Object(CodeIgniter\CodeIgniter))
 7 FCPATH\index.php(56): CodeIgniter\Boot::bootWeb(Object(Config\Paths))
 8 SYSTEMPATH\Commands\Server\rewrite.php(49): require_once('C:\\APK\\xampp-8.2\\htdocs\\SafeToTrip\\public\\index.php')
WARNING - 2024-06-12 06:50:03 --> [DEPRECATED] Creation of dynamic property App\Controllers\Harga::$home is deprecated in APPPATH\Controllers\Harga.php on line 14.
 1 SYSTEMPATH\CodeIgniter.php(903): App\Controllers\Harga->__construct()
 2 SYSTEMPATH\CodeIgniter.php(500): CodeIgniter\CodeIgniter->createController()
 3 SYSTEMPATH\CodeIgniter.php(355): CodeIgniter\CodeIgniter->handleRequest(null, Object(Config\Cache), false)
 4 SYSTEMPATH\Boot.php(312): CodeIgniter\CodeIgniter->run()
 5 SYSTEMPATH\Boot.php(67): CodeIgniter\Boot::runCodeIgniter(Object(CodeIgniter\CodeIgniter))
 6 FCPATH\index.php(56): CodeIgniter\Boot::bootWeb(Object(Config\Paths))
 7 SYSTEMPATH\Commands\Server\rewrite.php(49): require_once('C:\\APK\\xampp-8.2\\htdocs\\SafeToTrip\\public\\index.php')
WARNING - 2024-06-12 06:50:03 --> [DEPRECATED] Creation of dynamic property App\Controllers\Harga::$wisata is deprecated in APPPATH\Controllers\Harga.php on line 15.
 1 SYSTEMPATH\CodeIgniter.php(903): App\Controllers\Harga->__construct()
 2 SYSTEMPATH\CodeIgniter.php(500): CodeIgniter\CodeIgniter->createController()
 3 SYSTEMPATH\CodeIgniter.php(355): CodeIgniter\CodeIgniter->handleRequest(null, Object(Config\Cache), false)
 4 SYSTEMPATH\Boot.php(312): CodeIgniter\CodeIgniter->run()
 5 SYSTEMPATH\Boot.php(67): CodeIgniter\Boot::runCodeIgniter(Object(CodeIgniter\CodeIgniter))
 6 FCPATH\index.php(56): CodeIgniter\Boot::bootWeb(Object(Config\Paths))
 7 SYSTEMPATH\Commands\Server\rewrite.php(49): require_once('C:\\APK\\xampp-8.2\\htdocs\\SafeToTrip\\public\\index.php')
WARNING - 2024-06-12 06:50:03 --> [DEPRECATED] Creation of dynamic property App\Controllers\Harga::$harga is deprecated in APPPATH\Controllers\Harga.php on line 16.
 1 SYSTEMPATH\CodeIgniter.php(903): App\Controllers\Harga->__construct()
 2 SYSTEMPATH\CodeIgniter.php(500): CodeIgniter\CodeIgniter->createController()
 3 SYSTEMPATH\CodeIgniter.php(355): CodeIgniter\CodeIgniter->handleRequest(null, Object(Config\Cache), false)
 4 SYSTEMPATH\Boot.php(312): CodeIgniter\CodeIgniter->run()
 5 SYSTEMPATH\Boot.php(67): CodeIgniter\Boot::runCodeIgniter(Object(CodeIgniter\CodeIgniter))
 6 FCPATH\index.php(56): CodeIgniter\Boot::bootWeb(Object(Config\Paths))
 7 SYSTEMPATH\Commands\Server\rewrite.php(49): require_once('C:\\APK\\xampp-8.2\\htdocs\\SafeToTrip\\public\\index.php')
INFO - 2024-06-12 06:50:03 --> Session: Class initialized using 'CodeIgniter\Session\Handlers\FileHandler' driver.
WARNING - 2024-06-12 06:50:03 --> [DEPRECATED] Creation of dynamic property App\Controllers\Home::$session is deprecated in APPPATH\Controllers\Home.php on line 12.
 1 APPPATH\Controllers\Harga.php(14): App\Controllers\Home->__construct()
 2 SYSTEMPATH\CodeIgniter.php(903): App\Controllers\Harga->__construct()
 3 SYSTEMPATH\CodeIgniter.php(500): CodeIgniter\CodeIgniter->createController()
 4 SYSTEMPATH\CodeIgniter.php(355): CodeIgniter\CodeIgniter->handleRequest(null, Object(Config\Cache), false)
 5 SYSTEMPATH\Boot.php(312): CodeIgniter\CodeIgniter->run()
 6 SYSTEMPATH\Boot.php(67): CodeIgniter\Boot::runCodeIgniter(Object(CodeIgniter\CodeIgniter))
 7 FCPATH\index.php(56): CodeIgniter\Boot::bootWeb(Object(Config\Paths))
 8 SYSTEMPATH\Commands\Server\rewrite.php(49): require_once('C:\\APK\\xampp-8.2\\htdocs\\SafeToTrip\\public\\index.php')
WARNING - 2024-06-12 06:50:03 --> [DEPRECATED] Creation of dynamic property App\Controllers\Home::$wisata is deprecated in APPPATH\Controllers\Home.php on line 13.
 1 APPPATH\Controllers\Harga.php(14): App\Controllers\Home->__construct()
 2 SYSTEMPATH\CodeIgniter.php(903): App\Controllers\Harga->__construct()
 3 SYSTEMPATH\CodeIgniter.php(500): CodeIgniter\CodeIgniter->createController()
 4 SYSTEMPATH\CodeIgniter.php(355): CodeIgniter\CodeIgniter->handleRequest(null, Object(Config\Cache), false)
 5 SYSTEMPATH\Boot.php(312): CodeIgniter\CodeIgniter->run()
 6 SYSTEMPATH\Boot.php(67): CodeIgniter\Boot::runCodeIgniter(Object(CodeIgniter\CodeIgniter))
 7 FCPATH\index.php(56): CodeIgniter\Boot::bootWeb(Object(Config\Paths))
 8 SYSTEMPATH\Commands\Server\rewrite.php(49): require_once('C:\\APK\\xampp-8.2\\htdocs\\SafeToTrip\\public\\index.php')
WARNING - 2024-06-12 06:50:03 --> [DEPRECATED] Creation of dynamic property App\Controllers\Home::$fasilitas is deprecated in APPPATH\Controllers\Home.php on line 14.
 1 APPPATH\Controllers\Harga.php(14): App\Controllers\Home->__construct()
 2 SYSTEMPATH\CodeIgniter.php(903): App\Controllers\Harga->__construct()
 3 SYSTEMPATH\CodeIgniter.php(500): CodeIgniter\CodeIgniter->createController()
 4 SYSTEMPATH\CodeIgniter.php(355): CodeIgniter\CodeIgniter->handleRequest(null, Object(Config\Cache), false)
 5 SYSTEMPATH\Boot.php(312): CodeIgniter\CodeIgniter->run()
 6 SYSTEMPATH\Boot.php(67): CodeIgniter\Boot::runCodeIgniter(Object(CodeIgniter\CodeIgniter))
 7 FCPATH\index.php(56): CodeIgniter\Boot::bootWeb(Object(Config\Paths))
 8 SYSTEMPATH\Commands\Server\rewrite.php(49): require_once('C:\\APK\\xampp-8.2\\htdocs\\SafeToTrip\\public\\index.php')
WARNING - 2024-06-12 06:50:03 --> [DEPRECATED] Creation of dynamic property App\Controllers\Harga::$home is deprecated in APPPATH\Controllers\Harga.php on line 14.
 1 SYSTEMPATH\CodeIgniter.php(903): App\Controllers\Harga->__construct()
 2 SYSTEMPATH\CodeIgniter.php(500): CodeIgniter\CodeIgniter->createController()
 3 SYSTEMPATH\CodeIgniter.php(355): CodeIgniter\CodeIgniter->handleRequest(null, Object(Config\Cache), false)
 4 SYSTEMPATH\Boot.php(312): CodeIgniter\CodeIgniter->run()
 5 SYSTEMPATH\Boot.php(67): CodeIgniter\Boot::runCodeIgniter(Object(CodeIgniter\CodeIgniter))
 6 FCPATH\index.php(56): CodeIgniter\Boot::bootWeb(Object(Config\Paths))
 7 SYSTEMPATH\Commands\Server\rewrite.php(49): require_once('C:\\APK\\xampp-8.2\\htdocs\\SafeToTrip\\public\\index.php')
WARNING - 2024-06-12 06:50:03 --> [DEPRECATED] Creation of dynamic property App\Controllers\Harga::$wisata is deprecated in APPPATH\Controllers\Harga.php on line 15.
 1 SYSTEMPATH\CodeIgniter.php(903): App\Controllers\Harga->__construct()
 2 SYSTEMPATH\CodeIgniter.php(500): CodeIgniter\CodeIgniter->createController()
 3 SYSTEMPATH\CodeIgniter.php(355): CodeIgniter\CodeIgniter->handleRequest(null, Object(Config\Cache), false)
 4 SYSTEMPATH\Boot.php(312): CodeIgniter\CodeIgniter->run()
 5 SYSTEMPATH\Boot.php(67): CodeIgniter\Boot::runCodeIgniter(Object(CodeIgniter\CodeIgniter))
 6 FCPATH\index.php(56): CodeIgniter\Boot::bootWeb(Object(Config\Paths))
 7 SYSTEMPATH\Commands\Server\rewrite.php(49): require_once('C:\\APK\\xampp-8.2\\htdocs\\SafeToTrip\\public\\index.php')
WARNING - 2024-06-12 06:50:03 --> [DEPRECATED] Creation of dynamic property App\Controllers\Harga::$harga is deprecated in APPPATH\Controllers\Harga.php on line 16.
 1 SYSTEMPATH\CodeIgniter.php(903): App\Controllers\Harga->__construct()
 2 SYSTEMPATH\CodeIgniter.php(500): CodeIgniter\CodeIgniter->createController()
 3 SYSTEMPATH\CodeIgniter.php(355): CodeIgniter\CodeIgniter->handleRequest(null, Object(Config\Cache), false)
 4 SYSTEMPATH\Boot.php(312): CodeIgniter\CodeIgniter->run()
 5 SYSTEMPATH\Boot.php(67): CodeIgniter\Boot::runCodeIgniter(Object(CodeIgniter\CodeIgniter))
 6 FCPATH\index.php(56): CodeIgniter\Boot::bootWeb(Object(Config\Paths))
 7 SYSTEMPATH\Commands\Server\rewrite.php(49): require_once('C:\\APK\\xampp-8.2\\htdocs\\SafeToTrip\\public\\index.php')
INFO - 2024-06-12 06:50:30 --> Session: Class initialized using 'CodeIgniter\Session\Handlers\FileHandler' driver.
WARNING - 2024-06-12 06:50:30 --> [DEPRECATED] Creation of dynamic property App\Controllers\Home::$session is deprecated in APPPATH\Controllers\Home.php on line 12.
 1 APPPATH\Controllers\Harga.php(14): App\Controllers\Home->__construct()
 2 SYSTEMPATH\CodeIgniter.php(903): App\Controllers\Harga->__construct()
 3 SYSTEMPATH\CodeIgniter.php(500): CodeIgniter\CodeIgniter->createController()
 4 SYSTEMPATH\CodeIgniter.php(355): CodeIgniter\CodeIgniter->handleRequest(null, Object(Config\Cache), false)
 5 SYSTEMPATH\Boot.php(312): CodeIgniter\CodeIgniter->run()
 6 SYSTEMPATH\Boot.php(67): CodeIgniter\Boot::runCodeIgniter(Object(CodeIgniter\CodeIgniter))
 7 FCPATH\index.php(56): CodeIgniter\Boot::bootWeb(Object(Config\Paths))
 8 SYSTEMPATH\Commands\Server\rewrite.php(49): require_once('C:\\APK\\xampp-8.2\\htdocs\\SafeToTrip\\public\\index.php')
WARNING - 2024-06-12 06:50:30 --> [DEPRECATED] Creation of dynamic property App\Controllers\Home::$wisata is deprecated in APPPATH\Controllers\Home.php on line 13.
 1 APPPATH\Controllers\Harga.php(14): App\Controllers\Home->__construct()
 2 SYSTEMPATH\CodeIgniter.php(903): App\Controllers\Harga->__construct()
 3 SYSTEMPATH\CodeIgniter.php(500): CodeIgniter\CodeIgniter->createController()
 4 SYSTEMPATH\CodeIgniter.php(355): CodeIgniter\CodeIgniter->handleRequest(null, Object(Config\Cache), false)
 5 SYSTEMPATH\Boot.php(312): CodeIgniter\CodeIgniter->run()
 6 SYSTEMPATH\Boot.php(67): CodeIgniter\Boot::runCodeIgniter(Object(CodeIgniter\CodeIgniter))
 7 FCPATH\index.php(56): CodeIgniter\Boot::bootWeb(Object(Config\Paths))
 8 SYSTEMPATH\Commands\Server\rewrite.php(49): require_once('C:\\APK\\xampp-8.2\\htdocs\\SafeToTrip\\public\\index.php')
WARNING - 2024-06-12 06:50:30 --> [DEPRECATED] Creation of dynamic property App\Controllers\Home::$fasilitas is deprecated in APPPATH\Controllers\Home.php on line 14.
 1 APPPATH\Controllers\Harga.php(14): App\Controllers\Home->__construct()
 2 SYSTEMPATH\CodeIgniter.php(903): App\Controllers\Harga->__construct()
 3 SYSTEMPATH\CodeIgniter.php(500): CodeIgniter\CodeIgniter->createController()
 4 SYSTEMPATH\CodeIgniter.php(355): CodeIgniter\CodeIgniter->handleRequest(null, Object(Config\Cache), false)
 5 SYSTEMPATH\Boot.php(312): CodeIgniter\CodeIgniter->run()
 6 SYSTEMPATH\Boot.php(67): CodeIgniter\Boot::runCodeIgniter(Object(CodeIgniter\CodeIgniter))
 7 FCPATH\index.php(56): CodeIgniter\Boot::bootWeb(Object(Config\Paths))
 8 SYSTEMPATH\Commands\Server\rewrite.php(49): require_once('C:\\APK\\xampp-8.2\\htdocs\\SafeToTrip\\public\\index.php')
WARNING - 2024-06-12 06:50:30 --> [DEPRECATED] Creation of dynamic property App\Controllers\Harga::$home is deprecated in APPPATH\Controllers\Harga.php on line 14.
 1 SYSTEMPATH\CodeIgniter.php(903): App\Controllers\Harga->__construct()
 2 SYSTEMPATH\CodeIgniter.php(500): CodeIgniter\CodeIgniter->createController()
 3 SYSTEMPATH\CodeIgniter.php(355): CodeIgniter\CodeIgniter->handleRequest(null, Object(Config\Cache), false)
 4 SYSTEMPATH\Boot.php(312): CodeIgniter\CodeIgniter->run()
 5 SYSTEMPATH\Boot.php(67): CodeIgniter\Boot::runCodeIgniter(Object(CodeIgniter\CodeIgniter))
 6 FCPATH\index.php(56): CodeIgniter\Boot::bootWeb(Object(Config\Paths))
 7 SYSTEMPATH\Commands\Server\rewrite.php(49): require_once('C:\\APK\\xampp-8.2\\htdocs\\SafeToTrip\\public\\index.php')
WARNING - 2024-06-12 06:50:30 --> [DEPRECATED] Creation of dynamic property App\Controllers\Harga::$wisata is deprecated in APPPATH\Controllers\Harga.php on line 15.
 1 SYSTEMPATH\CodeIgniter.php(903): App\Controllers\Harga->__construct()
 2 SYSTEMPATH\CodeIgniter.php(500): CodeIgniter\CodeIgniter->createController()
 3 SYSTEMPATH\CodeIgniter.php(355): CodeIgniter\CodeIgniter->handleRequest(null, Object(Config\Cache), false)
 4 SYSTEMPATH\Boot.php(312): CodeIgniter\CodeIgniter->run()
 5 SYSTEMPATH\Boot.php(67): CodeIgniter\Boot::runCodeIgniter(Object(CodeIgniter\CodeIgniter))
 6 FCPATH\index.php(56): CodeIgniter\Boot::bootWeb(Object(Config\Paths))
 7 SYSTEMPATH\Commands\Server\rewrite.php(49): require_once('C:\\APK\\xampp-8.2\\htdocs\\SafeToTrip\\public\\index.php')
WARNING - 2024-06-12 06:50:30 --> [DEPRECATED] Creation of dynamic property App\Controllers\Harga::$harga is deprecated in APPPATH\Controllers\Harga.php on line 16.
 1 SYSTEMPATH\CodeIgniter.php(903): App\Controllers\Harga->__construct()
 2 SYSTEMPATH\CodeIgniter.php(500): CodeIgniter\CodeIgniter->createController()
 3 SYSTEMPATH\CodeIgniter.php(355): CodeIgniter\CodeIgniter->handleRequest(null, Object(Config\Cache), false)
 4 SYSTEMPATH\Boot.php(312): CodeIgniter\CodeIgniter->run()
 5 SYSTEMPATH\Boot.php(67): CodeIgniter\Boot::runCodeIgniter(Object(CodeIgniter\CodeIgniter))
 6 FCPATH\index.php(56): CodeIgniter\Boot::bootWeb(Object(Config\Paths))
 7 SYSTEMPATH\Commands\Server\rewrite.php(49): require_once('C:\\APK\\xampp-8.2\\htdocs\\SafeToTrip\\public\\index.php')
INFO - 2024-06-12 06:50:30 --> Session: Class initialized using 'CodeIgniter\Session\Handlers\FileHandler' driver.
WARNING - 2024-06-12 06:50:30 --> [DEPRECATED] Creation of dynamic property App\Controllers\Home::$session is deprecated in APPPATH\Controllers\Home.php on line 12.
 1 APPPATH\Controllers\Harga.php(14): App\Controllers\Home->__construct()
 2 SYSTEMPATH\CodeIgniter.php(903): App\Controllers\Harga->__construct()
 3 SYSTEMPATH\CodeIgniter.php(500): CodeIgniter\CodeIgniter->createController()
 4 SYSTEMPATH\CodeIgniter.php(355): CodeIgniter\CodeIgniter->handleRequest(null, Object(Config\Cache), false)
 5 SYSTEMPATH\Boot.php(312): CodeIgniter\CodeIgniter->run()
 6 SYSTEMPATH\Boot.php(67): CodeIgniter\Boot::runCodeIgniter(Object(CodeIgniter\CodeIgniter))
 7 FCPATH\index.php(56): CodeIgniter\Boot::bootWeb(Object(Config\Paths))
 8 SYSTEMPATH\Commands\Server\rewrite.php(49): require_once('C:\\APK\\xampp-8.2\\htdocs\\SafeToTrip\\public\\index.php')
WARNING - 2024-06-12 06:50:30 --> [DEPRECATED] Creation of dynamic property App\Controllers\Home::$wisata is deprecated in APPPATH\Controllers\Home.php on line 13.
 1 APPPATH\Controllers\Harga.php(14): App\Controllers\Home->__construct()
 2 SYSTEMPATH\CodeIgniter.php(903): App\Controllers\Harga->__construct()
 3 SYSTEMPATH\CodeIgniter.php(500): CodeIgniter\CodeIgniter->createController()
 4 SYSTEMPATH\CodeIgniter.php(355): CodeIgniter\CodeIgniter->handleRequest(null, Object(Config\Cache), false)
 5 SYSTEMPATH\Boot.php(312): CodeIgniter\CodeIgniter->run()
 6 SYSTEMPATH\Boot.php(67): CodeIgniter\Boot::runCodeIgniter(Object(CodeIgniter\CodeIgniter))
 7 FCPATH\index.php(56): CodeIgniter\Boot::bootWeb(Object(Config\Paths))
 8 SYSTEMPATH\Commands\Server\rewrite.php(49): require_once('C:\\APK\\xampp-8.2\\htdocs\\SafeToTrip\\public\\index.php')
WARNING - 2024-06-12 06:50:30 --> [DEPRECATED] Creation of dynamic property App\Controllers\Home::$fasilitas is deprecated in APPPATH\Controllers\Home.php on line 14.
 1 APPPATH\Controllers\Harga.php(14): App\Controllers\Home->__construct()
 2 SYSTEMPATH\CodeIgniter.php(903): App\Controllers\Harga->__construct()
 3 SYSTEMPATH\CodeIgniter.php(500): CodeIgniter\CodeIgniter->createController()
 4 SYSTEMPATH\CodeIgniter.php(355): CodeIgniter\CodeIgniter->handleRequest(null, Object(Config\Cache), false)
 5 SYSTEMPATH\Boot.php(312): CodeIgniter\CodeIgniter->run()
 6 SYSTEMPATH\Boot.php(67): CodeIgniter\Boot::runCodeIgniter(Object(CodeIgniter\CodeIgniter))
 7 FCPATH\index.php(56): CodeIgniter\Boot::bootWeb(Object(Config\Paths))
 8 SYSTEMPATH\Commands\Server\rewrite.php(49): require_once('C:\\APK\\xampp-8.2\\htdocs\\SafeToTrip\\public\\index.php')
WARNING - 2024-06-12 06:50:30 --> [DEPRECATED] Creation of dynamic property App\Controllers\Harga::$home is deprecated in APPPATH\Controllers\Harga.php on line 14.
 1 SYSTEMPATH\CodeIgniter.php(903): App\Controllers\Harga->__construct()
 2 SYSTEMPATH\CodeIgniter.php(500): CodeIgniter\CodeIgniter->createController()
 3 SYSTEMPATH\CodeIgniter.php(355): CodeIgniter\CodeIgniter->handleRequest(null, Object(Config\Cache), false)
 4 SYSTEMPATH\Boot.php(312): CodeIgniter\CodeIgniter->run()
 5 SYSTEMPATH\Boot.php(67): CodeIgniter\Boot::runCodeIgniter(Object(CodeIgniter\CodeIgniter))
 6 FCPATH\index.php(56): CodeIgniter\Boot::bootWeb(Object(Config\Paths))
 7 SYSTEMPATH\Commands\Server\rewrite.php(49): require_once('C:\\APK\\xampp-8.2\\htdocs\\SafeToTrip\\public\\index.php')
WARNING - 2024-06-12 06:50:30 --> [DEPRECATED] Creation of dynamic property App\Controllers\Harga::$wisata is deprecated in APPPATH\Controllers\Harga.php on line 15.
 1 SYSTEMPATH\CodeIgniter.php(903): App\Controllers\Harga->__construct()
 2 SYSTEMPATH\CodeIgniter.php(500): CodeIgniter\CodeIgniter->createController()
 3 SYSTEMPATH\CodeIgniter.php(355): CodeIgniter\CodeIgniter->handleRequest(null, Object(Config\Cache), false)
 4 SYSTEMPATH\Boot.php(312): CodeIgniter\CodeIgniter->run()
 5 SYSTEMPATH\Boot.php(67): CodeIgniter\Boot::runCodeIgniter(Object(CodeIgniter\CodeIgniter))
 6 FCPATH\index.php(56): CodeIgniter\Boot::bootWeb(Object(Config\Paths))
 7 SYSTEMPATH\Commands\Server\rewrite.php(49): require_once('C:\\APK\\xampp-8.2\\htdocs\\SafeToTrip\\public\\index.php')
WARNING - 2024-06-12 06:50:30 --> [DEPRECATED] Creation of dynamic property App\Controllers\Harga::$harga is deprecated in APPPATH\Controllers\Harga.php on line 16.
 1 SYSTEMPATH\CodeIgniter.php(903): App\Controllers\Harga->__construct()
 2 SYSTEMPATH\CodeIgniter.php(500): CodeIgniter\CodeIgniter->createController()
 3 SYSTEMPATH\CodeIgniter.php(355): CodeIgniter\CodeIgniter->handleRequest(null, Object(Config\Cache), false)
 4 SYSTEMPATH\Boot.php(312): CodeIgniter\CodeIgniter->run()
 5 SYSTEMPATH\Boot.php(67): CodeIgniter\Boot::runCodeIgniter(Object(CodeIgniter\CodeIgniter))
 6 FCPATH\index.php(56): CodeIgniter\Boot::bootWeb(Object(Config\Paths))
 7 SYSTEMPATH\Commands\Server\rewrite.php(49): require_once('C:\\APK\\xampp-8.2\\htdocs\\SafeToTrip\\public\\index.php')
INFO - 2024-06-12 06:50:44 --> Session: Class initialized using 'CodeIgniter\Session\Handlers\FileHandler' driver.
WARNING - 2024-06-12 06:50:44 --> [DEPRECATED] Creation of dynamic property App\Controllers\Home::$session is deprecated in APPPATH\Controllers\Home.php on line 12.
 1 APPPATH\Controllers\Harga.php(14): App\Controllers\Home->__construct()
 2 SYSTEMPATH\CodeIgniter.php(903): App\Controllers\Harga->__construct()
 3 SYSTEMPATH\CodeIgniter.php(500): CodeIgniter\CodeIgniter->createController()
 4 SYSTEMPATH\CodeIgniter.php(355): CodeIgniter\CodeIgniter->handleRequest(null, Object(Config\Cache), false)
 5 SYSTEMPATH\Boot.php(312): CodeIgniter\CodeIgniter->run()
 6 SYSTEMPATH\Boot.php(67): CodeIgniter\Boot::runCodeIgniter(Object(CodeIgniter\CodeIgniter))
 7 FCPATH\index.php(56): CodeIgniter\Boot::bootWeb(Object(Config\Paths))
 8 SYSTEMPATH\Commands\Server\rewrite.php(49): require_once('C:\\APK\\xampp-8.2\\htdocs\\SafeToTrip\\public\\index.php')
WARNING - 2024-06-12 06:50:44 --> [DEPRECATED] Creation of dynamic property App\Controllers\Home::$wisata is deprecated in APPPATH\Controllers\Home.php on line 13.
 1 APPPATH\Controllers\Harga.php(14): App\Controllers\Home->__construct()
 2 SYSTEMPATH\CodeIgniter.php(903): App\Controllers\Harga->__construct()
 3 SYSTEMPATH\CodeIgniter.php(500): CodeIgniter\CodeIgniter->createController()
 4 SYSTEMPATH\CodeIgniter.php(355): CodeIgniter\CodeIgniter->handleRequest(null, Object(Config\Cache), false)
 5 SYSTEMPATH\Boot.php(312): CodeIgniter\CodeIgniter->run()
 6 SYSTEMPATH\Boot.php(67): CodeIgniter\Boot::runCodeIgniter(Object(CodeIgniter\CodeIgniter))
 7 FCPATH\index.php(56): CodeIgniter\Boot::bootWeb(Object(Config\Paths))
 8 SYSTEMPATH\Commands\Server\rewrite.php(49): require_once('C:\\APK\\xampp-8.2\\htdocs\\SafeToTrip\\public\\index.php')
WARNING - 2024-06-12 06:50:44 --> [DEPRECATED] Creation of dynamic property App\Controllers\Home::$fasilitas is deprecated in APPPATH\Controllers\Home.php on line 14.
 1 APPPATH\Controllers\Harga.php(14): App\Controllers\Home->__construct()
 2 SYSTEMPATH\CodeIgniter.php(903): App\Controllers\Harga->__construct()
 3 SYSTEMPATH\CodeIgniter.php(500): CodeIgniter\CodeIgniter->createController()
 4 SYSTEMPATH\CodeIgniter.php(355): CodeIgniter\CodeIgniter->handleRequest(null, Object(Config\Cache), false)
 5 SYSTEMPATH\Boot.php(312): CodeIgniter\CodeIgniter->run()
 6 SYSTEMPATH\Boot.php(67): CodeIgniter\Boot::runCodeIgniter(Object(CodeIgniter\CodeIgniter))
 7 FCPATH\index.php(56): CodeIgniter\Boot::bootWeb(Object(Config\Paths))
 8 SYSTEMPATH\Commands\Server\rewrite.php(49): require_once('C:\\APK\\xampp-8.2\\htdocs\\SafeToTrip\\public\\index.php')
WARNING - 2024-06-12 06:50:44 --> [DEPRECATED] Creation of dynamic property App\Controllers\Harga::$home is deprecated in APPPATH\Controllers\Harga.php on line 14.
 1 SYSTEMPATH\CodeIgniter.php(903): App\Controllers\Harga->__construct()
 2 SYSTEMPATH\CodeIgniter.php(500): CodeIgniter\CodeIgniter->createController()
 3 SYSTEMPATH\CodeIgniter.php(355): CodeIgniter\CodeIgniter->handleRequest(null, Object(Config\Cache), false)
 4 SYSTEMPATH\Boot.php(312): CodeIgniter\CodeIgniter->run()
 5 SYSTEMPATH\Boot.php(67): CodeIgniter\Boot::runCodeIgniter(Object(CodeIgniter\CodeIgniter))
 6 FCPATH\index.php(56): CodeIgniter\Boot::bootWeb(Object(Config\Paths))
 7 SYSTEMPATH\Commands\Server\rewrite.php(49): require_once('C:\\APK\\xampp-8.2\\htdocs\\SafeToTrip\\public\\index.php')
WARNING - 2024-06-12 06:50:44 --> [DEPRECATED] Creation of dynamic property App\Controllers\Harga::$wisata is deprecated in APPPATH\Controllers\Harga.php on line 15.
 1 SYSTEMPATH\CodeIgniter.php(903): App\Controllers\Harga->__construct()
 2 SYSTEMPATH\CodeIgniter.php(500): CodeIgniter\CodeIgniter->createController()
 3 SYSTEMPATH\CodeIgniter.php(355): CodeIgniter\CodeIgniter->handleRequest(null, Object(Config\Cache), false)
 4 SYSTEMPATH\Boot.php(312): CodeIgniter\CodeIgniter->run()
 5 SYSTEMPATH\Boot.php(67): CodeIgniter\Boot::runCodeIgniter(Object(CodeIgniter\CodeIgniter))
 6 FCPATH\index.php(56): CodeIgniter\Boot::bootWeb(Object(Config\Paths))
 7 SYSTEMPATH\Commands\Server\rewrite.php(49): require_once('C:\\APK\\xampp-8.2\\htdocs\\SafeToTrip\\public\\index.php')
WARNING - 2024-06-12 06:50:44 --> [DEPRECATED] Creation of dynamic property App\Controllers\Harga::$harga is deprecated in APPPATH\Controllers\Harga.php on line 16.
 1 SYSTEMPATH\CodeIgniter.php(903): App\Controllers\Harga->__construct()
 2 SYSTEMPATH\CodeIgniter.php(500): CodeIgniter\CodeIgniter->createController()
 3 SYSTEMPATH\CodeIgniter.php(355): CodeIgniter\CodeIgniter->handleRequest(null, Object(Config\Cache), false)
 4 SYSTEMPATH\Boot.php(312): CodeIgniter\CodeIgniter->run()
 5 SYSTEMPATH\Boot.php(67): CodeIgniter\Boot::runCodeIgniter(Object(CodeIgniter\CodeIgniter))
 6 FCPATH\index.php(56): CodeIgniter\Boot::bootWeb(Object(Config\Paths))
 7 SYSTEMPATH\Commands\Server\rewrite.php(49): require_once('C:\\APK\\xampp-8.2\\htdocs\\SafeToTrip\\public\\index.php')
INFO - 2024-06-12 06:50:44 --> Session: Class initialized using 'CodeIgniter\Session\Handlers\FileHandler' driver.
WARNING - 2024-06-12 06:50:44 --> [DEPRECATED] Creation of dynamic property App\Controllers\Home::$session is deprecated in APPPATH\Controllers\Home.php on line 12.
 1 APPPATH\Controllers\Harga.php(14): App\Controllers\Home->__construct()
 2 SYSTEMPATH\CodeIgniter.php(903): App\Controllers\Harga->__construct()
 3 SYSTEMPATH\CodeIgniter.php(500): CodeIgniter\CodeIgniter->createController()
 4 SYSTEMPATH\CodeIgniter.php(355): CodeIgniter\CodeIgniter->handleRequest(null, Object(Config\Cache), false)
 5 SYSTEMPATH\Boot.php(312): CodeIgniter\CodeIgniter->run()
 6 SYSTEMPATH\Boot.php(67): CodeIgniter\Boot::runCodeIgniter(Object(CodeIgniter\CodeIgniter))
 7 FCPATH\index.php(56): CodeIgniter\Boot::bootWeb(Object(Config\Paths))
 8 SYSTEMPATH\Commands\Server\rewrite.php(49): require_once('C:\\APK\\xampp-8.2\\htdocs\\SafeToTrip\\public\\index.php')
WARNING - 2024-06-12 06:50:44 --> [DEPRECATED] Creation of dynamic property App\Controllers\Home::$wisata is deprecated in APPPATH\Controllers\Home.php on line 13.
 1 APPPATH\Controllers\Harga.php(14): App\Controllers\Home->__construct()
 2 SYSTEMPATH\CodeIgniter.php(903): App\Controllers\Harga->__construct()
 3 SYSTEMPATH\CodeIgniter.php(500): CodeIgniter\CodeIgniter->createController()
 4 SYSTEMPATH\CodeIgniter.php(355): CodeIgniter\CodeIgniter->handleRequest(null, Object(Config\Cache), false)
 5 SYSTEMPATH\Boot.php(312): CodeIgniter\CodeIgniter->run()
 6 SYSTEMPATH\Boot.php(67): CodeIgniter\Boot::runCodeIgniter(Object(CodeIgniter\CodeIgniter))
 7 FCPATH\index.php(56): CodeIgniter\Boot::bootWeb(Object(Config\Paths))
 8 SYSTEMPATH\Commands\Server\rewrite.php(49): require_once('C:\\APK\\xampp-8.2\\htdocs\\SafeToTrip\\public\\index.php')
WARNING - 2024-06-12 06:50:44 --> [DEPRECATED] Creation of dynamic property App\Controllers\Home::$fasilitas is deprecated in APPPATH\Controllers\Home.php on line 14.
 1 APPPATH\Controllers\Harga.php(14): App\Controllers\Home->__construct()
 2 SYSTEMPATH\CodeIgniter.php(903): App\Controllers\Harga->__construct()
 3 SYSTEMPATH\CodeIgniter.php(500): CodeIgniter\CodeIgniter->createController()
 4 SYSTEMPATH\CodeIgniter.php(355): CodeIgniter\CodeIgniter->handleRequest(null, Object(Config\Cache), false)
 5 SYSTEMPATH\Boot.php(312): CodeIgniter\CodeIgniter->run()
 6 SYSTEMPATH\Boot.php(67): CodeIgniter\Boot::runCodeIgniter(Object(CodeIgniter\CodeIgniter))
 7 FCPATH\index.php(56): CodeIgniter\Boot::bootWeb(Object(Config\Paths))
 8 SYSTEMPATH\Commands\Server\rewrite.php(49): require_once('C:\\APK\\xampp-8.2\\htdocs\\SafeToTrip\\public\\index.php')
WARNING - 2024-06-12 06:50:44 --> [DEPRECATED] Creation of dynamic property App\Controllers\Harga::$home is deprecated in APPPATH\Controllers\Harga.php on line 14.
 1 SYSTEMPATH\CodeIgniter.php(903): App\Controllers\Harga->__construct()
 2 SYSTEMPATH\CodeIgniter.php(500): CodeIgniter\CodeIgniter->createController()
 3 SYSTEMPATH\CodeIgniter.php(355): CodeIgniter\CodeIgniter->handleRequest(null, Object(Config\Cache), false)
 4 SYSTEMPATH\Boot.php(312): CodeIgniter\CodeIgniter->run()
 5 SYSTEMPATH\Boot.php(67): CodeIgniter\Boot::runCodeIgniter(Object(CodeIgniter\CodeIgniter))
 6 FCPATH\index.php(56): CodeIgniter\Boot::bootWeb(Object(Config\Paths))
 7 SYSTEMPATH\Commands\Server\rewrite.php(49): require_once('C:\\APK\\xampp-8.2\\htdocs\\SafeToTrip\\public\\index.php')
WARNING - 2024-06-12 06:50:44 --> [DEPRECATED] Creation of dynamic property App\Controllers\Harga::$wisata is deprecated in APPPATH\Controllers\Harga.php on line 15.
 1 SYSTEMPATH\CodeIgniter.php(903): App\Controllers\Harga->__construct()
 2 SYSTEMPATH\CodeIgniter.php(500): CodeIgniter\CodeIgniter->createController()
 3 SYSTEMPATH\CodeIgniter.php(355): CodeIgniter\CodeIgniter->handleRequest(null, Object(Config\Cache), false)
 4 SYSTEMPATH\Boot.php(312): CodeIgniter\CodeIgniter->run()
 5 SYSTEMPATH\Boot.php(67): CodeIgniter\Boot::runCodeIgniter(Object(CodeIgniter\CodeIgniter))
 6 FCPATH\index.php(56): CodeIgniter\Boot::bootWeb(Object(Config\Paths))
 7 SYSTEMPATH\Commands\Server\rewrite.php(49): require_once('C:\\APK\\xampp-8.2\\htdocs\\SafeToTrip\\public\\index.php')
WARNING - 2024-06-12 06:50:44 --> [DEPRECATED] Creation of dynamic property App\Controllers\Harga::$harga is deprecated in APPPATH\Controllers\Harga.php on line 16.
 1 SYSTEMPATH\CodeIgniter.php(903): App\Controllers\Harga->__construct()
 2 SYSTEMPATH\CodeIgniter.php(500): CodeIgniter\CodeIgniter->createController()
 3 SYSTEMPATH\CodeIgniter.php(355): CodeIgniter\CodeIgniter->handleRequest(null, Object(Config\Cache), false)
 4 SYSTEMPATH\Boot.php(312): CodeIgniter\CodeIgniter->run()
 5 SYSTEMPATH\Boot.php(67): CodeIgniter\Boot::runCodeIgniter(Object(CodeIgniter\CodeIgniter))
 6 FCPATH\index.php(56): CodeIgniter\Boot::bootWeb(Object(Config\Paths))
 7 SYSTEMPATH\Commands\Server\rewrite.php(49): require_once('C:\\APK\\xampp-8.2\\htdocs\\SafeToTrip\\public\\index.php')
INFO - 2024-06-12 06:50:58 --> Session: Class initialized using 'CodeIgniter\Session\Handlers\FileHandler' driver.
WARNING - 2024-06-12 06:50:58 --> [DEPRECATED] Creation of dynamic property App\Controllers\Home::$session is deprecated in APPPATH\Controllers\Home.php on line 12.
 1 APPPATH\Controllers\Harga.php(14): App\Controllers\Home->__construct()
 2 SYSTEMPATH\CodeIgniter.php(903): App\Controllers\Harga->__construct()
 3 SYSTEMPATH\CodeIgniter.php(500): CodeIgniter\CodeIgniter->createController()
 4 SYSTEMPATH\CodeIgniter.php(355): CodeIgniter\CodeIgniter->handleRequest(null, Object(Config\Cache), false)
 5 SYSTEMPATH\Boot.php(312): CodeIgniter\CodeIgniter->run()
 6 SYSTEMPATH\Boot.php(67): CodeIgniter\Boot::runCodeIgniter(Object(CodeIgniter\CodeIgniter))
 7 FCPATH\index.php(56): CodeIgniter\Boot::bootWeb(Object(Config\Paths))
 8 SYSTEMPATH\Commands\Server\rewrite.php(49): require_once('C:\\APK\\xampp-8.2\\htdocs\\SafeToTrip\\public\\index.php')
WARNING - 2024-06-12 06:50:58 --> [DEPRECATED] Creation of dynamic property App\Controllers\Home::$wisata is deprecated in APPPATH\Controllers\Home.php on line 13.
 1 APPPATH\Controllers\Harga.php(14): App\Controllers\Home->__construct()
 2 SYSTEMPATH\CodeIgniter.php(903): App\Controllers\Harga->__construct()
 3 SYSTEMPATH\CodeIgniter.php(500): CodeIgniter\CodeIgniter->createController()
 4 SYSTEMPATH\CodeIgniter.php(355): CodeIgniter\CodeIgniter->handleRequest(null, Object(Config\Cache), false)
 5 SYSTEMPATH\Boot.php(312): CodeIgniter\CodeIgniter->run()
 6 SYSTEMPATH\Boot.php(67): CodeIgniter\Boot::runCodeIgniter(Object(CodeIgniter\CodeIgniter))
 7 FCPATH\index.php(56): CodeIgniter\Boot::bootWeb(Object(Config\Paths))
 8 SYSTEMPATH\Commands\Server\rewrite.php(49): require_once('C:\\APK\\xampp-8.2\\htdocs\\SafeToTrip\\public\\index.php')
WARNING - 2024-06-12 06:50:58 --> [DEPRECATED] Creation of dynamic property App\Controllers\Home::$fasilitas is deprecated in APPPATH\Controllers\Home.php on line 14.
 1 APPPATH\Controllers\Harga.php(14): App\Controllers\Home->__construct()
 2 SYSTEMPATH\CodeIgniter.php(903): App\Controllers\Harga->__construct()
 3 SYSTEMPATH\CodeIgniter.php(500): CodeIgniter\CodeIgniter->createController()
 4 SYSTEMPATH\CodeIgniter.php(355): CodeIgniter\CodeIgniter->handleRequest(null, Object(Config\Cache), false)
 5 SYSTEMPATH\Boot.php(312): CodeIgniter\CodeIgniter->run()
 6 SYSTEMPATH\Boot.php(67): CodeIgniter\Boot::runCodeIgniter(Object(CodeIgniter\CodeIgniter))
 7 FCPATH\index.php(56): CodeIgniter\Boot::bootWeb(Object(Config\Paths))
 8 SYSTEMPATH\Commands\Server\rewrite.php(49): require_once('C:\\APK\\xampp-8.2\\htdocs\\SafeToTrip\\public\\index.php')
WARNING - 2024-06-12 06:50:58 --> [DEPRECATED] Creation of dynamic property App\Controllers\Harga::$home is deprecated in APPPATH\Controllers\Harga.php on line 14.
 1 SYSTEMPATH\CodeIgniter.php(903): App\Controllers\Harga->__construct()
 2 SYSTEMPATH\CodeIgniter.php(500): CodeIgniter\CodeIgniter->createController()
 3 SYSTEMPATH\CodeIgniter.php(355): CodeIgniter\CodeIgniter->handleRequest(null, Object(Config\Cache), false)
 4 SYSTEMPATH\Boot.php(312): CodeIgniter\CodeIgniter->run()
 5 SYSTEMPATH\Boot.php(67): CodeIgniter\Boot::runCodeIgniter(Object(CodeIgniter\CodeIgniter))
 6 FCPATH\index.php(56): CodeIgniter\Boot::bootWeb(Object(Config\Paths))
 7 SYSTEMPATH\Commands\Server\rewrite.php(49): require_once('C:\\APK\\xampp-8.2\\htdocs\\SafeToTrip\\public\\index.php')
WARNING - 2024-06-12 06:50:58 --> [DEPRECATED] Creation of dynamic property App\Controllers\Harga::$wisata is deprecated in APPPATH\Controllers\Harga.php on line 15.
 1 SYSTEMPATH\CodeIgniter.php(903): App\Controllers\Harga->__construct()
 2 SYSTEMPATH\CodeIgniter.php(500): CodeIgniter\CodeIgniter->createController()
 3 SYSTEMPATH\CodeIgniter.php(355): CodeIgniter\CodeIgniter->handleRequest(null, Object(Config\Cache), false)
 4 SYSTEMPATH\Boot.php(312): CodeIgniter\CodeIgniter->run()
 5 SYSTEMPATH\Boot.php(67): CodeIgniter\Boot::runCodeIgniter(Object(CodeIgniter\CodeIgniter))
 6 FCPATH\index.php(56): CodeIgniter\Boot::bootWeb(Object(Config\Paths))
 7 SYSTEMPATH\Commands\Server\rewrite.php(49): require_once('C:\\APK\\xampp-8.2\\htdocs\\SafeToTrip\\public\\index.php')
WARNING - 2024-06-12 06:50:58 --> [DEPRECATED] Creation of dynamic property App\Controllers\Harga::$harga is deprecated in APPPATH\Controllers\Harga.php on line 16.
 1 SYSTEMPATH\CodeIgniter.php(903): App\Controllers\Harga->__construct()
 2 SYSTEMPATH\CodeIgniter.php(500): CodeIgniter\CodeIgniter->createController()
 3 SYSTEMPATH\CodeIgniter.php(355): CodeIgniter\CodeIgniter->handleRequest(null, Object(Config\Cache), false)
 4 SYSTEMPATH\Boot.php(312): CodeIgniter\CodeIgniter->run()
 5 SYSTEMPATH\Boot.php(67): CodeIgniter\Boot::runCodeIgniter(Object(CodeIgniter\CodeIgniter))
 6 FCPATH\index.php(56): CodeIgniter\Boot::bootWeb(Object(Config\Paths))
 7 SYSTEMPATH\Commands\Server\rewrite.php(49): require_once('C:\\APK\\xampp-8.2\\htdocs\\SafeToTrip\\public\\index.php')
INFO - 2024-06-12 06:50:58 --> Session: Class initialized using 'CodeIgniter\Session\Handlers\FileHandler' driver.
WARNING - 2024-06-12 06:50:58 --> [DEPRECATED] Creation of dynamic property App\Controllers\Home::$session is deprecated in APPPATH\Controllers\Home.php on line 12.
 1 APPPATH\Controllers\Harga.php(14): App\Controllers\Home->__construct()
 2 SYSTEMPATH\CodeIgniter.php(903): App\Controllers\Harga->__construct()
 3 SYSTEMPATH\CodeIgniter.php(500): CodeIgniter\CodeIgniter->createController()
 4 SYSTEMPATH\CodeIgniter.php(355): CodeIgniter\CodeIgniter->handleRequest(null, Object(Config\Cache), false)
 5 SYSTEMPATH\Boot.php(312): CodeIgniter\CodeIgniter->run()
 6 SYSTEMPATH\Boot.php(67): CodeIgniter\Boot::runCodeIgniter(Object(CodeIgniter\CodeIgniter))
 7 FCPATH\index.php(56): CodeIgniter\Boot::bootWeb(Object(Config\Paths))
 8 SYSTEMPATH\Commands\Server\rewrite.php(49): require_once('C:\\APK\\xampp-8.2\\htdocs\\SafeToTrip\\public\\index.php')
WARNING - 2024-06-12 06:50:58 --> [DEPRECATED] Creation of dynamic property App\Controllers\Home::$wisata is deprecated in APPPATH\Controllers\Home.php on line 13.
 1 APPPATH\Controllers\Harga.php(14): App\Controllers\Home->__construct()
 2 SYSTEMPATH\CodeIgniter.php(903): App\Controllers\Harga->__construct()
 3 SYSTEMPATH\CodeIgniter.php(500): CodeIgniter\CodeIgniter->createController()
 4 SYSTEMPATH\CodeIgniter.php(355): CodeIgniter\CodeIgniter->handleRequest(null, Object(Config\Cache), false)
 5 SYSTEMPATH\Boot.php(312): CodeIgniter\CodeIgniter->run()
 6 SYSTEMPATH\Boot.php(67): CodeIgniter\Boot::runCodeIgniter(Object(CodeIgniter\CodeIgniter))
 7 FCPATH\index.php(56): CodeIgniter\Boot::bootWeb(Object(Config\Paths))
 8 SYSTEMPATH\Commands\Server\rewrite.php(49): require_once('C:\\APK\\xampp-8.2\\htdocs\\SafeToTrip\\public\\index.php')
WARNING - 2024-06-12 06:50:58 --> [DEPRECATED] Creation of dynamic property App\Controllers\Home::$fasilitas is deprecated in APPPATH\Controllers\Home.php on line 14.
 1 APPPATH\Controllers\Harga.php(14): App\Controllers\Home->__construct()
 2 SYSTEMPATH\CodeIgniter.php(903): App\Controllers\Harga->__construct()
 3 SYSTEMPATH\CodeIgniter.php(500): CodeIgniter\CodeIgniter->createController()
 4 SYSTEMPATH\CodeIgniter.php(355): CodeIgniter\CodeIgniter->handleRequest(null, Object(Config\Cache), false)
 5 SYSTEMPATH\Boot.php(312): CodeIgniter\CodeIgniter->run()
 6 SYSTEMPATH\Boot.php(67): CodeIgniter\Boot::runCodeIgniter(Object(CodeIgniter\CodeIgniter))
 7 FCPATH\index.php(56): CodeIgniter\Boot::bootWeb(Object(Config\Paths))
 8 SYSTEMPATH\Commands\Server\rewrite.php(49): require_once('C:\\APK\\xampp-8.2\\htdocs\\SafeToTrip\\public\\index.php')
WARNING - 2024-06-12 06:50:58 --> [DEPRECATED] Creation of dynamic property App\Controllers\Harga::$home is deprecated in APPPATH\Controllers\Harga.php on line 14.
 1 SYSTEMPATH\CodeIgniter.php(903): App\Controllers\Harga->__construct()
 2 SYSTEMPATH\CodeIgniter.php(500): CodeIgniter\CodeIgniter->createController()
 3 SYSTEMPATH\CodeIgniter.php(355): CodeIgniter\CodeIgniter->handleRequest(null, Object(Config\Cache), false)
 4 SYSTEMPATH\Boot.php(312): CodeIgniter\CodeIgniter->run()
 5 SYSTEMPATH\Boot.php(67): CodeIgniter\Boot::runCodeIgniter(Object(CodeIgniter\CodeIgniter))
 6 FCPATH\index.php(56): CodeIgniter\Boot::bootWeb(Object(Config\Paths))
 7 SYSTEMPATH\Commands\Server\rewrite.php(49): require_once('C:\\APK\\xampp-8.2\\htdocs\\SafeToTrip\\public\\index.php')
WARNING - 2024-06-12 06:50:58 --> [DEPRECATED] Creation of dynamic property App\Controllers\Harga::$wisata is deprecated in APPPATH\Controllers\Harga.php on line 15.
 1 SYSTEMPATH\CodeIgniter.php(903): App\Controllers\Harga->__construct()
 2 SYSTEMPATH\CodeIgniter.php(500): CodeIgniter\CodeIgniter->createController()
 3 SYSTEMPATH\CodeIgniter.php(355): CodeIgniter\CodeIgniter->handleRequest(null, Object(Config\Cache), false)
 4 SYSTEMPATH\Boot.php(312): CodeIgniter\CodeIgniter->run()
 5 SYSTEMPATH\Boot.php(67): CodeIgniter\Boot::runCodeIgniter(Object(CodeIgniter\CodeIgniter))
 6 FCPATH\index.php(56): CodeIgniter\Boot::bootWeb(Object(Config\Paths))
 7 SYSTEMPATH\Commands\Server\rewrite.php(49): require_once('C:\\APK\\xampp-8.2\\htdocs\\SafeToTrip\\public\\index.php')
WARNING - 2024-06-12 06:50:58 --> [DEPRECATED] Creation of dynamic property App\Controllers\Harga::$harga is deprecated in APPPATH\Controllers\Harga.php on line 16.
 1 SYSTEMPATH\CodeIgniter.php(903): App\Controllers\Harga->__construct()
 2 SYSTEMPATH\CodeIgniter.php(500): CodeIgniter\CodeIgniter->createController()
 3 SYSTEMPATH\CodeIgniter.php(355): CodeIgniter\CodeIgniter->handleRequest(null, Object(Config\Cache), false)
 4 SYSTEMPATH\Boot.php(312): CodeIgniter\CodeIgniter->run()
 5 SYSTEMPATH\Boot.php(67): CodeIgniter\Boot::runCodeIgniter(Object(CodeIgniter\CodeIgniter))
 6 FCPATH\index.php(56): CodeIgniter\Boot::bootWeb(Object(Config\Paths))
 7 SYSTEMPATH\Commands\Server\rewrite.php(49): require_once('C:\\APK\\xampp-8.2\\htdocs\\SafeToTrip\\public\\index.php')
INFO - 2024-06-12 06:51:10 --> Session: Class initialized using 'CodeIgniter\Session\Handlers\FileHandler' driver.
WARNING - 2024-06-12 06:51:10 --> [DEPRECATED] Creation of dynamic property App\Controllers\Home::$session is deprecated in APPPATH\Controllers\Home.php on line 12.
 1 APPPATH\Controllers\Harga.php(14): App\Controllers\Home->__construct()
 2 SYSTEMPATH\CodeIgniter.php(903): App\Controllers\Harga->__construct()
 3 SYSTEMPATH\CodeIgniter.php(500): CodeIgniter\CodeIgniter->createController()
 4 SYSTEMPATH\CodeIgniter.php(355): CodeIgniter\CodeIgniter->handleRequest(null, Object(Config\Cache), false)
 5 SYSTEMPATH\Boot.php(312): CodeIgniter\CodeIgniter->run()
 6 SYSTEMPATH\Boot.php(67): CodeIgniter\Boot::runCodeIgniter(Object(CodeIgniter\CodeIgniter))
 7 FCPATH\index.php(56): CodeIgniter\Boot::bootWeb(Object(Config\Paths))
 8 SYSTEMPATH\Commands\Server\rewrite.php(49): require_once('C:\\APK\\xampp-8.2\\htdocs\\SafeToTrip\\public\\index.php')
WARNING - 2024-06-12 06:51:10 --> [DEPRECATED] Creation of dynamic property App\Controllers\Home::$wisata is deprecated in APPPATH\Controllers\Home.php on line 13.
 1 APPPATH\Controllers\Harga.php(14): App\Controllers\Home->__construct()
 2 SYSTEMPATH\CodeIgniter.php(903): App\Controllers\Harga->__construct()
 3 SYSTEMPATH\CodeIgniter.php(500): CodeIgniter\CodeIgniter->createController()
 4 SYSTEMPATH\CodeIgniter.php(355): CodeIgniter\CodeIgniter->handleRequest(null, Object(Config\Cache), false)
 5 SYSTEMPATH\Boot.php(312): CodeIgniter\CodeIgniter->run()
 6 SYSTEMPATH\Boot.php(67): CodeIgniter\Boot::runCodeIgniter(Object(CodeIgniter\CodeIgniter))
 7 FCPATH\index.php(56): CodeIgniter\Boot::bootWeb(Object(Config\Paths))
 8 SYSTEMPATH\Commands\Server\rewrite.php(49): require_once('C:\\APK\\xampp-8.2\\htdocs\\SafeToTrip\\public\\index.php')
WARNING - 2024-06-12 06:51:10 --> [DEPRECATED] Creation of dynamic property App\Controllers\Home::$fasilitas is deprecated in APPPATH\Controllers\Home.php on line 14.
 1 APPPATH\Controllers\Harga.php(14): App\Controllers\Home->__construct()
 2 SYSTEMPATH\CodeIgniter.php(903): App\Controllers\Harga->__construct()
 3 SYSTEMPATH\CodeIgniter.php(500): CodeIgniter\CodeIgniter->createController()
 4 SYSTEMPATH\CodeIgniter.php(355): CodeIgniter\CodeIgniter->handleRequest(null, Object(Config\Cache), false)
 5 SYSTEMPATH\Boot.php(312): CodeIgniter\CodeIgniter->run()
 6 SYSTEMPATH\Boot.php(67): CodeIgniter\Boot::runCodeIgniter(Object(CodeIgniter\CodeIgniter))
 7 FCPATH\index.php(56): CodeIgniter\Boot::bootWeb(Object(Config\Paths))
 8 SYSTEMPATH\Commands\Server\rewrite.php(49): require_once('C:\\APK\\xampp-8.2\\htdocs\\SafeToTrip\\public\\index.php')
WARNING - 2024-06-12 06:51:10 --> [DEPRECATED] Creation of dynamic property App\Controllers\Harga::$home is deprecated in APPPATH\Controllers\Harga.php on line 14.
 1 SYSTEMPATH\CodeIgniter.php(903): App\Controllers\Harga->__construct()
 2 SYSTEMPATH\CodeIgniter.php(500): CodeIgniter\CodeIgniter->createController()
 3 SYSTEMPATH\CodeIgniter.php(355): CodeIgniter\CodeIgniter->handleRequest(null, Object(Config\Cache), false)
 4 SYSTEMPATH\Boot.php(312): CodeIgniter\CodeIgniter->run()
 5 SYSTEMPATH\Boot.php(67): CodeIgniter\Boot::runCodeIgniter(Object(CodeIgniter\CodeIgniter))
 6 FCPATH\index.php(56): CodeIgniter\Boot::bootWeb(Object(Config\Paths))
 7 SYSTEMPATH\Commands\Server\rewrite.php(49): require_once('C:\\APK\\xampp-8.2\\htdocs\\SafeToTrip\\public\\index.php')
WARNING - 2024-06-12 06:51:10 --> [DEPRECATED] Creation of dynamic property App\Controllers\Harga::$wisata is deprecated in APPPATH\Controllers\Harga.php on line 15.
 1 SYSTEMPATH\CodeIgniter.php(903): App\Controllers\Harga->__construct()
 2 SYSTEMPATH\CodeIgniter.php(500): CodeIgniter\CodeIgniter->createController()
 3 SYSTEMPATH\CodeIgniter.php(355): CodeIgniter\CodeIgniter->handleRequest(null, Object(Config\Cache), false)
 4 SYSTEMPATH\Boot.php(312): CodeIgniter\CodeIgniter->run()
 5 SYSTEMPATH\Boot.php(67): CodeIgniter\Boot::runCodeIgniter(Object(CodeIgniter\CodeIgniter))
 6 FCPATH\index.php(56): CodeIgniter\Boot::bootWeb(Object(Config\Paths))
 7 SYSTEMPATH\Commands\Server\rewrite.php(49): require_once('C:\\APK\\xampp-8.2\\htdocs\\SafeToTrip\\public\\index.php')
WARNING - 2024-06-12 06:51:10 --> [DEPRECATED] Creation of dynamic property App\Controllers\Harga::$harga is deprecated in APPPATH\Controllers\Harga.php on line 16.
 1 SYSTEMPATH\CodeIgniter.php(903): App\Controllers\Harga->__construct()
 2 SYSTEMPATH\CodeIgniter.php(500): CodeIgniter\CodeIgniter->createController()
 3 SYSTEMPATH\CodeIgniter.php(355): CodeIgniter\CodeIgniter->handleRequest(null, Object(Config\Cache), false)
 4 SYSTEMPATH\Boot.php(312): CodeIgniter\CodeIgniter->run()
 5 SYSTEMPATH\Boot.php(67): CodeIgniter\Boot::runCodeIgniter(Object(CodeIgniter\CodeIgniter))
 6 FCPATH\index.php(56): CodeIgniter\Boot::bootWeb(Object(Config\Paths))
 7 SYSTEMPATH\Commands\Server\rewrite.php(49): require_once('C:\\APK\\xampp-8.2\\htdocs\\SafeToTrip\\public\\index.php')
INFO - 2024-06-12 06:51:10 --> Session: Class initialized using 'CodeIgniter\Session\Handlers\FileHandler' driver.
WARNING - 2024-06-12 06:51:10 --> [DEPRECATED] Creation of dynamic property App\Controllers\Home::$session is deprecated in APPPATH\Controllers\Home.php on line 12.
 1 APPPATH\Controllers\Harga.php(14): App\Controllers\Home->__construct()
 2 SYSTEMPATH\CodeIgniter.php(903): App\Controllers\Harga->__construct()
 3 SYSTEMPATH\CodeIgniter.php(500): CodeIgniter\CodeIgniter->createController()
 4 SYSTEMPATH\CodeIgniter.php(355): CodeIgniter\CodeIgniter->handleRequest(null, Object(Config\Cache), false)
 5 SYSTEMPATH\Boot.php(312): CodeIgniter\CodeIgniter->run()
 6 SYSTEMPATH\Boot.php(67): CodeIgniter\Boot::runCodeIgniter(Object(CodeIgniter\CodeIgniter))
 7 FCPATH\index.php(56): CodeIgniter\Boot::bootWeb(Object(Config\Paths))
 8 SYSTEMPATH\Commands\Server\rewrite.php(49): require_once('C:\\APK\\xampp-8.2\\htdocs\\SafeToTrip\\public\\index.php')
WARNING - 2024-06-12 06:51:10 --> [DEPRECATED] Creation of dynamic property App\Controllers\Home::$wisata is deprecated in APPPATH\Controllers\Home.php on line 13.
 1 APPPATH\Controllers\Harga.php(14): App\Controllers\Home->__construct()
 2 SYSTEMPATH\CodeIgniter.php(903): App\Controllers\Harga->__construct()
 3 SYSTEMPATH\CodeIgniter.php(500): CodeIgniter\CodeIgniter->createController()
 4 SYSTEMPATH\CodeIgniter.php(355): CodeIgniter\CodeIgniter->handleRequest(null, Object(Config\Cache), false)
 5 SYSTEMPATH\Boot.php(312): CodeIgniter\CodeIgniter->run()
 6 SYSTEMPATH\Boot.php(67): CodeIgniter\Boot::runCodeIgniter(Object(CodeIgniter\CodeIgniter))
 7 FCPATH\index.php(56): CodeIgniter\Boot::bootWeb(Object(Config\Paths))
 8 SYSTEMPATH\Commands\Server\rewrite.php(49): require_once('C:\\APK\\xampp-8.2\\htdocs\\SafeToTrip\\public\\index.php')
WARNING - 2024-06-12 06:51:10 --> [DEPRECATED] Creation of dynamic property App\Controllers\Home::$fasilitas is deprecated in APPPATH\Controllers\Home.php on line 14.
 1 APPPATH\Controllers\Harga.php(14): App\Controllers\Home->__construct()
 2 SYSTEMPATH\CodeIgniter.php(903): App\Controllers\Harga->__construct()
 3 SYSTEMPATH\CodeIgniter.php(500): CodeIgniter\CodeIgniter->createController()
 4 SYSTEMPATH\CodeIgniter.php(355): CodeIgniter\CodeIgniter->handleRequest(null, Object(Config\Cache), false)
 5 SYSTEMPATH\Boot.php(312): CodeIgniter\CodeIgniter->run()
 6 SYSTEMPATH\Boot.php(67): CodeIgniter\Boot::runCodeIgniter(Object(CodeIgniter\CodeIgniter))
 7 FCPATH\index.php(56): CodeIgniter\Boot::bootWeb(Object(Config\Paths))
 8 SYSTEMPATH\Commands\Server\rewrite.php(49): require_once('C:\\APK\\xampp-8.2\\htdocs\\SafeToTrip\\public\\index.php')
WARNING - 2024-06-12 06:51:10 --> [DEPRECATED] Creation of dynamic property App\Controllers\Harga::$home is deprecated in APPPATH\Controllers\Harga.php on line 14.
 1 SYSTEMPATH\CodeIgniter.php(903): App\Controllers\Harga->__construct()
 2 SYSTEMPATH\CodeIgniter.php(500): CodeIgniter\CodeIgniter->createController()
 3 SYSTEMPATH\CodeIgniter.php(355): CodeIgniter\CodeIgniter->handleRequest(null, Object(Config\Cache), false)
 4 SYSTEMPATH\Boot.php(312): CodeIgniter\CodeIgniter->run()
 5 SYSTEMPATH\Boot.php(67): CodeIgniter\Boot::runCodeIgniter(Object(CodeIgniter\CodeIgniter))
 6 FCPATH\index.php(56): CodeIgniter\Boot::bootWeb(Object(Config\Paths))
 7 SYSTEMPATH\Commands\Server\rewrite.php(49): require_once('C:\\APK\\xampp-8.2\\htdocs\\SafeToTrip\\public\\index.php')
WARNING - 2024-06-12 06:51:10 --> [DEPRECATED] Creation of dynamic property App\Controllers\Harga::$wisata is deprecated in APPPATH\Controllers\Harga.php on line 15.
 1 SYSTEMPATH\CodeIgniter.php(903): App\Controllers\Harga->__construct()
 2 SYSTEMPATH\CodeIgniter.php(500): CodeIgniter\CodeIgniter->createController()
 3 SYSTEMPATH\CodeIgniter.php(355): CodeIgniter\CodeIgniter->handleRequest(null, Object(Config\Cache), false)
 4 SYSTEMPATH\Boot.php(312): CodeIgniter\CodeIgniter->run()
 5 SYSTEMPATH\Boot.php(67): CodeIgniter\Boot::runCodeIgniter(Object(CodeIgniter\CodeIgniter))
 6 FCPATH\index.php(56): CodeIgniter\Boot::bootWeb(Object(Config\Paths))
 7 SYSTEMPATH\Commands\Server\rewrite.php(49): require_once('C:\\APK\\xampp-8.2\\htdocs\\SafeToTrip\\public\\index.php')
WARNING - 2024-06-12 06:51:10 --> [DEPRECATED] Creation of dynamic property App\Controllers\Harga::$harga is deprecated in APPPATH\Controllers\Harga.php on line 16.
 1 SYSTEMPATH\CodeIgniter.php(903): App\Controllers\Harga->__construct()
 2 SYSTEMPATH\CodeIgniter.php(500): CodeIgniter\CodeIgniter->createController()
 3 SYSTEMPATH\CodeIgniter.php(355): CodeIgniter\CodeIgniter->handleRequest(null, Object(Config\Cache), false)
 4 SYSTEMPATH\Boot.php(312): CodeIgniter\CodeIgniter->run()
 5 SYSTEMPATH\Boot.php(67): CodeIgniter\Boot::runCodeIgniter(Object(CodeIgniter\CodeIgniter))
 6 FCPATH\index.php(56): CodeIgniter\Boot::bootWeb(Object(Config\Paths))
 7 SYSTEMPATH\Commands\Server\rewrite.php(49): require_once('C:\\APK\\xampp-8.2\\htdocs\\SafeToTrip\\public\\index.php')
INFO - 2024-06-12 06:51:27 --> Session: Class initialized using 'CodeIgniter\Session\Handlers\FileHandler' driver.
WARNING - 2024-06-12 06:51:27 --> [DEPRECATED] Creation of dynamic property App\Controllers\Home::$session is deprecated in APPPATH\Controllers\Home.php on line 12.
 1 APPPATH\Controllers\Harga.php(14): App\Controllers\Home->__construct()
 2 SYSTEMPATH\CodeIgniter.php(903): App\Controllers\Harga->__construct()
 3 SYSTEMPATH\CodeIgniter.php(500): CodeIgniter\CodeIgniter->createController()
 4 SYSTEMPATH\CodeIgniter.php(355): CodeIgniter\CodeIgniter->handleRequest(null, Object(Config\Cache), false)
 5 SYSTEMPATH\Boot.php(312): CodeIgniter\CodeIgniter->run()
 6 SYSTEMPATH\Boot.php(67): CodeIgniter\Boot::runCodeIgniter(Object(CodeIgniter\CodeIgniter))
 7 FCPATH\index.php(56): CodeIgniter\Boot::bootWeb(Object(Config\Paths))
 8 SYSTEMPATH\Commands\Server\rewrite.php(49): require_once('C:\\APK\\xampp-8.2\\htdocs\\SafeToTrip\\public\\index.php')
WARNING - 2024-06-12 06:51:27 --> [DEPRECATED] Creation of dynamic property App\Controllers\Home::$wisata is deprecated in APPPATH\Controllers\Home.php on line 13.
 1 APPPATH\Controllers\Harga.php(14): App\Controllers\Home->__construct()
 2 SYSTEMPATH\CodeIgniter.php(903): App\Controllers\Harga->__construct()
 3 SYSTEMPATH\CodeIgniter.php(500): CodeIgniter\CodeIgniter->createController()
 4 SYSTEMPATH\CodeIgniter.php(355): CodeIgniter\CodeIgniter->handleRequest(null, Object(Config\Cache), false)
 5 SYSTEMPATH\Boot.php(312): CodeIgniter\CodeIgniter->run()
 6 SYSTEMPATH\Boot.php(67): CodeIgniter\Boot::runCodeIgniter(Object(CodeIgniter\CodeIgniter))
 7 FCPATH\index.php(56): CodeIgniter\Boot::bootWeb(Object(Config\Paths))
 8 SYSTEMPATH\Commands\Server\rewrite.php(49): require_once('C:\\APK\\xampp-8.2\\htdocs\\SafeToTrip\\public\\index.php')
WARNING - 2024-06-12 06:51:27 --> [DEPRECATED] Creation of dynamic property App\Controllers\Home::$fasilitas is deprecated in APPPATH\Controllers\Home.php on line 14.
 1 APPPATH\Controllers\Harga.php(14): App\Controllers\Home->__construct()
 2 SYSTEMPATH\CodeIgniter.php(903): App\Controllers\Harga->__construct()
 3 SYSTEMPATH\CodeIgniter.php(500): CodeIgniter\CodeIgniter->createController()
 4 SYSTEMPATH\CodeIgniter.php(355): CodeIgniter\CodeIgniter->handleRequest(null, Object(Config\Cache), false)
 5 SYSTEMPATH\Boot.php(312): CodeIgniter\CodeIgniter->run()
 6 SYSTEMPATH\Boot.php(67): CodeIgniter\Boot::runCodeIgniter(Object(CodeIgniter\CodeIgniter))
 7 FCPATH\index.php(56): CodeIgniter\Boot::bootWeb(Object(Config\Paths))
 8 SYSTEMPATH\Commands\Server\rewrite.php(49): require_once('C:\\APK\\xampp-8.2\\htdocs\\SafeToTrip\\public\\index.php')
WARNING - 2024-06-12 06:51:27 --> [DEPRECATED] Creation of dynamic property App\Controllers\Harga::$home is deprecated in APPPATH\Controllers\Harga.php on line 14.
 1 SYSTEMPATH\CodeIgniter.php(903): App\Controllers\Harga->__construct()
 2 SYSTEMPATH\CodeIgniter.php(500): CodeIgniter\CodeIgniter->createController()
 3 SYSTEMPATH\CodeIgniter.php(355): CodeIgniter\CodeIgniter->handleRequest(null, Object(Config\Cache), false)
 4 SYSTEMPATH\Boot.php(312): CodeIgniter\CodeIgniter->run()
 5 SYSTEMPATH\Boot.php(67): CodeIgniter\Boot::runCodeIgniter(Object(CodeIgniter\CodeIgniter))
 6 FCPATH\index.php(56): CodeIgniter\Boot::bootWeb(Object(Config\Paths))
 7 SYSTEMPATH\Commands\Server\rewrite.php(49): require_once('C:\\APK\\xampp-8.2\\htdocs\\SafeToTrip\\public\\index.php')
WARNING - 2024-06-12 06:51:27 --> [DEPRECATED] Creation of dynamic property App\Controllers\Harga::$wisata is deprecated in APPPATH\Controllers\Harga.php on line 15.
 1 SYSTEMPATH\CodeIgniter.php(903): App\Controllers\Harga->__construct()
 2 SYSTEMPATH\CodeIgniter.php(500): CodeIgniter\CodeIgniter->createController()
 3 SYSTEMPATH\CodeIgniter.php(355): CodeIgniter\CodeIgniter->handleRequest(null, Object(Config\Cache), false)
 4 SYSTEMPATH\Boot.php(312): CodeIgniter\CodeIgniter->run()
 5 SYSTEMPATH\Boot.php(67): CodeIgniter\Boot::runCodeIgniter(Object(CodeIgniter\CodeIgniter))
 6 FCPATH\index.php(56): CodeIgniter\Boot::bootWeb(Object(Config\Paths))
 7 SYSTEMPATH\Commands\Server\rewrite.php(49): require_once('C:\\APK\\xampp-8.2\\htdocs\\SafeToTrip\\public\\index.php')
WARNING - 2024-06-12 06:51:27 --> [DEPRECATED] Creation of dynamic property App\Controllers\Harga::$harga is deprecated in APPPATH\Controllers\Harga.php on line 16.
 1 SYSTEMPATH\CodeIgniter.php(903): App\Controllers\Harga->__construct()
 2 SYSTEMPATH\CodeIgniter.php(500): CodeIgniter\CodeIgniter->createController()
 3 SYSTEMPATH\CodeIgniter.php(355): CodeIgniter\CodeIgniter->handleRequest(null, Object(Config\Cache), false)
 4 SYSTEMPATH\Boot.php(312): CodeIgniter\CodeIgniter->run()
 5 SYSTEMPATH\Boot.php(67): CodeIgniter\Boot::runCodeIgniter(Object(CodeIgniter\CodeIgniter))
 6 FCPATH\index.php(56): CodeIgniter\Boot::bootWeb(Object(Config\Paths))
 7 SYSTEMPATH\Commands\Server\rewrite.php(49): require_once('C:\\APK\\xampp-8.2\\htdocs\\SafeToTrip\\public\\index.php')
INFO - 2024-06-12 06:51:37 --> Session: Class initialized using 'CodeIgniter\Session\Handlers\FileHandler' driver.
WARNING - 2024-06-12 06:51:37 --> [DEPRECATED] Creation of dynamic property App\Controllers\Home::$session is deprecated in APPPATH\Controllers\Home.php on line 12.
 1 APPPATH\Controllers\Harga.php(14): App\Controllers\Home->__construct()
 2 SYSTEMPATH\CodeIgniter.php(903): App\Controllers\Harga->__construct()
 3 SYSTEMPATH\CodeIgniter.php(500): CodeIgniter\CodeIgniter->createController()
 4 SYSTEMPATH\CodeIgniter.php(355): CodeIgniter\CodeIgniter->handleRequest(null, Object(Config\Cache), false)
 5 SYSTEMPATH\Boot.php(312): CodeIgniter\CodeIgniter->run()
 6 SYSTEMPATH\Boot.php(67): CodeIgniter\Boot::runCodeIgniter(Object(CodeIgniter\CodeIgniter))
 7 FCPATH\index.php(56): CodeIgniter\Boot::bootWeb(Object(Config\Paths))
 8 SYSTEMPATH\Commands\Server\rewrite.php(49): require_once('C:\\APK\\xampp-8.2\\htdocs\\SafeToTrip\\public\\index.php')
WARNING - 2024-06-12 06:51:37 --> [DEPRECATED] Creation of dynamic property App\Controllers\Home::$wisata is deprecated in APPPATH\Controllers\Home.php on line 13.
 1 APPPATH\Controllers\Harga.php(14): App\Controllers\Home->__construct()
 2 SYSTEMPATH\CodeIgniter.php(903): App\Controllers\Harga->__construct()
 3 SYSTEMPATH\CodeIgniter.php(500): CodeIgniter\CodeIgniter->createController()
 4 SYSTEMPATH\CodeIgniter.php(355): CodeIgniter\CodeIgniter->handleRequest(null, Object(Config\Cache), false)
 5 SYSTEMPATH\Boot.php(312): CodeIgniter\CodeIgniter->run()
 6 SYSTEMPATH\Boot.php(67): CodeIgniter\Boot::runCodeIgniter(Object(CodeIgniter\CodeIgniter))
 7 FCPATH\index.php(56): CodeIgniter\Boot::bootWeb(Object(Config\Paths))
 8 SYSTEMPATH\Commands\Server\rewrite.php(49): require_once('C:\\APK\\xampp-8.2\\htdocs\\SafeToTrip\\public\\index.php')
WARNING - 2024-06-12 06:51:37 --> [DEPRECATED] Creation of dynamic property App\Controllers\Home::$fasilitas is deprecated in APPPATH\Controllers\Home.php on line 14.
 1 APPPATH\Controllers\Harga.php(14): App\Controllers\Home->__construct()
 2 SYSTEMPATH\CodeIgniter.php(903): App\Controllers\Harga->__construct()
 3 SYSTEMPATH\CodeIgniter.php(500): CodeIgniter\CodeIgniter->createController()
 4 SYSTEMPATH\CodeIgniter.php(355): CodeIgniter\CodeIgniter->handleRequest(null, Object(Config\Cache), false)
 5 SYSTEMPATH\Boot.php(312): CodeIgniter\CodeIgniter->run()
 6 SYSTEMPATH\Boot.php(67): CodeIgniter\Boot::runCodeIgniter(Object(CodeIgniter\CodeIgniter))
 7 FCPATH\index.php(56): CodeIgniter\Boot::bootWeb(Object(Config\Paths))
 8 SYSTEMPATH\Commands\Server\rewrite.php(49): require_once('C:\\APK\\xampp-8.2\\htdocs\\SafeToTrip\\public\\index.php')
WARNING - 2024-06-12 06:51:37 --> [DEPRECATED] Creation of dynamic property App\Controllers\Harga::$home is deprecated in APPPATH\Controllers\Harga.php on line 14.
 1 SYSTEMPATH\CodeIgniter.php(903): App\Controllers\Harga->__construct()
 2 SYSTEMPATH\CodeIgniter.php(500): CodeIgniter\CodeIgniter->createController()
 3 SYSTEMPATH\CodeIgniter.php(355): CodeIgniter\CodeIgniter->handleRequest(null, Object(Config\Cache), false)
 4 SYSTEMPATH\Boot.php(312): CodeIgniter\CodeIgniter->run()
 5 SYSTEMPATH\Boot.php(67): CodeIgniter\Boot::runCodeIgniter(Object(CodeIgniter\CodeIgniter))
 6 FCPATH\index.php(56): CodeIgniter\Boot::bootWeb(Object(Config\Paths))
 7 SYSTEMPATH\Commands\Server\rewrite.php(49): require_once('C:\\APK\\xampp-8.2\\htdocs\\SafeToTrip\\public\\index.php')
WARNING - 2024-06-12 06:51:37 --> [DEPRECATED] Creation of dynamic property App\Controllers\Harga::$wisata is deprecated in APPPATH\Controllers\Harga.php on line 15.
 1 SYSTEMPATH\CodeIgniter.php(903): App\Controllers\Harga->__construct()
 2 SYSTEMPATH\CodeIgniter.php(500): CodeIgniter\CodeIgniter->createController()
 3 SYSTEMPATH\CodeIgniter.php(355): CodeIgniter\CodeIgniter->handleRequest(null, Object(Config\Cache), false)
 4 SYSTEMPATH\Boot.php(312): CodeIgniter\CodeIgniter->run()
 5 SYSTEMPATH\Boot.php(67): CodeIgniter\Boot::runCodeIgniter(Object(CodeIgniter\CodeIgniter))
 6 FCPATH\index.php(56): CodeIgniter\Boot::bootWeb(Object(Config\Paths))
 7 SYSTEMPATH\Commands\Server\rewrite.php(49): require_once('C:\\APK\\xampp-8.2\\htdocs\\SafeToTrip\\public\\index.php')
WARNING - 2024-06-12 06:51:37 --> [DEPRECATED] Creation of dynamic property App\Controllers\Harga::$harga is deprecated in APPPATH\Controllers\Harga.php on line 16.
 1 SYSTEMPATH\CodeIgniter.php(903): App\Controllers\Harga->__construct()
 2 SYSTEMPATH\CodeIgniter.php(500): CodeIgniter\CodeIgniter->createController()
 3 SYSTEMPATH\CodeIgniter.php(355): CodeIgniter\CodeIgniter->handleRequest(null, Object(Config\Cache), false)
 4 SYSTEMPATH\Boot.php(312): CodeIgniter\CodeIgniter->run()
 5 SYSTEMPATH\Boot.php(67): CodeIgniter\Boot::runCodeIgniter(Object(CodeIgniter\CodeIgniter))
 6 FCPATH\index.php(56): CodeIgniter\Boot::bootWeb(Object(Config\Paths))
 7 SYSTEMPATH\Commands\Server\rewrite.php(49): require_once('C:\\APK\\xampp-8.2\\htdocs\\SafeToTrip\\public\\index.php')
INFO - 2024-06-12 06:54:02 --> Session: Class initialized using 'CodeIgniter\Session\Handlers\FileHandler' driver.
WARNING - 2024-06-12 06:54:02 --> [DEPRECATED] Creation of dynamic property App\Controllers\Home::$session is deprecated in APPPATH\Controllers\Home.php on line 12.
 1 APPPATH\Controllers\Harga.php(14): App\Controllers\Home->__construct()
 2 SYSTEMPATH\CodeIgniter.php(903): App\Controllers\Harga->__construct()
 3 SYSTEMPATH\CodeIgniter.php(500): CodeIgniter\CodeIgniter->createController()
 4 SYSTEMPATH\CodeIgniter.php(355): CodeIgniter\CodeIgniter->handleRequest(null, Object(Config\Cache), false)
 5 SYSTEMPATH\Boot.php(312): CodeIgniter\CodeIgniter->run()
 6 SYSTEMPATH\Boot.php(67): CodeIgniter\Boot::runCodeIgniter(Object(CodeIgniter\CodeIgniter))
 7 FCPATH\index.php(56): CodeIgniter\Boot::bootWeb(Object(Config\Paths))
 8 SYSTEMPATH\Commands\Server\rewrite.php(49): require_once('C:\\APK\\xampp-8.2\\htdocs\\SafeToTrip\\public\\index.php')
WARNING - 2024-06-12 06:54:02 --> [DEPRECATED] Creation of dynamic property App\Controllers\Home::$wisata is deprecated in APPPATH\Controllers\Home.php on line 13.
 1 APPPATH\Controllers\Harga.php(14): App\Controllers\Home->__construct()
 2 SYSTEMPATH\CodeIgniter.php(903): App\Controllers\Harga->__construct()
 3 SYSTEMPATH\CodeIgniter.php(500): CodeIgniter\CodeIgniter->createController()
 4 SYSTEMPATH\CodeIgniter.php(355): CodeIgniter\CodeIgniter->handleRequest(null, Object(Config\Cache), false)
 5 SYSTEMPATH\Boot.php(312): CodeIgniter\CodeIgniter->run()
 6 SYSTEMPATH\Boot.php(67): CodeIgniter\Boot::runCodeIgniter(Object(CodeIgniter\CodeIgniter))
 7 FCPATH\index.php(56): CodeIgniter\Boot::bootWeb(Object(Config\Paths))
 8 SYSTEMPATH\Commands\Server\rewrite.php(49): require_once('C:\\APK\\xampp-8.2\\htdocs\\SafeToTrip\\public\\index.php')
WARNING - 2024-06-12 06:54:02 --> [DEPRECATED] Creation of dynamic property App\Controllers\Home::$fasilitas is deprecated in APPPATH\Controllers\Home.php on line 14.
 1 APPPATH\Controllers\Harga.php(14): App\Controllers\Home->__construct()
 2 SYSTEMPATH\CodeIgniter.php(903): App\Controllers\Harga->__construct()
 3 SYSTEMPATH\CodeIgniter.php(500): CodeIgniter\CodeIgniter->createController()
 4 SYSTEMPATH\CodeIgniter.php(355): CodeIgniter\CodeIgniter->handleRequest(null, Object(Config\Cache), false)
 5 SYSTEMPATH\Boot.php(312): CodeIgniter\CodeIgniter->run()
 6 SYSTEMPATH\Boot.php(67): CodeIgniter\Boot::runCodeIgniter(Object(CodeIgniter\CodeIgniter))
 7 FCPATH\index.php(56): CodeIgniter\Boot::bootWeb(Object(Config\Paths))
 8 SYSTEMPATH\Commands\Server\rewrite.php(49): require_once('C:\\APK\\xampp-8.2\\htdocs\\SafeToTrip\\public\\index.php')
WARNING - 2024-06-12 06:54:02 --> [DEPRECATED] Creation of dynamic property App\Controllers\Harga::$home is deprecated in APPPATH\Controllers\Harga.php on line 14.
 1 SYSTEMPATH\CodeIgniter.php(903): App\Controllers\Harga->__construct()
 2 SYSTEMPATH\CodeIgniter.php(500): CodeIgniter\CodeIgniter->createController()
 3 SYSTEMPATH\CodeIgniter.php(355): CodeIgniter\CodeIgniter->handleRequest(null, Object(Config\Cache), false)
 4 SYSTEMPATH\Boot.php(312): CodeIgniter\CodeIgniter->run()
 5 SYSTEMPATH\Boot.php(67): CodeIgniter\Boot::runCodeIgniter(Object(CodeIgniter\CodeIgniter))
 6 FCPATH\index.php(56): CodeIgniter\Boot::bootWeb(Object(Config\Paths))
 7 SYSTEMPATH\Commands\Server\rewrite.php(49): require_once('C:\\APK\\xampp-8.2\\htdocs\\SafeToTrip\\public\\index.php')
WARNING - 2024-06-12 06:54:02 --> [DEPRECATED] Creation of dynamic property App\Controllers\Harga::$wisata is deprecated in APPPATH\Controllers\Harga.php on line 15.
 1 SYSTEMPATH\CodeIgniter.php(903): App\Controllers\Harga->__construct()
 2 SYSTEMPATH\CodeIgniter.php(500): CodeIgniter\CodeIgniter->createController()
 3 SYSTEMPATH\CodeIgniter.php(355): CodeIgniter\CodeIgniter->handleRequest(null, Object(Config\Cache), false)
 4 SYSTEMPATH\Boot.php(312): CodeIgniter\CodeIgniter->run()
 5 SYSTEMPATH\Boot.php(67): CodeIgniter\Boot::runCodeIgniter(Object(CodeIgniter\CodeIgniter))
 6 FCPATH\index.php(56): CodeIgniter\Boot::bootWeb(Object(Config\Paths))
 7 SYSTEMPATH\Commands\Server\rewrite.php(49): require_once('C:\\APK\\xampp-8.2\\htdocs\\SafeToTrip\\public\\index.php')
WARNING - 2024-06-12 06:54:02 --> [DEPRECATED] Creation of dynamic property App\Controllers\Harga::$harga is deprecated in APPPATH\Controllers\Harga.php on line 16.
 1 SYSTEMPATH\CodeIgniter.php(903): App\Controllers\Harga->__construct()
 2 SYSTEMPATH\CodeIgniter.php(500): CodeIgniter\CodeIgniter->createController()
 3 SYSTEMPATH\CodeIgniter.php(355): CodeIgniter\CodeIgniter->handleRequest(null, Object(Config\Cache), false)
 4 SYSTEMPATH\Boot.php(312): CodeIgniter\CodeIgniter->run()
 5 SYSTEMPATH\Boot.php(67): CodeIgniter\Boot::runCodeIgniter(Object(CodeIgniter\CodeIgniter))
 6 FCPATH\index.php(56): CodeIgniter\Boot::bootWeb(Object(Config\Paths))
 7 SYSTEMPATH\Commands\Server\rewrite.php(49): require_once('C:\\APK\\xampp-8.2\\htdocs\\SafeToTrip\\public\\index.php')
INFO - 2024-06-12 06:54:07 --> Session: Class initialized using 'CodeIgniter\Session\Handlers\FileHandler' driver.
WARNING - 2024-06-12 06:54:07 --> [DEPRECATED] Creation of dynamic property App\Controllers\Home::$session is deprecated in APPPATH\Controllers\Home.php on line 12.
 1 SYSTEMPATH\CodeIgniter.php(903): App\Controllers\Home->__construct()
 2 SYSTEMPATH\CodeIgniter.php(500): CodeIgniter\CodeIgniter->createController()
 3 SYSTEMPATH\CodeIgniter.php(355): CodeIgniter\CodeIgniter->handleRequest(null, Object(Config\Cache), false)
 4 SYSTEMPATH\Boot.php(312): CodeIgniter\CodeIgniter->run()
 5 SYSTEMPATH\Boot.php(67): CodeIgniter\Boot::runCodeIgniter(Object(CodeIgniter\CodeIgniter))
 6 FCPATH\index.php(56): CodeIgniter\Boot::bootWeb(Object(Config\Paths))
 7 SYSTEMPATH\Commands\Server\rewrite.php(49): require_once('C:\\APK\\xampp-8.2\\htdocs\\SafeToTrip\\public\\index.php')
WARNING - 2024-06-12 06:54:07 --> [DEPRECATED] Creation of dynamic property App\Controllers\Home::$wisata is deprecated in APPPATH\Controllers\Home.php on line 13.
 1 SYSTEMPATH\CodeIgniter.php(903): App\Controllers\Home->__construct()
 2 SYSTEMPATH\CodeIgniter.php(500): CodeIgniter\CodeIgniter->createController()
 3 SYSTEMPATH\CodeIgniter.php(355): CodeIgniter\CodeIgniter->handleRequest(null, Object(Config\Cache), false)
 4 SYSTEMPATH\Boot.php(312): CodeIgniter\CodeIgniter->run()
 5 SYSTEMPATH\Boot.php(67): CodeIgniter\Boot::runCodeIgniter(Object(CodeIgniter\CodeIgniter))
 6 FCPATH\index.php(56): CodeIgniter\Boot::bootWeb(Object(Config\Paths))
 7 SYSTEMPATH\Commands\Server\rewrite.php(49): require_once('C:\\APK\\xampp-8.2\\htdocs\\SafeToTrip\\public\\index.php')
WARNING - 2024-06-12 06:54:07 --> [DEPRECATED] Creation of dynamic property App\Controllers\Home::$fasilitas is deprecated in APPPATH\Controllers\Home.php on line 14.
 1 SYSTEMPATH\CodeIgniter.php(903): App\Controllers\Home->__construct()
 2 SYSTEMPATH\CodeIgniter.php(500): CodeIgniter\CodeIgniter->createController()
 3 SYSTEMPATH\CodeIgniter.php(355): CodeIgniter\CodeIgniter->handleRequest(null, Object(Config\Cache), false)
 4 SYSTEMPATH\Boot.php(312): CodeIgniter\CodeIgniter->run()
 5 SYSTEMPATH\Boot.php(67): CodeIgniter\Boot::runCodeIgniter(Object(CodeIgniter\CodeIgniter))
 6 FCPATH\index.php(56): CodeIgniter\Boot::bootWeb(Object(Config\Paths))
 7 SYSTEMPATH\Commands\Server\rewrite.php(49): require_once('C:\\APK\\xampp-8.2\\htdocs\\SafeToTrip\\public\\index.php')
INFO - 2024-06-12 06:58:13 --> Session: Class initialized using 'CodeIgniter\Session\Handlers\FileHandler' driver.
WARNING - 2024-06-12 06:58:13 --> [DEPRECATED] Creation of dynamic property App\Controllers\Home::$session is deprecated in APPPATH\Controllers\Home.php on line 12.
 1 SYSTEMPATH\CodeIgniter.php(903): App\Controllers\Home->__construct()
 2 SYSTEMPATH\CodeIgniter.php(500): CodeIgniter\CodeIgniter->createController()
 3 SYSTEMPATH\CodeIgniter.php(355): CodeIgniter\CodeIgniter->handleRequest(null, Object(Config\Cache), false)
 4 SYSTEMPATH\Boot.php(312): CodeIgniter\CodeIgniter->run()
 5 SYSTEMPATH\Boot.php(67): CodeIgniter\Boot::runCodeIgniter(Object(CodeIgniter\CodeIgniter))
 6 FCPATH\index.php(56): CodeIgniter\Boot::bootWeb(Object(Config\Paths))
 7 SYSTEMPATH\Commands\Server\rewrite.php(49): require_once('C:\\APK\\xampp-8.2\\htdocs\\SafeToTrip\\public\\index.php')
WARNING - 2024-06-12 06:58:13 --> [DEPRECATED] Creation of dynamic property App\Controllers\Home::$wisata is deprecated in APPPATH\Controllers\Home.php on line 13.
 1 SYSTEMPATH\CodeIgniter.php(903): App\Controllers\Home->__construct()
 2 SYSTEMPATH\CodeIgniter.php(500): CodeIgniter\CodeIgniter->createController()
 3 SYSTEMPATH\CodeIgniter.php(355): CodeIgniter\CodeIgniter->handleRequest(null, Object(Config\Cache), false)
 4 SYSTEMPATH\Boot.php(312): CodeIgniter\CodeIgniter->run()
 5 SYSTEMPATH\Boot.php(67): CodeIgniter\Boot::runCodeIgniter(Object(CodeIgniter\CodeIgniter))
 6 FCPATH\index.php(56): CodeIgniter\Boot::bootWeb(Object(Config\Paths))
 7 SYSTEMPATH\Commands\Server\rewrite.php(49): require_once('C:\\APK\\xampp-8.2\\htdocs\\SafeToTrip\\public\\index.php')
WARNING - 2024-06-12 06:58:13 --> [DEPRECATED] Creation of dynamic property App\Controllers\Home::$fasilitas is deprecated in APPPATH\Controllers\Home.php on line 14.
 1 SYSTEMPATH\CodeIgniter.php(903): App\Controllers\Home->__construct()
 2 SYSTEMPATH\CodeIgniter.php(500): CodeIgniter\CodeIgniter->createController()
 3 SYSTEMPATH\CodeIgniter.php(355): CodeIgniter\CodeIgniter->handleRequest(null, Object(Config\Cache), false)
 4 SYSTEMPATH\Boot.php(312): CodeIgniter\CodeIgniter->run()
 5 SYSTEMPATH\Boot.php(67): CodeIgniter\Boot::runCodeIgniter(Object(CodeIgniter\CodeIgniter))
 6 FCPATH\index.php(56): CodeIgniter\Boot::bootWeb(Object(Config\Paths))
 7 SYSTEMPATH\Commands\Server\rewrite.php(49): require_once('C:\\APK\\xampp-8.2\\htdocs\\SafeToTrip\\public\\index.php')
INFO - 2024-06-12 06:59:32 --> Session: Class initialized using 'CodeIgniter\Session\Handlers\FileHandler' driver.
WARNING - 2024-06-12 06:59:32 --> [DEPRECATED] Creation of dynamic property App\Controllers\Home::$session is deprecated in APPPATH\Controllers\Home.php on line 12.
 1 SYSTEMPATH\CodeIgniter.php(903): App\Controllers\Home->__construct()
 2 SYSTEMPATH\CodeIgniter.php(500): CodeIgniter\CodeIgniter->createController()
 3 SYSTEMPATH\CodeIgniter.php(355): CodeIgniter\CodeIgniter->handleRequest(null, Object(Config\Cache), false)
 4 SYSTEMPATH\Boot.php(312): CodeIgniter\CodeIgniter->run()
 5 SYSTEMPATH\Boot.php(67): CodeIgniter\Boot::runCodeIgniter(Object(CodeIgniter\CodeIgniter))
 6 FCPATH\index.php(56): CodeIgniter\Boot::bootWeb(Object(Config\Paths))
 7 SYSTEMPATH\Commands\Server\rewrite.php(49): require_once('C:\\APK\\xampp-8.2\\htdocs\\SafeToTrip\\public\\index.php')
WARNING - 2024-06-12 06:59:32 --> [DEPRECATED] Creation of dynamic property App\Controllers\Home::$wisata is deprecated in APPPATH\Controllers\Home.php on line 13.
 1 SYSTEMPATH\CodeIgniter.php(903): App\Controllers\Home->__construct()
 2 SYSTEMPATH\CodeIgniter.php(500): CodeIgniter\CodeIgniter->createController()
 3 SYSTEMPATH\CodeIgniter.php(355): CodeIgniter\CodeIgniter->handleRequest(null, Object(Config\Cache), false)
 4 SYSTEMPATH\Boot.php(312): CodeIgniter\CodeIgniter->run()
 5 SYSTEMPATH\Boot.php(67): CodeIgniter\Boot::runCodeIgniter(Object(CodeIgniter\CodeIgniter))
 6 FCPATH\index.php(56): CodeIgniter\Boot::bootWeb(Object(Config\Paths))
 7 SYSTEMPATH\Commands\Server\rewrite.php(49): require_once('C:\\APK\\xampp-8.2\\htdocs\\SafeToTrip\\public\\index.php')
WARNING - 2024-06-12 06:59:32 --> [DEPRECATED] Creation of dynamic property App\Controllers\Home::$fasilitas is deprecated in APPPATH\Controllers\Home.php on line 14.
 1 SYSTEMPATH\CodeIgniter.php(903): App\Controllers\Home->__construct()
 2 SYSTEMPATH\CodeIgniter.php(500): CodeIgniter\CodeIgniter->createController()
 3 SYSTEMPATH\CodeIgniter.php(355): CodeIgniter\CodeIgniter->handleRequest(null, Object(Config\Cache), false)
 4 SYSTEMPATH\Boot.php(312): CodeIgniter\CodeIgniter->run()
 5 SYSTEMPATH\Boot.php(67): CodeIgniter\Boot::runCodeIgniter(Object(CodeIgniter\CodeIgniter))
 6 FCPATH\index.php(56): CodeIgniter\Boot::bootWeb(Object(Config\Paths))
 7 SYSTEMPATH\Commands\Server\rewrite.php(49): require_once('C:\\APK\\xampp-8.2\\htdocs\\SafeToTrip\\public\\index.php')
INFO - 2024-06-12 06:59:50 --> Session: Class initialized using 'CodeIgniter\Session\Handlers\FileHandler' driver.
WARNING - 2024-06-12 06:59:50 --> [DEPRECATED] Creation of dynamic property App\Controllers\Home::$session is deprecated in APPPATH\Controllers\Home.php on line 12.
 1 SYSTEMPATH\CodeIgniter.php(903): App\Controllers\Home->__construct()
 2 SYSTEMPATH\CodeIgniter.php(500): CodeIgniter\CodeIgniter->createController()
 3 SYSTEMPATH\CodeIgniter.php(355): CodeIgniter\CodeIgniter->handleRequest(null, Object(Config\Cache), false)
 4 SYSTEMPATH\Boot.php(312): CodeIgniter\CodeIgniter->run()
 5 SYSTEMPATH\Boot.php(67): CodeIgniter\Boot::runCodeIgniter(Object(CodeIgniter\CodeIgniter))
 6 FCPATH\index.php(56): CodeIgniter\Boot::bootWeb(Object(Config\Paths))
 7 SYSTEMPATH\Commands\Server\rewrite.php(49): require_once('C:\\APK\\xampp-8.2\\htdocs\\SafeToTrip\\public\\index.php')
WARNING - 2024-06-12 06:59:50 --> [DEPRECATED] Creation of dynamic property App\Controllers\Home::$wisata is deprecated in APPPATH\Controllers\Home.php on line 13.
 1 SYSTEMPATH\CodeIgniter.php(903): App\Controllers\Home->__construct()
 2 SYSTEMPATH\CodeIgniter.php(500): CodeIgniter\CodeIgniter->createController()
 3 SYSTEMPATH\CodeIgniter.php(355): CodeIgniter\CodeIgniter->handleRequest(null, Object(Config\Cache), false)
 4 SYSTEMPATH\Boot.php(312): CodeIgniter\CodeIgniter->run()
 5 SYSTEMPATH\Boot.php(67): CodeIgniter\Boot::runCodeIgniter(Object(CodeIgniter\CodeIgniter))
 6 FCPATH\index.php(56): CodeIgniter\Boot::bootWeb(Object(Config\Paths))
 7 SYSTEMPATH\Commands\Server\rewrite.php(49): require_once('C:\\APK\\xampp-8.2\\htdocs\\SafeToTrip\\public\\index.php')
WARNING - 2024-06-12 06:59:50 --> [DEPRECATED] Creation of dynamic property App\Controllers\Home::$fasilitas is deprecated in APPPATH\Controllers\Home.php on line 14.
 1 SYSTEMPATH\CodeIgniter.php(903): App\Controllers\Home->__construct()
 2 SYSTEMPATH\CodeIgniter.php(500): CodeIgniter\CodeIgniter->createController()
 3 SYSTEMPATH\CodeIgniter.php(355): CodeIgniter\CodeIgniter->handleRequest(null, Object(Config\Cache), false)
 4 SYSTEMPATH\Boot.php(312): CodeIgniter\CodeIgniter->run()
 5 SYSTEMPATH\Boot.php(67): CodeIgniter\Boot::runCodeIgniter(Object(CodeIgniter\CodeIgniter))
 6 FCPATH\index.php(56): CodeIgniter\Boot::bootWeb(Object(Config\Paths))
 7 SYSTEMPATH\Commands\Server\rewrite.php(49): require_once('C:\\APK\\xampp-8.2\\htdocs\\SafeToTrip\\public\\index.php')
INFO - 2024-06-12 06:59:58 --> Session: Class initialized using 'CodeIgniter\Session\Handlers\FileHandler' driver.
WARNING - 2024-06-12 06:59:58 --> [DEPRECATED] Creation of dynamic property App\Controllers\Home::$session is deprecated in APPPATH\Controllers\Home.php on line 12.
 1 SYSTEMPATH\CodeIgniter.php(903): App\Controllers\Home->__construct()
 2 SYSTEMPATH\CodeIgniter.php(500): CodeIgniter\CodeIgniter->createController()
 3 SYSTEMPATH\CodeIgniter.php(355): CodeIgniter\CodeIgniter->handleRequest(null, Object(Config\Cache), false)
 4 SYSTEMPATH\Boot.php(312): CodeIgniter\CodeIgniter->run()
 5 SYSTEMPATH\Boot.php(67): CodeIgniter\Boot::runCodeIgniter(Object(CodeIgniter\CodeIgniter))
 6 FCPATH\index.php(56): CodeIgniter\Boot::bootWeb(Object(Config\Paths))
 7 SYSTEMPATH\Commands\Server\rewrite.php(49): require_once('C:\\APK\\xampp-8.2\\htdocs\\SafeToTrip\\public\\index.php')
WARNING - 2024-06-12 06:59:58 --> [DEPRECATED] Creation of dynamic property App\Controllers\Home::$wisata is deprecated in APPPATH\Controllers\Home.php on line 13.
 1 SYSTEMPATH\CodeIgniter.php(903): App\Controllers\Home->__construct()
 2 SYSTEMPATH\CodeIgniter.php(500): CodeIgniter\CodeIgniter->createController()
 3 SYSTEMPATH\CodeIgniter.php(355): CodeIgniter\CodeIgniter->handleRequest(null, Object(Config\Cache), false)
 4 SYSTEMPATH\Boot.php(312): CodeIgniter\CodeIgniter->run()
 5 SYSTEMPATH\Boot.php(67): CodeIgniter\Boot::runCodeIgniter(Object(CodeIgniter\CodeIgniter))
 6 FCPATH\index.php(56): CodeIgniter\Boot::bootWeb(Object(Config\Paths))
 7 SYSTEMPATH\Commands\Server\rewrite.php(49): require_once('C:\\APK\\xampp-8.2\\htdocs\\SafeToTrip\\public\\index.php')
WARNING - 2024-06-12 06:59:58 --> [DEPRECATED] Creation of dynamic property App\Controllers\Home::$fasilitas is deprecated in APPPATH\Controllers\Home.php on line 14.
 1 SYSTEMPATH\CodeIgniter.php(903): App\Controllers\Home->__construct()
 2 SYSTEMPATH\CodeIgniter.php(500): CodeIgniter\CodeIgniter->createController()
 3 SYSTEMPATH\CodeIgniter.php(355): CodeIgniter\CodeIgniter->handleRequest(null, Object(Config\Cache), false)
 4 SYSTEMPATH\Boot.php(312): CodeIgniter\CodeIgniter->run()
 5 SYSTEMPATH\Boot.php(67): CodeIgniter\Boot::runCodeIgniter(Object(CodeIgniter\CodeIgniter))
 6 FCPATH\index.php(56): CodeIgniter\Boot::bootWeb(Object(Config\Paths))
 7 SYSTEMPATH\Commands\Server\rewrite.php(49): require_once('C:\\APK\\xampp-8.2\\htdocs\\SafeToTrip\\public\\index.php')
INFO - 2024-06-12 07:08:21 --> Session: Class initialized using 'CodeIgniter\Session\Handlers\FileHandler' driver.
WARNING - 2024-06-12 07:08:21 --> [DEPRECATED] Creation of dynamic property App\Controllers\Home::$session is deprecated in APPPATH\Controllers\Home.php on line 13.
 1 SYSTEMPATH\CodeIgniter.php(903): App\Controllers\Home->__construct()
 2 SYSTEMPATH\CodeIgniter.php(500): CodeIgniter\CodeIgniter->createController()
 3 SYSTEMPATH\CodeIgniter.php(355): CodeIgniter\CodeIgniter->handleRequest(null, Object(Config\Cache), false)
 4 SYSTEMPATH\Boot.php(312): CodeIgniter\CodeIgniter->run()
 5 SYSTEMPATH\Boot.php(67): CodeIgniter\Boot::runCodeIgniter(Object(CodeIgniter\CodeIgniter))
 6 FCPATH\index.php(56): CodeIgniter\Boot::bootWeb(Object(Config\Paths))
 7 SYSTEMPATH\Commands\Server\rewrite.php(49): require_once('C:\\APK\\xampp-8.2\\htdocs\\SafeToTrip\\public\\index.php')
WARNING - 2024-06-12 07:08:21 --> [DEPRECATED] Creation of dynamic property App\Controllers\Home::$wisata is deprecated in APPPATH\Controllers\Home.php on line 14.
 1 SYSTEMPATH\CodeIgniter.php(903): App\Controllers\Home->__construct()
 2 SYSTEMPATH\CodeIgniter.php(500): CodeIgniter\CodeIgniter->createController()
 3 SYSTEMPATH\CodeIgniter.php(355): CodeIgniter\CodeIgniter->handleRequest(null, Object(Config\Cache), false)
 4 SYSTEMPATH\Boot.php(312): CodeIgniter\CodeIgniter->run()
 5 SYSTEMPATH\Boot.php(67): CodeIgniter\Boot::runCodeIgniter(Object(CodeIgniter\CodeIgniter))
 6 FCPATH\index.php(56): CodeIgniter\Boot::bootWeb(Object(Config\Paths))
 7 SYSTEMPATH\Commands\Server\rewrite.php(49): require_once('C:\\APK\\xampp-8.2\\htdocs\\SafeToTrip\\public\\index.php')
WARNING - 2024-06-12 07:08:21 --> [DEPRECATED] Creation of dynamic property App\Controllers\Home::$fasilitas is deprecated in APPPATH\Controllers\Home.php on line 15.
 1 SYSTEMPATH\CodeIgniter.php(903): App\Controllers\Home->__construct()
 2 SYSTEMPATH\CodeIgniter.php(500): CodeIgniter\CodeIgniter->createController()
 3 SYSTEMPATH\CodeIgniter.php(355): CodeIgniter\CodeIgniter->handleRequest(null, Object(Config\Cache), false)
 4 SYSTEMPATH\Boot.php(312): CodeIgniter\CodeIgniter->run()
 5 SYSTEMPATH\Boot.php(67): CodeIgniter\Boot::runCodeIgniter(Object(CodeIgniter\CodeIgniter))
 6 FCPATH\index.php(56): CodeIgniter\Boot::bootWeb(Object(Config\Paths))
 7 SYSTEMPATH\Commands\Server\rewrite.php(49): require_once('C:\\APK\\xampp-8.2\\htdocs\\SafeToTrip\\public\\index.php')
WARNING - 2024-06-12 07:08:21 --> [DEPRECATED] Creation of dynamic property App\Controllers\Home::$harga is deprecated in APPPATH\Controllers\Home.php on line 16.
 1 SYSTEMPATH\CodeIgniter.php(903): App\Controllers\Home->__construct()
 2 SYSTEMPATH\CodeIgniter.php(500): CodeIgniter\CodeIgniter->createController()
 3 SYSTEMPATH\CodeIgniter.php(355): CodeIgniter\CodeIgniter->handleRequest(null, Object(Config\Cache), false)
 4 SYSTEMPATH\Boot.php(312): CodeIgniter\CodeIgniter->run()
 5 SYSTEMPATH\Boot.php(67): CodeIgniter\Boot::runCodeIgniter(Object(CodeIgniter\CodeIgniter))
 6 FCPATH\index.php(56): CodeIgniter\Boot::bootWeb(Object(Config\Paths))
 7 SYSTEMPATH\Commands\Server\rewrite.php(49): require_once('C:\\APK\\xampp-8.2\\htdocs\\SafeToTrip\\public\\index.php')
CRITICAL - 2024-06-12 07:08:21 --> BadMethodCallException: Call to undefined method App\Models\HargaTiketModel::getHarga
[Method: GET, Route: /]
in SYSTEMPATH\Model.php on line 921.
 1 APPPATH\Controllers\Home.php(36): CodeIgniter\Model->__call('getHarga', [...])
 2 [internal function]: App\Controllers\Home->App\Controllers\{closure}([...])
 3 APPPATH\Controllers\Home.php(35): array_map(Object(Closure), [...])
 4 SYSTEMPATH\CodeIgniter.php(933): App\Controllers\Home->homepage()
 5 SYSTEMPATH\CodeIgniter.php(509): CodeIgniter\CodeIgniter->runController(Object(App\Controllers\Home))
 6 SYSTEMPATH\CodeIgniter.php(355): CodeIgniter\CodeIgniter->handleRequest(null, Object(Config\Cache), false)
 7 SYSTEMPATH\Boot.php(312): CodeIgniter\CodeIgniter->run()
 8 SYSTEMPATH\Boot.php(67): CodeIgniter\Boot::runCodeIgniter(Object(CodeIgniter\CodeIgniter))
 9 FCPATH\index.php(56): CodeIgniter\Boot::bootWeb(Object(Config\Paths))
10 SYSTEMPATH\Commands\Server\rewrite.php(49): require_once('C:\\APK\\xampp-8.2\\htdocs\\SafeToTrip\\public\\index.php')
INFO - 2024-06-12 07:08:37 --> Session: Class initialized using 'CodeIgniter\Session\Handlers\FileHandler' driver.
WARNING - 2024-06-12 07:08:37 --> [DEPRECATED] Creation of dynamic property App\Controllers\Home::$session is deprecated in APPPATH\Controllers\Home.php on line 13.
 1 SYSTEMPATH\CodeIgniter.php(903): App\Controllers\Home->__construct()
 2 SYSTEMPATH\CodeIgniter.php(500): CodeIgniter\CodeIgniter->createController()
 3 SYSTEMPATH\CodeIgniter.php(355): CodeIgniter\CodeIgniter->handleRequest(null, Object(Config\Cache), false)
 4 SYSTEMPATH\Boot.php(312): CodeIgniter\CodeIgniter->run()
 5 SYSTEMPATH\Boot.php(67): CodeIgniter\Boot::runCodeIgniter(Object(CodeIgniter\CodeIgniter))
 6 FCPATH\index.php(56): CodeIgniter\Boot::bootWeb(Object(Config\Paths))
 7 SYSTEMPATH\Commands\Server\rewrite.php(49): require_once('C:\\APK\\xampp-8.2\\htdocs\\SafeToTrip\\public\\index.php')
WARNING - 2024-06-12 07:08:37 --> [DEPRECATED] Creation of dynamic property App\Controllers\Home::$wisata is deprecated in APPPATH\Controllers\Home.php on line 14.
 1 SYSTEMPATH\CodeIgniter.php(903): App\Controllers\Home->__construct()
 2 SYSTEMPATH\CodeIgniter.php(500): CodeIgniter\CodeIgniter->createController()
 3 SYSTEMPATH\CodeIgniter.php(355): CodeIgniter\CodeIgniter->handleRequest(null, Object(Config\Cache), false)
 4 SYSTEMPATH\Boot.php(312): CodeIgniter\CodeIgniter->run()
 5 SYSTEMPATH\Boot.php(67): CodeIgniter\Boot::runCodeIgniter(Object(CodeIgniter\CodeIgniter))
 6 FCPATH\index.php(56): CodeIgniter\Boot::bootWeb(Object(Config\Paths))
 7 SYSTEMPATH\Commands\Server\rewrite.php(49): require_once('C:\\APK\\xampp-8.2\\htdocs\\SafeToTrip\\public\\index.php')
WARNING - 2024-06-12 07:08:37 --> [DEPRECATED] Creation of dynamic property App\Controllers\Home::$fasilitas is deprecated in APPPATH\Controllers\Home.php on line 15.
 1 SYSTEMPATH\CodeIgniter.php(903): App\Controllers\Home->__construct()
 2 SYSTEMPATH\CodeIgniter.php(500): CodeIgniter\CodeIgniter->createController()
 3 SYSTEMPATH\CodeIgniter.php(355): CodeIgniter\CodeIgniter->handleRequest(null, Object(Config\Cache), false)
 4 SYSTEMPATH\Boot.php(312): CodeIgniter\CodeIgniter->run()
 5 SYSTEMPATH\Boot.php(67): CodeIgniter\Boot::runCodeIgniter(Object(CodeIgniter\CodeIgniter))
 6 FCPATH\index.php(56): CodeIgniter\Boot::bootWeb(Object(Config\Paths))
 7 SYSTEMPATH\Commands\Server\rewrite.php(49): require_once('C:\\APK\\xampp-8.2\\htdocs\\SafeToTrip\\public\\index.php')
WARNING - 2024-06-12 07:08:37 --> [DEPRECATED] Creation of dynamic property App\Controllers\Home::$harga is deprecated in APPPATH\Controllers\Home.php on line 16.
 1 SYSTEMPATH\CodeIgniter.php(903): App\Controllers\Home->__construct()
 2 SYSTEMPATH\CodeIgniter.php(500): CodeIgniter\CodeIgniter->createController()
 3 SYSTEMPATH\CodeIgniter.php(355): CodeIgniter\CodeIgniter->handleRequest(null, Object(Config\Cache), false)
 4 SYSTEMPATH\Boot.php(312): CodeIgniter\CodeIgniter->run()
 5 SYSTEMPATH\Boot.php(67): CodeIgniter\Boot::runCodeIgniter(Object(CodeIgniter\CodeIgniter))
 6 FCPATH\index.php(56): CodeIgniter\Boot::bootWeb(Object(Config\Paths))
 7 SYSTEMPATH\Commands\Server\rewrite.php(49): require_once('C:\\APK\\xampp-8.2\\htdocs\\SafeToTrip\\public\\index.php')
ERROR - 2024-06-12 07:08:37 --> mysqli_sql_exception: Unknown column 'tanggal_mulai' in 'where clause' in C:\APK\xampp-8.2\htdocs\SafeToTrip\system\Database\MySQLi\Connection.php:308
Stack trace:
#0 C:\APK\xampp-8.2\htdocs\SafeToTrip\system\Database\MySQLi\Connection.php(308): mysqli->query('SELECT *\nFROM `...', 0)
#1 C:\APK\xampp-8.2\htdocs\SafeToTrip\system\Database\BaseConnection.php(722): CodeIgniter\Database\MySQLi\Connection->execute('SELECT *\nFROM `...')
#2 C:\APK\xampp-8.2\htdocs\SafeToTrip\system\Database\BaseConnection.php(636): CodeIgniter\Database\BaseConnection->simpleQuery('SELECT *\nFROM `...')
#3 C:\APK\xampp-8.2\htdocs\SafeToTrip\system\Database\BaseBuilder.php(1629): CodeIgniter\Database\BaseConnection->query('SELECT *\nFROM `...', Array, false)
#4 C:\APK\xampp-8.2\htdocs\SafeToTrip\system\Model.php(319): CodeIgniter\Database\BaseBuilder->get()
#5 C:\APK\xampp-8.2\htdocs\SafeToTrip\system\BaseModel.php(714): CodeIgniter\Model->doFirst()
#6 C:\APK\xampp-8.2\htdocs\SafeToTrip\app\Models\HargaTiketModel.php(45): CodeIgniter\BaseModel->first()
#7 C:\APK\xampp-8.2\htdocs\SafeToTrip\app\Controllers\Home.php(36): App\Models\HargaTiketModel->getHargaTiket('7')
#8 [internal function]: App\Controllers\Home->App\Controllers\{closure}(Array)
#9 C:\APK\xampp-8.2\htdocs\SafeToTrip\app\Controllers\Home.php(35): array_map(Object(Closure), Array)
#10 C:\APK\xampp-8.2\htdocs\SafeToTrip\system\CodeIgniter.php(933): App\Controllers\Home->homepage()
#11 C:\APK\xampp-8.2\htdocs\SafeToTrip\system\CodeIgniter.php(509): CodeIgniter\CodeIgniter->runController(Object(App\Controllers\Home))
#12 C:\APK\xampp-8.2\htdocs\SafeToTrip\system\CodeIgniter.php(355): CodeIgniter\CodeIgniter->handleRequest(NULL, Object(Config\Cache), false)
#13 C:\APK\xampp-8.2\htdocs\SafeToTrip\system\Boot.php(312): CodeIgniter\CodeIgniter->run()
#14 C:\APK\xampp-8.2\htdocs\SafeToTrip\system\Boot.php(67): CodeIgniter\Boot::runCodeIgniter(Object(CodeIgniter\CodeIgniter))
#15 C:\APK\xampp-8.2\htdocs\SafeToTrip\public\index.php(56): CodeIgniter\Boot::bootWeb(Object(Config\Paths))
#16 C:\APK\xampp-8.2\htdocs\SafeToTrip\system\Commands\Server\rewrite.php(49): require_once('C:\\APK\\xampp-8....')
#17 {main}
CRITICAL - 2024-06-12 07:08:37 --> CodeIgniter\Database\Exceptions\DatabaseException: Unknown column 'tanggal_mulai' in 'where clause'
[Method: GET, Route: /]
in SYSTEMPATH\Database\BaseConnection.php on line 676.
 1 SYSTEMPATH\Database\BaseBuilder.php(1629): CodeIgniter\Database\BaseConnection->query('SELECT *
FROM `harga_tiket`
WHERE `id_wisata` = :id_wisata:
AND `jenis_tiket` = :jenis_tiket:
AND `tanggal_mulai` >= :tanggal_mulai:
AND `tanggal_selesai` <= :tanggal_selesai:
 LIMIT 1', [...], false)
 2 SYSTEMPATH\Model.php(319): CodeIgniter\Database\BaseBuilder->get()
 3 SYSTEMPATH\BaseModel.php(714): CodeIgniter\Model->doFirst()
 4 APPPATH\Models\HargaTiketModel.php(45): CodeIgniter\BaseModel->first()
 5 APPPATH\Controllers\Home.php(36): App\Models\HargaTiketModel->getHargaTiket('7')
 6 [internal function]: App\Controllers\Home->App\Controllers\{closure}([...])
 7 APPPATH\Controllers\Home.php(35): array_map(Object(Closure), [...])
 8 SYSTEMPATH\CodeIgniter.php(933): App\Controllers\Home->homepage()
 9 SYSTEMPATH\CodeIgniter.php(509): CodeIgniter\CodeIgniter->runController(Object(App\Controllers\Home))
10 SYSTEMPATH\CodeIgniter.php(355): CodeIgniter\CodeIgniter->handleRequest(null, Object(Config\Cache), false)
11 SYSTEMPATH\Boot.php(312): CodeIgniter\CodeIgniter->run()
12 SYSTEMPATH\Boot.php(67): CodeIgniter\Boot::runCodeIgniter(Object(CodeIgniter\CodeIgniter))
13 FCPATH\index.php(56): CodeIgniter\Boot::bootWeb(Object(Config\Paths))
14 SYSTEMPATH\Commands\Server\rewrite.php(49): require_once('C:\\APK\\xampp-8.2\\htdocs\\SafeToTrip\\public\\index.php')
CRITICAL - 2024-06-12 07:08:37 --> [Caused by] CodeIgniter\Database\Exceptions\DatabaseException: Unknown column 'tanggal_mulai' in 'where clause'
in SYSTEMPATH\Database\MySQLi\Connection.php on line 313.
 1 SYSTEMPATH\Database\BaseConnection.php(722): CodeIgniter\Database\MySQLi\Connection->execute('SELECT *
FROM `harga_tiket`
WHERE `id_wisata` = \'7\'
AND `jenis_tiket` = \'dewasa\'
AND `tanggal_mulai` >= \'2024-06-12\'
AND `tanggal_selesai` <= \'2024-06-12\'
 LIMIT 1')
 2 SYSTEMPATH\Database\BaseConnection.php(636): CodeIgniter\Database\BaseConnection->simpleQuery('SELECT *
FROM `harga_tiket`
WHERE `id_wisata` = \'7\'
AND `jenis_tiket` = \'dewasa\'
AND `tanggal_mulai` >= \'2024-06-12\'
AND `tanggal_selesai` <= \'2024-06-12\'
 LIMIT 1')
 3 SYSTEMPATH\Database\BaseBuilder.php(1629): CodeIgniter\Database\BaseConnection->query('SELECT *
FROM `harga_tiket`
WHERE `id_wisata` = :id_wisata:
AND `jenis_tiket` = :jenis_tiket:
AND `tanggal_mulai` >= :tanggal_mulai:
AND `tanggal_selesai` <= :tanggal_selesai:
 LIMIT 1', [...], false)
 4 SYSTEMPATH\Model.php(319): CodeIgniter\Database\BaseBuilder->get()
 5 SYSTEMPATH\BaseModel.php(714): CodeIgniter\Model->doFirst()
 6 APPPATH\Models\HargaTiketModel.php(45): CodeIgniter\BaseModel->first()
 7 APPPATH\Controllers\Home.php(36): App\Models\HargaTiketModel->getHargaTiket('7')
 8 [internal function]: App\Controllers\Home->App\Controllers\{closure}([...])
 9 APPPATH\Controllers\Home.php(35): array_map(Object(Closure), [...])
10 SYSTEMPATH\CodeIgniter.php(933): App\Controllers\Home->homepage()
11 SYSTEMPATH\CodeIgniter.php(509): CodeIgniter\CodeIgniter->runController(Object(App\Controllers\Home))
12 SYSTEMPATH\CodeIgniter.php(355): CodeIgniter\CodeIgniter->handleRequest(null, Object(Config\Cache), false)
13 SYSTEMPATH\Boot.php(312): CodeIgniter\CodeIgniter->run()
14 SYSTEMPATH\Boot.php(67): CodeIgniter\Boot::runCodeIgniter(Object(CodeIgniter\CodeIgniter))
15 FCPATH\index.php(56): CodeIgniter\Boot::bootWeb(Object(Config\Paths))
16 SYSTEMPATH\Commands\Server\rewrite.php(49): require_once('C:\\APK\\xampp-8.2\\htdocs\\SafeToTrip\\public\\index.php')
CRITICAL - 2024-06-12 07:08:37 --> [Caused by] mysqli_sql_exception: Unknown column 'tanggal_mulai' in 'where clause'
in SYSTEMPATH\Database\MySQLi\Connection.php on line 308.
 1 SYSTEMPATH\Database\MySQLi\Connection.php(308): mysqli->query('SELECT *
FROM `harga_tiket`
WHERE `id_wisata` = \'7\'
AND `jenis_tiket` = \'dewasa\'
AND `tanggal_mulai` >= \'2024-06-12\'
AND `tanggal_selesai` <= \'2024-06-12\'
 LIMIT 1', 0)
 2 SYSTEMPATH\Database\BaseConnection.php(722): CodeIgniter\Database\MySQLi\Connection->execute('SELECT *
FROM `harga_tiket`
WHERE `id_wisata` = \'7\'
AND `jenis_tiket` = \'dewasa\'
AND `tanggal_mulai` >= \'2024-06-12\'
AND `tanggal_selesai` <= \'2024-06-12\'
 LIMIT 1')
 3 SYSTEMPATH\Database\BaseConnection.php(636): CodeIgniter\Database\BaseConnection->simpleQuery('SELECT *
FROM `harga_tiket`
WHERE `id_wisata` = \'7\'
AND `jenis_tiket` = \'dewasa\'
AND `tanggal_mulai` >= \'2024-06-12\'
AND `tanggal_selesai` <= \'2024-06-12\'
 LIMIT 1')
 4 SYSTEMPATH\Database\BaseBuilder.php(1629): CodeIgniter\Database\BaseConnection->query('SELECT *
FROM `harga_tiket`
WHERE `id_wisata` = :id_wisata:
AND `jenis_tiket` = :jenis_tiket:
AND `tanggal_mulai` >= :tanggal_mulai:
AND `tanggal_selesai` <= :tanggal_selesai:
 LIMIT 1', [...], false)
 5 SYSTEMPATH\Model.php(319): CodeIgniter\Database\BaseBuilder->get()
 6 SYSTEMPATH\BaseModel.php(714): CodeIgniter\Model->doFirst()
 7 APPPATH\Models\HargaTiketModel.php(45): CodeIgniter\BaseModel->first()
 8 APPPATH\Controllers\Home.php(36): App\Models\HargaTiketModel->getHargaTiket('7')
 9 [internal function]: App\Controllers\Home->App\Controllers\{closure}([...])
10 APPPATH\Controllers\Home.php(35): array_map(Object(Closure), [...])
11 SYSTEMPATH\CodeIgniter.php(933): App\Controllers\Home->homepage()
12 SYSTEMPATH\CodeIgniter.php(509): CodeIgniter\CodeIgniter->runController(Object(App\Controllers\Home))
13 SYSTEMPATH\CodeIgniter.php(355): CodeIgniter\CodeIgniter->handleRequest(null, Object(Config\Cache), false)
14 SYSTEMPATH\Boot.php(312): CodeIgniter\CodeIgniter->run()
15 SYSTEMPATH\Boot.php(67): CodeIgniter\Boot::runCodeIgniter(Object(CodeIgniter\CodeIgniter))
16 FCPATH\index.php(56): CodeIgniter\Boot::bootWeb(Object(Config\Paths))
17 SYSTEMPATH\Commands\Server\rewrite.php(49): require_once('C:\\APK\\xampp-8.2\\htdocs\\SafeToTrip\\public\\index.php')
INFO - 2024-06-12 07:08:48 --> Session: Class initialized using 'CodeIgniter\Session\Handlers\FileHandler' driver.
WARNING - 2024-06-12 07:08:48 --> [DEPRECATED] Creation of dynamic property App\Controllers\Home::$session is deprecated in APPPATH\Controllers\Home.php on line 13.
 1 SYSTEMPATH\CodeIgniter.php(903): App\Controllers\Home->__construct()
 2 SYSTEMPATH\CodeIgniter.php(500): CodeIgniter\CodeIgniter->createController()
 3 SYSTEMPATH\CodeIgniter.php(355): CodeIgniter\CodeIgniter->handleRequest(null, Object(Config\Cache), false)
 4 SYSTEMPATH\Boot.php(312): CodeIgniter\CodeIgniter->run()
 5 SYSTEMPATH\Boot.php(67): CodeIgniter\Boot::runCodeIgniter(Object(CodeIgniter\CodeIgniter))
 6 FCPATH\index.php(56): CodeIgniter\Boot::bootWeb(Object(Config\Paths))
 7 SYSTEMPATH\Commands\Server\rewrite.php(49): require_once('C:\\APK\\xampp-8.2\\htdocs\\SafeToTrip\\public\\index.php')
WARNING - 2024-06-12 07:08:48 --> [DEPRECATED] Creation of dynamic property App\Controllers\Home::$wisata is deprecated in APPPATH\Controllers\Home.php on line 14.
 1 SYSTEMPATH\CodeIgniter.php(903): App\Controllers\Home->__construct()
 2 SYSTEMPATH\CodeIgniter.php(500): CodeIgniter\CodeIgniter->createController()
 3 SYSTEMPATH\CodeIgniter.php(355): CodeIgniter\CodeIgniter->handleRequest(null, Object(Config\Cache), false)
 4 SYSTEMPATH\Boot.php(312): CodeIgniter\CodeIgniter->run()
 5 SYSTEMPATH\Boot.php(67): CodeIgniter\Boot::runCodeIgniter(Object(CodeIgniter\CodeIgniter))
 6 FCPATH\index.php(56): CodeIgniter\Boot::bootWeb(Object(Config\Paths))
 7 SYSTEMPATH\Commands\Server\rewrite.php(49): require_once('C:\\APK\\xampp-8.2\\htdocs\\SafeToTrip\\public\\index.php')
WARNING - 2024-06-12 07:08:48 --> [DEPRECATED] Creation of dynamic property App\Controllers\Home::$fasilitas is deprecated in APPPATH\Controllers\Home.php on line 15.
 1 SYSTEMPATH\CodeIgniter.php(903): App\Controllers\Home->__construct()
 2 SYSTEMPATH\CodeIgniter.php(500): CodeIgniter\CodeIgniter->createController()
 3 SYSTEMPATH\CodeIgniter.php(355): CodeIgniter\CodeIgniter->handleRequest(null, Object(Config\Cache), false)
 4 SYSTEMPATH\Boot.php(312): CodeIgniter\CodeIgniter->run()
 5 SYSTEMPATH\Boot.php(67): CodeIgniter\Boot::runCodeIgniter(Object(CodeIgniter\CodeIgniter))
 6 FCPATH\index.php(56): CodeIgniter\Boot::bootWeb(Object(Config\Paths))
 7 SYSTEMPATH\Commands\Server\rewrite.php(49): require_once('C:\\APK\\xampp-8.2\\htdocs\\SafeToTrip\\public\\index.php')
WARNING - 2024-06-12 07:08:48 --> [DEPRECATED] Creation of dynamic property App\Controllers\Home::$harga is deprecated in APPPATH\Controllers\Home.php on line 16.
 1 SYSTEMPATH\CodeIgniter.php(903): App\Controllers\Home->__construct()
 2 SYSTEMPATH\CodeIgniter.php(500): CodeIgniter\CodeIgniter->createController()
 3 SYSTEMPATH\CodeIgniter.php(355): CodeIgniter\CodeIgniter->handleRequest(null, Object(Config\Cache), false)
 4 SYSTEMPATH\Boot.php(312): CodeIgniter\CodeIgniter->run()
 5 SYSTEMPATH\Boot.php(67): CodeIgniter\Boot::runCodeIgniter(Object(CodeIgniter\CodeIgniter))
 6 FCPATH\index.php(56): CodeIgniter\Boot::bootWeb(Object(Config\Paths))
 7 SYSTEMPATH\Commands\Server\rewrite.php(49): require_once('C:\\APK\\xampp-8.2\\htdocs\\SafeToTrip\\public\\index.php')
CRITICAL - 2024-06-12 07:08:48 --> ArgumentCountError: Too few arguments to function App\Controllers\Home::App\Controllers\{closure}(), 2 passed and exactly 3 expected
[Method: GET, Route: /]
in APPPATH\Controllers\Home.php on line 38.
 1 [internal function]: App\Controllers\Home->App\Controllers\{closure}([...], [...])
 2 APPPATH\Controllers\Home.php(38): array_map(Object(Closure), [...], [...])
 3 SYSTEMPATH\CodeIgniter.php(933): App\Controllers\Home->homepage()
 4 SYSTEMPATH\CodeIgniter.php(509): CodeIgniter\CodeIgniter->runController(Object(App\Controllers\Home))
 5 SYSTEMPATH\CodeIgniter.php(355): CodeIgniter\CodeIgniter->handleRequest(null, Object(Config\Cache), false)
 6 SYSTEMPATH\Boot.php(312): CodeIgniter\CodeIgniter->run()
 7 SYSTEMPATH\Boot.php(67): CodeIgniter\Boot::runCodeIgniter(Object(CodeIgniter\CodeIgniter))
 8 FCPATH\index.php(56): CodeIgniter\Boot::bootWeb(Object(Config\Paths))
 9 SYSTEMPATH\Commands\Server\rewrite.php(49): require_once('C:\\APK\\xampp-8.2\\htdocs\\SafeToTrip\\public\\index.php')
INFO - 2024-06-12 07:09:49 --> Session: Class initialized using 'CodeIgniter\Session\Handlers\FileHandler' driver.
WARNING - 2024-06-12 07:09:49 --> [DEPRECATED] Creation of dynamic property App\Controllers\Home::$session is deprecated in APPPATH\Controllers\Home.php on line 13.
 1 SYSTEMPATH\CodeIgniter.php(903): App\Controllers\Home->__construct()
 2 SYSTEMPATH\CodeIgniter.php(500): CodeIgniter\CodeIgniter->createController()
 3 SYSTEMPATH\CodeIgniter.php(355): CodeIgniter\CodeIgniter->handleRequest(null, Object(Config\Cache), false)
 4 SYSTEMPATH\Boot.php(312): CodeIgniter\CodeIgniter->run()
 5 SYSTEMPATH\Boot.php(67): CodeIgniter\Boot::runCodeIgniter(Object(CodeIgniter\CodeIgniter))
 6 FCPATH\index.php(56): CodeIgniter\Boot::bootWeb(Object(Config\Paths))
 7 SYSTEMPATH\Commands\Server\rewrite.php(49): require_once('C:\\APK\\xampp-8.2\\htdocs\\SafeToTrip\\public\\index.php')
WARNING - 2024-06-12 07:09:49 --> [DEPRECATED] Creation of dynamic property App\Controllers\Home::$wisata is deprecated in APPPATH\Controllers\Home.php on line 14.
 1 SYSTEMPATH\CodeIgniter.php(903): App\Controllers\Home->__construct()
 2 SYSTEMPATH\CodeIgniter.php(500): CodeIgniter\CodeIgniter->createController()
 3 SYSTEMPATH\CodeIgniter.php(355): CodeIgniter\CodeIgniter->handleRequest(null, Object(Config\Cache), false)
 4 SYSTEMPATH\Boot.php(312): CodeIgniter\CodeIgniter->run()
 5 SYSTEMPATH\Boot.php(67): CodeIgniter\Boot::runCodeIgniter(Object(CodeIgniter\CodeIgniter))
 6 FCPATH\index.php(56): CodeIgniter\Boot::bootWeb(Object(Config\Paths))
 7 SYSTEMPATH\Commands\Server\rewrite.php(49): require_once('C:\\APK\\xampp-8.2\\htdocs\\SafeToTrip\\public\\index.php')
WARNING - 2024-06-12 07:09:49 --> [DEPRECATED] Creation of dynamic property App\Controllers\Home::$fasilitas is deprecated in APPPATH\Controllers\Home.php on line 15.
 1 SYSTEMPATH\CodeIgniter.php(903): App\Controllers\Home->__construct()
 2 SYSTEMPATH\CodeIgniter.php(500): CodeIgniter\CodeIgniter->createController()
 3 SYSTEMPATH\CodeIgniter.php(355): CodeIgniter\CodeIgniter->handleRequest(null, Object(Config\Cache), false)
 4 SYSTEMPATH\Boot.php(312): CodeIgniter\CodeIgniter->run()
 5 SYSTEMPATH\Boot.php(67): CodeIgniter\Boot::runCodeIgniter(Object(CodeIgniter\CodeIgniter))
 6 FCPATH\index.php(56): CodeIgniter\Boot::bootWeb(Object(Config\Paths))
 7 SYSTEMPATH\Commands\Server\rewrite.php(49): require_once('C:\\APK\\xampp-8.2\\htdocs\\SafeToTrip\\public\\index.php')
WARNING - 2024-06-12 07:09:49 --> [DEPRECATED] Creation of dynamic property App\Controllers\Home::$harga is deprecated in APPPATH\Controllers\Home.php on line 16.
 1 SYSTEMPATH\CodeIgniter.php(903): App\Controllers\Home->__construct()
 2 SYSTEMPATH\CodeIgniter.php(500): CodeIgniter\CodeIgniter->createController()
 3 SYSTEMPATH\CodeIgniter.php(355): CodeIgniter\CodeIgniter->handleRequest(null, Object(Config\Cache), false)
 4 SYSTEMPATH\Boot.php(312): CodeIgniter\CodeIgniter->run()
 5 SYSTEMPATH\Boot.php(67): CodeIgniter\Boot::runCodeIgniter(Object(CodeIgniter\CodeIgniter))
 6 FCPATH\index.php(56): CodeIgniter\Boot::bootWeb(Object(Config\Paths))
 7 SYSTEMPATH\Commands\Server\rewrite.php(49): require_once('C:\\APK\\xampp-8.2\\htdocs\\SafeToTrip\\public\\index.php')
INFO - 2024-06-12 07:11:45 --> Session: Class initialized using 'CodeIgniter\Session\Handlers\FileHandler' driver.
WARNING - 2024-06-12 07:11:45 --> [DEPRECATED] Creation of dynamic property App\Controllers\Home::$session is deprecated in APPPATH\Controllers\Home.php on line 13.
 1 SYSTEMPATH\CodeIgniter.php(903): App\Controllers\Home->__construct()
 2 SYSTEMPATH\CodeIgniter.php(500): CodeIgniter\CodeIgniter->createController()
 3 SYSTEMPATH\CodeIgniter.php(355): CodeIgniter\CodeIgniter->handleRequest(null, Object(Config\Cache), false)
 4 SYSTEMPATH\Boot.php(312): CodeIgniter\CodeIgniter->run()
 5 SYSTEMPATH\Boot.php(67): CodeIgniter\Boot::runCodeIgniter(Object(CodeIgniter\CodeIgniter))
 6 FCPATH\index.php(56): CodeIgniter\Boot::bootWeb(Object(Config\Paths))
 7 SYSTEMPATH\Commands\Server\rewrite.php(49): require_once('C:\\APK\\xampp-8.2\\htdocs\\SafeToTrip\\public\\index.php')
WARNING - 2024-06-12 07:11:45 --> [DEPRECATED] Creation of dynamic property App\Controllers\Home::$wisata is deprecated in APPPATH\Controllers\Home.php on line 14.
 1 SYSTEMPATH\CodeIgniter.php(903): App\Controllers\Home->__construct()
 2 SYSTEMPATH\CodeIgniter.php(500): CodeIgniter\CodeIgniter->createController()
 3 SYSTEMPATH\CodeIgniter.php(355): CodeIgniter\CodeIgniter->handleRequest(null, Object(Config\Cache), false)
 4 SYSTEMPATH\Boot.php(312): CodeIgniter\CodeIgniter->run()
 5 SYSTEMPATH\Boot.php(67): CodeIgniter\Boot::runCodeIgniter(Object(CodeIgniter\CodeIgniter))
 6 FCPATH\index.php(56): CodeIgniter\Boot::bootWeb(Object(Config\Paths))
 7 SYSTEMPATH\Commands\Server\rewrite.php(49): require_once('C:\\APK\\xampp-8.2\\htdocs\\SafeToTrip\\public\\index.php')
WARNING - 2024-06-12 07:11:45 --> [DEPRECATED] Creation of dynamic property App\Controllers\Home::$fasilitas is deprecated in APPPATH\Controllers\Home.php on line 15.
 1 SYSTEMPATH\CodeIgniter.php(903): App\Controllers\Home->__construct()
 2 SYSTEMPATH\CodeIgniter.php(500): CodeIgniter\CodeIgniter->createController()
 3 SYSTEMPATH\CodeIgniter.php(355): CodeIgniter\CodeIgniter->handleRequest(null, Object(Config\Cache), false)
 4 SYSTEMPATH\Boot.php(312): CodeIgniter\CodeIgniter->run()
 5 SYSTEMPATH\Boot.php(67): CodeIgniter\Boot::runCodeIgniter(Object(CodeIgniter\CodeIgniter))
 6 FCPATH\index.php(56): CodeIgniter\Boot::bootWeb(Object(Config\Paths))
 7 SYSTEMPATH\Commands\Server\rewrite.php(49): require_once('C:\\APK\\xampp-8.2\\htdocs\\SafeToTrip\\public\\index.php')
WARNING - 2024-06-12 07:11:45 --> [DEPRECATED] Creation of dynamic property App\Controllers\Home::$harga is deprecated in APPPATH\Controllers\Home.php on line 16.
 1 SYSTEMPATH\CodeIgniter.php(903): App\Controllers\Home->__construct()
 2 SYSTEMPATH\CodeIgniter.php(500): CodeIgniter\CodeIgniter->createController()
 3 SYSTEMPATH\CodeIgniter.php(355): CodeIgniter\CodeIgniter->handleRequest(null, Object(Config\Cache), false)
 4 SYSTEMPATH\Boot.php(312): CodeIgniter\CodeIgniter->run()
 5 SYSTEMPATH\Boot.php(67): CodeIgniter\Boot::runCodeIgniter(Object(CodeIgniter\CodeIgniter))
 6 FCPATH\index.php(56): CodeIgniter\Boot::bootWeb(Object(Config\Paths))
 7 SYSTEMPATH\Commands\Server\rewrite.php(49): require_once('C:\\APK\\xampp-8.2\\htdocs\\SafeToTrip\\public\\index.php')
CRITICAL - 2024-06-12 07:11:45 --> CodeIgniter\Exceptions\ModelException: You cannot use "getCompiledSelect()" in "App\Models\HargaTiketModel". This is a method of the Query Builder Class.
[Method: GET, Route: /]
in SYSTEMPATH\Model.php on line 937.
 1 SYSTEMPATH\Model.php(937): CodeIgniter\Exceptions\ModelException::forMethodNotAvailable('App\\Models\\HargaTiketModel', 'getCompiledSelect()')
 2 SYSTEMPATH\Model.php(917): CodeIgniter\Model->checkBuilderMethod('getCompiledSelect')
 3 APPPATH\Models\HargaTiketModel.php(47): CodeIgniter\Model->__call('getCompiledSelect', [])
 4 APPPATH\Controllers\Home.php(36): App\Models\HargaTiketModel->getHargaTiket('7')
 5 [internal function]: App\Controllers\Home->App\Controllers\{closure}([...])
 6 APPPATH\Controllers\Home.php(35): array_map(Object(Closure), [...])
 7 SYSTEMPATH\CodeIgniter.php(933): App\Controllers\Home->homepage()
 8 SYSTEMPATH\CodeIgniter.php(509): CodeIgniter\CodeIgniter->runController(Object(App\Controllers\Home))
 9 SYSTEMPATH\CodeIgniter.php(355): CodeIgniter\CodeIgniter->handleRequest(null, Object(Config\Cache), false)
10 SYSTEMPATH\Boot.php(312): CodeIgniter\CodeIgniter->run()
11 SYSTEMPATH\Boot.php(67): CodeIgniter\Boot::runCodeIgniter(Object(CodeIgniter\CodeIgniter))
12 FCPATH\index.php(56): CodeIgniter\Boot::bootWeb(Object(Config\Paths))
13 SYSTEMPATH\Commands\Server\rewrite.php(49): require_once('C:\\APK\\xampp-8.2\\htdocs\\SafeToTrip\\public\\index.php')
INFO - 2024-06-12 07:15:24 --> Session: Class initialized using 'CodeIgniter\Session\Handlers\FileHandler' driver.
WARNING - 2024-06-12 07:15:24 --> [DEPRECATED] Creation of dynamic property App\Controllers\Home::$session is deprecated in APPPATH\Controllers\Home.php on line 13.
 1 SYSTEMPATH\CodeIgniter.php(903): App\Controllers\Home->__construct()
 2 SYSTEMPATH\CodeIgniter.php(500): CodeIgniter\CodeIgniter->createController()
 3 SYSTEMPATH\CodeIgniter.php(355): CodeIgniter\CodeIgniter->handleRequest(null, Object(Config\Cache), false)
 4 SYSTEMPATH\Boot.php(312): CodeIgniter\CodeIgniter->run()
 5 SYSTEMPATH\Boot.php(67): CodeIgniter\Boot::runCodeIgniter(Object(CodeIgniter\CodeIgniter))
 6 FCPATH\index.php(56): CodeIgniter\Boot::bootWeb(Object(Config\Paths))
 7 SYSTEMPATH\Commands\Server\rewrite.php(49): require_once('C:\\APK\\xampp-8.2\\htdocs\\SafeToTrip\\public\\index.php')
WARNING - 2024-06-12 07:15:24 --> [DEPRECATED] Creation of dynamic property App\Controllers\Home::$wisata is deprecated in APPPATH\Controllers\Home.php on line 14.
 1 SYSTEMPATH\CodeIgniter.php(903): App\Controllers\Home->__construct()
 2 SYSTEMPATH\CodeIgniter.php(500): CodeIgniter\CodeIgniter->createController()
 3 SYSTEMPATH\CodeIgniter.php(355): CodeIgniter\CodeIgniter->handleRequest(null, Object(Config\Cache), false)
 4 SYSTEMPATH\Boot.php(312): CodeIgniter\CodeIgniter->run()
 5 SYSTEMPATH\Boot.php(67): CodeIgniter\Boot::runCodeIgniter(Object(CodeIgniter\CodeIgniter))
 6 FCPATH\index.php(56): CodeIgniter\Boot::bootWeb(Object(Config\Paths))
 7 SYSTEMPATH\Commands\Server\rewrite.php(49): require_once('C:\\APK\\xampp-8.2\\htdocs\\SafeToTrip\\public\\index.php')
WARNING - 2024-06-12 07:15:24 --> [DEPRECATED] Creation of dynamic property App\Controllers\Home::$fasilitas is deprecated in APPPATH\Controllers\Home.php on line 15.
 1 SYSTEMPATH\CodeIgniter.php(903): App\Controllers\Home->__construct()
 2 SYSTEMPATH\CodeIgniter.php(500): CodeIgniter\CodeIgniter->createController()
 3 SYSTEMPATH\CodeIgniter.php(355): CodeIgniter\CodeIgniter->handleRequest(null, Object(Config\Cache), false)
 4 SYSTEMPATH\Boot.php(312): CodeIgniter\CodeIgniter->run()
 5 SYSTEMPATH\Boot.php(67): CodeIgniter\Boot::runCodeIgniter(Object(CodeIgniter\CodeIgniter))
 6 FCPATH\index.php(56): CodeIgniter\Boot::bootWeb(Object(Config\Paths))
 7 SYSTEMPATH\Commands\Server\rewrite.php(49): require_once('C:\\APK\\xampp-8.2\\htdocs\\SafeToTrip\\public\\index.php')
WARNING - 2024-06-12 07:15:24 --> [DEPRECATED] Creation of dynamic property App\Controllers\Home::$harga is deprecated in APPPATH\Controllers\Home.php on line 16.
 1 SYSTEMPATH\CodeIgniter.php(903): App\Controllers\Home->__construct()
 2 SYSTEMPATH\CodeIgniter.php(500): CodeIgniter\CodeIgniter->createController()
 3 SYSTEMPATH\CodeIgniter.php(355): CodeIgniter\CodeIgniter->handleRequest(null, Object(Config\Cache), false)
 4 SYSTEMPATH\Boot.php(312): CodeIgniter\CodeIgniter->run()
 5 SYSTEMPATH\Boot.php(67): CodeIgniter\Boot::runCodeIgniter(Object(CodeIgniter\CodeIgniter))
 6 FCPATH\index.php(56): CodeIgniter\Boot::bootWeb(Object(Config\Paths))
 7 SYSTEMPATH\Commands\Server\rewrite.php(49): require_once('C:\\APK\\xampp-8.2\\htdocs\\SafeToTrip\\public\\index.php')
INFO - 2024-06-12 07:17:23 --> Session: Class initialized using 'CodeIgniter\Session\Handlers\FileHandler' driver.
WARNING - 2024-06-12 07:17:23 --> [DEPRECATED] Creation of dynamic property App\Controllers\Home::$session is deprecated in APPPATH\Controllers\Home.php on line 13.
 1 SYSTEMPATH\CodeIgniter.php(903): App\Controllers\Home->__construct()
 2 SYSTEMPATH\CodeIgniter.php(500): CodeIgniter\CodeIgniter->createController()
 3 SYSTEMPATH\CodeIgniter.php(355): CodeIgniter\CodeIgniter->handleRequest(null, Object(Config\Cache), false)
 4 SYSTEMPATH\Boot.php(312): CodeIgniter\CodeIgniter->run()
 5 SYSTEMPATH\Boot.php(67): CodeIgniter\Boot::runCodeIgniter(Object(CodeIgniter\CodeIgniter))
 6 FCPATH\index.php(56): CodeIgniter\Boot::bootWeb(Object(Config\Paths))
 7 SYSTEMPATH\Commands\Server\rewrite.php(49): require_once('C:\\APK\\xampp-8.2\\htdocs\\SafeToTrip\\public\\index.php')
WARNING - 2024-06-12 07:17:23 --> [DEPRECATED] Creation of dynamic property App\Controllers\Home::$wisata is deprecated in APPPATH\Controllers\Home.php on line 14.
 1 SYSTEMPATH\CodeIgniter.php(903): App\Controllers\Home->__construct()
 2 SYSTEMPATH\CodeIgniter.php(500): CodeIgniter\CodeIgniter->createController()
 3 SYSTEMPATH\CodeIgniter.php(355): CodeIgniter\CodeIgniter->handleRequest(null, Object(Config\Cache), false)
 4 SYSTEMPATH\Boot.php(312): CodeIgniter\CodeIgniter->run()
 5 SYSTEMPATH\Boot.php(67): CodeIgniter\Boot::runCodeIgniter(Object(CodeIgniter\CodeIgniter))
 6 FCPATH\index.php(56): CodeIgniter\Boot::bootWeb(Object(Config\Paths))
 7 SYSTEMPATH\Commands\Server\rewrite.php(49): require_once('C:\\APK\\xampp-8.2\\htdocs\\SafeToTrip\\public\\index.php')
WARNING - 2024-06-12 07:17:23 --> [DEPRECATED] Creation of dynamic property App\Controllers\Home::$fasilitas is deprecated in APPPATH\Controllers\Home.php on line 15.
 1 SYSTEMPATH\CodeIgniter.php(903): App\Controllers\Home->__construct()
 2 SYSTEMPATH\CodeIgniter.php(500): CodeIgniter\CodeIgniter->createController()
 3 SYSTEMPATH\CodeIgniter.php(355): CodeIgniter\CodeIgniter->handleRequest(null, Object(Config\Cache), false)
 4 SYSTEMPATH\Boot.php(312): CodeIgniter\CodeIgniter->run()
 5 SYSTEMPATH\Boot.php(67): CodeIgniter\Boot::runCodeIgniter(Object(CodeIgniter\CodeIgniter))
 6 FCPATH\index.php(56): CodeIgniter\Boot::bootWeb(Object(Config\Paths))
 7 SYSTEMPATH\Commands\Server\rewrite.php(49): require_once('C:\\APK\\xampp-8.2\\htdocs\\SafeToTrip\\public\\index.php')
WARNING - 2024-06-12 07:17:23 --> [DEPRECATED] Creation of dynamic property App\Controllers\Home::$harga is deprecated in APPPATH\Controllers\Home.php on line 16.
 1 SYSTEMPATH\CodeIgniter.php(903): App\Controllers\Home->__construct()
 2 SYSTEMPATH\CodeIgniter.php(500): CodeIgniter\CodeIgniter->createController()
 3 SYSTEMPATH\CodeIgniter.php(355): CodeIgniter\CodeIgniter->handleRequest(null, Object(Config\Cache), false)
 4 SYSTEMPATH\Boot.php(312): CodeIgniter\CodeIgniter->run()
 5 SYSTEMPATH\Boot.php(67): CodeIgniter\Boot::runCodeIgniter(Object(CodeIgniter\CodeIgniter))
 6 FCPATH\index.php(56): CodeIgniter\Boot::bootWeb(Object(Config\Paths))
 7 SYSTEMPATH\Commands\Server\rewrite.php(49): require_once('C:\\APK\\xampp-8.2\\htdocs\\SafeToTrip\\public\\index.php')
INFO - 2024-06-12 07:18:35 --> Session: Class initialized using 'CodeIgniter\Session\Handlers\FileHandler' driver.
WARNING - 2024-06-12 07:18:35 --> [DEPRECATED] Creation of dynamic property App\Controllers\Home::$session is deprecated in APPPATH\Controllers\Home.php on line 13.
 1 SYSTEMPATH\CodeIgniter.php(903): App\Controllers\Home->__construct()
 2 SYSTEMPATH\CodeIgniter.php(500): CodeIgniter\CodeIgniter->createController()
 3 SYSTEMPATH\CodeIgniter.php(355): CodeIgniter\CodeIgniter->handleRequest(null, Object(Config\Cache), false)
 4 SYSTEMPATH\Boot.php(312): CodeIgniter\CodeIgniter->run()
 5 SYSTEMPATH\Boot.php(67): CodeIgniter\Boot::runCodeIgniter(Object(CodeIgniter\CodeIgniter))
 6 FCPATH\index.php(56): CodeIgniter\Boot::bootWeb(Object(Config\Paths))
 7 SYSTEMPATH\Commands\Server\rewrite.php(49): require_once('C:\\APK\\xampp-8.2\\htdocs\\SafeToTrip\\public\\index.php')
WARNING - 2024-06-12 07:18:35 --> [DEPRECATED] Creation of dynamic property App\Controllers\Home::$wisata is deprecated in APPPATH\Controllers\Home.php on line 14.
 1 SYSTEMPATH\CodeIgniter.php(903): App\Controllers\Home->__construct()
 2 SYSTEMPATH\CodeIgniter.php(500): CodeIgniter\CodeIgniter->createController()
 3 SYSTEMPATH\CodeIgniter.php(355): CodeIgniter\CodeIgniter->handleRequest(null, Object(Config\Cache), false)
 4 SYSTEMPATH\Boot.php(312): CodeIgniter\CodeIgniter->run()
 5 SYSTEMPATH\Boot.php(67): CodeIgniter\Boot::runCodeIgniter(Object(CodeIgniter\CodeIgniter))
 6 FCPATH\index.php(56): CodeIgniter\Boot::bootWeb(Object(Config\Paths))
 7 SYSTEMPATH\Commands\Server\rewrite.php(49): require_once('C:\\APK\\xampp-8.2\\htdocs\\SafeToTrip\\public\\index.php')
WARNING - 2024-06-12 07:18:35 --> [DEPRECATED] Creation of dynamic property App\Controllers\Home::$fasilitas is deprecated in APPPATH\Controllers\Home.php on line 15.
 1 SYSTEMPATH\CodeIgniter.php(903): App\Controllers\Home->__construct()
 2 SYSTEMPATH\CodeIgniter.php(500): CodeIgniter\CodeIgniter->createController()
 3 SYSTEMPATH\CodeIgniter.php(355): CodeIgniter\CodeIgniter->handleRequest(null, Object(Config\Cache), false)
 4 SYSTEMPATH\Boot.php(312): CodeIgniter\CodeIgniter->run()
 5 SYSTEMPATH\Boot.php(67): CodeIgniter\Boot::runCodeIgniter(Object(CodeIgniter\CodeIgniter))
 6 FCPATH\index.php(56): CodeIgniter\Boot::bootWeb(Object(Config\Paths))
 7 SYSTEMPATH\Commands\Server\rewrite.php(49): require_once('C:\\APK\\xampp-8.2\\htdocs\\SafeToTrip\\public\\index.php')
WARNING - 2024-06-12 07:18:35 --> [DEPRECATED] Creation of dynamic property App\Controllers\Home::$harga is deprecated in APPPATH\Controllers\Home.php on line 16.
 1 SYSTEMPATH\CodeIgniter.php(903): App\Controllers\Home->__construct()
 2 SYSTEMPATH\CodeIgniter.php(500): CodeIgniter\CodeIgniter->createController()
 3 SYSTEMPATH\CodeIgniter.php(355): CodeIgniter\CodeIgniter->handleRequest(null, Object(Config\Cache), false)
 4 SYSTEMPATH\Boot.php(312): CodeIgniter\CodeIgniter->run()
 5 SYSTEMPATH\Boot.php(67): CodeIgniter\Boot::runCodeIgniter(Object(CodeIgniter\CodeIgniter))
 6 FCPATH\index.php(56): CodeIgniter\Boot::bootWeb(Object(Config\Paths))
 7 SYSTEMPATH\Commands\Server\rewrite.php(49): require_once('C:\\APK\\xampp-8.2\\htdocs\\SafeToTrip\\public\\index.php')
INFO - 2024-06-12 07:19:28 --> Session: Class initialized using 'CodeIgniter\Session\Handlers\FileHandler' driver.
WARNING - 2024-06-12 07:19:28 --> [DEPRECATED] Creation of dynamic property App\Controllers\Home::$session is deprecated in APPPATH\Controllers\Home.php on line 13.
 1 SYSTEMPATH\CodeIgniter.php(903): App\Controllers\Home->__construct()
 2 SYSTEMPATH\CodeIgniter.php(500): CodeIgniter\CodeIgniter->createController()
 3 SYSTEMPATH\CodeIgniter.php(355): CodeIgniter\CodeIgniter->handleRequest(null, Object(Config\Cache), false)
 4 SYSTEMPATH\Boot.php(312): CodeIgniter\CodeIgniter->run()
 5 SYSTEMPATH\Boot.php(67): CodeIgniter\Boot::runCodeIgniter(Object(CodeIgniter\CodeIgniter))
 6 FCPATH\index.php(56): CodeIgniter\Boot::bootWeb(Object(Config\Paths))
 7 SYSTEMPATH\Commands\Server\rewrite.php(49): require_once('C:\\APK\\xampp-8.2\\htdocs\\SafeToTrip\\public\\index.php')
WARNING - 2024-06-12 07:19:28 --> [DEPRECATED] Creation of dynamic property App\Controllers\Home::$wisata is deprecated in APPPATH\Controllers\Home.php on line 14.
 1 SYSTEMPATH\CodeIgniter.php(903): App\Controllers\Home->__construct()
 2 SYSTEMPATH\CodeIgniter.php(500): CodeIgniter\CodeIgniter->createController()
 3 SYSTEMPATH\CodeIgniter.php(355): CodeIgniter\CodeIgniter->handleRequest(null, Object(Config\Cache), false)
 4 SYSTEMPATH\Boot.php(312): CodeIgniter\CodeIgniter->run()
 5 SYSTEMPATH\Boot.php(67): CodeIgniter\Boot::runCodeIgniter(Object(CodeIgniter\CodeIgniter))
 6 FCPATH\index.php(56): CodeIgniter\Boot::bootWeb(Object(Config\Paths))
 7 SYSTEMPATH\Commands\Server\rewrite.php(49): require_once('C:\\APK\\xampp-8.2\\htdocs\\SafeToTrip\\public\\index.php')
WARNING - 2024-06-12 07:19:28 --> [DEPRECATED] Creation of dynamic property App\Controllers\Home::$fasilitas is deprecated in APPPATH\Controllers\Home.php on line 15.
 1 SYSTEMPATH\CodeIgniter.php(903): App\Controllers\Home->__construct()
 2 SYSTEMPATH\CodeIgniter.php(500): CodeIgniter\CodeIgniter->createController()
 3 SYSTEMPATH\CodeIgniter.php(355): CodeIgniter\CodeIgniter->handleRequest(null, Object(Config\Cache), false)
 4 SYSTEMPATH\Boot.php(312): CodeIgniter\CodeIgniter->run()
 5 SYSTEMPATH\Boot.php(67): CodeIgniter\Boot::runCodeIgniter(Object(CodeIgniter\CodeIgniter))
 6 FCPATH\index.php(56): CodeIgniter\Boot::bootWeb(Object(Config\Paths))
 7 SYSTEMPATH\Commands\Server\rewrite.php(49): require_once('C:\\APK\\xampp-8.2\\htdocs\\SafeToTrip\\public\\index.php')
WARNING - 2024-06-12 07:19:28 --> [DEPRECATED] Creation of dynamic property App\Controllers\Home::$harga is deprecated in APPPATH\Controllers\Home.php on line 16.
 1 SYSTEMPATH\CodeIgniter.php(903): App\Controllers\Home->__construct()
 2 SYSTEMPATH\CodeIgniter.php(500): CodeIgniter\CodeIgniter->createController()
 3 SYSTEMPATH\CodeIgniter.php(355): CodeIgniter\CodeIgniter->handleRequest(null, Object(Config\Cache), false)
 4 SYSTEMPATH\Boot.php(312): CodeIgniter\CodeIgniter->run()
 5 SYSTEMPATH\Boot.php(67): CodeIgniter\Boot::runCodeIgniter(Object(CodeIgniter\CodeIgniter))
 6 FCPATH\index.php(56): CodeIgniter\Boot::bootWeb(Object(Config\Paths))
 7 SYSTEMPATH\Commands\Server\rewrite.php(49): require_once('C:\\APK\\xampp-8.2\\htdocs\\SafeToTrip\\public\\index.php')
INFO - 2024-06-12 07:19:46 --> Session: Class initialized using 'CodeIgniter\Session\Handlers\FileHandler' driver.
WARNING - 2024-06-12 07:19:46 --> [DEPRECATED] Creation of dynamic property App\Controllers\Home::$session is deprecated in APPPATH\Controllers\Home.php on line 13.
 1 SYSTEMPATH\CodeIgniter.php(903): App\Controllers\Home->__construct()
 2 SYSTEMPATH\CodeIgniter.php(500): CodeIgniter\CodeIgniter->createController()
 3 SYSTEMPATH\CodeIgniter.php(355): CodeIgniter\CodeIgniter->handleRequest(null, Object(Config\Cache), false)
 4 SYSTEMPATH\Boot.php(312): CodeIgniter\CodeIgniter->run()
 5 SYSTEMPATH\Boot.php(67): CodeIgniter\Boot::runCodeIgniter(Object(CodeIgniter\CodeIgniter))
 6 FCPATH\index.php(56): CodeIgniter\Boot::bootWeb(Object(Config\Paths))
 7 SYSTEMPATH\Commands\Server\rewrite.php(49): require_once('C:\\APK\\xampp-8.2\\htdocs\\SafeToTrip\\public\\index.php')
WARNING - 2024-06-12 07:19:46 --> [DEPRECATED] Creation of dynamic property App\Controllers\Home::$wisata is deprecated in APPPATH\Controllers\Home.php on line 14.
 1 SYSTEMPATH\CodeIgniter.php(903): App\Controllers\Home->__construct()
 2 SYSTEMPATH\CodeIgniter.php(500): CodeIgniter\CodeIgniter->createController()
 3 SYSTEMPATH\CodeIgniter.php(355): CodeIgniter\CodeIgniter->handleRequest(null, Object(Config\Cache), false)
 4 SYSTEMPATH\Boot.php(312): CodeIgniter\CodeIgniter->run()
 5 SYSTEMPATH\Boot.php(67): CodeIgniter\Boot::runCodeIgniter(Object(CodeIgniter\CodeIgniter))
 6 FCPATH\index.php(56): CodeIgniter\Boot::bootWeb(Object(Config\Paths))
 7 SYSTEMPATH\Commands\Server\rewrite.php(49): require_once('C:\\APK\\xampp-8.2\\htdocs\\SafeToTrip\\public\\index.php')
WARNING - 2024-06-12 07:19:46 --> [DEPRECATED] Creation of dynamic property App\Controllers\Home::$fasilitas is deprecated in APPPATH\Controllers\Home.php on line 15.
 1 SYSTEMPATH\CodeIgniter.php(903): App\Controllers\Home->__construct()
 2 SYSTEMPATH\CodeIgniter.php(500): CodeIgniter\CodeIgniter->createController()
 3 SYSTEMPATH\CodeIgniter.php(355): CodeIgniter\CodeIgniter->handleRequest(null, Object(Config\Cache), false)
 4 SYSTEMPATH\Boot.php(312): CodeIgniter\CodeIgniter->run()
 5 SYSTEMPATH\Boot.php(67): CodeIgniter\Boot::runCodeIgniter(Object(CodeIgniter\CodeIgniter))
 6 FCPATH\index.php(56): CodeIgniter\Boot::bootWeb(Object(Config\Paths))
 7 SYSTEMPATH\Commands\Server\rewrite.php(49): require_once('C:\\APK\\xampp-8.2\\htdocs\\SafeToTrip\\public\\index.php')
WARNING - 2024-06-12 07:19:46 --> [DEPRECATED] Creation of dynamic property App\Controllers\Home::$harga is deprecated in APPPATH\Controllers\Home.php on line 16.
 1 SYSTEMPATH\CodeIgniter.php(903): App\Controllers\Home->__construct()
 2 SYSTEMPATH\CodeIgniter.php(500): CodeIgniter\CodeIgniter->createController()
 3 SYSTEMPATH\CodeIgniter.php(355): CodeIgniter\CodeIgniter->handleRequest(null, Object(Config\Cache), false)
 4 SYSTEMPATH\Boot.php(312): CodeIgniter\CodeIgniter->run()
 5 SYSTEMPATH\Boot.php(67): CodeIgniter\Boot::runCodeIgniter(Object(CodeIgniter\CodeIgniter))
 6 FCPATH\index.php(56): CodeIgniter\Boot::bootWeb(Object(Config\Paths))
 7 SYSTEMPATH\Commands\Server\rewrite.php(49): require_once('C:\\APK\\xampp-8.2\\htdocs\\SafeToTrip\\public\\index.php')
INFO - 2024-06-12 07:21:57 --> Session: Class initialized using 'CodeIgniter\Session\Handlers\FileHandler' driver.
WARNING - 2024-06-12 07:21:57 --> [DEPRECATED] Creation of dynamic property App\Controllers\Home::$session is deprecated in APPPATH\Controllers\Home.php on line 13.
 1 SYSTEMPATH\CodeIgniter.php(903): App\Controllers\Home->__construct()
 2 SYSTEMPATH\CodeIgniter.php(500): CodeIgniter\CodeIgniter->createController()
 3 SYSTEMPATH\CodeIgniter.php(355): CodeIgniter\CodeIgniter->handleRequest(null, Object(Config\Cache), false)
 4 SYSTEMPATH\Boot.php(312): CodeIgniter\CodeIgniter->run()
 5 SYSTEMPATH\Boot.php(67): CodeIgniter\Boot::runCodeIgniter(Object(CodeIgniter\CodeIgniter))
 6 FCPATH\index.php(56): CodeIgniter\Boot::bootWeb(Object(Config\Paths))
 7 SYSTEMPATH\Commands\Server\rewrite.php(49): require_once('C:\\APK\\xampp-8.2\\htdocs\\SafeToTrip\\public\\index.php')
WARNING - 2024-06-12 07:21:57 --> [DEPRECATED] Creation of dynamic property App\Controllers\Home::$wisata is deprecated in APPPATH\Controllers\Home.php on line 14.
 1 SYSTEMPATH\CodeIgniter.php(903): App\Controllers\Home->__construct()
 2 SYSTEMPATH\CodeIgniter.php(500): CodeIgniter\CodeIgniter->createController()
 3 SYSTEMPATH\CodeIgniter.php(355): CodeIgniter\CodeIgniter->handleRequest(null, Object(Config\Cache), false)
 4 SYSTEMPATH\Boot.php(312): CodeIgniter\CodeIgniter->run()
 5 SYSTEMPATH\Boot.php(67): CodeIgniter\Boot::runCodeIgniter(Object(CodeIgniter\CodeIgniter))
 6 FCPATH\index.php(56): CodeIgniter\Boot::bootWeb(Object(Config\Paths))
 7 SYSTEMPATH\Commands\Server\rewrite.php(49): require_once('C:\\APK\\xampp-8.2\\htdocs\\SafeToTrip\\public\\index.php')
WARNING - 2024-06-12 07:21:57 --> [DEPRECATED] Creation of dynamic property App\Controllers\Home::$fasilitas is deprecated in APPPATH\Controllers\Home.php on line 15.
 1 SYSTEMPATH\CodeIgniter.php(903): App\Controllers\Home->__construct()
 2 SYSTEMPATH\CodeIgniter.php(500): CodeIgniter\CodeIgniter->createController()
 3 SYSTEMPATH\CodeIgniter.php(355): CodeIgniter\CodeIgniter->handleRequest(null, Object(Config\Cache), false)
 4 SYSTEMPATH\Boot.php(312): CodeIgniter\CodeIgniter->run()
 5 SYSTEMPATH\Boot.php(67): CodeIgniter\Boot::runCodeIgniter(Object(CodeIgniter\CodeIgniter))
 6 FCPATH\index.php(56): CodeIgniter\Boot::bootWeb(Object(Config\Paths))
 7 SYSTEMPATH\Commands\Server\rewrite.php(49): require_once('C:\\APK\\xampp-8.2\\htdocs\\SafeToTrip\\public\\index.php')
WARNING - 2024-06-12 07:21:57 --> [DEPRECATED] Creation of dynamic property App\Controllers\Home::$harga is deprecated in APPPATH\Controllers\Home.php on line 16.
 1 SYSTEMPATH\CodeIgniter.php(903): App\Controllers\Home->__construct()
 2 SYSTEMPATH\CodeIgniter.php(500): CodeIgniter\CodeIgniter->createController()
 3 SYSTEMPATH\CodeIgniter.php(355): CodeIgniter\CodeIgniter->handleRequest(null, Object(Config\Cache), false)
 4 SYSTEMPATH\Boot.php(312): CodeIgniter\CodeIgniter->run()
 5 SYSTEMPATH\Boot.php(67): CodeIgniter\Boot::runCodeIgniter(Object(CodeIgniter\CodeIgniter))
 6 FCPATH\index.php(56): CodeIgniter\Boot::bootWeb(Object(Config\Paths))
 7 SYSTEMPATH\Commands\Server\rewrite.php(49): require_once('C:\\APK\\xampp-8.2\\htdocs\\SafeToTrip\\public\\index.php')
INFO - 2024-06-12 07:22:25 --> Session: Class initialized using 'CodeIgniter\Session\Handlers\FileHandler' driver.
WARNING - 2024-06-12 07:22:25 --> [DEPRECATED] Creation of dynamic property App\Controllers\Home::$session is deprecated in APPPATH\Controllers\Home.php on line 13.
 1 SYSTEMPATH\CodeIgniter.php(903): App\Controllers\Home->__construct()
 2 SYSTEMPATH\CodeIgniter.php(500): CodeIgniter\CodeIgniter->createController()
 3 SYSTEMPATH\CodeIgniter.php(355): CodeIgniter\CodeIgniter->handleRequest(null, Object(Config\Cache), false)
 4 SYSTEMPATH\Boot.php(312): CodeIgniter\CodeIgniter->run()
 5 SYSTEMPATH\Boot.php(67): CodeIgniter\Boot::runCodeIgniter(Object(CodeIgniter\CodeIgniter))
 6 FCPATH\index.php(56): CodeIgniter\Boot::bootWeb(Object(Config\Paths))
 7 SYSTEMPATH\Commands\Server\rewrite.php(49): require_once('C:\\APK\\xampp-8.2\\htdocs\\SafeToTrip\\public\\index.php')
WARNING - 2024-06-12 07:22:25 --> [DEPRECATED] Creation of dynamic property App\Controllers\Home::$wisata is deprecated in APPPATH\Controllers\Home.php on line 14.
 1 SYSTEMPATH\CodeIgniter.php(903): App\Controllers\Home->__construct()
 2 SYSTEMPATH\CodeIgniter.php(500): CodeIgniter\CodeIgniter->createController()
 3 SYSTEMPATH\CodeIgniter.php(355): CodeIgniter\CodeIgniter->handleRequest(null, Object(Config\Cache), false)
 4 SYSTEMPATH\Boot.php(312): CodeIgniter\CodeIgniter->run()
 5 SYSTEMPATH\Boot.php(67): CodeIgniter\Boot::runCodeIgniter(Object(CodeIgniter\CodeIgniter))
 6 FCPATH\index.php(56): CodeIgniter\Boot::bootWeb(Object(Config\Paths))
 7 SYSTEMPATH\Commands\Server\rewrite.php(49): require_once('C:\\APK\\xampp-8.2\\htdocs\\SafeToTrip\\public\\index.php')
WARNING - 2024-06-12 07:22:25 --> [DEPRECATED] Creation of dynamic property App\Controllers\Home::$fasilitas is deprecated in APPPATH\Controllers\Home.php on line 15.
 1 SYSTEMPATH\CodeIgniter.php(903): App\Controllers\Home->__construct()
 2 SYSTEMPATH\CodeIgniter.php(500): CodeIgniter\CodeIgniter->createController()
 3 SYSTEMPATH\CodeIgniter.php(355): CodeIgniter\CodeIgniter->handleRequest(null, Object(Config\Cache), false)
 4 SYSTEMPATH\Boot.php(312): CodeIgniter\CodeIgniter->run()
 5 SYSTEMPATH\Boot.php(67): CodeIgniter\Boot::runCodeIgniter(Object(CodeIgniter\CodeIgniter))
 6 FCPATH\index.php(56): CodeIgniter\Boot::bootWeb(Object(Config\Paths))
 7 SYSTEMPATH\Commands\Server\rewrite.php(49): require_once('C:\\APK\\xampp-8.2\\htdocs\\SafeToTrip\\public\\index.php')
WARNING - 2024-06-12 07:22:25 --> [DEPRECATED] Creation of dynamic property App\Controllers\Home::$harga is deprecated in APPPATH\Controllers\Home.php on line 16.
 1 SYSTEMPATH\CodeIgniter.php(903): App\Controllers\Home->__construct()
 2 SYSTEMPATH\CodeIgniter.php(500): CodeIgniter\CodeIgniter->createController()
 3 SYSTEMPATH\CodeIgniter.php(355): CodeIgniter\CodeIgniter->handleRequest(null, Object(Config\Cache), false)
 4 SYSTEMPATH\Boot.php(312): CodeIgniter\CodeIgniter->run()
 5 SYSTEMPATH\Boot.php(67): CodeIgniter\Boot::runCodeIgniter(Object(CodeIgniter\CodeIgniter))
 6 FCPATH\index.php(56): CodeIgniter\Boot::bootWeb(Object(Config\Paths))
 7 SYSTEMPATH\Commands\Server\rewrite.php(49): require_once('C:\\APK\\xampp-8.2\\htdocs\\SafeToTrip\\public\\index.php')
INFO - 2024-06-12 07:25:49 --> Session: Class initialized using 'CodeIgniter\Session\Handlers\FileHandler' driver.
WARNING - 2024-06-12 07:25:49 --> [DEPRECATED] Creation of dynamic property App\Controllers\Home::$session is deprecated in APPPATH\Controllers\Home.php on line 13.
 1 SYSTEMPATH\CodeIgniter.php(903): App\Controllers\Home->__construct()
 2 SYSTEMPATH\CodeIgniter.php(500): CodeIgniter\CodeIgniter->createController()
 3 SYSTEMPATH\CodeIgniter.php(355): CodeIgniter\CodeIgniter->handleRequest(null, Object(Config\Cache), false)
 4 SYSTEMPATH\Boot.php(312): CodeIgniter\CodeIgniter->run()
 5 SYSTEMPATH\Boot.php(67): CodeIgniter\Boot::runCodeIgniter(Object(CodeIgniter\CodeIgniter))
 6 FCPATH\index.php(56): CodeIgniter\Boot::bootWeb(Object(Config\Paths))
 7 SYSTEMPATH\Commands\Server\rewrite.php(49): require_once('C:\\APK\\xampp-8.2\\htdocs\\SafeToTrip\\public\\index.php')
WARNING - 2024-06-12 07:25:49 --> [DEPRECATED] Creation of dynamic property App\Controllers\Home::$wisata is deprecated in APPPATH\Controllers\Home.php on line 14.
 1 SYSTEMPATH\CodeIgniter.php(903): App\Controllers\Home->__construct()
 2 SYSTEMPATH\CodeIgniter.php(500): CodeIgniter\CodeIgniter->createController()
 3 SYSTEMPATH\CodeIgniter.php(355): CodeIgniter\CodeIgniter->handleRequest(null, Object(Config\Cache), false)
 4 SYSTEMPATH\Boot.php(312): CodeIgniter\CodeIgniter->run()
 5 SYSTEMPATH\Boot.php(67): CodeIgniter\Boot::runCodeIgniter(Object(CodeIgniter\CodeIgniter))
 6 FCPATH\index.php(56): CodeIgniter\Boot::bootWeb(Object(Config\Paths))
 7 SYSTEMPATH\Commands\Server\rewrite.php(49): require_once('C:\\APK\\xampp-8.2\\htdocs\\SafeToTrip\\public\\index.php')
WARNING - 2024-06-12 07:25:49 --> [DEPRECATED] Creation of dynamic property App\Controllers\Home::$fasilitas is deprecated in APPPATH\Controllers\Home.php on line 15.
 1 SYSTEMPATH\CodeIgniter.php(903): App\Controllers\Home->__construct()
 2 SYSTEMPATH\CodeIgniter.php(500): CodeIgniter\CodeIgniter->createController()
 3 SYSTEMPATH\CodeIgniter.php(355): CodeIgniter\CodeIgniter->handleRequest(null, Object(Config\Cache), false)
 4 SYSTEMPATH\Boot.php(312): CodeIgniter\CodeIgniter->run()
 5 SYSTEMPATH\Boot.php(67): CodeIgniter\Boot::runCodeIgniter(Object(CodeIgniter\CodeIgniter))
 6 FCPATH\index.php(56): CodeIgniter\Boot::bootWeb(Object(Config\Paths))
 7 SYSTEMPATH\Commands\Server\rewrite.php(49): require_once('C:\\APK\\xampp-8.2\\htdocs\\SafeToTrip\\public\\index.php')
WARNING - 2024-06-12 07:25:49 --> [DEPRECATED] Creation of dynamic property App\Controllers\Home::$harga is deprecated in APPPATH\Controllers\Home.php on line 16.
 1 SYSTEMPATH\CodeIgniter.php(903): App\Controllers\Home->__construct()
 2 SYSTEMPATH\CodeIgniter.php(500): CodeIgniter\CodeIgniter->createController()
 3 SYSTEMPATH\CodeIgniter.php(355): CodeIgniter\CodeIgniter->handleRequest(null, Object(Config\Cache), false)
 4 SYSTEMPATH\Boot.php(312): CodeIgniter\CodeIgniter->run()
 5 SYSTEMPATH\Boot.php(67): CodeIgniter\Boot::runCodeIgniter(Object(CodeIgniter\CodeIgniter))
 6 FCPATH\index.php(56): CodeIgniter\Boot::bootWeb(Object(Config\Paths))
 7 SYSTEMPATH\Commands\Server\rewrite.php(49): require_once('C:\\APK\\xampp-8.2\\htdocs\\SafeToTrip\\public\\index.php')
INFO - 2024-06-12 07:27:45 --> Session: Class initialized using 'CodeIgniter\Session\Handlers\FileHandler' driver.
WARNING - 2024-06-12 07:27:45 --> [DEPRECATED] Creation of dynamic property App\Controllers\Home::$session is deprecated in APPPATH\Controllers\Home.php on line 13.
 1 SYSTEMPATH\CodeIgniter.php(903): App\Controllers\Home->__construct()
 2 SYSTEMPATH\CodeIgniter.php(500): CodeIgniter\CodeIgniter->createController()
 3 SYSTEMPATH\CodeIgniter.php(355): CodeIgniter\CodeIgniter->handleRequest(null, Object(Config\Cache), false)
 4 SYSTEMPATH\Boot.php(312): CodeIgniter\CodeIgniter->run()
 5 SYSTEMPATH\Boot.php(67): CodeIgniter\Boot::runCodeIgniter(Object(CodeIgniter\CodeIgniter))
 6 FCPATH\index.php(56): CodeIgniter\Boot::bootWeb(Object(Config\Paths))
 7 SYSTEMPATH\Commands\Server\rewrite.php(49): require_once('C:\\APK\\xampp-8.2\\htdocs\\SafeToTrip\\public\\index.php')
WARNING - 2024-06-12 07:27:45 --> [DEPRECATED] Creation of dynamic property App\Controllers\Home::$wisata is deprecated in APPPATH\Controllers\Home.php on line 14.
 1 SYSTEMPATH\CodeIgniter.php(903): App\Controllers\Home->__construct()
 2 SYSTEMPATH\CodeIgniter.php(500): CodeIgniter\CodeIgniter->createController()
 3 SYSTEMPATH\CodeIgniter.php(355): CodeIgniter\CodeIgniter->handleRequest(null, Object(Config\Cache), false)
 4 SYSTEMPATH\Boot.php(312): CodeIgniter\CodeIgniter->run()
 5 SYSTEMPATH\Boot.php(67): CodeIgniter\Boot::runCodeIgniter(Object(CodeIgniter\CodeIgniter))
 6 FCPATH\index.php(56): CodeIgniter\Boot::bootWeb(Object(Config\Paths))
 7 SYSTEMPATH\Commands\Server\rewrite.php(49): require_once('C:\\APK\\xampp-8.2\\htdocs\\SafeToTrip\\public\\index.php')
WARNING - 2024-06-12 07:27:45 --> [DEPRECATED] Creation of dynamic property App\Controllers\Home::$fasilitas is deprecated in APPPATH\Controllers\Home.php on line 15.
 1 SYSTEMPATH\CodeIgniter.php(903): App\Controllers\Home->__construct()
 2 SYSTEMPATH\CodeIgniter.php(500): CodeIgniter\CodeIgniter->createController()
 3 SYSTEMPATH\CodeIgniter.php(355): CodeIgniter\CodeIgniter->handleRequest(null, Object(Config\Cache), false)
 4 SYSTEMPATH\Boot.php(312): CodeIgniter\CodeIgniter->run()
 5 SYSTEMPATH\Boot.php(67): CodeIgniter\Boot::runCodeIgniter(Object(CodeIgniter\CodeIgniter))
 6 FCPATH\index.php(56): CodeIgniter\Boot::bootWeb(Object(Config\Paths))
 7 SYSTEMPATH\Commands\Server\rewrite.php(49): require_once('C:\\APK\\xampp-8.2\\htdocs\\SafeToTrip\\public\\index.php')
WARNING - 2024-06-12 07:27:45 --> [DEPRECATED] Creation of dynamic property App\Controllers\Home::$harga is deprecated in APPPATH\Controllers\Home.php on line 16.
 1 SYSTEMPATH\CodeIgniter.php(903): App\Controllers\Home->__construct()
 2 SYSTEMPATH\CodeIgniter.php(500): CodeIgniter\CodeIgniter->createController()
 3 SYSTEMPATH\CodeIgniter.php(355): CodeIgniter\CodeIgniter->handleRequest(null, Object(Config\Cache), false)
 4 SYSTEMPATH\Boot.php(312): CodeIgniter\CodeIgniter->run()
 5 SYSTEMPATH\Boot.php(67): CodeIgniter\Boot::runCodeIgniter(Object(CodeIgniter\CodeIgniter))
 6 FCPATH\index.php(56): CodeIgniter\Boot::bootWeb(Object(Config\Paths))
 7 SYSTEMPATH\Commands\Server\rewrite.php(49): require_once('C:\\APK\\xampp-8.2\\htdocs\\SafeToTrip\\public\\index.php')
INFO - 2024-06-12 07:28:06 --> Session: Class initialized using 'CodeIgniter\Session\Handlers\FileHandler' driver.
WARNING - 2024-06-12 07:28:06 --> [DEPRECATED] Creation of dynamic property App\Controllers\Home::$session is deprecated in APPPATH\Controllers\Home.php on line 13.
 1 SYSTEMPATH\CodeIgniter.php(903): App\Controllers\Home->__construct()
 2 SYSTEMPATH\CodeIgniter.php(500): CodeIgniter\CodeIgniter->createController()
 3 SYSTEMPATH\CodeIgniter.php(355): CodeIgniter\CodeIgniter->handleRequest(null, Object(Config\Cache), false)
 4 SYSTEMPATH\Boot.php(312): CodeIgniter\CodeIgniter->run()
 5 SYSTEMPATH\Boot.php(67): CodeIgniter\Boot::runCodeIgniter(Object(CodeIgniter\CodeIgniter))
 6 FCPATH\index.php(56): CodeIgniter\Boot::bootWeb(Object(Config\Paths))
 7 SYSTEMPATH\Commands\Server\rewrite.php(49): require_once('C:\\APK\\xampp-8.2\\htdocs\\SafeToTrip\\public\\index.php')
WARNING - 2024-06-12 07:28:06 --> [DEPRECATED] Creation of dynamic property App\Controllers\Home::$wisata is deprecated in APPPATH\Controllers\Home.php on line 14.
 1 SYSTEMPATH\CodeIgniter.php(903): App\Controllers\Home->__construct()
 2 SYSTEMPATH\CodeIgniter.php(500): CodeIgniter\CodeIgniter->createController()
 3 SYSTEMPATH\CodeIgniter.php(355): CodeIgniter\CodeIgniter->handleRequest(null, Object(Config\Cache), false)
 4 SYSTEMPATH\Boot.php(312): CodeIgniter\CodeIgniter->run()
 5 SYSTEMPATH\Boot.php(67): CodeIgniter\Boot::runCodeIgniter(Object(CodeIgniter\CodeIgniter))
 6 FCPATH\index.php(56): CodeIgniter\Boot::bootWeb(Object(Config\Paths))
 7 SYSTEMPATH\Commands\Server\rewrite.php(49): require_once('C:\\APK\\xampp-8.2\\htdocs\\SafeToTrip\\public\\index.php')
WARNING - 2024-06-12 07:28:06 --> [DEPRECATED] Creation of dynamic property App\Controllers\Home::$fasilitas is deprecated in APPPATH\Controllers\Home.php on line 15.
 1 SYSTEMPATH\CodeIgniter.php(903): App\Controllers\Home->__construct()
 2 SYSTEMPATH\CodeIgniter.php(500): CodeIgniter\CodeIgniter->createController()
 3 SYSTEMPATH\CodeIgniter.php(355): CodeIgniter\CodeIgniter->handleRequest(null, Object(Config\Cache), false)
 4 SYSTEMPATH\Boot.php(312): CodeIgniter\CodeIgniter->run()
 5 SYSTEMPATH\Boot.php(67): CodeIgniter\Boot::runCodeIgniter(Object(CodeIgniter\CodeIgniter))
 6 FCPATH\index.php(56): CodeIgniter\Boot::bootWeb(Object(Config\Paths))
 7 SYSTEMPATH\Commands\Server\rewrite.php(49): require_once('C:\\APK\\xampp-8.2\\htdocs\\SafeToTrip\\public\\index.php')
WARNING - 2024-06-12 07:28:06 --> [DEPRECATED] Creation of dynamic property App\Controllers\Home::$harga is deprecated in APPPATH\Controllers\Home.php on line 16.
 1 SYSTEMPATH\CodeIgniter.php(903): App\Controllers\Home->__construct()
 2 SYSTEMPATH\CodeIgniter.php(500): CodeIgniter\CodeIgniter->createController()
 3 SYSTEMPATH\CodeIgniter.php(355): CodeIgniter\CodeIgniter->handleRequest(null, Object(Config\Cache), false)
 4 SYSTEMPATH\Boot.php(312): CodeIgniter\CodeIgniter->run()
 5 SYSTEMPATH\Boot.php(67): CodeIgniter\Boot::runCodeIgniter(Object(CodeIgniter\CodeIgniter))
 6 FCPATH\index.php(56): CodeIgniter\Boot::bootWeb(Object(Config\Paths))
 7 SYSTEMPATH\Commands\Server\rewrite.php(49): require_once('C:\\APK\\xampp-8.2\\htdocs\\SafeToTrip\\public\\index.php')
INFO - 2024-06-12 07:29:04 --> Session: Class initialized using 'CodeIgniter\Session\Handlers\FileHandler' driver.
WARNING - 2024-06-12 07:29:04 --> [DEPRECATED] Creation of dynamic property App\Controllers\Home::$session is deprecated in APPPATH\Controllers\Home.php on line 13.
 1 SYSTEMPATH\CodeIgniter.php(903): App\Controllers\Home->__construct()
 2 SYSTEMPATH\CodeIgniter.php(500): CodeIgniter\CodeIgniter->createController()
 3 SYSTEMPATH\CodeIgniter.php(355): CodeIgniter\CodeIgniter->handleRequest(null, Object(Config\Cache), false)
 4 SYSTEMPATH\Boot.php(312): CodeIgniter\CodeIgniter->run()
 5 SYSTEMPATH\Boot.php(67): CodeIgniter\Boot::runCodeIgniter(Object(CodeIgniter\CodeIgniter))
 6 FCPATH\index.php(56): CodeIgniter\Boot::bootWeb(Object(Config\Paths))
 7 SYSTEMPATH\Commands\Server\rewrite.php(49): require_once('C:\\APK\\xampp-8.2\\htdocs\\SafeToTrip\\public\\index.php')
WARNING - 2024-06-12 07:29:04 --> [DEPRECATED] Creation of dynamic property App\Controllers\Home::$wisata is deprecated in APPPATH\Controllers\Home.php on line 14.
 1 SYSTEMPATH\CodeIgniter.php(903): App\Controllers\Home->__construct()
 2 SYSTEMPATH\CodeIgniter.php(500): CodeIgniter\CodeIgniter->createController()
 3 SYSTEMPATH\CodeIgniter.php(355): CodeIgniter\CodeIgniter->handleRequest(null, Object(Config\Cache), false)
 4 SYSTEMPATH\Boot.php(312): CodeIgniter\CodeIgniter->run()
 5 SYSTEMPATH\Boot.php(67): CodeIgniter\Boot::runCodeIgniter(Object(CodeIgniter\CodeIgniter))
 6 FCPATH\index.php(56): CodeIgniter\Boot::bootWeb(Object(Config\Paths))
 7 SYSTEMPATH\Commands\Server\rewrite.php(49): require_once('C:\\APK\\xampp-8.2\\htdocs\\SafeToTrip\\public\\index.php')
WARNING - 2024-06-12 07:29:04 --> [DEPRECATED] Creation of dynamic property App\Controllers\Home::$fasilitas is deprecated in APPPATH\Controllers\Home.php on line 15.
 1 SYSTEMPATH\CodeIgniter.php(903): App\Controllers\Home->__construct()
 2 SYSTEMPATH\CodeIgniter.php(500): CodeIgniter\CodeIgniter->createController()
 3 SYSTEMPATH\CodeIgniter.php(355): CodeIgniter\CodeIgniter->handleRequest(null, Object(Config\Cache), false)
 4 SYSTEMPATH\Boot.php(312): CodeIgniter\CodeIgniter->run()
 5 SYSTEMPATH\Boot.php(67): CodeIgniter\Boot::runCodeIgniter(Object(CodeIgniter\CodeIgniter))
 6 FCPATH\index.php(56): CodeIgniter\Boot::bootWeb(Object(Config\Paths))
 7 SYSTEMPATH\Commands\Server\rewrite.php(49): require_once('C:\\APK\\xampp-8.2\\htdocs\\SafeToTrip\\public\\index.php')
WARNING - 2024-06-12 07:29:04 --> [DEPRECATED] Creation of dynamic property App\Controllers\Home::$harga is deprecated in APPPATH\Controllers\Home.php on line 16.
 1 SYSTEMPATH\CodeIgniter.php(903): App\Controllers\Home->__construct()
 2 SYSTEMPATH\CodeIgniter.php(500): CodeIgniter\CodeIgniter->createController()
 3 SYSTEMPATH\CodeIgniter.php(355): CodeIgniter\CodeIgniter->handleRequest(null, Object(Config\Cache), false)
 4 SYSTEMPATH\Boot.php(312): CodeIgniter\CodeIgniter->run()
 5 SYSTEMPATH\Boot.php(67): CodeIgniter\Boot::runCodeIgniter(Object(CodeIgniter\CodeIgniter))
 6 FCPATH\index.php(56): CodeIgniter\Boot::bootWeb(Object(Config\Paths))
 7 SYSTEMPATH\Commands\Server\rewrite.php(49): require_once('C:\\APK\\xampp-8.2\\htdocs\\SafeToTrip\\public\\index.php')
INFO - 2024-06-12 07:29:07 --> Session: Class initialized using 'CodeIgniter\Session\Handlers\FileHandler' driver.
WARNING - 2024-06-12 07:29:07 --> [DEPRECATED] Creation of dynamic property App\Controllers\Home::$session is deprecated in APPPATH\Controllers\Home.php on line 13.
 1 SYSTEMPATH\CodeIgniter.php(903): App\Controllers\Home->__construct()
 2 SYSTEMPATH\CodeIgniter.php(500): CodeIgniter\CodeIgniter->createController()
 3 SYSTEMPATH\CodeIgniter.php(355): CodeIgniter\CodeIgniter->handleRequest(null, Object(Config\Cache), false)
 4 SYSTEMPATH\Boot.php(312): CodeIgniter\CodeIgniter->run()
 5 SYSTEMPATH\Boot.php(67): CodeIgniter\Boot::runCodeIgniter(Object(CodeIgniter\CodeIgniter))
 6 FCPATH\index.php(56): CodeIgniter\Boot::bootWeb(Object(Config\Paths))
 7 SYSTEMPATH\Commands\Server\rewrite.php(49): require_once('C:\\APK\\xampp-8.2\\htdocs\\SafeToTrip\\public\\index.php')
WARNING - 2024-06-12 07:29:07 --> [DEPRECATED] Creation of dynamic property App\Controllers\Home::$wisata is deprecated in APPPATH\Controllers\Home.php on line 14.
 1 SYSTEMPATH\CodeIgniter.php(903): App\Controllers\Home->__construct()
 2 SYSTEMPATH\CodeIgniter.php(500): CodeIgniter\CodeIgniter->createController()
 3 SYSTEMPATH\CodeIgniter.php(355): CodeIgniter\CodeIgniter->handleRequest(null, Object(Config\Cache), false)
 4 SYSTEMPATH\Boot.php(312): CodeIgniter\CodeIgniter->run()
 5 SYSTEMPATH\Boot.php(67): CodeIgniter\Boot::runCodeIgniter(Object(CodeIgniter\CodeIgniter))
 6 FCPATH\index.php(56): CodeIgniter\Boot::bootWeb(Object(Config\Paths))
 7 SYSTEMPATH\Commands\Server\rewrite.php(49): require_once('C:\\APK\\xampp-8.2\\htdocs\\SafeToTrip\\public\\index.php')
WARNING - 2024-06-12 07:29:08 --> [DEPRECATED] Creation of dynamic property App\Controllers\Home::$fasilitas is deprecated in APPPATH\Controllers\Home.php on line 15.
 1 SYSTEMPATH\CodeIgniter.php(903): App\Controllers\Home->__construct()
 2 SYSTEMPATH\CodeIgniter.php(500): CodeIgniter\CodeIgniter->createController()
 3 SYSTEMPATH\CodeIgniter.php(355): CodeIgniter\CodeIgniter->handleRequest(null, Object(Config\Cache), false)
 4 SYSTEMPATH\Boot.php(312): CodeIgniter\CodeIgniter->run()
 5 SYSTEMPATH\Boot.php(67): CodeIgniter\Boot::runCodeIgniter(Object(CodeIgniter\CodeIgniter))
 6 FCPATH\index.php(56): CodeIgniter\Boot::bootWeb(Object(Config\Paths))
 7 SYSTEMPATH\Commands\Server\rewrite.php(49): require_once('C:\\APK\\xampp-8.2\\htdocs\\SafeToTrip\\public\\index.php')
WARNING - 2024-06-12 07:29:08 --> [DEPRECATED] Creation of dynamic property App\Controllers\Home::$harga is deprecated in APPPATH\Controllers\Home.php on line 16.
 1 SYSTEMPATH\CodeIgniter.php(903): App\Controllers\Home->__construct()
 2 SYSTEMPATH\CodeIgniter.php(500): CodeIgniter\CodeIgniter->createController()
 3 SYSTEMPATH\CodeIgniter.php(355): CodeIgniter\CodeIgniter->handleRequest(null, Object(Config\Cache), false)
 4 SYSTEMPATH\Boot.php(312): CodeIgniter\CodeIgniter->run()
 5 SYSTEMPATH\Boot.php(67): CodeIgniter\Boot::runCodeIgniter(Object(CodeIgniter\CodeIgniter))
 6 FCPATH\index.php(56): CodeIgniter\Boot::bootWeb(Object(Config\Paths))
 7 SYSTEMPATH\Commands\Server\rewrite.php(49): require_once('C:\\APK\\xampp-8.2\\htdocs\\SafeToTrip\\public\\index.php')
INFO - 2024-06-12 10:40:43 --> Session: Class initialized using 'CodeIgniter\Session\Handlers\FileHandler' driver.
WARNING - 2024-06-12 10:40:43 --> [DEPRECATED] Creation of dynamic property App\Controllers\Home::$session is deprecated in APPPATH\Controllers\Home.php on line 13.
 1 SYSTEMPATH\CodeIgniter.php(903): App\Controllers\Home->__construct()
 2 SYSTEMPATH\CodeIgniter.php(500): CodeIgniter\CodeIgniter->createController()
 3 SYSTEMPATH\CodeIgniter.php(355): CodeIgniter\CodeIgniter->handleRequest(null, Object(Config\Cache), false)
 4 SYSTEMPATH\Boot.php(312): CodeIgniter\CodeIgniter->run()
 5 SYSTEMPATH\Boot.php(67): CodeIgniter\Boot::runCodeIgniter(Object(CodeIgniter\CodeIgniter))
 6 FCPATH\index.php(56): CodeIgniter\Boot::bootWeb(Object(Config\Paths))
 7 SYSTEMPATH\Commands\Server\rewrite.php(49): require_once('C:\\APK\\xampp-8.2\\htdocs\\SafeToTrip\\public\\index.php')
WARNING - 2024-06-12 10:40:43 --> [DEPRECATED] Creation of dynamic property App\Controllers\Home::$wisata is deprecated in APPPATH\Controllers\Home.php on line 14.
 1 SYSTEMPATH\CodeIgniter.php(903): App\Controllers\Home->__construct()
 2 SYSTEMPATH\CodeIgniter.php(500): CodeIgniter\CodeIgniter->createController()
 3 SYSTEMPATH\CodeIgniter.php(355): CodeIgniter\CodeIgniter->handleRequest(null, Object(Config\Cache), false)
 4 SYSTEMPATH\Boot.php(312): CodeIgniter\CodeIgniter->run()
 5 SYSTEMPATH\Boot.php(67): CodeIgniter\Boot::runCodeIgniter(Object(CodeIgniter\CodeIgniter))
 6 FCPATH\index.php(56): CodeIgniter\Boot::bootWeb(Object(Config\Paths))
 7 SYSTEMPATH\Commands\Server\rewrite.php(49): require_once('C:\\APK\\xampp-8.2\\htdocs\\SafeToTrip\\public\\index.php')
WARNING - 2024-06-12 10:40:43 --> [DEPRECATED] Creation of dynamic property App\Controllers\Home::$fasilitas is deprecated in APPPATH\Controllers\Home.php on line 15.
 1 SYSTEMPATH\CodeIgniter.php(903): App\Controllers\Home->__construct()
 2 SYSTEMPATH\CodeIgniter.php(500): CodeIgniter\CodeIgniter->createController()
 3 SYSTEMPATH\CodeIgniter.php(355): CodeIgniter\CodeIgniter->handleRequest(null, Object(Config\Cache), false)
 4 SYSTEMPATH\Boot.php(312): CodeIgniter\CodeIgniter->run()
 5 SYSTEMPATH\Boot.php(67): CodeIgniter\Boot::runCodeIgniter(Object(CodeIgniter\CodeIgniter))
 6 FCPATH\index.php(56): CodeIgniter\Boot::bootWeb(Object(Config\Paths))
 7 SYSTEMPATH\Commands\Server\rewrite.php(49): require_once('C:\\APK\\xampp-8.2\\htdocs\\SafeToTrip\\public\\index.php')
WARNING - 2024-06-12 10:40:43 --> [DEPRECATED] Creation of dynamic property App\Controllers\Home::$harga is deprecated in APPPATH\Controllers\Home.php on line 16.
 1 SYSTEMPATH\CodeIgniter.php(903): App\Controllers\Home->__construct()
 2 SYSTEMPATH\CodeIgniter.php(500): CodeIgniter\CodeIgniter->createController()
 3 SYSTEMPATH\CodeIgniter.php(355): CodeIgniter\CodeIgniter->handleRequest(null, Object(Config\Cache), false)
 4 SYSTEMPATH\Boot.php(312): CodeIgniter\CodeIgniter->run()
 5 SYSTEMPATH\Boot.php(67): CodeIgniter\Boot::runCodeIgniter(Object(CodeIgniter\CodeIgniter))
 6 FCPATH\index.php(56): CodeIgniter\Boot::bootWeb(Object(Config\Paths))
 7 SYSTEMPATH\Commands\Server\rewrite.php(49): require_once('C:\\APK\\xampp-8.2\\htdocs\\SafeToTrip\\public\\index.php')
INFO - 2024-06-12 10:43:44 --> Session: Class initialized using 'CodeIgniter\Session\Handlers\FileHandler' driver.
WARNING - 2024-06-12 10:43:44 --> [DEPRECATED] Creation of dynamic property App\Controllers\Home::$session is deprecated in APPPATH\Controllers\Home.php on line 13.
 1 SYSTEMPATH\CodeIgniter.php(903): App\Controllers\Home->__construct()
 2 SYSTEMPATH\CodeIgniter.php(500): CodeIgniter\CodeIgniter->createController()
 3 SYSTEMPATH\CodeIgniter.php(355): CodeIgniter\CodeIgniter->handleRequest(null, Object(Config\Cache), false)
 4 SYSTEMPATH\Boot.php(312): CodeIgniter\CodeIgniter->run()
 5 SYSTEMPATH\Boot.php(67): CodeIgniter\Boot::runCodeIgniter(Object(CodeIgniter\CodeIgniter))
 6 FCPATH\index.php(56): CodeIgniter\Boot::bootWeb(Object(Config\Paths))
 7 SYSTEMPATH\Commands\Server\rewrite.php(49): require_once('C:\\APK\\xampp-8.2\\htdocs\\SafeToTrip\\public\\index.php')
WARNING - 2024-06-12 10:43:44 --> [DEPRECATED] Creation of dynamic property App\Controllers\Home::$wisata is deprecated in APPPATH\Controllers\Home.php on line 14.
 1 SYSTEMPATH\CodeIgniter.php(903): App\Controllers\Home->__construct()
 2 SYSTEMPATH\CodeIgniter.php(500): CodeIgniter\CodeIgniter->createController()
 3 SYSTEMPATH\CodeIgniter.php(355): CodeIgniter\CodeIgniter->handleRequest(null, Object(Config\Cache), false)
 4 SYSTEMPATH\Boot.php(312): CodeIgniter\CodeIgniter->run()
 5 SYSTEMPATH\Boot.php(67): CodeIgniter\Boot::runCodeIgniter(Object(CodeIgniter\CodeIgniter))
 6 FCPATH\index.php(56): CodeIgniter\Boot::bootWeb(Object(Config\Paths))
 7 SYSTEMPATH\Commands\Server\rewrite.php(49): require_once('C:\\APK\\xampp-8.2\\htdocs\\SafeToTrip\\public\\index.php')
WARNING - 2024-06-12 10:43:44 --> [DEPRECATED] Creation of dynamic property App\Controllers\Home::$fasilitas is deprecated in APPPATH\Controllers\Home.php on line 15.
 1 SYSTEMPATH\CodeIgniter.php(903): App\Controllers\Home->__construct()
 2 SYSTEMPATH\CodeIgniter.php(500): CodeIgniter\CodeIgniter->createController()
 3 SYSTEMPATH\CodeIgniter.php(355): CodeIgniter\CodeIgniter->handleRequest(null, Object(Config\Cache), false)
 4 SYSTEMPATH\Boot.php(312): CodeIgniter\CodeIgniter->run()
 5 SYSTEMPATH\Boot.php(67): CodeIgniter\Boot::runCodeIgniter(Object(CodeIgniter\CodeIgniter))
 6 FCPATH\index.php(56): CodeIgniter\Boot::bootWeb(Object(Config\Paths))
 7 SYSTEMPATH\Commands\Server\rewrite.php(49): require_once('C:\\APK\\xampp-8.2\\htdocs\\SafeToTrip\\public\\index.php')
WARNING - 2024-06-12 10:43:44 --> [DEPRECATED] Creation of dynamic property App\Controllers\Home::$harga is deprecated in APPPATH\Controllers\Home.php on line 16.
 1 SYSTEMPATH\CodeIgniter.php(903): App\Controllers\Home->__construct()
 2 SYSTEMPATH\CodeIgniter.php(500): CodeIgniter\CodeIgniter->createController()
 3 SYSTEMPATH\CodeIgniter.php(355): CodeIgniter\CodeIgniter->handleRequest(null, Object(Config\Cache), false)
 4 SYSTEMPATH\Boot.php(312): CodeIgniter\CodeIgniter->run()
 5 SYSTEMPATH\Boot.php(67): CodeIgniter\Boot::runCodeIgniter(Object(CodeIgniter\CodeIgniter))
 6 FCPATH\index.php(56): CodeIgniter\Boot::bootWeb(Object(Config\Paths))
 7 SYSTEMPATH\Commands\Server\rewrite.php(49): require_once('C:\\APK\\xampp-8.2\\htdocs\\SafeToTrip\\public\\index.php')
INFO - 2024-06-12 10:45:01 --> Session: Class initialized using 'CodeIgniter\Session\Handlers\FileHandler' driver.
WARNING - 2024-06-12 10:45:01 --> [DEPRECATED] Creation of dynamic property App\Controllers\Login::$session is deprecated in APPPATH\Controllers\Login.php on line 13.
 1 SYSTEMPATH\CodeIgniter.php(903): App\Controllers\Login->__construct()
 2 SYSTEMPATH\CodeIgniter.php(500): CodeIgniter\CodeIgniter->createController()
 3 SYSTEMPATH\CodeIgniter.php(355): CodeIgniter\CodeIgniter->handleRequest(null, Object(Config\Cache), false)
 4 SYSTEMPATH\Boot.php(312): CodeIgniter\CodeIgniter->run()
 5 SYSTEMPATH\Boot.php(67): CodeIgniter\Boot::runCodeIgniter(Object(CodeIgniter\CodeIgniter))
 6 FCPATH\index.php(56): CodeIgniter\Boot::bootWeb(Object(Config\Paths))
 7 SYSTEMPATH\Commands\Server\rewrite.php(49): require_once('C:\\APK\\xampp-8.2\\htdocs\\SafeToTrip\\public\\index.php')
WARNING - 2024-06-12 10:45:01 --> [DEPRECATED] Creation of dynamic property App\Controllers\Login::$wisata is deprecated in APPPATH\Controllers\Login.php on line 14.
 1 SYSTEMPATH\CodeIgniter.php(903): App\Controllers\Login->__construct()
 2 SYSTEMPATH\CodeIgniter.php(500): CodeIgniter\CodeIgniter->createController()
 3 SYSTEMPATH\CodeIgniter.php(355): CodeIgniter\CodeIgniter->handleRequest(null, Object(Config\Cache), false)
 4 SYSTEMPATH\Boot.php(312): CodeIgniter\CodeIgniter->run()
 5 SYSTEMPATH\Boot.php(67): CodeIgniter\Boot::runCodeIgniter(Object(CodeIgniter\CodeIgniter))
 6 FCPATH\index.php(56): CodeIgniter\Boot::bootWeb(Object(Config\Paths))
 7 SYSTEMPATH\Commands\Server\rewrite.php(49): require_once('C:\\APK\\xampp-8.2\\htdocs\\SafeToTrip\\public\\index.php')
INFO - 2024-06-12 10:45:33 --> Session: Class initialized using 'CodeIgniter\Session\Handlers\FileHandler' driver.
WARNING - 2024-06-12 10:45:33 --> [DEPRECATED] Creation of dynamic property App\Controllers\Login::$session is deprecated in APPPATH\Controllers\Login.php on line 13.
 1 SYSTEMPATH\CodeIgniter.php(903): App\Controllers\Login->__construct()
 2 SYSTEMPATH\CodeIgniter.php(500): CodeIgniter\CodeIgniter->createController()
 3 SYSTEMPATH\CodeIgniter.php(355): CodeIgniter\CodeIgniter->handleRequest(null, Object(Config\Cache), false)
 4 SYSTEMPATH\Boot.php(312): CodeIgniter\CodeIgniter->run()
 5 SYSTEMPATH\Boot.php(67): CodeIgniter\Boot::runCodeIgniter(Object(CodeIgniter\CodeIgniter))
 6 FCPATH\index.php(56): CodeIgniter\Boot::bootWeb(Object(Config\Paths))
 7 SYSTEMPATH\Commands\Server\rewrite.php(49): require_once('C:\\APK\\xampp-8.2\\htdocs\\SafeToTrip\\public\\index.php')
WARNING - 2024-06-12 10:45:33 --> [DEPRECATED] Creation of dynamic property App\Controllers\Login::$wisata is deprecated in APPPATH\Controllers\Login.php on line 14.
 1 SYSTEMPATH\CodeIgniter.php(903): App\Controllers\Login->__construct()
 2 SYSTEMPATH\CodeIgniter.php(500): CodeIgniter\CodeIgniter->createController()
 3 SYSTEMPATH\CodeIgniter.php(355): CodeIgniter\CodeIgniter->handleRequest(null, Object(Config\Cache), false)
 4 SYSTEMPATH\Boot.php(312): CodeIgniter\CodeIgniter->run()
 5 SYSTEMPATH\Boot.php(67): CodeIgniter\Boot::runCodeIgniter(Object(CodeIgniter\CodeIgniter))
 6 FCPATH\index.php(56): CodeIgniter\Boot::bootWeb(Object(Config\Paths))
 7 SYSTEMPATH\Commands\Server\rewrite.php(49): require_once('C:\\APK\\xampp-8.2\\htdocs\\SafeToTrip\\public\\index.php')
INFO - 2024-06-12 10:46:11 --> Session: Class initialized using 'CodeIgniter\Session\Handlers\FileHandler' driver.
WARNING - 2024-06-12 10:46:11 --> [DEPRECATED] Creation of dynamic property App\Controllers\Login::$session is deprecated in APPPATH\Controllers\Login.php on line 13.
 1 SYSTEMPATH\CodeIgniter.php(903): App\Controllers\Login->__construct()
 2 SYSTEMPATH\CodeIgniter.php(500): CodeIgniter\CodeIgniter->createController()
 3 SYSTEMPATH\CodeIgniter.php(355): CodeIgniter\CodeIgniter->handleRequest(null, Object(Config\Cache), false)
 4 SYSTEMPATH\Boot.php(312): CodeIgniter\CodeIgniter->run()
 5 SYSTEMPATH\Boot.php(67): CodeIgniter\Boot::runCodeIgniter(Object(CodeIgniter\CodeIgniter))
 6 FCPATH\index.php(56): CodeIgniter\Boot::bootWeb(Object(Config\Paths))
 7 SYSTEMPATH\Commands\Server\rewrite.php(49): require_once('C:\\APK\\xampp-8.2\\htdocs\\SafeToTrip\\public\\index.php')
WARNING - 2024-06-12 10:46:11 --> [DEPRECATED] Creation of dynamic property App\Controllers\Login::$wisata is deprecated in APPPATH\Controllers\Login.php on line 14.
 1 SYSTEMPATH\CodeIgniter.php(903): App\Controllers\Login->__construct()
 2 SYSTEMPATH\CodeIgniter.php(500): CodeIgniter\CodeIgniter->createController()
 3 SYSTEMPATH\CodeIgniter.php(355): CodeIgniter\CodeIgniter->handleRequest(null, Object(Config\Cache), false)
 4 SYSTEMPATH\Boot.php(312): CodeIgniter\CodeIgniter->run()
 5 SYSTEMPATH\Boot.php(67): CodeIgniter\Boot::runCodeIgniter(Object(CodeIgniter\CodeIgniter))
 6 FCPATH\index.php(56): CodeIgniter\Boot::bootWeb(Object(Config\Paths))
 7 SYSTEMPATH\Commands\Server\rewrite.php(49): require_once('C:\\APK\\xampp-8.2\\htdocs\\SafeToTrip\\public\\index.php')
INFO - 2024-06-12 10:46:12 --> Session: Class initialized using 'CodeIgniter\Session\Handlers\FileHandler' driver.
WARNING - 2024-06-12 10:46:12 --> [DEPRECATED] Creation of dynamic property App\Controllers\Login::$session is deprecated in APPPATH\Controllers\Login.php on line 13.
 1 SYSTEMPATH\CodeIgniter.php(903): App\Controllers\Login->__construct()
 2 SYSTEMPATH\CodeIgniter.php(500): CodeIgniter\CodeIgniter->createController()
 3 SYSTEMPATH\CodeIgniter.php(355): CodeIgniter\CodeIgniter->handleRequest(null, Object(Config\Cache), false)
 4 SYSTEMPATH\Boot.php(312): CodeIgniter\CodeIgniter->run()
 5 SYSTEMPATH\Boot.php(67): CodeIgniter\Boot::runCodeIgniter(Object(CodeIgniter\CodeIgniter))
 6 FCPATH\index.php(56): CodeIgniter\Boot::bootWeb(Object(Config\Paths))
 7 SYSTEMPATH\Commands\Server\rewrite.php(49): require_once('C:\\APK\\xampp-8.2\\htdocs\\SafeToTrip\\public\\index.php')
WARNING - 2024-06-12 10:46:12 --> [DEPRECATED] Creation of dynamic property App\Controllers\Login::$wisata is deprecated in APPPATH\Controllers\Login.php on line 14.
 1 SYSTEMPATH\CodeIgniter.php(903): App\Controllers\Login->__construct()
 2 SYSTEMPATH\CodeIgniter.php(500): CodeIgniter\CodeIgniter->createController()
 3 SYSTEMPATH\CodeIgniter.php(355): CodeIgniter\CodeIgniter->handleRequest(null, Object(Config\Cache), false)
 4 SYSTEMPATH\Boot.php(312): CodeIgniter\CodeIgniter->run()
 5 SYSTEMPATH\Boot.php(67): CodeIgniter\Boot::runCodeIgniter(Object(CodeIgniter\CodeIgniter))
 6 FCPATH\index.php(56): CodeIgniter\Boot::bootWeb(Object(Config\Paths))
 7 SYSTEMPATH\Commands\Server\rewrite.php(49): require_once('C:\\APK\\xampp-8.2\\htdocs\\SafeToTrip\\public\\index.php')
INFO - 2024-06-12 10:46:29 --> Session: Class initialized using 'CodeIgniter\Session\Handlers\FileHandler' driver.
WARNING - 2024-06-12 10:46:29 --> [DEPRECATED] Creation of dynamic property App\Controllers\Login::$session is deprecated in APPPATH\Controllers\Login.php on line 13.
 1 SYSTEMPATH\CodeIgniter.php(903): App\Controllers\Login->__construct()
 2 SYSTEMPATH\CodeIgniter.php(500): CodeIgniter\CodeIgniter->createController()
 3 SYSTEMPATH\CodeIgniter.php(355): CodeIgniter\CodeIgniter->handleRequest(null, Object(Config\Cache), false)
 4 SYSTEMPATH\Boot.php(312): CodeIgniter\CodeIgniter->run()
 5 SYSTEMPATH\Boot.php(67): CodeIgniter\Boot::runCodeIgniter(Object(CodeIgniter\CodeIgniter))
 6 FCPATH\index.php(56): CodeIgniter\Boot::bootWeb(Object(Config\Paths))
 7 SYSTEMPATH\Commands\Server\rewrite.php(49): require_once('C:\\APK\\xampp-8.2\\htdocs\\SafeToTrip\\public\\index.php')
WARNING - 2024-06-12 10:46:29 --> [DEPRECATED] Creation of dynamic property App\Controllers\Login::$wisata is deprecated in APPPATH\Controllers\Login.php on line 14.
 1 SYSTEMPATH\CodeIgniter.php(903): App\Controllers\Login->__construct()
 2 SYSTEMPATH\CodeIgniter.php(500): CodeIgniter\CodeIgniter->createController()
 3 SYSTEMPATH\CodeIgniter.php(355): CodeIgniter\CodeIgniter->handleRequest(null, Object(Config\Cache), false)
 4 SYSTEMPATH\Boot.php(312): CodeIgniter\CodeIgniter->run()
 5 SYSTEMPATH\Boot.php(67): CodeIgniter\Boot::runCodeIgniter(Object(CodeIgniter\CodeIgniter))
 6 FCPATH\index.php(56): CodeIgniter\Boot::bootWeb(Object(Config\Paths))
 7 SYSTEMPATH\Commands\Server\rewrite.php(49): require_once('C:\\APK\\xampp-8.2\\htdocs\\SafeToTrip\\public\\index.php')
INFO - 2024-06-12 10:46:30 --> Session: Class initialized using 'CodeIgniter\Session\Handlers\FileHandler' driver.
WARNING - 2024-06-12 10:46:30 --> [DEPRECATED] Creation of dynamic property App\Controllers\Home::$session is deprecated in APPPATH\Controllers\Home.php on line 13.
 1 SYSTEMPATH\CodeIgniter.php(903): App\Controllers\Home->__construct()
 2 SYSTEMPATH\CodeIgniter.php(500): CodeIgniter\CodeIgniter->createController()
 3 SYSTEMPATH\CodeIgniter.php(355): CodeIgniter\CodeIgniter->handleRequest(null, Object(Config\Cache), false)
 4 SYSTEMPATH\Boot.php(312): CodeIgniter\CodeIgniter->run()
 5 SYSTEMPATH\Boot.php(67): CodeIgniter\Boot::runCodeIgniter(Object(CodeIgniter\CodeIgniter))
 6 FCPATH\index.php(56): CodeIgniter\Boot::bootWeb(Object(Config\Paths))
 7 SYSTEMPATH\Commands\Server\rewrite.php(49): require_once('C:\\APK\\xampp-8.2\\htdocs\\SafeToTrip\\public\\index.php')
WARNING - 2024-06-12 10:46:30 --> [DEPRECATED] Creation of dynamic property App\Controllers\Home::$wisata is deprecated in APPPATH\Controllers\Home.php on line 14.
 1 SYSTEMPATH\CodeIgniter.php(903): App\Controllers\Home->__construct()
 2 SYSTEMPATH\CodeIgniter.php(500): CodeIgniter\CodeIgniter->createController()
 3 SYSTEMPATH\CodeIgniter.php(355): CodeIgniter\CodeIgniter->handleRequest(null, Object(Config\Cache), false)
 4 SYSTEMPATH\Boot.php(312): CodeIgniter\CodeIgniter->run()
 5 SYSTEMPATH\Boot.php(67): CodeIgniter\Boot::runCodeIgniter(Object(CodeIgniter\CodeIgniter))
 6 FCPATH\index.php(56): CodeIgniter\Boot::bootWeb(Object(Config\Paths))
 7 SYSTEMPATH\Commands\Server\rewrite.php(49): require_once('C:\\APK\\xampp-8.2\\htdocs\\SafeToTrip\\public\\index.php')
WARNING - 2024-06-12 10:46:30 --> [DEPRECATED] Creation of dynamic property App\Controllers\Home::$fasilitas is deprecated in APPPATH\Controllers\Home.php on line 15.
 1 SYSTEMPATH\CodeIgniter.php(903): App\Controllers\Home->__construct()
 2 SYSTEMPATH\CodeIgniter.php(500): CodeIgniter\CodeIgniter->createController()
 3 SYSTEMPATH\CodeIgniter.php(355): CodeIgniter\CodeIgniter->handleRequest(null, Object(Config\Cache), false)
 4 SYSTEMPATH\Boot.php(312): CodeIgniter\CodeIgniter->run()
 5 SYSTEMPATH\Boot.php(67): CodeIgniter\Boot::runCodeIgniter(Object(CodeIgniter\CodeIgniter))
 6 FCPATH\index.php(56): CodeIgniter\Boot::bootWeb(Object(Config\Paths))
 7 SYSTEMPATH\Commands\Server\rewrite.php(49): require_once('C:\\APK\\xampp-8.2\\htdocs\\SafeToTrip\\public\\index.php')
WARNING - 2024-06-12 10:46:30 --> [DEPRECATED] Creation of dynamic property App\Controllers\Home::$harga is deprecated in APPPATH\Controllers\Home.php on line 16.
 1 SYSTEMPATH\CodeIgniter.php(903): App\Controllers\Home->__construct()
 2 SYSTEMPATH\CodeIgniter.php(500): CodeIgniter\CodeIgniter->createController()
 3 SYSTEMPATH\CodeIgniter.php(355): CodeIgniter\CodeIgniter->handleRequest(null, Object(Config\Cache), false)
 4 SYSTEMPATH\Boot.php(312): CodeIgniter\CodeIgniter->run()
 5 SYSTEMPATH\Boot.php(67): CodeIgniter\Boot::runCodeIgniter(Object(CodeIgniter\CodeIgniter))
 6 FCPATH\index.php(56): CodeIgniter\Boot::bootWeb(Object(Config\Paths))
 7 SYSTEMPATH\Commands\Server\rewrite.php(49): require_once('C:\\APK\\xampp-8.2\\htdocs\\SafeToTrip\\public\\index.php')
